brand_id,brand_name,n_stores,status,basis,gap_years,reason,year
BRD_20160628,메가엠지씨커피(MEGA MGC COFFEE),3325.0,평가,정규,,,2024
BRD_20141250,컴포즈커피(COMPOSE COFFEE),2649.0,평가,정규,,,2024
BRD_20080100014,이디야커피,2562.0,평가,정규,,,2024
BRD_20080100655,비에이치씨(BHC),2228.0,평가,정규,,,2024
BRD_20090100502,빽다방,1712.0,평가,정규,,,2024
BRD_20080500015,배스킨라빈스,1706.0,평가,정규,,,2024
BRD_20080100157,맘스터치,1444.0,평가,정규,,,2024
BRD_20080600002,교촌치킨,1361.0,평가,정규,,,2024
BRD_20080100039,뚜레쥬르,1307.0,평가,정규,,,2024
BRD_20080200019,투다리,1292.0,평가,정규,,,2024
BRD_20080200106,처갓집양념치킨,1254.0,평가,정규,,,2024
BRD_20140722,더벤티,1230.0,평가,정규,,,2024
BRD_20080200030,굽네치킨,1154.0,평가,정규,,,2024
BRD_20141221,본죽&비빔밥,1150.0,평가,정규,,,2024
BRD_20080500035,페리카나,995.0,평가,정규,,,2024
BRD_20161219,역전할머니맥주1982,963.0,평가,정규,,,2024
BRD_20080500031,이삭토스트,894.0,평가,정규,,,2024
BRD_20080100061,네네치킨,869.0,평가,정규,,,2024
BRD_20130100052,공차,836.0,평가,정규,,,2024
BRD_20180244,텐퍼센트스페셜티커피,814.0,평가,정규,,,2024
BRD_20080100308,한솥,811.0,평가,정규,,,2024
BRD_20160798,가마치통닭,788.0,평가,정규,,,2024
BRD_20130176,노랑통닭,751.0,평가,정규,,,2024
BRD_20080300013,지코바양념치킨,743.0,평가,정규,,,2024
BRD_20161159,매머드익스프레스(Mammoth Express),742.0,평가,정규,,,2024
BRD_20080600014,호식이두마리치킨,722.0,평가,정규,,,2024
BRD_20150218,푸라닭,715.0,평가,정규,,,2024
BRD_20140475,자담치킨,708.0,평가,정규,,,2024
BRD_20211891,PC토랑,676.0,평가,정규,,,2024
BRD_20110600008,신전떡볶이,671.0,평가,정규,,,2024
BRD_20151039,60계,665.0,평가,정규,,,2024
BRD_20130100283,불닭발땡초동대문엽기떡볶이,650.0,평가,정규,,,2024
BRD_20201203,하삼동커피,644.0,평가,정규,,,2024
BRD_20080100190,피자스쿨,628.0,평가,정규,,,2024
BRD_20191192,프랭크버거,622.0,평가,정규,,,2024
BRD_20080500016,던킨/던킨도너츠,616.0,평가,정규,,,2024
BRD_20171254,명륜진사갈비,606.0,평가,정규,,,2024
BRD_20160858,두찜,603.0,평가,정규,,,2024
BRD_20130249,설빙,576.0,평가,정규,,,2024
BRD_20080100243,본죽,575.0,평가,정규,,,2024
BRD_20201288,밥스토랑,534.0,평가,정규,,,2024
BRD_20080100180,또래오래,527.0,평가,정규,,,2024
BRD_20150811,디저트39,504.0,평가,정규,,,2024
BRD_20080100739,피자마루,498.0,평가,정규,,,2024
BRD_20191049,탕화쿵푸마라탕,492.0,평가,정규,,,2024
BRD_20161137,명랑시대쌀핫도그,480.0,평가,정규,,,2024
BRD_20130100004,봉구스밥버거,473.0,평가,정규,,,2024
BRD_20120100160,또봉이통닭,462.0,평가,정규,,,2024
BRD_20171244,크라운호프보리장인,456.0,평가,정규,,,2024
BRD_20080200276,맥시칸치킨,418.0,평가,정규,,,2024
BRD_20151202,THE LITER (더리터),416.0,평가,정규,,,2024
BRD_20150189,카페봄봄,414.0,평가,정규,,,2024
BRD_20100100482,본도시락,405.0,평가,정규,,,2024
BRD_20180410,일품양평해장국,394.0,평가,정규,,,2024
BRD_20120100533,가장맛있는족발,384.0,평가,정규,,,2024
BRD_20080100109,김가네,377.0,평가,정규,,,2024
BRD_20080100159,도미노피자,373.0,평가,정규,,,2024
BRD_20220572,카페요아정,372.0,평가,정규,,,2024
BRD_20141019,반올림피자,365.0,평가,정규,,,2024
BRD_20090100089,오구피자,360.0,평가,정규,,,2024
BRD_20150700,청년다방,352.0,평가,정규,,,2024
BRD_20080100201,간이역,349.0,평가,정규,,,2024
BRD_20230178,카페만월경,340.0,평가,정규,,,2024
BRD_20160311,바다양푼이동태탕찜,334.0,평가,정규,,,2024
BRD_20150828,샐러디,333.0,평가,정규,,,2024
BRD_20100100603,펀비어킹,327.0,평가,정규,,,2024
BRD_20190630,배떡,325.0,평가,정규,,,2024
BRD_20120600009,피자스쿨,324.0,평가,정규,,,2024
BRD_20191342,우리할매 떡볶이,319.0,평가,정규,,,2024
BRD_20080100328,죽이야기,318.0,평가,정규,,,2024
BRD_20180249,청년피자,312.0,평가,정규,,,2024
BRD_20080100261,훌랄라,298.0,평가,정규,,,2024
BRD_20080100210,홍콩반점0410,293.0,평가,정규,,,2024
BRD_20110100237,커피베이,286.0,평가,정규,,,2024
BRD_20080100087,김밥천국,284.0,평가,정규,,,2024
BRD_20180070,감성커피,283.0,평가,정규,,,2024
BRD_20080100635,요거프레소,281.0,평가,정규,,,2024
BRD_20170439,후라이드 참 잘하는집,280.0,평가,정규,,,2024
BRD_20220057,철길부산집,280.0,평가,정규,,,2024
BRD_20170127,치킨플러스,279.0,평가,정규,,,2024
BRD_20080500019,원할머니,278.0,평가,정규,,,2024
BRD_20211005,하이오커피,277.0,평가,정규,,,2024
BRD_20170547,엑스오엑스오푸드카페,275.0,평가,정규,,,2024
BRD_20201358,담꾹,266.0,평가,정규,,,2024
BRD_20080100397,피자헛,260.0,평가,정규,,,2024
BRD_20080100487,부어치킨,260.0,평가,정규,,,2024
BRD_20110100603,누구나홀딱반한닭,260.0,평가,정규,,,2024
BRD_20181008,김복남맥주,253.0,평가,정규,,,2024
BRD_20080100076,파파존스피자,250.0,평가,정규,,,2024
BRD_20100100136,피자알볼로,249.0,평가,정규,,,2024
BRD_20170451,선비꼬마김밥,248.0,평가,정규,,,2024
BRD_20213267,기영이숯불두마리치킨,248.0,평가,정규,,,2024
BRD_20215019,빽보이피자,243.0,평가,정규,,,2024
BRD_20180171,달리는커피,240.0,평가,정규,,,2024
BRD_20090100195,국수나무,236.0,평가,정규,,,2024
BRD_20221246,열정국밥,234.0,평가,정규,,,2024
BRD_20191016,삼첩분식,232.0,평가,정규,,,2024
BRD_20201227,오복 오봉집,232.0,평가,정규,,,2024
BRD_20160884,마왕족발,231.0,평가,정규,,,2024
BRD_20160835,얌샘김밥,226.0,평가,정규,,,2024
BRD_20160973,카페051(cafe051),226.0,평가,정규,,,2024
BRD_20200802,Blu Shaak(블루샥),225.0,평가,정규,,,2024
BRD_20160773,족발야시장,219.0,평가,정규,,,2024
BRD_20120100352,역전우동0410,218.0,평가,정규,,,2024
BRD_20200239,인쌩맥주,217.0,평가,정규,,,2024
BRD_20080100373,탐앤탐스커피(TOMNTOMS COFFEE),215.0,평가,정규,,,2024
BRD_20180479,벌크커피(BULK COFFEE),210.0,평가,정규,,,2024
BRD_20213303,춘리마라탕,202.0,평가,정규,,,2024
BRD_20130452,유가네,201.0,평가,정규,,,2024
BRD_20210705,우지커피(OOZYCOFFEE),199.0,평가,정규,,,2024
BRD_20181340,보배반점,198.0,평가,정규,,,2024
BRD_20080100646,앤티앤스,197.0,평가,정규,,,2024
BRD_20150098,곤지암할매소머리국밥,194.0,평가,정규,,,2024
BRD_20231719,마장동 고기집,194.0,평가,정규,,,2024
BRD_20090300004,7번가피자,191.0,평가,정규,,,2024
BRD_20151296,백채,191.0,평가,정규,,,2024
BRD_20190929,노브랜드 버거(No Brand Burger),189.0,평가,정규,,,2024
BRD_20200376,읍천리 382,188.0,평가,정규,,,2024
BRD_20200807,덮덮밥,188.0,평가,정규,,,2024
BRD_20210826,요거트아이스크림의 정석,187.0,평가,정규,,,2024
BRD_20150930,바른치킨,185.0,평가,정규,,,2024
BRD_20160124,설동궁찜닭,184.0,평가,정규,,,2024
BRD_20170358,33떡볶이,183.0,평가,정규,,,2024
BRD_20171137,카페인중독,183.0,평가,정규,,,2024
BRD_20120300082,압구정 봉구비어,182.0,평가,정규,,,2024
BRD_20170454,감탄떡볶이,182.0,평가,정규,,,2024
BRD_20201747,아구듬뿍&알곤마니,181.0,평가,정규,,,2024
BRD_20231209,생마차,181.0,평가,정규,,,2024
BRD_20080100430,미소야,180.0,평가,정규,,,2024
BRD_20212610,기떡찜,180.0,평가,정규,,,2024
BRD_20090400025,현대옥,179.0,평가,정규,,,2024
BRD_20141063,생활맥주,179.0,평가,정규,,,2024
BRD_20212140,스텔라떡볶이,179.0,평가,정규,,,2024
BRD_20181053,장호덕손만두,178.0,평가,정규,,,2024
BRD_20080600010,땅땅치킨,177.0,평가,정규,,,2024
BRD_20212321,대박삼겹김치찜&초대박등갈비김치찜,176.0,평가,정규,,,2024
BRD_20080200229,신의주찹쌀순대,175.0,평가,정규,,,2024
BRD_20080300020,치킨신드롬,175.0,평가,정규,,,2024
BRD_20151155,쥬씨(JUICY),175.0,평가,정규,,,2024
BRD_20200830,인생아구찜,175.0,평가,정규,,,2024
BRD_20190497,정직유부,174.0,평가,정규,,,2024
BRD_20220831,노모어피자,174.0,평가,정규,,,2024
NAME:국수나무@외식,국수나무,173.0,평가,정규,,,2024
BRD_20161199,동근이숯불두마리치킨,172.0,평가,정규,,,2024
BRD_20211340,순수덮밥,171.0,평가,정규,,,2024
BRD_20200543,목구멍,169.0,평가,정규,,,2024
BRD_20200522,프레드피자,168.0,평가,정규,,,2024
BRD_20120100604,코코호도,167.0,평가,정규,,,2024
BRD_20210375,바른보쌈1990,166.0,평가,정규,,,2024
BRD_20213411,백억커피,165.0,평가,정규,,,2024
BRD_20211434,요거트월드,164.0,평가,정규,,,2024
BRD_20214931,탕참탕수육참잘하는집,164.0,평가,정규,,,2024
BRD_20201587,한신우동,163.0,평가,정규,,,2024
BRD_20130100180,뉴욕버거,161.0,평가,정규,,,2024
BRD_20080100233,용우동,160.0,평가,정규,,,2024
BRD_20214343,화락바베큐치킨,159.0,평가,정규,,,2024
BRD_20230924,고기듬뿍국물두루치기,159.0,평가,정규,,,2024
BRD_20201482,돼지게티,158.0,평가,정규,,,2024
BRD_20080200033,조마루감자탕,157.0,평가,정규,,,2024
BRD_20130155,이화수전통육개장,157.0,평가,정규,,,2024
BRD_20080100048,놀부부대찌개,156.0,평가,정규,,,2024
BRD_20080400039,까투리,154.0,평가,정규,,,2024
BRD_20212359,아라치,153.0,평가,정규,,,2024
BRD_20080100052,치킨마루,152.0,평가,정규,,,2024
BRD_20100100377,깐부치킨,152.0,평가,정규,,,2024
BRD_20200724,팔각도,152.0,평가,정규,,,2024
BRD_20080300019,티바두마리치킨,151.0,평가,정규,,,2024
BRD_20230159,카페프리헷,151.0,평가,정규,,,2024
BRD_20130100056,하남돼지집,150.0,평가,정규,,,2024
BRD_20200176,달콤왕가탕후루,150.0,평가,정규,,,2024
BRD_20213816,완미족발,150.0,평가,정규,,,2024
BRD_20130505,오븐마루,149.0,평가,정규,,,2024
BRD_20150164,응급실국물떡볶이,148.0,평가,정규,,,2024
BRD_20190687,귀한족발,148.0,평가,정규,,,2024
BRD_20190955,봉명동내커피,148.0,평가,정규,,,2024
BRD_20080100111,채선당,146.0,평가,정규,,,2024
BRD_20150253,카페게이트,146.0,평가,정규,,,2024
BRD_20220226,PLUS 82(플러스 82),146.0,평가,정규,,,2024
BRD_20080100257,더카페,145.0,평가,정규,,,2024
BRD_20110100154,드롭탑(DROPTOP),142.0,평가,정규,,,2024
BRD_20120100362,북촌손만두,142.0,평가,정규,,,2024
BRD_20090100478,한촌설렁탕,141.0,평가,정규,,,2024
BRD_20140100,신통치킨,141.0,평가,정규,,,2024
BRD_20080100259,돈치킨,140.0,평가,정규,,,2024
BRD_20120100694,육대장,139.0,평가,정규,,,2024
BRD_20215029,순살몬스터,139.0,평가,정규,,,2024
BRD_20080100033,피자에땅,138.0,평가,정규,,,2024
BRD_20100100077,죠스떡볶이,138.0,평가,정규,,,2024
BRD_20211774,육회바른연어,138.0,평가,정규,,,2024
BRD_20160666,한마음정육식당,137.0,평가,정규,,,2024
BRD_20161261,황금코다리,137.0,평가,정규,,,2024
BRD_20171226,최고당돈가스,137.0,평가,정규,,,2024
BRD_20210315,소림마라,137.0,평가,정규,,,2024
BRD_20160811,베러먼데이,136.0,평가,정규,,,2024
BRD_20201343,포케올데이,135.0,평가,정규,,,2024
BRD_20110500053,이비가짬뽕,132.0,평가,정규,,,2024
BRD_20130100358,버거킹(Burger King),132.0,평가,정규,,,2024
BRD_20130538,썬더치킨,132.0,평가,정규,,,2024
BRD_20160600,주식회사포차천국,132.0,평가,정규,,,2024
BRD_20140706,코리엔탈깻잎두마리치킨,131.0,평가,정규,,,2024
BRD_20170517,쑝쑝돈까스,131.0,평가,정규,,,2024
BRD_20212010,복호두,131.0,평가,정규,,,2024
BRD_20110100490,맛닭꼬,130.0,평가,정규,,,2024
BRD_20190227,롤링파스타,130.0,평가,정규,,,2024
BRD_20080100101,코바코,129.0,평가,정규,,,2024
BRD_20201443,라홍방 마라탕,129.0,평가,정규,,,2024
BRD_20120100651,가마로강정,128.0,평가,정규,,,2024
BRD_20190545,호맥,128.0,평가,정규,,,2024
BRD_20201685,푸줏간 고기도시락,128.0,평가,정규,,,2024
BRD_20230229,밥튜브,128.0,평가,정규,,,2024
BRD_20221035,김선생불닭발,127.0,평가,정규,,,2024
BRD_20221037,김사부의곱창명가,127.0,평가,정규,,,2024
BRD_20160713,79대포,126.0,평가,정규,,,2024
BRD_20130100434,일미리금계찜닭,125.0,평가,정규,,,2024
BRD_20211707,순살만공격,125.0,평가,정규,,,2024
BRD_20090100498,한신포차,124.0,평가,정규,,,2024
BRD_20151211,청자다방,124.0,평가,정규,,,2024
BRD_20211037,1키로탕수육,124.0,평가,정규,,,2024
BRD_20080100545,치킨매니아,123.0,평가,정규,,,2024
BRD_20130100381,알통떡강정,123.0,평가,정규,,,2024
BRD_20141134,라무진,123.0,평가,정규,,,2024
BRD_20120100504,셀렉토커피,121.0,평가,정규,,,2024
BRD_20214050,김종구식맛치킨ㆍ 전기바베큐 옛날통닭,121.0,평가,정규,,,2024
BRD_20080100240,봉추찜닭,120.0,평가,정규,,,2024
BRD_20180512,홍루이젠,120.0,평가,정규,,,2024
BRD_20212334,포트캔커피 PORT CAN COFFEE,119.0,평가,정규,,,2024
NAME:시선@외식,시선,119.0,평가,정규,,,2024
BRD_20160329,불막열삼,118.0,평가,정규,,,2024
BRD_20171445,카페일리터,118.0,평가,정규,,,2024
BRD_20200127,고기싸롱,118.0,평가,정규,,,2024
BRD_20201345,에그폭탄덮밥,118.0,평가,정규,,,2024
BRD_20150085,못난이꽈배기,117.0,평가,정규,,,2024
BRD_20171493,이차돌,117.0,평가,정규,,,2024
BRD_20190794,족발신선생,117.0,평가,정규,,,2024
BRD_20213078,육칠이,117.0,평가,정규,,,2024
BRD_20214081,올쿡24,117.0,평가,정규,,,2024
BRD_20221147,쏘시지요,117.0,평가,정규,,,2024
BRD_20100600021,닥엔돈스,116.0,평가,정규,,,2024
BRD_20140747,빅스타피자(Bigstar Pizza),114.0,평가,정규,,,2024
BRD_20201869,댄싱컵(DANCINGCUP),114.0,평가,정규,,,2024
BRD_20221036,뚜선장 쭈꾸미호,114.0,평가,정규,,,2024
BRD_20180600,곱분이곱창,113.0,평가,정규,,,2024
BRD_20120100251,킹콩부대찌개,112.0,평가,정규,,,2024
BRD_20120100525,호치킨,112.0,평가,정규,,,2024
BRD_20211699,카페일분,112.0,평가,정규,,,2024
BRD_20080200073,불로만치킨바베큐,111.0,평가,정규,,,2024
BRD_20211004,더마니,111.0,평가,정규,,,2024
BRD_20211017,용용선생,111.0,평가,정규,,,2024
BRD_20190526,샤브마니아,110.0,평가,정규,,,2024
BRD_20200107,미진축산,110.0,평가,정규,,,2024
BRD_20080100055,본스치킨,109.0,평가,정규,,,2024
BRD_20191034,긴자료코,109.0,평가,정규,,,2024
BRD_20200638,천씨씨커피,109.0,평가,정규,,,2024
BRD_20080300005,장모님치킨,108.0,평가,정규,,,2024
BRD_20141179,소담촌,108.0,평가,정규,,,2024
BRD_20200700,죽~이요,108.0,평가,정규,,,2024
BRD_20201014,고기극찬,108.0,평가,정규,,,2024
BRD_20210534,삼산회관,108.0,평가,정규,,,2024
BRD_20080400025,다사랑,107.0,평가,정규,,,2024
BRD_20140093,수유리우동집,107.0,평가,정규,,,2024
BRD_20130015,아마스빈,106.0,평가,정규,,,2024
BRD_20200463,핵밥,106.0,평가,정규,,,2024
BRD_20200778,구구족,106.0,평가,정규,,,2024
BRD_20151265,바우네나주곰탕,105.0,평가,정규,,,2024
BRD_20190599,애플꼬마김밥,105.0,평가,정규,,,2024
BRD_20190753,갓튀긴후라이드,105.0,평가,정규,,,2024
BRD_20211764,국물에빠진두루치기,105.0,평가,정규,,,2024
BRD_20140058,바르다김선생,104.0,평가,정규,,,2024
BRD_20201631,커스텀커피,104.0,평가,정규,,,2024
BRD_20210285,밥풀릭스,104.0,평가,정규,,,2024
BRD_20210931,기대만족,104.0,평가,정규,,,2024
BRD_20230769,맘스피자(MOM'S PIZZA),104.0,평가,정규,,,2024
BRD_20100100453,토마토김밥,103.0,평가,정규,,,2024
BRD_20080400035,신포우리만두,102.0,평가,정규,,,2024
BRD_20212439,피자먹다,102.0,평가,정규,,,2024
BRD_20180893,고기듬뿍 대왕비빔밥,101.0,평가,정규,,,2024
BRD_20211155,인생냉면,101.0,평가,정규,,,2024
BRD_20080200047,코리안바베큐,100.0,평가,정규,,,2024
BRD_20090300039,오븐에 꾸운 닭,100.0,평가,정규,,,2024
BRD_20210211,제육대가,100.0,평가,정규,,,2024
BRD_20130325,인생극장,99.0,평가,정규,,,2024
BRD_20151228,막창도둑,99.0,평가,정규,,,2024
BRD_20161030,노군꼬치,99.0,평가,정규,,,2024
BRD_20181061,미태리,99.0,평가,정규,,,2024
BRD_20191191,몬스터커피,99.0,평가,정규,,,2024
BRD_20080100482,토프레소,98.0,평가,정규,,,2024
BRD_20140624,도야족발보쌈,98.0,평가,정규,,,2024
BRD_20213991,최강곱도리,98.0,평가,정규,,,2024
BRD_20090100504,아비꼬,97.0,평가,정규,,,2024
BRD_20110600030,신참떡볶이,97.0,평가,정규,,,2024
BRD_20120100007,담소 소사골 순대 육개장,97.0,평가,정규,,,2024
BRD_20170774,싸다김밥,97.0,평가,정규,,,2024
BRD_20170726,라화쿵부,96.0,평가,정규,,,2024
BRD_20201169,그집곱닭도리탕,96.0,평가,정규,,,2024
NAME:카페베네@외식,카페베네,96.0,평가,정규,,,2024
BRD_201001002121,대구반야월막창,95.0,평가,정규,,,2024
BRD_20120300030,로띠번,95.0,평가,정규,,,2024
BRD_20171372,설맥(SEOL MAC),95.0,평가,정규,,,2024
BRD_20180511,고피자(GOPIZZA),95.0,평가,정규,,,2024
BRD_20211506,팔팔포장마차,95.0,평가,정규,,,2024
BRD_20080500020,박가부대,94.0,평가,정규,,,2024
BRD_20090100349,우리집다음에맛있는집양평해장국,94.0,평가,정규,,,2024
BRD_20160451,하루엔소쿠,94.0,평가,정규,,,2024
BRD_20201018,피자스톰,94.0,평가,정규,,,2024
BRD_20212508,구름계란덮밥,94.0,평가,정규,,,2024
BRD_20080200233,송담추어탕,93.0,평가,정규,,,2024
BRD_20161125,고반식당,93.0,평가,정규,,,2024
BRD_20170274,길동우동,93.0,평가,정규,,,2024
BRD_20190139,더꼬치다,93.0,평가,정규,,,2024
BRD_20190909,무지개맥주,93.0,평가,정규,,,2024
BRD_20201592,윤이불닭발,93.0,평가,정규,,,2024
BRD_20210827,조선화로닭발,93.0,평가,정규,,,2024
BRD_20212074,도로시파스타,93.0,평가,정규,,,2024
BRD_20080100208,새마을식당,92.0,평가,정규,,,2024
BRD_20171186,DK동키치킨,92.0,평가,정규,,,2024
BRD_20191167,이백장 돈가스,92.0,평가,정규,,,2024
BRD_20200209,인생닭강정,92.0,평가,정규,,,2024
BRD_20200220,마라공방,92.0,평가,정규,,,2024
NAME:커피마마@외식,커피마마,92.0,평가,정규,,,2024
BRD_20190910,요달의찜닭,91.0,평가,정규,,,2024
BRD_20200121,발도스커피(valdos coffee),91.0,평가,정규,,,2024
BRD_20201249,수유리혼밥왕,91.0,평가,정규,,,2024
BRD_20130012,라라코스트(raracost),90.0,평가,정규,,,2024
BRD_20171425,송사부고로케,90.0,평가,정규,,,2024
BRD_20212045,국밥참맛있는집,90.0,평가,정규,,,2024
BRD_20080200209,진이찬방,89.0,평가,정규,,,2024
BRD_20130184,쿠우쿠우,89.0,평가,정규,,,2024
BRD_20171075,팔공티,89.0,평가,정규,,,2024
BRD_20110100535,홍익돈까스,88.0,평가,정규,,,2024
BRD_20150982,노량진의 전설 미스사이공(miss420),88.0,평가,정규,,,2024
BRD_20180361,고돼지,88.0,평가,정규,,,2024
BRD_20210387,싸다아구찜&탕,88.0,평가,정규,,,2024
BRD_20080200055,명인만두,87.0,평가,정규,,,2024
BRD_20180833,자가제빵 선명희피자,87.0,평가,정규,,,2024
BRD_20200798,명가통닭,87.0,평가,정규,,,2024
BRD_20210908,이것이국밥이다,87.0,평가,정규,,,2024
BRD_20220332,고래맥주창고,87.0,평가,정규,,,2024
BRD_20100100504,꼬지사께,86.0,평가,정규,,,2024
BRD_20120400012,난타5000피자,86.0,평가,정규,,,2024
BRD_20200704,홍콩할매닭발명가,86.0,평가,정규,,,2024
BRD_20211511,버거리(BURGERRY),86.0,평가,정규,,,2024
BRD_20090100597,만복집,85.0,평가,정규,,,2024
BRD_20191403,와플칸,85.0,평가,정규,,,2024
BRD_20211246,대동집,85.0,평가,정규,,,2024
BRD_20214651,순수타코,85.0,평가,정규,,,2024
BRD_20214917,봉명가닭도리탕,85.0,평가,정규,,,2024
BRD_20220206,일품대패,85.0,평가,정규,,,2024
BRD_20130100376,맛찬들왕소금구이,84.0,평가,정규,,,2024
BRD_20150065,타코비,84.0,평가,정규,,,2024
BRD_20160116,만랩커피,84.0,평가,정규,,,2024
BRD_20210552,육만사,84.0,평가,정규,,,2024
BRD_20211074,태리로제떡볶이&닭강정,84.0,평가,정규,,,2024
BRD_20230812,달롱도르요거트아이스크림,84.0,평가,정규,,,2024
BRD_20080200132,디디치킨(DD치킨),83.0,평가,정규,,,2024
BRD_20130227,청담동말자싸롱,83.0,평가,정규,,,2024
BRD_20190853,인생건어물맥주,83.0,평가,정규,,,2024
BRD_20211406,육회왕자연어공주,83.0,평가,정규,,,2024
BRD_20215839,88제육,83.0,평가,정규,,,2024
BRD_20140726,리얼펍,82.0,평가,정규,,,2024
BRD_20180948,감동까스,82.0,평가,정규,,,2024
BRD_20190195,그놈포차,82.0,평가,정규,,,2024
BRD_20191444,할머니가래떡볶이,82.0,평가,정규,,,2024
BRD_20200130,롱쓰부대찌개,82.0,평가,정규,,,2024
BRD_20201348,"떡볶이 참 잘하는 집, 떡참",82.0,평가,정규,,,2024
BRD_20220867,김치찜은못참지,82.0,평가,정규,,,2024
BRD_20221056,담아내다,82.0,평가,정규,,,2024
BRD_20100100405,포메인,81.0,평가,정규,,,2024
BRD_20170511,오마뎅,81.0,평가,정규,,,2024
BRD_20190218,택이네 조개전골,81.0,평가,정규,,,2024
BRD_20190606,행복한찜닭,81.0,평가,정규,,,2024
BRD_20210570,모리커피,81.0,평가,정규,,,2024
BRD_20214465,볶음밥도사,81.0,평가,정규,,,2024
BRD_20214596,물회&회덮밥9900원,81.0,평가,정규,,,2024
BRD_20220147,샐러리아 SALARIA,81.0,평가,정규,,,2024
BRD_20080100172,둘둘치킨,80.0,평가,정규,,,2024
BRD_20201327,무모한 초밥,80.0,평가,정규,,,2024
BRD_20201402,강다짐,80.0,평가,정규,,,2024
BRD_20211014,도야짬뽕,80.0,평가,정규,,,2024
BRD_20080100324,북창동순두부,79.0,평가,정규,,,2024
BRD_20150146,걸작떡볶이치킨,79.0,평가,정규,,,2024
BRD_20150624,콩심,79.0,평가,정규,,,2024
BRD_20210996,다복향 마라탕,79.0,평가,정규,,,2024
BRD_20212934,옥된장,79.0,평가,정규,,,2024
BRD_20220426,편편집,79.0,평가,정규,,,2024
BRD_20220467,내가닭도리탕이다,79.0,평가,정규,,,2024
BRD_20230971,화평댁닭구이,79.0,평가,정규,,,2024
BRD_20080200100,배터지는생동까스,78.0,평가,정규,,,2024
BRD_20080500005,장충동왕족발보쌈,78.0,평가,정규,,,2024
BRD_20100300022,등뼈家,78.0,평가,정규,,,2024
BRD_20170126,미카도스시,78.0,평가,정규,,,2024
BRD_20200365,맛있는 고기에 솜씨를 더하다,78.0,평가,정규,,,2024
BRD_20200991,씨네마얼음맥주,78.0,평가,정규,,,2024
BRD_20212168,병아리김밥,78.0,평가,정규,,,2024
BRD_20212229,삼동소바,78.0,평가,정규,,,2024
BRD_20212767,제육의 법칙,78.0,평가,정규,,,2024
BRD_20213927,국민낙곱새,78.0,평가,정규,,,2024
BRD_20130123,쌀통닭,77.0,평가,정규,,,2024
BRD_20171478,커피사피엔스,77.0,평가,정규,,,2024
BRD_20212322,와우당 냉면,77.0,평가,정규,,,2024
BRD_20214094,압구정화로구이,77.0,평가,정규,,,2024
BRD_20160464,혜화동 돈까스극장,76.0,평가,정규,,,2024
BRD_20160803,뉴욕야시장,76.0,평가,정규,,,2024
BRD_20190293,냠냠숯불두마리치킨,76.0,평가,정규,,,2024
BRD_20190345,봉자막창,76.0,평가,정규,,,2024
BRD_20201537,구도로통닭,76.0,평가,정규,,,2024
BRD_20215410,모락떡볶이,76.0,평가,정규,,,2024
BRD_20090100259,육쌈냉면,75.0,평가,정규,,,2024
BRD_20160469,뿅가야채곱창,75.0,평가,정규,,,2024
BRD_20211783,국밥생각,75.0,평가,정규,,,2024
BRD_20150031,브라운돈까스,74.0,평가,정규,,,2024
BRD_20171304,현풍닭칼국수,74.0,평가,정규,,,2024
BRD_20180068,방가네소고기국밥수육,74.0,평가,정규,,,2024
BRD_20190199,자연정가 양평해장국,74.0,평가,정규,,,2024
BRD_20200187,원유로스페셜티커피,74.0,평가,정규,,,2024
BRD_20080100077,맛깔참죽,73.0,평가,정규,,,2024
BRD_20180229,캠토토스트,73.0,평가,정규,,,2024
BRD_20080200050,참이맛감자탕,72.0,평가,정규,,,2024
BRD_20080200150,지호한방삼계탕,72.0,평가,정규,,,2024
BRD_20090100082,오늘통닭,72.0,평가,정규,,,2024
BRD_20190037,정통집,72.0,평가,정규,,,2024
BRD_20210460,청솔로9,72.0,평가,정규,,,2024
BRD_20170560,이춘봉치킨,71.0,평가,정규,,,2024
BRD_20170818,고집센그집갈비탕,71.0,평가,정규,,,2024
BRD_20180554,대패가1900,71.0,평가,정규,,,2024
BRD_20214501,왓더버거,71.0,평가,정규,,,2024
BRD_20214600,무청감자탕,71.0,평가,정규,,,2024
BRD_20080600017,계동치킨,70.0,평가,정규,,,2024
BRD_20130100197,맛나감자탕,70.0,평가,정규,,,2024
BRD_20140594,충만치킨,70.0,평가,정규,,,2024
BRD_20170900,웅이네 오돌뼈,70.0,평가,정규,,,2024
BRD_20181194,아부찌부대찌개,70.0,평가,정규,,,2024
BRD_20212607,샐러디아,70.0,평가,정규,,,2024
BRD_20214653,효자동솥뚜껑삼겹살감자탕순대국,70.0,평가,정규,,,2024
BRD_20130100343,부산아지매국밥,69.0,평가,정규,,,2024
BRD_20140942,짝태&노가리,69.0,평가,정규,,,2024
BRD_20150426,백스비어,69.0,평가,정규,,,2024
BRD_20161160,수내닭꼬치,69.0,평가,정규,,,2024
BRD_20180812,돈까스짱,69.0,평가,정규,,,2024
BRD_20181212,이동규인왔따쪽갈비,69.0,평가,정규,,,2024
BRD_20230766,호시타코야끼,69.0,평가,정규,,,2024
BRD_20080400001,아주커,68.0,평가,정규,,,2024
BRD_20090100151,림스치킨,68.0,평가,정규,,,2024
BRD_20140288,스트릿츄러스,68.0,평가,정규,,,2024
BRD_20180711,비스트로피자,68.0,평가,정규,,,2024
BRD_20190967,별난아재맥주,68.0,평가,정규,,,2024
BRD_20191140,두부만드는사람들,68.0,평가,정규,,,2024
BRD_20191432,마선생마약국밥,68.0,평가,정규,,,2024
BRD_20201906,고망고,68.0,평가,정규,,,2024
BRD_20214278,만타스시31,68.0,평가,정규,,,2024
BRD_20230835,모토이시,68.0,평가,정규,,,2024
BRD_20231207,카페인24,68.0,평가,정규,,,2024
BRD_20231573,상상오리,68.0,평가,정규,,,2024
BRD_20080100650,올떡,67.0,평가,정규,,,2024
BRD_20110100012,짚신매운갈비찜,67.0,평가,정규,,,2024
BRD_20151217,싸움의고수,67.0,평가,정규,,,2024
BRD_20181157,동경에서먹었던규동,67.0,평가,정규,,,2024
BRD_20190216,명태어장,67.0,평가,정규,,,2024
BRD_20190884,COFFEE COOK (커피쿡),67.0,평가,정규,,,2024
BRD_20191312,언양닭칼국수,67.0,평가,정규,,,2024
BRD_20200632,유미카츠,67.0,평가,정규,,,2024
BRD_20210961,백돈,67.0,평가,정규,,,2024
BRD_20220177,수백당,67.0,평가,정규,,,2024
BRD_20220232,커피나인,67.0,평가,정규,,,2024
BRD_20080100287,퀴즈노스서브,66.0,평가,정규,,,2024
BRD_20160150,숯불에닭,66.0,평가,정규,,,2024
BRD_20220334,정성카츠,66.0,평가,정규,,,2024
BRD_20100100628,컬투치킨,65.0,평가,정규,,,2024
BRD_20110100362,지지고(GGGO),65.0,평가,정규,,,2024
BRD_20130438,박군치킨,65.0,평가,정규,,,2024
BRD_20150449,유가네한우곰탕,65.0,평가,정규,,,2024
BRD_20170925,브라더한정식도시락,65.0,평가,정규,,,2024
BRD_20190677,두레통닭,65.0,평가,정규,,,2024
BRD_20191303,영커피,65.0,평가,정규,,,2024
BRD_20212985,파스타에반하다,65.0,평가,정규,,,2024
BRD_20220261,과일담은 요거트 맛집 요맛,65.0,평가,정규,,,2024
BRD_20221260,한양화로,65.0,평가,정규,,,2024
BRD_20180922,삼겹본능,64.0,평가,정규,,,2024
BRD_20181209,차얌,64.0,평가,정규,,,2024
BRD_20190978,한끼한죽,64.0,평가,정규,,,2024
BRD_20200152,서오릉피자,64.0,평가,정규,,,2024
BRD_20200686,치교치밥&치킨,64.0,평가,정규,,,2024
BRD_20211711,동네커피,64.0,평가,정규,,,2024
BRD_20213850,일일수작,64.0,평가,정규,,,2024
BRD_20215034,칠봉통닭,64.0,평가,정규,,,2024
BRD_20230891,마포냉면 숯불구이,64.0,평가,정규,,,2024
NAME:달떡볶이@외식,달떡볶이,64.0,평가,정규,,,2024
BRD_20080100047,놀부보쌈족발,63.0,평가,정규,,,2024
BRD_20170368,백남옥달인손만두,63.0,평가,정규,,,2024
BRD_20170998,유로코피자(EUROKO PIZZA),63.0,평가,정규,,,2024
BRD_20200032,명랑부대찌개&낙곱새,63.0,평가,정규,,,2024
BRD_20201166,교반,63.0,평가,정규,,,2024
BRD_20211882,솔솥,63.0,평가,정규,,,2024
BRD_20211900,식사하세요,63.0,평가,정규,,,2024
BRD_20230132,배무치숯불두마리치킨,63.0,평가,정규,,,2024
BRD_20090100126,스쿨푸드,62.0,평가,정규,,,2024
BRD_20171098,홍대쌀국수,62.0,평가,정규,,,2024
BRD_20200012,돈카츠마켙,62.0,평가,정규,,,2024
BRD_20211548,짬뽕관,62.0,평가,정규,,,2024
BRD_20211698,헤즈업,62.0,평가,정규,,,2024
BRD_20214774,킹치찌개찜,62.0,평가,정규,,,2024
BRD_20221034,토리키치,62.0,평가,정규,,,2024
BRD_20230572,오늘은전골,62.0,평가,정규,,,2024
BRD_20100500044,화화돼지왕갈비,61.0,평가,정규,,,2024
BRD_20110100299,더진국,61.0,평가,정규,,,2024
BRD_20150939,홍춘천,61.0,평가,정규,,,2024
BRD_20180102,1도씨맥주(1℃ 맥주),61.0,평가,정규,,,2024
BRD_20180414,케이엠지엠홀덤앤이벤트펍(KMGM HOLD’EM & EVENT PUB),61.0,평가,정규,,,2024
BRD_20210622,한라맥주,61.0,평가,정규,,,2024
BRD_20212021,제주옥탑,61.0,평가,정규,,,2024
BRD_20230392,해탄,61.0,평가,정규,,,2024
BRD_20080100317,준코노래타운,60.0,평가,정규,,,2024
BRD_20110100589,어처구니없는두릉도원북촌순두부,60.0,평가,정규,,,2024
BRD_20140203,아마스빈코리아,60.0,평가,정규,,,2024
BRD_20170579,우주라이크(WOULDULIKE),60.0,평가,정규,,,2024
BRD_20170915,화로상회,60.0,평가,정규,,,2024
BRD_20171391,아재불닭발,60.0,평가,정규,,,2024
BRD_20180834,달빛경성술집,60.0,평가,정규,,,2024
BRD_20214362,월간맥주,60.0,평가,정규,,,2024
BRD_20230118,찐하오 마라탕,60.0,평가,정규,,,2024
BRD_20231530,또띠아그램,60.0,평가,정규,,,2024
BRD_20080400028,지정환피자,59.0,평가,정규,,,2024
BRD_20130100171,한남동그집,59.0,평가,정규,,,2024
BRD_20171308,교동면옥,59.0,평가,정규,,,2024
BRD_20180612,샤브20,59.0,평가,정규,,,2024
BRD_20190543,파스타도 식사다,59.0,평가,정규,,,2024
BRD_20201106,뜸들이다,59.0,평가,정규,,,2024
BRD_20211040,하륜일만족발,59.0,평가,정규,,,2024
BRD_20212464,피자와썹,59.0,평가,정규,,,2024
BRD_20214020,Egg2000,59.0,평가,정규,,,2024
BRD_20080100239,틈새라면,58.0,평가,정규,,,2024
BRD_20080200287,브레댄코(bread&amp;co.DAILY-NEW),58.0,평가,정규,,,2024
BRD_20080600030,핸즈커피 (HANDS COFFEE),58.0,평가,정규,,,2024
BRD_20090100165,홍짜장,58.0,평가,정규,,,2024
BRD_20160395,배부장찌개,58.0,평가,정규,,,2024
BRD_20170380,가마솥순대국밥,58.0,평가,정규,,,2024
BRD_20180804,미스터빠삭,58.0,평가,정규,,,2024
BRD_20190352,군자대한곱창,58.0,평가,정규,,,2024
BRD_20190567,금화왕돈까스,58.0,평가,정규,,,2024
BRD_20191174,153구포국수,58.0,평가,정규,,,2024
BRD_20200193,무공돈까스,58.0,평가,정규,,,2024
BRD_20212154,부뚜막김치찜,58.0,평가,정규,,,2024
BRD_20212760,브런치빈,58.0,평가,정규,,,2024
BRD_20213895,몬스터탕수육,58.0,평가,정규,,,2024
BRD_20215768,모두의죽,58.0,평가,정규,,,2024
BRD_20220568,테라커피(TERA COFFEE),58.0,평가,정규,,,2024
BRD_20221254,본가왕뼈 감자탕,58.0,평가,정규,,,2024
BRD_20230021,스모프치킨,58.0,평가,정규,,,2024
BRD_20230725,번쩍피자,58.0,평가,정규,,,2024
BRD_20231726,메가혼밥,58.0,평가,정규,,,2024
BRD_20080100272,송주불냉면앤칼국수,57.0,평가,정규,,,2024
BRD_20080100717,버무리떡볶이,57.0,평가,정규,,,2024
BRD_20110300082,아웃닭,57.0,평가,정규,,,2024
BRD_20130400,누리마을감자탕,57.0,평가,정규,,,2024
BRD_20140164,나드리김밥,57.0,평가,정규,,,2024
BRD_20201275,호두당,57.0,평가,정규,,,2024
BRD_20211100,유캔두잇,57.0,평가,정규,,,2024
BRD_20220587,라사천마라탕,57.0,평가,정규,,,2024
BRD_20221049,남썬치킨,57.0,평가,정규,,,2024
BRD_20080100675,호밀호두,56.0,평가,정규,,,2024
BRD_20140157,만족오향족발,56.0,평가,정규,,,2024
BRD_20160303,엑스오엑스오핫도그앤커피,56.0,평가,정규,,,2024
BRD_20170519,국제통닭,56.0,평가,정규,,,2024
BRD_20190404,신떡순 신천할매떡볶이,56.0,평가,정규,,,2024
BRD_20191188,오븐에 빠진 막창,56.0,평가,정규,,,2024
BRD_20200740,브런치앤다이닝37.5(Brunch&Dining37.5),56.0,평가,정규,,,2024
BRD_20221447,이바우국밥,56.0,평가,정규,,,2024
BRD_20080100034,오븐에빠진닭,55.0,평가,정규,,,2024
BRD_20201243,피자는 치즈빨,55.0,평가,정규,,,2024
BRD_20211160,을찌로국물떡볶이,55.0,평가,정규,,,2024
BRD_20212385,계계속속,55.0,평가,정규,,,2024
BRD_20213743,성북당 십원빵,55.0,평가,정규,,,2024
BRD_20220173,밀면의 법칙,55.0,평가,정규,,,2024
NAME:맥도날드@외식,맥도날드,55.0,평가,정규,,,2024
BRD_20090100099,신마포갈매기,54.0,평가,정규,,,2024
BRD_20100600076,남다른감자탕,54.0,평가,정규,,,2024
BRD_20120100380,홍탕,54.0,평가,정규,,,2024
BRD_20130100244,청담이상,54.0,평가,정규,,,2024
BRD_20161169,강순자옛맛김치찌개,54.0,평가,정규,,,2024
BRD_20191099,더맛있는족발보쌈,54.0,평가,정규,,,2024
BRD_20201793,국제시장 돼지국밥,54.0,평가,정규,,,2024
BRD_20211154,죽도령,54.0,평가,정규,,,2024
BRD_20211278,광안천지식당,54.0,평가,정규,,,2024
BRD_20212341,바나타이거,54.0,평가,정규,,,2024
BRD_20213713,앗뜨죽,54.0,평가,정규,,,2024
BRD_20214660,호주에서 온 스시,54.0,평가,정규,,,2024
BRD_20220525,동래정 백탄직화,54.0,평가,정규,,,2024
BRD_20230145,참맛죽,54.0,평가,정규,,,2024
BRD_20080200103,이바돔감자탕,53.0,평가,정규,,,2024
BRD_20080500012,5.5닭갈비,53.0,평가,정규,,,2024
BRD_20140160,은화수식당,53.0,평가,정규,,,2024
BRD_20170520,에이바우트커피,53.0,평가,정규,,,2024
BRD_20190662,피굽남피자,53.0,평가,정규,,,2024
BRD_20191199,윤검푸드 봉수아피자,53.0,평가,정규,,,2024
BRD_20201156,마실커피,53.0,평가,정규,,,2024
BRD_20211115,영계소문옛날통닭,53.0,평가,정규,,,2024
BRD_20221451,영삼이네우정소갈비,53.0,평가,정규,,,2024
BRD_20230038,두번먹는명인김치찜,53.0,평가,정규,,,2024
BRD_20230863,진교동찜닭,53.0,평가,정규,,,2024
BRD_20110100524,전설의치킨,52.0,평가,정규,,,2024
BRD_20150931,육미명가옛날아우내순대&보쌈,52.0,평가,정규,,,2024
BRD_20171173,오백국수,52.0,평가,정규,,,2024
BRD_20190916,세광양대창,52.0,평가,정규,,,2024
BRD_20201680,벤티프레소,52.0,평가,정규,,,2024
BRD_20201713,제줏간,52.0,평가,정규,,,2024
BRD_20211034,찌개공방,52.0,평가,정규,,,2024
BRD_20214246,뽁당,52.0,평가,정규,,,2024
BRD_20220470,바나프레소,52.0,평가,정규,,,2024
BRD_20221261,퐁치커피익스프레스,52.0,평가,정규,,,2024
BRD_20230146,국밥은이거지,52.0,평가,정규,,,2024
BRD_20231796,뽁떡떡볶이,52.0,평가,정규,,,2024
BRD_20100600055,미쳐버린파닭,51.0,평가,정규,,,2024
BRD_20140400,본래순대,51.0,평가,정규,,,2024
BRD_20161275,한옥마을,51.0,평가,정규,,,2024
BRD_20171051,"오늘,와인한잔",51.0,평가,정규,,,2024
BRD_20180074,김충기꽃삼겹,51.0,평가,정규,,,2024
BRD_20181198,육전국밥,51.0,평가,정규,,,2024
BRD_20181220,해산물직화구이전문점삼바리,51.0,평가,정규,,,2024
BRD_20201331,이태리양조장,51.0,평가,정규,,,2024
BRD_20210513,1992덮밥&짜글이,51.0,평가,정규,,,2024
BRD_20211247,아이엠도넛(IamDonut),51.0,평가,정규,,,2024
BRD_20214795,2피자1치킨상회,51.0,평가,정규,,,2024
BRD_20231618,요거트퍼플,51.0,평가,정규,,,2024
BRD_20080500053,노걸대,50.0,평가,정규,,,2024
BRD_20090100509,뽕뜨락피자,50.0,평가,정규,,,2024
BRD_20120100629,봉이치킨,50.0,평가,정규,,,2024
BRD_20151018,복고다방,50.0,평가,정규,,,2024
BRD_20160521,심봉사도로케,50.0,평가,정규,,,2024
BRD_20170356,보돌미역,50.0,평가,정규,,,2024
BRD_20190618,떡군이네떡볶이,50.0,평가,정규,,,2024
BRD_20191062,김순덕원조부안집,50.0,평가,정규,,,2024
BRD_20200136,상무초밥,50.0,평가,정규,,,2024
BRD_20200845,황해수육,50.0,평가,정규,,,2024
BRD_20201287,카츠백,50.0,평가,정규,,,2024
BRD_20201484,리틀꼬마김밥,50.0,평가,정규,,,2024
BRD_20211947,오한수우육면가,50.0,평가,정규,,,2024
BRD_20212213,안주가,50.0,평가,정규,,,2024
BRD_20212416,하노이맥주밤거리,50.0,평가,정규,,,2024
BRD_20221028,차차커피코,50.0,평가,정규,,,2024
NAME:손큰할매순대국@외식,손큰할매순대국,50.0,평가,정규,,,2024
BRD_20080500029,굴세상,49.0,평가,정규,,,2024
BRD_20110100532,추오정,49.0,평가,정규,,,2024
BRD_20120100267,육장갈비,49.0,평가,정규,,,2024
BRD_20140218,계림원누릉지통닭구이,49.0,평가,정규,,,2024
BRD_20171319,테트리스찜닭,49.0,평가,정규,,,2024
BRD_20211440,평화김해뒷고기,49.0,평가,정규,,,2024
BRD_20211973,이라이타코야끼,49.0,평가,정규,,,2024
BRD_20230261,샤브올데이,49.0,평가,정규,,,2024
BRD_20230455,샤브로21,49.0,평가,정규,,,2024
BRD_20080100138,죠샌드위치,48.0,평가,정규,,,2024
BRD_20120100089,바빈스,48.0,평가,정규,,,2024
BRD_20140599,마시그래이,48.0,평가,정규,,,2024
BRD_20160718,네오피자,48.0,평가,정규,,,2024
BRD_20170332,김영희아구찜&코다리냉면,48.0,평가,정규,,,2024
BRD_20190659,갯벌의 조개,48.0,평가,정규,,,2024
BRD_20191340,집밥e선생,48.0,평가,정규,,,2024
BRD_20200856,입큰아구알곤이찜,48.0,평가,정규,,,2024
BRD_20200969,청년고기장수,48.0,평가,정규,,,2024
BRD_20201215,청담피자,48.0,평가,정규,,,2024
BRD_20201595,"쉼, 어묵 그리고 한잔 술",48.0,평가,정규,,,2024
BRD_20210041,아덴블랑제리,48.0,평가,정규,,,2024
BRD_20210119,돈기부여,48.0,평가,정규,,,2024
BRD_20210454,청담곱떡,48.0,평가,정규,,,2024
BRD_20211310,정성순대,48.0,평가,정규,,,2024
BRD_20211504,과일에반하다.프루타,48.0,평가,정규,,,2024
BRD_20212216,조선부뚜막,48.0,평가,정규,,,2024
BRD_20212828,소코아,48.0,평가,정규,,,2024
BRD_20215857,마일로(MILO),48.0,평가,정규,,,2024
BRD_20220024,이우철한방누룽지삼계탕,48.0,평가,정규,,,2024
BRD_20090100366,돈통마늘보쌈,47.0,평가,정규,,,2024
BRD_20160771,샤브보트,47.0,평가,정규,,,2024
BRD_20190807,고씨네,47.0,평가,정규,,,2024
BRD_20200320,빵위에 치즈 피자앰플러,47.0,평가,정규,,,2024
BRD_20220529,하르당,47.0,평가,정규,,,2024
BRD_20231205,탐나는피자,47.0,평가,정규,,,2024
BRD_20080200240,뚝배기양평해장국,46.0,평가,정규,,,2024
BRD_20130100233,나능이,46.0,평가,정규,,,2024
BRD_20130347,달인의찜닭,46.0,평가,정규,,,2024
BRD_20140465,명동찌개마을,46.0,평가,정규,,,2024
BRD_20160924,강창구찹쌀진순대,46.0,평가,정규,,,2024
BRD_20180565,여우애(愛),46.0,평가,정규,,,2024
BRD_20201202,오태식해바라기치킨,46.0,평가,정규,,,2024
BRD_20201272,커피마마퀸,46.0,평가,정규,,,2024
BRD_20201281,경성한우국밥,46.0,평가,정규,,,2024
BRD_20210436,필라프에빠지다,46.0,평가,정규,,,2024
BRD_20211593,파란만잔,46.0,평가,정규,,,2024
BRD_20212274,타코아찌 타코야끼전문점,46.0,평가,정규,,,2024
BRD_20214614,마녀김밥,46.0,평가,정규,,,2024
BRD_20220322,한식밥상,46.0,평가,정규,,,2024
BRD_20150790,자연임실치즈피자,45.0,평가,정규,,,2024
BRD_20171100,어사출또,45.0,평가,정규,,,2024
BRD_20180715,카페보스(CAFE BOSS),45.0,평가,정규,,,2024
BRD_20180986,김형제고기의철학,45.0,평가,정규,,,2024
BRD_20190620,소소떡볶이,45.0,평가,정규,,,2024
BRD_20191246,최가네크레이지떡볶이,45.0,평가,정규,,,2024
BRD_20200341,청년치킨,45.0,평가,정규,,,2024
BRD_20200496,코지하우스,45.0,평가,정규,,,2024
BRD_20220015,토리아에즈,45.0,평가,정규,,,2024
BRD_20221022,까몬(CAMO’N),45.0,평가,정규,,,2024
BRD_20230460,토핑폭탄김치찜&김치찌개,45.0,평가,정규,,,2024
BRD_20080100412,피자와치킨의러브레터,44.0,평가,정규,,,2024
BRD_20080400030,임실N치즈피자,44.0,평가,정규,,,2024
BRD_20140759,88켄터키치킨&떡볶이,44.0,평가,정규,,,2024
BRD_20171271,"고기,원칙",44.0,평가,정규,,,2024
BRD_20180941,동명 카츠,44.0,평가,정규,,,2024
BRD_20200174,메이크어딜리버리,44.0,평가,정규,,,2024
BRD_20200553,노상치킨,44.0,평가,정규,,,2024
BRD_20210896,참다랑어 막주는 집,44.0,평가,정규,,,2024
BRD_20210973,피자덕,44.0,평가,정규,,,2024
BRD_20212430,미스터국수왕,44.0,평가,정규,,,2024
BRD_20213360,파스타예요,44.0,평가,정규,,,2024
BRD_20214138,와드커피(WAD COFFEE),44.0,평가,정규,,,2024
BRD_20214649,조선볶음밥,44.0,평가,정규,,,2024
BRD_20220789,우이락,44.0,평가,정규,,,2024
BRD_20080200060,용추골순대미궁,43.0,평가,정규,,,2024
BRD_20100100165,토마토도시락,43.0,평가,정규,,,2024
BRD_20100100419,오봉도시락,43.0,평가,정규,,,2024
BRD_20110600026,서가앤쿡,43.0,평가,정규,,,2024
BRD_20160549,노랑강정,43.0,평가,정규,,,2024
BRD_20161129,뜨돈(DD'DON),43.0,평가,정규,,,2024
BRD_20170922,풍국면,43.0,평가,정규,,,2024
BRD_20180428,일공공샤브&편백찜,43.0,평가,정규,,,2024
BRD_20180732,닭장수후라이드和,43.0,평가,정규,,,2024
BRD_20210606,거진어부네 코다리,43.0,평가,정규,,,2024
BRD_20211903,제이델링,43.0,평가,정규,,,2024
BRD_202126,고더커피,43.0,평가,정규,,,2024
BRD_20214151,빙수를품은달인(빙품달),43.0,평가,정규,,,2024
BRD_20230374,원조설악칡냉면,43.0,평가,정규,,,2024
BRD_20230482,밥스틸러 김치찜,43.0,평가,정규,,,2024
BRD_20090100037,종로김밥,42.0,평가,정규,,,2024
BRD_20120300012,더웨이닝커피,42.0,평가,정규,,,2024
BRD_20150052,빵장수단팥빵,42.0,평가,정규,,,2024
BRD_20150732,예향정,42.0,평가,정규,,,2024
BRD_20151284,101번지 남산돈까스,42.0,평가,정규,,,2024
BRD_20161188,이태리부대찌개,42.0,평가,정규,,,2024
BRD_20190734,잔잔,42.0,평가,정규,,,2024
BRD_20191447,베스트생갈비찜&찜닭,42.0,평가,정규,,,2024
BRD_20200439,에바돈가츠,42.0,평가,정규,,,2024
BRD_20200937,마장동김씨,42.0,평가,정규,,,2024
BRD_20210148,잭슨피자,42.0,평가,정규,,,2024
BRD_20212086,30년 불멸의 닭발,42.0,평가,정규,,,2024
BRD_20214635,NAN갈비장터,42.0,평가,정규,,,2024
BRD_20080100473,스테프핫도그(STEFF HOTDOG),41.0,평가,정규,,,2024
BRD_20100100306,꽃마름,41.0,평가,정규,,,2024
BRD_20150722,종로맥가,41.0,평가,정규,,,2024
BRD_20170828,리얼안심탕수육,41.0,평가,정규,,,2024
BRD_20171233,남도술상,41.0,평가,정규,,,2024
BRD_20171499,양계장집아들,41.0,평가,정규,,,2024
BRD_20190033,버텍스(VERTEX),41.0,평가,정규,,,2024
BRD_20200441,해쉬커피,41.0,평가,정규,,,2024
BRD_20200491,어부김호권의청년어부,41.0,평가,정규,,,2024
BRD_20201121,"챙길,밥",41.0,평가,정규,,,2024
BRD_20201728,호미스(HOMIES),41.0,평가,정규,,,2024
BRD_20210242,전일맥주,41.0,평가,정규,,,2024
BRD_20210911,야미마라탕,41.0,평가,정규,,,2024
BRD_20214971,규카츠정,41.0,평가,정규,,,2024
BRD_20220035,제비파스타&리조또,41.0,평가,정규,,,2024
BRD_20220053,이찌방라멘& 카츠카레,41.0,평가,정규,,,2024
BRD_20220427,월미당,41.0,평가,정규,,,2024
BRD_20220436,타코이찌 타코야끼 전문점,41.0,평가,정규,,,2024
BRD_20220664,전국3대춘천닭갈비,41.0,평가,정규,,,2024
BRD_20221216,카레세끼 매운숙성카레,41.0,평가,정규,,,2024
BRD_20230450,짜글이미식회,41.0,평가,정규,,,2024
BRD_20090500007,경아두마리치킨,40.0,평가,정규,,,2024
BRD_20110100528,짱닭치킨,40.0,평가,정규,,,2024
BRD_20120100672,한스(HANS),40.0,평가,정규,,,2024
BRD_20160392,베트남노상식당,40.0,평가,정규,,,2024
BRD_20180413,추닭집,40.0,평가,정규,,,2024
BRD_20190451,고향옥얼큰순대국,40.0,평가,정규,,,2024
BRD_20190889,테그42(TEgg.42),40.0,평가,정규,,,2024
BRD_20191275,찐이야숯불치킨,40.0,평가,정규,,,2024
BRD_20212331,응급닭발센터,40.0,평가,정규,,,2024
BRD_20212817,참토스트,40.0,평가,정규,,,2024
BRD_20214794,미미관마라탕,40.0,평가,정규,,,2024
BRD_20221273,정동진칼국수,40.0,평가,정규,,,2024
BRD_20221406,라바게트,40.0,평가,정규,,,2024
BRD_20231893,돈돈김치찌개&찜,40.0,평가,정규,,,2024
BRD_20080100059,생생돈까스,39.0,평가,정규,,,2024
BRD_20080400052,투사랑,39.0,평가,정규,,,2024
BRD_20110100502,돈가네김치찌개,39.0,평가,정규,,,2024
BRD_20130100263,구이구이쪽갈비,39.0,평가,정규,,,2024
BRD_20150749,동네포차주민,39.0,평가,정규,,,2024
BRD_20150785,본설렁탕,39.0,평가,정규,,,2024
BRD_20161139,2도맥주 (2°C BEER),39.0,평가,정규,,,2024
BRD_20170185,제주스,39.0,평가,정규,,,2024
BRD_20170626,진1926,39.0,평가,정규,,,2024
BRD_20171164,종로계림닭도리탕원조,39.0,평가,정규,,,2024
BRD_20180092,소플러스,39.0,평가,정규,,,2024
BRD_20181091,요녀석,39.0,평가,정규,,,2024
BRD_20190694,순대실록,39.0,평가,정규,,,2024
BRD_20200586,오유미당,39.0,평가,정규,,,2024
BRD_20201043,꼬치의품격,39.0,평가,정규,,,2024
BRD_20201727,남바완돈카츠,39.0,평가,정규,,,2024
BRD_20210567,오늘도빙수,39.0,평가,정규,,,2024
BRD_20212320,밥깨비,39.0,평가,정규,,,2024
BRD_20214326,대한국밥만세,39.0,평가,정규,,,2024
BRD_20214358,부엉이산장,39.0,평가,정규,,,2024
BRD_20220732,98도씨 국밥,39.0,평가,정규,,,2024
BRD_20231291,맛찜랭킹,39.0,평가,정규,,,2024
BRD_20080200188,쪽갈비전문점 예감,38.0,평가,정규,,,2024
BRD_20100100323,아띠몽,38.0,평가,정규,,,2024
BRD_20161308,버거앤프라이즈(Burger&Friez),38.0,평가,정규,,,2024
BRD_20190328,1943,38.0,평가,정규,,,2024
BRD_20190513,탐나종합어시장,38.0,평가,정규,,,2024
BRD_20190861,달토끼의 떡볶이 흡입구역,38.0,평가,정규,,,2024
BRD_20190930,사이공본가,38.0,평가,정규,,,2024
BRD_20191214,샐러드박스(SaladBox),38.0,평가,정규,,,2024
BRD_20200369,탄광맥주,38.0,평가,정규,,,2024
BRD_20201664,꽈백최선생,38.0,평가,정규,,,2024
BRD_20220492,구여사 컵밥,38.0,평가,정규,,,2024
BRD_20230151,백연게장,38.0,평가,정규,,,2024
NAME:청춘닭꼬치@외식,청춘닭꼬치,38.0,평가,정규,,,2024
BRD_20080100393,치킨뱅이,37.0,평가,정규,,,2024
BRD_20090600019,커피명가,37.0,평가,정규,,,2024
BRD_20150062,매스커피,37.0,평가,정규,,,2024
BRD_20160690,김밥일번지,37.0,평가,정규,,,2024
BRD_20160807,파스토보이(pastoboy),37.0,평가,정규,,,2024
BRD_20170139,용호동낙지,37.0,평가,정규,,,2024
BRD_20180277,강경불고기,37.0,평가,정규,,,2024
BRD_20180720,철뚝집,37.0,평가,정규,,,2024
BRD_20190964,신룽푸마라탕,37.0,평가,정규,,,2024
BRD_20191392,경양카츠,37.0,평가,정규,,,2024
BRD_20200774,다가치통닭,37.0,평가,정규,,,2024
BRD_20201098,내조국국밥,37.0,평가,정규,,,2024
BRD_20210655,덮밥장사장,37.0,평가,정규,,,2024
BRD_20210819,마몽로제떡볶이,37.0,평가,정규,,,2024
BRD_20210926,시카고부대찌개,37.0,평가,정규,,,2024
BRD_20220528,맘스터치 피자앤치킨,37.0,평가,정규,,,2024
BRD_20220745,불아더 숯불바베큐,37.0,평가,정규,,,2024
BRD_20220875,담솥,37.0,평가,정규,,,2024
BRD_20220917,제주고세호해장국,37.0,평가,정규,,,2024
BRD_20221283,이게볶음밥,37.0,평가,정규,,,2024
BRD_20230484,요커,37.0,평가,정규,,,2024
BRD_20231656,제육집막내아들,37.0,평가,정규,,,2024
BRD_20080100666,석봉토스트,36.0,평가,정규,,,2024
BRD_20150477,철인7호,36.0,평가,정규,,,2024
BRD_20151153,송촌꼬마김밥,36.0,평가,정규,,,2024
BRD_20170182,79네수육국밥,36.0,평가,정규,,,2024
BRD_20170446,스파게티스토리,36.0,평가,정규,,,2024
BRD_20180580,탄탄면공방,36.0,평가,정규,,,2024
BRD_20180783,백년불고기,36.0,평가,정규,,,2024
BRD_20200561,금복주류,36.0,평가,정규,,,2024
BRD_20200578,거북이동네,36.0,평가,정규,,,2024
BRD_20200732,CAFE CANBUS(카페캔버스),36.0,평가,정규,,,2024
BRD_20211645,맘마찬,36.0,평가,정규,,,2024
BRD_20212770,김치백서,36.0,평가,정규,,,2024
BRD_20214429,NiceCaffeinClub(NCC),36.0,평가,정규,,,2024
BRD_20214949,솥고집,36.0,평가,정규,,,2024
BRD_20080100657,춘향골남원추어탕,35.0,평가,정규,,,2024
BRD_20080200075,명동칼국수샤브샤브,35.0,평가,정규,,,2024
BRD_20090300032,히노아지,35.0,평가,정규,,,2024
BRD_20100100210,오니기리와이규동,35.0,평가,정규,,,2024
BRD_20100300029,돈오락쪽갈비,35.0,평가,정규,,,2024
BRD_20130261,김영희강남동태찜,35.0,평가,정규,,,2024
BRD_20130482,한가네숯불닭갈비,35.0,평가,정규,,,2024
BRD_20150119,화포식당,35.0,평가,정규,,,2024
BRD_20150407,오투닭갈비&부대찌개,35.0,평가,정규,,,2024
BRD_20151176,빙달,35.0,평가,정규,,,2024
BRD_20161227,굿맘할매순대국&양선지해장국,35.0,평가,정규,,,2024
BRD_20170014,맘스케익,35.0,평가,정규,,,2024
BRD_20190058,포트리스,35.0,평가,정규,,,2024
BRD_20200394,온센,35.0,평가,정규,,,2024
BRD_20200448,왕손피자,35.0,평가,정규,,,2024
BRD_20211923,도리당,35.0,평가,정규,,,2024
BRD_20212066,역북집,35.0,평가,정규,,,2024
BRD_20213068,오사이초밥,35.0,평가,정규,,,2024
BRD_20214454,우규,35.0,평가,정규,,,2024
BRD_20220090,꺼꾸잽이 초장집,35.0,평가,정규,,,2024
BRD_20220920,라스트춘선,35.0,평가,정규,,,2024
BRD_20230023,프랭크커핀바,35.0,평가,정규,,,2024
BRD_20230142,샹츠마라,35.0,평가,정규,,,2024
BRD_20230555,꽃피는곱도리탕,35.0,평가,정규,,,2024
BRD_20230962,면식당,35.0,평가,정규,,,2024
BRD_20231723,다다하다,35.0,평가,정규,,,2024
BRD_20141066,불스떡볶이,34.0,평가,정규,,,2024
BRD_20150356,순남시래기,34.0,평가,정규,,,2024
BRD_20171222,보승회관,34.0,평가,정규,,,2024
BRD_20200125,킹스꼬마김밥,34.0,평가,정규,,,2024
BRD_20200597,경원해물찜0427,34.0,평가,정규,,,2024
BRD_20200998,공룡닭발,34.0,평가,정규,,,2024
BRD_20201067,킴브로스 피자&파스타,34.0,평가,정규,,,2024
BRD_20201276,그리너,34.0,평가,정규,,,2024
BRD_20201615,손찬,34.0,평가,정규,,,2024
BRD_20201630,감탄계숯불치킨,34.0,평가,정규,,,2024
BRD_20210023,돈쫄돈,34.0,평가,정규,,,2024
BRD_20210237,밥꼬찜닭,34.0,평가,정규,,,2024
BRD_20210291,3X-LARGE COFFEE,34.0,평가,정규,,,2024
BRD_20210428,덮밥.ZIP,34.0,평가,정규,,,2024
BRD_20210738,짐키친(GYM KITCHEN),34.0,평가,정규,,,2024
BRD_20212547,덮밥집이야,34.0,평가,정규,,,2024
BRD_20213043,히스피(HISFFEE),34.0,평가,정규,,,2024
BRD_20220299,사랑해베이글,34.0,평가,정규,,,2024
BRD_20230652,요하마라21,34.0,평가,정규,,,2024
BRD_20230855,이가네양꼬치,34.0,평가,정규,,,2024
BRD_20231554,밥구정로데오,34.0,평가,정규,,,2024
BRD_20080200283,1인자감자탕,33.0,평가,정규,,,2024
BRD_20080300031,가얏골감자탕,33.0,평가,정규,,,2024
BRD_20080500052,병천황토방순대,33.0,평가,정규,,,2024
BRD_20120100560,도스마스,33.0,평가,정규,,,2024
BRD_20120500005,디에떼에스프레소,33.0,평가,정규,,,2024
BRD_20130100291,본가집안동국밥곰탕,33.0,평가,정규,,,2024
BRD_20130100320,쿡1015,33.0,평가,정규,,,2024
BRD_20140422,홍익궁중전통육개장,33.0,평가,정규,,,2024
BRD_20160481,징기스,33.0,평가,정규,,,2024
BRD_20170214,청춘감성쌀핫도그,33.0,평가,정규,,,2024
BRD_20170227,오르새피자,33.0,평가,정규,,,2024
BRD_20170265,마린보이 코다리1번가,33.0,평가,정규,,,2024
BRD_20170534,본초맘죽,33.0,평가,정규,,,2024
BRD_20170559,행컵,33.0,평가,정규,,,2024
BRD_20170826,마마쿡(MAMA COOK),33.0,평가,정규,,,2024
BRD_20180661,한상차림코다리명가,33.0,평가,정규,,,2024
BRD_20180737,멘야마쯔리,33.0,평가,정규,,,2024
BRD_20180886,점순이 호떡,33.0,평가,정규,,,2024
BRD_20181029,빅쭌부대찌개,33.0,평가,정규,,,2024
BRD_20181139,SSOJA(쏘자),33.0,평가,정규,,,2024
BRD_20190292,25센치,33.0,평가,정규,,,2024
BRD_20190875,마라홀릭,33.0,평가,정규,,,2024
BRD_20201059,밤하늘포차 연어육회,33.0,평가,정규,,,2024
BRD_20201372,해장은 천수냉면,33.0,평가,정규,,,2024
BRD_20201504,청년찌개,33.0,평가,정규,,,2024
BRD_20210017,일월육일,33.0,평가,정규,,,2024
BRD_20210160,쿼드커피(QUAD COFFEE),33.0,평가,정규,,,2024
BRD_20211122,동백카츠,33.0,평가,정규,,,2024
BRD_20211162,향리원 마라탕,33.0,평가,정규,,,2024
BRD_20212528,후토루,33.0,평가,정규,,,2024
BRD_20212722,청록미나리식당,33.0,평가,정규,,,2024
BRD_20212743,카츠루와,33.0,평가,정규,,,2024
BRD_20221200,구주,33.0,평가,정규,,,2024
BRD_20080100092,엘리팝,32.0,평가,정규,,,2024
BRD_20130181,포베이,32.0,평가,정규,,,2024
BRD_20140262,신불떡볶이,32.0,평가,정규,,,2024
BRD_20160892,만년닭강정,32.0,평가,정규,,,2024
BRD_20161185,하노이별,32.0,평가,정규,,,2024
BRD_20170357,어벤더치커피,32.0,평가,정규,,,2024
BRD_20171141,전통맛집 할매순대국,32.0,평가,정규,,,2024
BRD_20190770,지랄닭발,32.0,평가,정규,,,2024
BRD_20191330,광명대창집,32.0,평가,정규,,,2024
BRD_20200017,채선당도시락&샐러드,32.0,평가,정규,,,2024
BRD_20200218,입술에 설렌다 빙수당,32.0,평가,정규,,,2024
BRD_20200470,김태연국민동태탕찜,32.0,평가,정규,,,2024
BRD_20200675,돈카춘,32.0,평가,정규,,,2024
BRD_20200808,달빛에 구운 고등어,32.0,평가,정규,,,2024
BRD_20213018,인생김치찌개,32.0,평가,정규,,,2024
BRD_20213898,그릭하다,32.0,평가,정규,,,2024
BRD_20214152,육회야문연어,32.0,평가,정규,,,2024
BRD_20220252,바다수퍼 해물천하조개구이·찜,32.0,평가,정규,,,2024
BRD_20221304,7곡제면소,32.0,평가,정규,,,2024
BRD_20230528,잇쇼타코야끼,32.0,평가,정규,,,2024
NAME:촌댁맥주@외식,촌댁맥주,32.0,평가,정규,,,2024
BRD_20080100570,쌈촌,31.0,평가,정규,,,2024
BRD_20080200076,빚은,31.0,평가,정규,,,2024
BRD_20080600013,종국이두마리치킨,31.0,평가,정규,,,2024
BRD_20090100067,야들리애,31.0,평가,정규,,,2024
BRD_20100500056,청주본가,31.0,평가,정규,,,2024
BRD_20110500019,진성아구찜,31.0,평가,정규,,,2024
BRD_20110500023,천안옛날호두과자,31.0,평가,정규,,,2024
BRD_20120600029,빨봉분식,31.0,평가,정규,,,2024
BRD_20130399,올리앤(Ollien),31.0,평가,정규,,,2024
BRD_20150573,모미락,31.0,평가,정규,,,2024
BRD_20170147,마성떡볶이,31.0,평가,정규,,,2024
BRD_20171503,샌드리아,31.0,평가,정규,,,2024
BRD_20190477,후라토식당,31.0,평가,정규,,,2024
BRD_20190591,오슬로우(OHSLOW),31.0,평가,정규,,,2024
BRD_20190748,정글비,31.0,평가,정규,,,2024
BRD_20200056,동춘돌곱창,31.0,평가,정규,,,2024
BRD_20200430,누들보쌈배달만족,31.0,평가,정규,,,2024
BRD_20200516,연남물갈비,31.0,평가,정규,,,2024
BRD_20200904,파이널나인,31.0,평가,정규,,,2024
BRD_20210097,치밥대장숯불양념92치킨,31.0,평가,정규,,,2024
BRD_20210991,카페16온스,31.0,평가,정규,,,2024
BRD_20211955,삼계탕이요,31.0,평가,정규,,,2024
BRD_20211998,연돈튀김덮밥,31.0,평가,정규,,,2024
BRD_20212206,배통,31.0,평가,정규,,,2024
BRD_20212427,고깃리88번지,31.0,평가,정규,,,2024
BRD_20212629,꾸아(Qua),31.0,평가,정규,,,2024
BRD_20212782,청기와타운,31.0,평가,정규,,,2024
BRD_20214457,스트릿 1988,31.0,평가,정규,,,2024
BRD_20214650,순수빙떡,31.0,평가,정규,,,2024
BRD_20220073,헬키푸키,31.0,평가,정규,,,2024
BRD_20220554,리파인,31.0,평가,정규,,,2024
BRD_20230542,미친피자,31.0,평가,정규,,,2024
BRD_20231326,피자닭터,31.0,평가,정규,,,2024
NAME:보고싶다@외식,보고싶다,31.0,평가,정규,,,2024
NAME:삼송빵집@외식,삼송빵집,31.0,평가,정규,,,2024
BRD_20120500045,샤브쌈주머니,30.0,평가,정규,,,2024
BRD_20140647,두거리우신탕,30.0,평가,정규,,,2024
BRD_20140773,반포식스,30.0,평가,정규,,,2024
BRD_20141003,장수본가해장국,30.0,평가,정규,,,2024
BRD_20150315,피자애,30.0,평가,정규,,,2024
BRD_20160621,홍대개미,30.0,평가,정규,,,2024
BRD_20171354,링코(RINKO),30.0,평가,정규,,,2024
BRD_20171511,차돌풍,30.0,평가,정규,,,2024
BRD_20180559,밥통령,30.0,평가,정규,,,2024
BRD_20181179,곱깨비,30.0,평가,정규,,,2024
BRD_20200035,얼맥당,30.0,평가,정규,,,2024
BRD_20200206,깨봉이국물떡볶이,30.0,평가,정규,,,2024
BRD_20200279,삼환축산,30.0,평가,정규,,,2024
BRD_20200624,찜꽁찜닭,30.0,평가,정규,,,2024
BRD_20201212,푸드모바일,30.0,평가,정규,,,2024
BRD_20201254,치킨인류,30.0,평가,정규,,,2024
BRD_20201497,BT버거앤타코 (BURGER&TACO),30.0,평가,정규,,,2024
BRD_20201657,에그존,30.0,평가,정규,,,2024
BRD_20210532,범맥주,30.0,평가,정규,,,2024
BRD_20210924,고기궁전,30.0,평가,정규,,,2024
BRD_20211124,휴게소,30.0,평가,정규,,,2024
BRD_20211133,효자동설렁탕,30.0,평가,정규,,,2024
BRD_20213522,국밥도감,30.0,평가,정규,,,2024
BRD_20230189,꽈배기진,30.0,평가,정규,,,2024
BRD_20230433,갓잇,30.0,평가,정규,,,2024
NAME:첨단돌솥감자탕@외식,첨단돌솥감자탕,30.0,평가,정규,,,2024
BRD_20080100445,목우촌웰빙마을,29.0,평가,정규,,,2024
BRD_20080200026,닭이봉춘천닭갈비,29.0,평가,정규,,,2024
BRD_20080200109,따삐오,29.0,평가,정규,,,2024
BRD_20080200112,씨에프숯불바베큐치킨,29.0,평가,정규,,,2024
BRD_20090100545,영구스피자,29.0,평가,정규,,,2024
BRD_20110100125,커피스미스,29.0,평가,정규,,,2024
BRD_20110100278,교동전선생,29.0,평가,정규,,,2024
BRD_20140588,짬뽕10101,29.0,평가,정규,,,2024
BRD_20141293,크레이저커피(C.Razer Coffee),29.0,평가,정규,,,2024
BRD_20150166,그라찌에,29.0,평가,정규,,,2024
BRD_20150724,오부장치킨,29.0,평가,정규,,,2024
BRD_20150845,산쪼메,29.0,평가,정규,,,2024
BRD_20151210,깐깐한족발,29.0,평가,정규,,,2024
BRD_20161181,블럭제빵소,29.0,평가,정규,,,2024
BRD_20180332,백금당,29.0,평가,정규,,,2024
BRD_20180608,진미대왕통닭,29.0,평가,정규,,,2024
BRD_20180747,치순이통닭,29.0,평가,정규,,,2024
BRD_20191036,궁 잔기지떡,29.0,평가,정규,,,2024
BRD_20191086,반미362,29.0,평가,정규,,,2024
BRD_20200775,덮밥90도씨,29.0,평가,정규,,,2024
BRD_20201223,눈꽃대패,29.0,평가,정규,,,2024
BRD_20201339,마요네즈 (mayonnaise),29.0,평가,정규,,,2024
BRD_20201620,포슈아,29.0,평가,정규,,,2024
BRD_20210086,삼겹식당,29.0,평가,정규,,,2024
BRD_20210393,덕수파스타 딜리버리,29.0,평가,정규,,,2024
BRD_20220301,마케집,29.0,평가,정규,,,2024
BRD_20221393,김삼구,29.0,평가,정규,,,2024
BRD_20080100396,JBD 본 종로빈대떡,28.0,평가,정규,,,2024
BRD_20080500036,가르텐호프앤레스트,28.0,평가,정규,,,2024
BRD_20100100256,김명자낙지마당,28.0,평가,정규,,,2024
BRD_20100100554,돈까스클럽,28.0,평가,정규,,,2024
BRD_20100500023,시루향기,28.0,평가,정규,,,2024
BRD_20130245,전주남문조춘자토종피순대국,28.0,평가,정규,,,2024
BRD_20141157,아이벗 치킨,28.0,평가,정규,,,2024
BRD_20150522,리김밥,28.0,평가,정규,,,2024
BRD_20161124,파주닭국수,28.0,평가,정규,,,2024
BRD_20170316,Emoi(에머이),28.0,평가,정규,,,2024
BRD_20180037,피슈 마라홍탕,28.0,평가,정규,,,2024
BRD_20180793,허갈닭강정,28.0,평가,정규,,,2024
BRD_20180889,엘에이치씨피자탑(LHC PIZZA TOP),28.0,평가,정규,,,2024
BRD_20190628,김용덕의 소문난 부자국밥,28.0,평가,정규,,,2024
BRD_20200099,장미맨숀,28.0,평가,정규,,,2024
BRD_20200878,구삼짜글이,28.0,평가,정규,,,2024
BRD_20210019,볶찜,28.0,평가,정규,,,2024
BRD_20211200,라화공방,28.0,평가,정규,,,2024
BRD_20220154,달래해장,28.0,평가,정규,,,2024
BRD_20080100499,치킨더홈,27.0,평가,정규,,,2024
BRD_20080100607,700비어,27.0,평가,정규,,,2024
BRD_20080300010,목촌사골돼지국밥,27.0,평가,정규,,,2024
BRD_20080300015,무봤나촌닭,27.0,평가,정규,,,2024
BRD_20100100175,오가다,27.0,평가,정규,,,2024
BRD_20110300060,원조의령소바,27.0,평가,정규,,,2024
BRD_20120300066,화르화르,27.0,평가,정규,,,2024
BRD_20130100076,한방전주콩나물국밥,27.0,평가,정규,,,2024
BRD_20130100417,본초불닭발,27.0,평가,정규,,,2024
BRD_20160331,장혁민의 부대찌개,27.0,평가,정규,,,2024
BRD_20161076,투고샐러드 (TOGOSALAD),27.0,평가,정규,,,2024
BRD_20200756,청년순대국,27.0,평가,정규,,,2024
BRD_20211217,당신은지금치킨이땡긴다,27.0,평가,정규,,,2024
BRD_20211363,퍼스트커피,27.0,평가,정규,,,2024
BRD_20211652,윤반장,27.0,평가,정규,,,2024
BRD_20213039,풍덕천 두꺼비집,27.0,평가,정규,,,2024
BRD_20080100162,기소야,26.0,평가,정규,,,2024
BRD_20130100223,메콩타이,26.0,평가,정규,,,2024
BRD_20140220,개미집,26.0,평가,정규,,,2024
BRD_20141047,쏭스클럽핫도그,26.0,평가,정규,,,2024
BRD_20150553,밥장인,26.0,평가,정규,,,2024
BRD_20201148,힘난다버거,26.0,평가,정규,,,2024
BRD_20201844,샐러바웃,26.0,평가,정규,,,2024
BRD_20210216,일일양,26.0,평가,정규,,,2024
BRD_20212450,취향마라,26.0,평가,정규,,,2024
NAME:킹스타피자@외식,킹스타피자,26.0,평가,정규,,,2024
BRD_20080200242,청양일초,25.0,평가,정규,,,2024
BRD_20100100456,알촌,25.0,평가,정규,,,2024
BRD_20120100631,경성양꼬치,25.0,평가,정규,,,2024
BRD_20120500057,정가대박집,25.0,평가,정규,,,2024
BRD_20140694,정정아식당,25.0,평가,정규,,,2024
BRD_20141065,부엉이돈가스,25.0,평가,정규,,,2024
BRD_20150404,에슬로우커피 (ESLOW COFFEE),25.0,평가,정규,,,2024
BRD_20160063,엉터리생고기 두번째이야기 무한삼겹,25.0,평가,정규,,,2024
BRD_20160760,천사곱창,25.0,평가,정규,,,2024
BRD_20161178,리틀하노이(LittleHANOI),25.0,평가,정규,,,2024
BRD_20190092,샐러데이즈(Salad Days),25.0,평가,정규,,,2024
BRD_20190275,인생설렁탕,25.0,평가,정규,,,2024
BRD_20190976,꼬꼬아찌,25.0,평가,정규,,,2024
BRD_20200505,치교치킨,25.0,평가,정규,,,2024
BRD_20200757,한결통아구찜,25.0,평가,정규,,,2024
BRD_20201124,두심스 독도해물알찜,25.0,평가,정규,,,2024
BRD_20210365,꾸꾸삼겹,25.0,평가,정규,,,2024
BRD_20210937,진탱 불곱창&불닭발,25.0,평가,정규,,,2024
BRD_20211990,랑데자뷰(RENDEJAVOUS),25.0,평가,정규,,,2024
BRD_20215860,돼지팥빙수,25.0,평가,정규,,,2024
BRD_20231111,오름순돼국밥,25.0,평가,정규,,,2024
BRD_20150133,크래프트한스(Craft Han&#39;s),24.0,평가,정규,,,2024
BRD_20150473,밥맛나는세상,24.0,평가,정규,,,2024
BRD_20160195,내가찜한닭,24.0,평가,정규,,,2024
BRD_20160493,하우돈곱창,24.0,평가,정규,,,2024
BRD_20160546,잭아저씨족발&보쌈,24.0,평가,정규,,,2024
BRD_20160785,완산골명가,24.0,평가,정규,,,2024
BRD_20170813,해초과메기,24.0,평가,정규,,,2024
BRD_20180630,문토스트,24.0,평가,정규,,,2024
BRD_20190157,청춘당 찹쌀 꽈배기,24.0,평가,정규,,,2024
BRD_20190945,고품격커피공장,24.0,평가,정규,,,2024
BRD_20210564,피자스웨그,24.0,평가,정규,,,2024
BRD_20220096,경아식당,24.0,평가,정규,,,2024
BRD_20221446,파스타 흔,24.0,평가,정규,,,2024
BRD_20080200002,두리아,23.0,평가,정규,,,2024
BRD_20090100355,아이러브피자,23.0,평가,정규,,,2024
BRD_20110100169,바베큐통족구이,23.0,평가,정규,,,2024
BRD_20110300014,삼겹파티,23.0,평가,정규,,,2024
BRD_20120100339,사쿠사쿠,23.0,평가,정규,,,2024
BRD_20120100595,못말리는파닭,23.0,평가,정규,,,2024
BRD_20130100465,바푸리,23.0,평가,정규,,,2024
BRD_20130417,땡초우동,23.0,평가,정규,,,2024
BRD_20160173,조선의 옛날통닭,23.0,평가,정규,,,2024
BRD_20160683,토고리 옛날막창,23.0,평가,정규,,,2024
BRD_20170699,내담해물찜탕,23.0,평가,정규,,,2024
BRD_20171241,엉터리 해장국,23.0,평가,정규,,,2024
BRD_20180406,웰덤치킨,23.0,평가,정규,,,2024
BRD_20190359,남도복국,23.0,평가,정규,,,2024
BRD_20190926,놀부김치찜,23.0,평가,정규,,,2024
BRD_20200743,탕수육주는육군짬뽕,23.0,평가,정규,,,2024
BRD_20211147,국밥대장,23.0,평가,정규,,,2024
BRD_20211286,점프(JUMP),23.0,평가,정규,,,2024
BRD_20211561,파스타집이야,23.0,평가,정규,,,2024
BRD_20211709,히포슈가 (HIPPO SUGAR),23.0,평가,정규,,,2024
BRD_20220797,타타스베이글,23.0,평가,정규,,,2024
BRD_20090100341,소노야,22.0,평가,정규,,,2024
BRD_20100100052,붐비어,22.0,평가,정규,,,2024
BRD_20100100309,앗싸곱창,22.0,평가,정규,,,2024
BRD_20110100132,치킨678,22.0,평가,정규,,,2024
BRD_20120100376,옛날장터치킨,22.0,평가,정규,,,2024
BRD_20130100431,그램그램,22.0,평가,정규,,,2024
BRD_20150339,산카이 이자카야,22.0,평가,정규,,,2024
BRD_20160153,오복미역,22.0,평가,정규,,,2024
BRD_20181303,투가이즈(TWO GUYS),22.0,평가,정규,,,2024
BRD_20190011,상상짬뽕,22.0,평가,정규,,,2024
BRD_20190603,한뚝수육국밥,22.0,평가,정규,,,2024
BRD_20200249,신나게쌈빠찹쌀강정,22.0,평가,정규,,,2024
BRD_20200673,저스트텐동,22.0,평가,정규,,,2024
BRD_20200731,꼬기만땅 점보비빔밥,22.0,평가,정규,,,2024
BRD_20201840,히츠지야,22.0,평가,정규,,,2024
BRD_20201895,무쇠김치삼겹,22.0,평가,정규,,,2024
BRD_20210213,동복리 제주갈치조림,22.0,평가,정규,,,2024
BRD_20211235,샤오바오우육면,22.0,평가,정규,,,2024
BRD_20212868,수북국밥,22.0,평가,정규,,,2024
BRD_20080400017,조선CH.S치킨,21.0,평가,정규,,,2024
BRD_20080600001,신떡,21.0,평가,정규,,,2024
BRD_20090100471,치킨주막,21.0,평가,정규,,,2024
BRD_20120100023,청와삼대,21.0,평가,정규,,,2024
BRD_20140188,그린브라우니(green brownie),21.0,평가,정규,,,2024
BRD_20140725,매머드커피(Mammoth coffee),21.0,평가,정규,,,2024
BRD_20141217,순곱이네,21.0,평가,정규,,,2024
BRD_20170703,행복가마솥밥&알솥밥,21.0,평가,정규,,,2024
BRD_20190495,밀회관,21.0,평가,정규,,,2024
BRD_20190585,피자 비토랩,21.0,평가,정규,,,2024
BRD_20190835,에그셀런트,21.0,평가,정규,,,2024
BRD_20190842,돼지영농후계자,21.0,평가,정규,,,2024
BRD_20191322,선식당,21.0,평가,정규,,,2024
BRD_20200159,에그박스,21.0,평가,정규,,,2024
BRD_20200879,막이오름,21.0,평가,정규,,,2024
BRD_20201507,돈까스회관,21.0,평가,정규,,,2024
BRD_20210593,크로앙쥬,21.0,평가,정규,,,2024
BRD_20080100455,뽕잎사랑샤브칼국수보쌈냉면,20.0,평가,정규,,,2024
BRD_20080100676,원당감자탕,20.0,평가,정규,,,2024
BRD_20110100216,사나포차,20.0,평가,정규,,,2024
BRD_20110300071,더만족,20.0,평가,정규,,,2024
BRD_20110600016,달구지막창,20.0,평가,정규,,,2024
BRD_20130100132,국사랑,20.0,평가,정규,,,2024
BRD_20130100234,곱창이야기,20.0,평가,정규,,,2024
BRD_20140752,대구우야지막창,20.0,평가,정규,,,2024
BRD_20150273,쉐프의부대찌개,20.0,평가,정규,,,2024
BRD_20150343,왕빈자전통주막,20.0,평가,정규,,,2024
BRD_20171087,가츠몽,20.0,평가,정규,,,2024
BRD_20171168,커피왕,20.0,평가,정규,,,2024
BRD_20180011,통불,20.0,평가,정규,,,2024
BRD_20180162,사계진미 숯불닭갈비,20.0,평가,정규,,,2024
BRD_20180917,피치랑,20.0,평가,정규,,,2024
BRD_20190838,원래는 치킨집을 할려고 했었다,20.0,평가,정규,,,2024
BRD_20200326,666 BURGER,20.0,평가,정규,,,2024
BRD_20201240,오늘은카레,20.0,평가,정규,,,2024
BRD_20211187,파스타를 부탁해,20.0,평가,정규,,,2024
BRD_20211569,피자웨이브,20.0,평가,정규,,,2024
BRD_20080100085,나뚜루,19.0,평가,정규,,,2024
BRD_20090100370,토대력,19.0,평가,정규,,,2024
BRD_20100100520,국대떡볶이,19.0,평가,정규,,,2024
BRD_20130100408,오춘자비어,19.0,평가,정규,,,2024
BRD_20140558,육풍,19.0,평가,정규,,,2024
BRD_20140589,교동짬뽕,19.0,평가,정규,,,2024
BRD_20140651,투존치킨,19.0,평가,정규,,,2024
BRD_20141116,안동본가국밥,19.0,평가,정규,,,2024
BRD_20150087,선굼터,19.0,평가,정규,,,2024
BRD_20160517,계경순대국,19.0,평가,정규,,,2024
BRD_20190202,흥부찜닭,19.0,평가,정규,,,2024
BRD_20191239,고쿠텐,19.0,평가,정규,,,2024
BRD_20200872,행진푸드,19.0,평가,정규,,,2024
BRD_20201036,부라보맥주,19.0,평가,정규,,,2024
BRD_20212815,조타코,19.0,평가,정규,,,2024
BRD_20213402,바른국밥,19.0,평가,정규,,,2024
BRD_20230829,수라섬 장칼국수,19.0,평가,정규,,,2024
BRD_20080100128,디델리,18.0,평가,정규,,,2024
BRD_20080400023,임실치즈피자,18.0,평가,정규,,,2024
BRD_20090600054,봉대박스파게티,18.0,평가,정규,,,2024
BRD_20100100018,콩불,18.0,평가,정규,,,2024
BRD_20100600034,BRD백록담,18.0,평가,정규,,,2024
BRD_20130139,빌리엔젤,18.0,평가,정규,,,2024
BRD_20140782,모로미,18.0,평가,정규,,,2024
BRD_20150989,아딸,18.0,평가,정규,,,2024
BRD_20171201,치킨과 바람피자,18.0,평가,정규,,,2024
BRD_20171384,커피홀 베이커리,18.0,평가,정규,,,2024
BRD_20190005,뚱보집,18.0,평가,정규,,,2024
BRD_20210248,박봉구가래떡볶이,18.0,평가,정규,,,2024
BRD_20211608,카페미뇽,18.0,평가,정규,,,2024
BRD_20090100325,닐리,17.0,평가,정규,,,2024
BRD_20090100360,육회지존,17.0,평가,정규,,,2024
BRD_20090100499,미정국수0410,17.0,평가,정규,,,2024
BRD_20110100215,아마떼,17.0,평가,정규,,,2024
BRD_20120100422,통파이브,17.0,평가,정규,,,2024
BRD_20150487,만나고쪽갈비가,17.0,평가,정규,,,2024
BRD_20170765,비엔나커피하우스,17.0,평가,정규,,,2024
BRD_20180676,오산조은참치,17.0,평가,정규,,,2024
BRD_20180759,토스트카페마리,17.0,평가,정규,,,2024
BRD_20190707,웰돈까츠,17.0,평가,정규,,,2024
BRD_20190954,이태리면가게,17.0,평가,정규,,,2024
BRD_20201258,동방축산,17.0,평가,정규,,,2024
BRD_20215837,돈까스튀기는형,17.0,평가,정규,,,2024
BRD_20220555,더담덮밥,17.0,평가,정규,,,2024
BRD_20080100209,본가,16.0,평가,정규,,,2024
BRD_20080200222,위드치킨,16.0,평가,정규,,,2024
BRD_20090100534,아리스타,16.0,평가,정규,,,2024
BRD_20110600010,VFC치킨파티,16.0,평가,정규,,,2024
BRD_20130247,이웃집소녀떡볶이,16.0,평가,정규,,,2024
BRD_20130258,오떡,16.0,평가,정규,,,2024
BRD_20140920,옥탑방오봉자싸롱,16.0,평가,정규,,,2024
BRD_20150488,개성집,16.0,평가,정규,,,2024
BRD_20160327,석관동떡볶이,16.0,평가,정규,,,2024
BRD_20160452,쉐프삼촌,16.0,평가,정규,,,2024
BRD_20170705,별법동태탕왕해물찜,16.0,평가,정규,,,2024
BRD_20191218,은하별,16.0,평가,정규,,,2024
BRD_20200599,미미고,16.0,평가,정규,,,2024
NAME:화통삼@외식,화통삼,16.0,평가,정규,,,2024
BRD_20080100738,엉터리생고기,15.0,평가,정규,,,2024
BRD_20080200265,멘무샤,15.0,평가,정규,,,2024
BRD_20110100100,대칠성포차,15.0,평가,정규,,,2024
BRD_20110100167,커피홀(coffee hole),15.0,평가,정규,,,2024
BRD_20110300030,다기야,15.0,평가,정규,,,2024
BRD_20120100399,디오니스,15.0,평가,정규,,,2024
BRD_20120100412,빨라쪼 델 프레도,15.0,평가,정규,,,2024
BRD_20120100570,미스터보쌈5379,15.0,평가,정규,,,2024
BRD_20130100409,깨순이김밥,15.0,평가,정규,,,2024
BRD_20140971,존슨켄터키,15.0,평가,정규,,,2024
BRD_20150530,카페보니또,15.0,평가,정규,,,2024
BRD_20170243,비어첸,15.0,평가,정규,,,2024
BRD_20170468,쌀똑핫도그,15.0,평가,정규,,,2024
BRD_20171067,남다른대구막창,15.0,평가,정규,,,2024
BRD_20171110,유달리,15.0,평가,정규,,,2024
BRD_20171211,노가리슈퍼,15.0,평가,정규,,,2024
BRD_20180004,조선화로집,15.0,평가,정규,,,2024
BRD_20191073,정코다리,15.0,평가,정규,,,2024
BRD_20200425,정온달집,15.0,평가,정규,,,2024
BRD_20200997,피자플래넷,15.0,평가,정규,,,2024
BRD_20201873,아틀리에빈,15.0,평가,정규,,,2024
BRD_20080100207,백종원의원조쌈밥집,14.0,평가,정규,,,2024
BRD_20080100313,베스트빈,14.0,평가,정규,,,2024
BRD_20090100310,서래갈매기,14.0,평가,정규,,,2024
BRD_20100100575,아그집쭈꾸미,14.0,평가,정규,,,2024
BRD_20100600048,하늘보리피자,14.0,평가,정규,,,2024
BRD_20110100228,아리가또맘마,14.0,평가,정규,,,2024
BRD_20110100585,폼프리츠,14.0,평가,정규,,,2024
BRD_20120100090,홍대돈부리,14.0,평가,정규,,,2024
BRD_20120100323,손문대구막창갈매기살,14.0,평가,정규,,,2024
BRD_20140171,원조전통명가 통큰할매순대국,14.0,평가,정규,,,2024
BRD_20151034,3883 팔도실비집,14.0,평가,정규,,,2024
BRD_20160907,아리랑수제핫도그,14.0,평가,정규,,,2024
BRD_20171421,연안식당,14.0,평가,정규,,,2024
BRD_20210040,악동삼겹,14.0,평가,정규,,,2024
BRD_20221027,정우의 도시락,14.0,평가,정규,,,2024
BRD_20080200005,호아빈,13.0,평가,정규,,,2024
BRD_20090600075,파-닭에파무쳐,13.0,평가,정규,,,2024
BRD_20110100608,명동칼국수,13.0,평가,정규,,,2024
BRD_20130100064,미쓰족발,13.0,평가,정규,,,2024
BRD_20150650,마미쿡,13.0,평가,정규,,,2024
BRD_20160534,킹콩쥬스엔커피,13.0,평가,정규,,,2024
BRD_20161207,커피온리,13.0,평가,정규,,,2024
BRD_20170565,우거지품은순대국,13.0,평가,정규,,,2024
BRD_20171409,바우네 나주곰탕,13.0,평가,정규,,,2024
BRD_20180231,혼다라멘,13.0,평가,정규,,,2024
BRD_20180318,리춘시장,13.0,평가,정규,,,2024
BRD_20201021,피자쿠치나,13.0,평가,정규,,,2024
BRD_20201332,79파운야드(79 FOUNYARD),13.0,평가,정규,,,2024
BRD_20201644,에그벅,13.0,평가,정규,,,2024
BRD_20211123,스참,13.0,평가,정규,,,2024
BRD_20211453,GLOER,13.0,평가,정규,,,2024
BRD_20213136,유떡,13.0,평가,정규,,,2024
BRD_20110400001,삼백집,12.0,평가,정규,,,2024
BRD_20120100060,생어거스틴,12.0,평가,정규,,,2024
BRD_20120300101,칠칠켄터키,12.0,평가,정규,,,2024
BRD_20160478,툴스돈카츠,12.0,평가,정규,,,2024
BRD_20161120,호수꼬치,12.0,평가,정규,,,2024
BRD_20170711,착한쭝식,12.0,평가,정규,,,2024
BRD_20171544,분식이더치킨,12.0,평가,정규,,,2024
BRD_20200417,한끼삼계탕,12.0,평가,정규,,,2024
BRD_20210036,양가네 명품갈비찜,12.0,평가,정규,,,2024
BRD_20210990,통통회,12.0,평가,정규,,,2024
BRD_20080100117,구이가,11.0,평가,정규,,,2024
BRD_20080500030,치킨퐁,11.0,평가,정규,,,2024
BRD_20100100460,피자헤븐,11.0,평가,정규,,,2024
BRD_20110100503,불불이족발,11.0,평가,정규,,,2024
BRD_20110600022,파스타부오노바,11.0,평가,정규,,,2024
BRD_20160414,샤이바나,11.0,평가,정규,,,2024
BRD_20190063,One&Two깻잎두마리치킨,11.0,평가,정규,,,2024
BRD_20190156,gre P&T,11.0,평가,정규,,,2024
BRD_20190198,무쏘,11.0,평가,정규,,,2024
BRD_20200396,성윤국가대표아구찜앤알곤이찜,11.0,평가,정규,,,2024
BRD_20201827,양가네고기듬뿍김치찜,11.0,평가,정규,,,2024
BRD_20211096,해장쿡,11.0,평가,정규,,,2024
BRD_20220257,이십센치,11.0,평가,정규,,,2024
BRD_20110100073,라떼킹(Latteking),10.0,평가,정규,,,2024
BRD_20110100493,라떼떼,10.0,평가,정규,,,2024
BRD_20110100578,군산오징어&군오부대찌개,10.0,평가,정규,,,2024
BRD_20120100400,알바트로스,10.0,평가,정규,,,2024
BRD_20120100447,카페아이엠티,10.0,평가,정규,,,2024
BRD_20140398,슈퍼커피,10.0,평가,정규,,,2024
BRD_20151089,떼루와,10.0,평가,정규,,,2024
BRD_20160030,수철이네왕새우튀김,10.0,평가,정규,,,2024
BRD_20160571,경성주막1929,10.0,평가,정규,,,2024
BRD_20170833,빵사부식빵공방,10.0,평가,정규,,,2024
BRD_20170850,꿀스커피GGUL'S COFFEE,10.0,평가,정규,,,2024
BRD_20170868,DDC치킨,10.0,평가,정규,,,2024
BRD_20180308,서래왕차돌,10.0,평가,정규,,,2024
BRD_20180488,브라더탕수,10.0,평가,정규,,,2024
BRD_20180609,유케야,10.0,평가,정규,,,2024
BRD_20180890,에센스커피,10.0,평가,정규,,,2024
BRD_20200598,사랑관,10.0,평가,정규,,,2024
BRD_20201407,권사부 순대국,10.0,평가,정규,,,2024
BRD_20211458,양호실떡볶이,10.0,평가,정규,,,2024
BRD_20220780,커피다스1리터,10.0,평가,정규,,,2024
BRD_20080100371,하코야,9.0,평가,정규,,,2024
BRD_20100400012,미스터파파임실치즈피자,9.0,평가,정규,,,2024
BRD_20110100457,더기발한치킨(The기발한치킨),9.0,평가,정규,,,2024
BRD_20110100562,전설의짬뽕,9.0,평가,정규,,,2024
BRD_20120100526,공수간,9.0,평가,정규,,,2024
BRD_20140495,돌배기집,9.0,평가,정규,,,2024
BRD_20140974,미술관,9.0,평가,정규,,,2024
BRD_20150909,대독장,9.0,평가,정규,,,2024
BRD_20151263,포차어게인,9.0,평가,정규,,,2024
BRD_20171018,직화삼겹살직구삼,9.0,평가,정규,,,2024
BRD_20200044,갓샐러드&갓요거트,9.0,평가,정규,,,2024
BRD_20200828,두돈까스,9.0,평가,정규,,,2024
BRD_20210465,죽선생,9.0,평가,정규,,,2024
BRD_20210527,1인삼겹 오빠삼,9.0,평가,정규,,,2024
BRD_20210847,찐곱도리식당,9.0,평가,정규,,,2024
BRD_20211329,옐로우스푼,9.0,평가,정규,,,2024
NAME:국밥상회냉면@외식,국밥상회&냉면,9.0,평가,정규,,,2024
BRD_20110100484,마루샤브,8.0,평가,정규,,,2024
BRD_20160553,헬로베트남 쌀국수,8.0,평가,정규,,,2024
BRD_20180240,스푼필라프,8.0,평가,정규,,,2024
BRD_20180779,조커닭 (Jokerdark),8.0,평가,정규,,,2024
BRD_20180953,파파도나스,8.0,평가,정규,,,2024
BRD_20181268,치킨의민족,8.0,평가,정규,,,2024
BRD_20210891,가든쿡,8.0,평가,정규,,,2024
NAME:인정국물떡볶이@외식,인정국물떡볶이,8.0,평가,정규,,,2024
BRD_20080100031,강정이기가막혀,7.0,평가,정규,,,2024
BRD_20090100001,꾼노리,7.0,평가,정규,,,2024
BRD_20110100042,치르치르,7.0,평가,정규,,,2024
BRD_20110100577,얌샘,7.0,평가,정규,,,2024
BRD_20150064,김진철동래통닭,7.0,평가,정규,,,2024
BRD_20160714,안심치킨,7.0,평가,정규,,,2024
BRD_20171553,숙달돼지,7.0,평가,정규,,,2024
BRD_20190933,봉구통닭,7.0,평가,정규,,,2024
BRD_20090100258,맛데이,6.0,평가,정규,,,2024
BRD_20130100040,스시웨이,6.0,평가,정규,,,2024
BRD_20130100463,킹오브떡볶이,6.0,평가,정규,,,2024
BRD_20160097,램플러스,6.0,평가,정규,,,2024
BRD_20160737,스탠딩스테이크,6.0,평가,정규,,,2024
BRD_20180639,정성찬,6.0,평가,정규,,,2024
BRD_20211159,돈도니 석쇠한판불고기,6.0,평가,정규,,,2024
NAME:생고기제작소@외식,생고기제작소,6.0,평가,정규,,,2024
BRD_20090100377,코페아커피(COFFEA COFFEE),5.0,평가,정규,,,2024
BRD_20130100350,찰스숯불김밥,5.0,평가,정규,,,2024
BRD_20150706,김양비어,5.0,평가,정규,,,2024
BRD_20151193,아빠곰탕,5.0,평가,정규,,,2024
BRD_20160577,커피코트,5.0,평가,정규,,,2024
BRD_20161278,팔팔핫도그,5.0,평가,정규,,,2024
BRD_20170549,맛있는 오칠구,5.0,평가,정규,,,2024
BRD_20180168,밀방떡,5.0,평가,정규,,,2024
BRD_20180733,범프리카인생치킨,5.0,평가,정규,,,2024
BRD_20190883,닭갈비클라쓰,5.0,평가,정규,,,2024
BRD_20191021,돈갓,5.0,평가,정규,,,2024
BRD_20210129,제육폭식,5.0,평가,정규,,,2024
BRD_20080200049,사바사바치킨&비어,4.0,평가,정규,,,2024
BRD_20120100563,코코샤브,4.0,평가,정규,,,2024
BRD_20160575,도쿄스테이크,4.0,평가,정규,,,2024
BRD_20170305,꽃찬찜닭,4.0,평가,정규,,,2024
BRD_20180260,대마족발,4.0,평가,정규,,,2024
BRD_20190950,일백집 서울포장마차,4.0,평가,정규,,,2024
BRD_20191129,두뽂스,4.0,평가,정규,,,2024
BRD_20200398,오늘술집 주다방,4.0,평가,정규,,,2024
BRD_20140399,로봇김밥,3.0,평가,정규,,,2024
BRD_20160531,맛나슈퍼,3.0,평가,정규,,,2024
BRD_20171221,꽉찬쌀통닭,3.0,평가,정규,,,2024
BRD_20171288,명랑한찜닭,3.0,평가,정규,,,2024
BRD_20181300,가락동리어카포차,3.0,평가,정규,,,2024
BRD_20190308,타이거슈가(TIGER SUGAR),3.0,평가,정규,,,2024
BRD_20191113,1970새마을포차,3.0,평가,정규,,,2024
BRD_20090100465,커핀그루나루,2.0,평가,정규,,,2024
BRD_20120100250,육봉달,2.0,평가,정규,,,2024
BRD_20150519,놀부옛날통닭,2.0,평가,정규,,,2024
BRD_20151007,동경야시장,2.0,평가,정규,,,2024
BRD_20170132,바푸리pho베트남쌀국수,2.0,평가,정규,,,2024
BRD_20180650,열정분식소,2.0,평가,정규,,,2024
BRD_20190267,흑화당,2.0,평가,정규,,,2024
BRD_20150050,대독장,1.0,평가,정규,,,2024
BRD_20161309,브라보치킨피자,1.0,평가,정규,,,2024
BRD_20170854,갈통삼,1.0,평가,정규,,,2024
BRD_20190332,홍베이팡,1.0,평가,정규,,,2024
BRD_20190499,용범이네인계동껍데기,1.0,평가,정규,,,2024
BRD_20190860,밀포유,1.0,평가,정규,,,2024
BRD_20190878,몬떡,1.0,평가,정규,,,2024
BRD_20200110,일계양득,1.0,평가,정규,,,2024
BRD_20080100099,피쉬앤그릴too,0.0,평가,정규,,,2024
BRD_20120100261,팔색삼겹살,0.0,평가,정규,,,2024
BRD_20130100213,무한사케무사,0.0,평가,정규,,,2024
BRD_20140689,천하제일족발,0.0,평가,정규,,,2024
BRD_20160217,어머나생고기,0.0,평가,정규,,,2024
BRD_20170957,우리동네서민한우,0.0,평가,정규,,,2024
BRD_20171515,자성화 맛집 코다리네,0.0,평가,정규,,,2024
BRD_20210368,꼬육꼬밥,0.0,평가,정규,,,2024
BRD_20210459,9찬김치찌개,0.0,평가,정규,,,2024
BRD_20210758,보글지글,0.0,평가,정규,,,2024
BRD_20211849,오꼬리,0.0,평가,정규,,,2024
BRD_20215419,김바삭군의 볼카츠마켙,0.0,평가,정규,,,2024
BRD_20220521,대한마라,0.0,평가,정규,,,2024
BRD_20161241,비비큐(BBQ),2316.0,평가 (공시 공백 보정),2022년: 지역·직영 통계(15125490)에 가맹점 기록,2022,,2024
BRD_20080100618,투썸플레이스,1510.0,평가 (공시 공백 보정),2022년: 지역·직영 통계(15125490)에 가맹점 기록,2022,,2024
BRD_20080100155,롯데리아,1209.0,평가 (공시 공백 보정),2022년: 정보공개서 등록 기록,2022,,2024
BRD_20080100262,멕시카나,738.0,평가 (공시 공백 보정),2022년: 지역·직영 통계(15125490)에 가맹점 기록,2022,,2024
BRD_20170932,땅스부대찌개,593.0,평가 (공시 공백 보정),2022년: 지역·직영 통계(15125490)에 가맹점 기록,2022,,2024
BRD_20110300059|JNG_001039,고봉민김밥인,450.0,평가 (공시 공백 보정),2022년: 다른 ID로 분리 등록된 같은 브랜드 534개,2022,,2024
BRD_20080100199|JNG_000064,할리스,402.0,평가 (공시 공백 보정),2022년: 지역·직영 통계(15125490)에 가맹점 기록,2022,,2024
BRD_20140292,큰맘할매순대국,336.0,평가 (공시 공백 보정),2022년: 지역·직영 통계(15125490)에 가맹점 기록,2022,,2024
BRD_20141237,와플대학,336.0,평가 (공시 공백 보정),2022년: 지역·직영 통계(15125490)에 가맹점 기록,2022,,2024
BRD_20171298|JNG_011589,꾸브라꼬숯불치킨,250.0,평가 (공시 공백 보정),2022년: 다른 ID로 분리 등록된 같은 브랜드 199개,2022,,2024
BRD_20080100153,엔제리너스,235.0,평가 (공시 공백 보정),2022년: 정보공개서 등록 기록,2022,,2024
BRD_20080200018,보드람치킨,202.0,평가 (공시 공백 보정),2022년: 정보공개서 등록 기록,2022,,2024
BRD_20211853,백소정,199.0,평가 (공시 공백 보정),2022년: 지역·직영 통계(15125490)에 가맹점 기록,2022,,2024
BRD_20200864,파스타입니다,170.0,평가 (공시 공백 보정),2022년: 지역·직영 통계(15125490)에 가맹점 기록,2022,,2024
BRD_20180881,미분당,142.0,평가 (공시 공백 보정),2022년: 지역·직영 통계(15125490)에 가맹점 기록,2022,,2024
BRD_20212429,슬로우캘리,139.0,평가 (공시 공백 보정),2022년: 지역·직영 통계(15125490)에 가맹점 기록,2022,,2024
BRD_20213978,샤브향,119.0,평가 (공시 공백 보정),2022년: 정보공개서 등록 기록,2022,,2024
BRD_20191162,깡우동,117.0,평가 (공시 공백 보정),2022년: 지역·직영 통계(15125490)에 가맹점 기록,2022,,2024
BRD_20180139|JNG_004812,에그드랍(EGGDROP),99.0,평가 (공시 공백 보정),2022년: 지역·직영 통계(15125490)에 가맹점 기록,2022,,2024
BRD_20220669,배고픈덮밥이,98.0,평가 (공시 공백 보정),2022년: 지역·직영 통계(15125490)에 가맹점 기록,2022,,2024
BRD_20200994,트리플에이커피,97.0,평가 (공시 공백 보정),2022년: 지역·직영 통계(15125490)에 가맹점 기록,2022,,2024
BRD_20150467,짬뽕지존,89.0,평가 (공시 공백 보정),2022년: 지역·직영 통계(15125490)에 가맹점 기록,2022,,2024
BRD_20210601,김종구부산어묵,89.0,평가 (공시 공백 보정),2022년: 지역·직영 통계(15125490)에 가맹점 기록,2022,,2024
BRD_20120100121,달.콤(dal.komm),76.0,평가 (공시 공백 보정),2022년: 지역·직영 통계(15125490)에 가맹점 기록,2022,,2024
BRD_20240140|JNG_016529,1번지통닭,73.0,평가 (공시 공백 보정),2022년: 지역·직영 통계(15125490)에 가맹점 기록,2022,,2024
BRD_20151052,더치앤빈,67.0,평가 (공시 공백 보정),2022년: 지역·직영 통계(15125490)에 가맹점 기록,2022,,2024
BRD_20230945|JNG_015447,상록회관 연탄구이,64.0,평가 (공시 공백 보정),2022년: 다른 ID로 분리 등록된 같은 브랜드,2022,,2024
BRD_20190263,피자파는집,61.0,평가 (공시 공백 보정),2022년: 정보공개서 등록 기록,2022,,2024
BRD_20201485,감성낙곱새,60.0,평가 (공시 공백 보정),2022년: 지역·직영 통계(15125490)에 가맹점 기록,2022,,2024
BRD_20201882|JNG_008786,식사준비,58.0,평가 (공시 공백 보정),2022년: 다른 ID로 분리 등록된 같은 브랜드 142개,2022,,2024
BRD_20180959|JNG_005536,PJ피자,57.0,평가 (공시 공백 보정),2022년: 다른 ID로 분리 등록된 같은 브랜드,2022,,2024
BRD_20210696,바음식당,55.0,평가 (공시 공백 보정),2022년: 지역·직영 통계(15125490)에 가맹점 기록,2022,,2024
BRD_20080100579,우쿠야,54.0,평가 (공시 공백 보정),2022년: 지역·직영 통계(15125490)에 가맹점 기록,2022,,2024
BRD_20140778,크리스피크림,53.0,평가 (공시 공백 보정),2022년: 정보공개서 등록 기록,2022,,2024
BRD_20130100173,니뽕내뽕,49.0,평가 (공시 공백 보정),2022년: 지역·직영 통계(15125490)에 가맹점 기록,2022,,2024
BRD_20211842,마라순코우,47.0,평가 (공시 공백 보정),2022년: 지역·직영 통계(15125490)에 가맹점 기록,2022,,2024
BRD_20110100367,커피니,46.0,평가 (공시 공백 보정),2022년: 지역·직영 통계(15125490)에 가맹점 기록,2022,,2024
BRD_20210736,난바우동,46.0,평가 (공시 공백 보정),2022년: 지역·직영 통계(15125490)에 가맹점 기록,2022,,2024
BRD_20240179,나날이일품돼지국밥,40.0,평가 (공시 공백 보정),2022년: 정보공개서 등록 기록,2022,,2024
BRD_20211470,삼형제김밥,39.0,평가 (공시 공백 보정),2022년: 지역·직영 통계(15125490)에 가맹점 기록,2022,,2024
BRD_20150942,브롱스(BRONX),38.0,평가 (공시 공백 보정),2022년: 지역·직영 통계(15125490)에 가맹점 기록,2022,,2024
BRD_20211703|JNG_020591,프랑킨 바베큐치킨,38.0,평가 (공시 공백 보정),2022년: 다른 ID로 분리 등록된 같은 브랜드 33개,2022,,2024
BRD_20200404|JNG_007550,반달커피,37.0,평가 (공시 공백 보정),2022년: 지역·직영 통계(15125490)에 가맹점 기록,2022,,2024
BRD_20200633,대만족,37.0,평가 (공시 공백 보정),2022년: 지역·직영 통계(15125490)에 가맹점 기록,2022,,2024
BRD_20211437|JNG_009987,스크린토랑,37.0,평가 (공시 공백 보정),2022년: 다른 ID로 분리 등록된 같은 브랜드,2022,,2024
BRD_20191261,덮밥슈퍼,36.0,평가 (공시 공백 보정),2022년: 지역·직영 통계(15125490)에 가맹점 기록,2022,,2024
BRD_20090100577,한앤둘치킨,35.0,평가 (공시 공백 보정),2022년: 지역·직영 통계(15125490)에 가맹점 기록,2022,,2024
BRD_20150402,미아리우동집,35.0,평가 (공시 공백 보정),2022년: 지역·직영 통계(15125490)에 가맹점 기록,2022,,2024
BRD_20190078,쭈꾸미도사,35.0,평가 (공시 공백 보정),2022년: 정보공개서 등록 기록,2022,,2024
BRD_20210412,도시곳간,35.0,평가 (공시 공백 보정),2022년: 지역·직영 통계(15125490)에 가맹점 기록,2022,,2024
BRD_20130100278,데니스,34.0,평가 (공시 공백 보정),2022년: 지역·직영 통계(15125490)에 가맹점 기록,2022,,2024
BRD_20170702,포아이니(PHOINI),34.0,평가 (공시 공백 보정),2022년: 정보공개서 등록 기록,2022,,2024
BRD_20200018,피자엠소마,34.0,평가 (공시 공백 보정),2022년: 지역·직영 통계(15125490)에 가맹점 기록,2022,,2024
BRD_20201867|JNG_015384,제주쾅쾅돈가스,34.0,평가 (공시 공백 보정),2022년: 다른 ID로 분리 등록된 같은 브랜드 19개,2022,,2024
BRD_20212856,라와,34.0,평가 (공시 공백 보정),2022년: 지역·직영 통계(15125490)에 가맹점 기록,2022,,2024
BRD_20230294|JNG_014701,뭉텅,34.0,평가 (공시 공백 보정),2022년: 다른 ID로 분리 등록된 같은 브랜드 1개,2022,,2024
BRD_20214750|JNG_012046,호텔토랑,31.0,평가 (공시 공백 보정),2022년: 다른 ID로 분리 등록된 같은 브랜드,2022,,2024
BRD_20240072,천년닭강정,30.0,평가 (공시 공백 보정),2022년: 정보공개서 등록 기록,2022,,2024
BRD_20180557,달빛맥주,28.0,평가 (공시 공백 보정),2022년: 정보공개서 등록 기록,2022,,2024
BRD_20150154,김밥킹,27.0,평가 (공시 공백 보정),2022년: 정보공개서 등록 기록,2022,,2024
BRD_20151270,WITCH COFFEE,27.0,평가 (공시 공백 보정),2022년: 지역·직영 통계(15125490)에 가맹점 기록,2022,,2024
BRD_20170664|JNG_003900,옐로우피자(YELLOW PIZZA),26.0,평가 (공시 공백 보정),2022년: 다른 ID로 분리 등록된 같은 브랜드,2022,,2024
BRD_20215448|JNG_005949,새우치킨덤,26.0,평가 (공시 공백 보정),2022년: 지역·직영 통계(15125490)에 가맹점 기록,2022,,2024
BRD_20201519|JNG_018164,패스트카페,25.0,평가 (공시 공백 보정),2022년: 다른 ID로 분리 등록된 같은 브랜드 34개,2022,,2024
BRD_20210694,마약낙곱새,24.0,평가 (공시 공백 보정),2022년: 지역·직영 통계(15125490)에 가맹점 기록,2022,,2024
BRD_20130481|JNG_001434,족장,23.0,평가 (공시 공백 보정),2022년: 지역·직영 통계(15125490)에 가맹점 기록,2022,,2024
BRD_20213535,할죽슈퍼,23.0,평가 (공시 공백 보정),2022년: 지역·직영 통계(15125490)에 가맹점 기록,2022,,2024
BRD_20190876,꼴목,21.0,평가 (공시 공백 보정),2022년: 지역·직영 통계(15125490)에 가맹점 기록,2022,,2024
BRD_20190982,족발슈퍼,21.0,평가 (공시 공백 보정),2022년: 지역·직영 통계(15125490)에 가맹점 기록,2022,,2024
BRD_20180167,온고지신 통닭원,20.0,평가 (공시 공백 보정),2022년: 지역·직영 통계(15125490)에 가맹점 기록,2022,,2024
BRD_20120100661,꿀삐닭강정,17.0,평가 (공시 공백 보정),2022년: 지역·직영 통계(15125490)에 가맹점 기록,2022,,2024
BRD_20191245,카페코지,16.0,평가 (공시 공백 보정),2022년: 지역·직영 통계(15125490)에 가맹점 기록,2022,,2024
BRD_20211046,육회먹은꼬막&반반비빔밥,16.0,평가 (공시 공백 보정),2022년: 지역·직영 통계(15125490)에 가맹점 기록,2022,,2024
BRD_20211845,파스타딜리,14.0,평가 (공시 공백 보정),2022년: 지역·직영 통계(15125490)에 가맹점 기록,2022,,2024
BRD_20200928,홍익스테이크,8.0,평가 (공시 공백 보정),2022년: 지역·직영 통계(15125490)에 가맹점 기록,2022,,2024
BRD_20190006,참치라이더,4.0,평가 (공시 공백 보정),2022년: 지역·직영 통계(15125490)에 가맹점 기록,2022,,2024
BRD_20130100457,씨앗호떡,3.0,평가 (공시 공백 보정),2022년: 지역·직영 통계(15125490)에 가맹점 기록,2022,,2024
BRD_20151091,육회한연어,3.0,평가 (공시 공백 보정),2022년: 지역·직영 통계(15125490)에 가맹점 기록,2022,,2024
BRD_20080100141,펀앤조이오뎅사께,1.0,평가 (공시 공백 보정),2022년: 지역·직영 통계(15125490)에 가맹점 기록,2022,,2024
BRD_20080200064,파리바게뜨,3327.0,평가 대상 아님,,,"2023년 가맹점 통계가 이 브랜드 이름으로 비어 있어, 점포 증감·계약종료율 같은 최근 변화 지표를 계산할 수 없습니다. 이 상태로 점수를 내면 위험이 낮게 나오므로 평가하지 않습니다. (같은 해 다른 기록: 2023년: 지역·직영 통계(15125490)에 가맹점 기록)",2024
BRD_20080100496,피나치공,562.0,평가 대상 아님,,,"2023년 가맹점 통계가 이 브랜드 이름으로 비어 있어, 점포 증감·계약종료율 같은 최근 변화 지표를 계산할 수 없습니다. 이 상태로 점수를 내면 위험이 낮게 나오므로 평가하지 않습니다. (같은 해 다른 기록: 2023년: 다른 ID로 분리 등록된 같은 브랜드 505개)",2024
BRD_20090100251,파스쿠찌,460.0,평가 대상 아님,,,"2023년 가맹점 통계가 이 브랜드 이름으로 비어 있어, 점포 증감·계약종료율 같은 최근 변화 지표를 계산할 수 없습니다. 이 상태로 점수를 내면 위험이 낮게 나오므로 평가하지 않습니다. (같은 해 다른 기록: 2023년: 지역·직영 통계(15125490)에 가맹점 기록)",2024
BRD_20150385,두끼,244.0,평가 대상 아님,,,"2023년 가맹점 통계가 이 브랜드 이름으로 비어 있어, 점포 증감·계약종료율 같은 최근 변화 지표를 계산할 수 없습니다. 이 상태로 점수를 내면 위험이 낮게 나오므로 평가하지 않습니다. (같은 해 다른 기록: 2023년: 지역·직영 통계(15125490)에 가맹점 기록)",2024
BRD_20191013,금별맥주,208.0,평가 대상 아님,,,"2023년 가맹점 통계가 이 브랜드 이름으로 비어 있어, 점포 증감·계약종료율 같은 최근 변화 지표를 계산할 수 없습니다. 이 상태로 점수를 내면 위험이 낮게 나오므로 평가하지 않습니다. (같은 해 다른 기록: 2023년: 지역·직영 통계(15125490)에 가맹점 기록)",2024
BRD_20190524,따띠삼겹,165.0,평가 대상 아님,,,"2023년 가맹점 통계가 이 브랜드 이름으로 비어 있어, 점포 증감·계약종료율 같은 최근 변화 지표를 계산할 수 없습니다. 이 상태로 점수를 내면 위험이 낮게 나오므로 평가하지 않습니다. (같은 해 다른 기록: 2023년: 지역·직영 통계(15125490)에 가맹점 기록)",2024
BRD_20140819,호세야오리바베큐,133.0,평가 대상 아님,,,"2023년 가맹점 통계가 이 브랜드 이름으로 비어 있어, 점포 증감·계약종료율 같은 최근 변화 지표를 계산할 수 없습니다. 이 상태로 점수를 내면 위험이 낮게 나오므로 평가하지 않습니다. (같은 해 다른 기록: 2023년: 지역·직영 통계(15125490)에 가맹점 기록)",2024
BRD_20080100375,미스터피자,126.0,평가 대상 아님,,,"2023년 가맹점 통계가 이 브랜드 이름으로 비어 있어, 점포 증감·계약종료율 같은 최근 변화 지표를 계산할 수 없습니다. 이 상태로 점수를 내면 위험이 낮게 나오므로 평가하지 않습니다. (같은 해 다른 기록: 2023년: 지역·직영 통계(15125490)에 가맹점 기록)",2024
BRD_20120100397,무봉리토종순대국,124.0,평가 대상 아님,,,"2023년 가맹점 통계가 이 브랜드 이름으로 비어 있어, 점포 증감·계약종료율 같은 최근 변화 지표를 계산할 수 없습니다. 이 상태로 점수를 내면 위험이 낮게 나오므로 평가하지 않습니다. (같은 해 다른 기록: 2023년: 지역·직영 통계(15125490)에 가맹점 기록)",2024
BRD_20130209,공릉동원조멸치국수,120.0,평가 대상 아님,,,"2023년 가맹점 통계가 이 브랜드 이름으로 비어 있어, 점포 증감·계약종료율 같은 최근 변화 지표를 계산할 수 없습니다. 이 상태로 점수를 내면 위험이 낮게 나오므로 평가하지 않습니다. (같은 해 다른 기록: 2023년: 정보공개서 등록 기록)",2024
BRD_20170159,제주은희네해장국,106.0,평가 대상 아님,,,"2023년 가맹점 통계가 이 브랜드 이름으로 비어 있어, 점포 증감·계약종료율 같은 최근 변화 지표를 계산할 수 없습니다. 이 상태로 점수를 내면 위험이 낮게 나오므로 평가하지 않습니다. (같은 해 다른 기록: 2023년: 지역·직영 통계(15125490)에 가맹점 기록)",2024
BRD_20240693,밥꼬콩불,106.0,평가 대상 아님,,,공시 이력이 2년으로 짧아 추세를 계산할 수 없습니다 (평가에는 3년 연속 공시가 필요합니다).,2024
BRD_20240738,김사부 본가 갈비찜,106.0,평가 대상 아님,,,공시 이력이 2년으로 짧아 추세를 계산할 수 없습니다 (평가에는 3년 연속 공시가 필요합니다).,2024
BRD_20241181,라쿵푸마라탕,101.0,평가 대상 아님,,,공시 이력이 2년으로 짧아 추세를 계산할 수 없습니다 (평가에는 3년 연속 공시가 필요합니다).,2024
BRD_20190044,파스타앤우,87.0,평가 대상 아님,,,"2023년 가맹점 통계가 이 브랜드 이름으로 비어 있어, 점포 증감·계약종료율 같은 최근 변화 지표를 계산할 수 없습니다. 이 상태로 점수를 내면 위험이 낮게 나오므로 평가하지 않습니다. (같은 해 다른 기록: 2023년: 지역·직영 통계(15125490)에 가맹점 기록)",2024
BRD_20181342,쉬즈베이글 커피,79.0,평가 대상 아님,,,"2023년 가맹점 통계가 이 브랜드 이름으로 비어 있어, 점포 증감·계약종료율 같은 최근 변화 지표를 계산할 수 없습니다. 이 상태로 점수를 내면 위험이 낮게 나오므로 평가하지 않습니다. (같은 해 다른 기록: 2023년: 지역·직영 통계(15125490)에 가맹점 기록)",2024
BRD_20240199|JNG_016624,빙동댕,79.0,평가 대상 아님,,,공시 이력이 2년으로 짧아 추세를 계산할 수 없습니다 (평가에는 3년 연속 공시가 필요합니다).,2024
BRD_20161067,노가리&BEER,75.0,평가 대상 아님,,,"2023년 가맹점 통계가 이 브랜드 이름으로 비어 있어, 점포 증감·계약종료율 같은 최근 변화 지표를 계산할 수 없습니다. 이 상태로 점수를 내면 위험이 낮게 나오므로 평가하지 않습니다. (같은 해 다른 기록: 2023년: 지역·직영 통계(15125490)에 가맹점 기록)",2024
BRD_20181292,꾸이한끼,69.0,평가 대상 아님,,,"2023년 가맹점 통계가 이 브랜드 이름으로 비어 있어, 점포 증감·계약종료율 같은 최근 변화 지표를 계산할 수 없습니다. 이 상태로 점수를 내면 위험이 낮게 나오므로 평가하지 않습니다. (같은 해 다른 기록: 2023년: 지역·직영 통계(15125490)에 가맹점 기록)",2024
BRD_20080200180,남가네설악추어탕,68.0,평가 대상 아님,,,"2023년 가맹점 통계가 이 브랜드 이름으로 비어 있어, 점포 증감·계약종료율 같은 최근 변화 지표를 계산할 수 없습니다. 이 상태로 점수를 내면 위험이 낮게 나오므로 평가하지 않습니다. (같은 해 다른 기록: 2023년: 정보공개서 등록 기록)",2024
BRD_20080200077,방일해장국,65.0,평가 대상 아님,,,"2023년 가맹점 통계가 이 브랜드 이름으로 비어 있어, 점포 증감·계약종료율 같은 최근 변화 지표를 계산할 수 없습니다. 이 상태로 점수를 내면 위험이 낮게 나오므로 평가하지 않습니다. (같은 해 다른 기록: 2023년: 지역·직영 통계(15125490)에 가맹점 기록)",2024
BRD_20240478,화이트리에,62.0,평가 대상 아님,,,공시 이력이 2년으로 짧아 추세를 계산할 수 없습니다 (평가에는 3년 연속 공시가 필요합니다).,2024
BRD_20080200306,망향비빔국수,61.0,평가 대상 아님,,,"2023년 가맹점 통계가 이 브랜드 이름으로 비어 있어, 점포 증감·계약종료율 같은 최근 변화 지표를 계산할 수 없습니다. 이 상태로 점수를 내면 위험이 낮게 나오므로 평가하지 않습니다. (같은 해 다른 기록: 2023년: 지역·직영 통계(15125490)에 가맹점 기록)",2024
BRD_20240688,육개장명인육선생,59.0,평가 대상 아님,,,공시 이력이 2년으로 짧아 추세를 계산할 수 없습니다 (평가에는 3년 연속 공시가 필요합니다).,2024
BRD_20240740,나는문어,59.0,평가 대상 아님,,,공시 이력이 2년으로 짧아 추세를 계산할 수 없습니다 (평가에는 3년 연속 공시가 필요합니다).,2024
BRD_20080200008,치어스,54.0,평가 대상 아님,,,"2023년 가맹점 통계가 이 브랜드 이름으로 비어 있어, 점포 증감·계약종료율 같은 최근 변화 지표를 계산할 수 없습니다. 이 상태로 점수를 내면 위험이 낮게 나오므로 평가하지 않습니다. (같은 해 다른 기록: 2023년: 지역·직영 통계(15125490)에 가맹점 기록)",2024
BRD_20240508,엉터리 무한대패,54.0,평가 대상 아님,,,공시 이력이 2년으로 짧아 추세를 계산할 수 없습니다 (평가에는 3년 연속 공시가 필요합니다).,2024
BRD_20240670,우리집곱도리탕,54.0,평가 대상 아님,,,공시 이력이 2년으로 짧아 추세를 계산할 수 없습니다 (평가에는 3년 연속 공시가 필요합니다).,2024
BRD_20110100252,착한낙지 (FOOD CHT&S),53.0,평가 대상 아님,,,"2023년 가맹점 통계가 이 브랜드 이름으로 비어 있어, 점포 증감·계약종료율 같은 최근 변화 지표를 계산할 수 없습니다. 이 상태로 점수를 내면 위험이 낮게 나오므로 평가하지 않습니다. (같은 해 다른 기록: 2023년: 지역·직영 통계(15125490)에 가맹점 기록)",2024
BRD_20151159,육감만족,53.0,평가 대상 아님,,,"2023년 가맹점 통계가 이 브랜드 이름으로 비어 있어, 점포 증감·계약종료율 같은 최근 변화 지표를 계산할 수 없습니다. 이 상태로 점수를 내면 위험이 낮게 나오므로 평가하지 않습니다. (같은 해 다른 기록: 2023년: 지역·직영 통계(15125490)에 가맹점 기록)",2024
BRD_20211178,메가후르츠,51.0,평가 대상 아님,,,"2023년 가맹점 통계가 이 브랜드 이름으로 비어 있어, 점포 증감·계약종료율 같은 최근 변화 지표를 계산할 수 없습니다. 이 상태로 점수를 내면 위험이 낮게 나오므로 평가하지 않습니다. (같은 해 다른 기록: 2023년: 지역·직영 통계(15125490)에 가맹점 기록)",2024
BRD_20241524,장터김치찜,51.0,평가 대상 아님,,,공시 이력이 2년으로 짧아 추세를 계산할 수 없습니다 (평가에는 3년 연속 공시가 필요합니다).,2024
BRD_20090100413,카페띠아모,49.0,평가 대상 아님,,,"2022년 가맹점 통계가 비어 있고 다른 공식 기록으로도 확인되지 않아, '3년 연속 공시' 조건을 채우지 못했습니다.",2024
BRD_20210951,쉐프의 생 안심탕수육,49.0,평가 대상 아님,,,"2023년 가맹점 통계가 이 브랜드 이름으로 비어 있어, 점포 증감·계약종료율 같은 최근 변화 지표를 계산할 수 없습니다. 이 상태로 점수를 내면 위험이 낮게 나오므로 평가하지 않습니다. (같은 해 다른 기록: 2023년: 지역·직영 통계(15125490)에 가맹점 기록)",2024
BRD_20241312,쭈꾸미협동조합,49.0,평가 대상 아님,,,공시 이력이 2년으로 짧아 추세를 계산할 수 없습니다 (평가에는 3년 연속 공시가 필요합니다).,2024
BRD_20240638,THE LITER 24(더리터 24),48.0,평가 대상 아님,,,공시 이력이 2년으로 짧아 추세를 계산할 수 없습니다 (평가에는 3년 연속 공시가 필요합니다).,2024
BRD_20180936,스테이크존,47.0,평가 대상 아님,,,"2023년 가맹점 통계가 이 브랜드 이름으로 비어 있어, 점포 증감·계약종료율 같은 최근 변화 지표를 계산할 수 없습니다. 이 상태로 점수를 내면 위험이 낮게 나오므로 평가하지 않습니다. (같은 해 다른 기록: 2023년: 정보공개서 등록 기록)",2024
NAME:덮담@외식,덮담,46.0,평가 대상 아님,,,공시 이력이 2년으로 짧아 추세를 계산할 수 없습니다 (평가에는 3년 연속 공시가 필요합니다).,2024
BRD_20230282,홍희통닭,44.0,평가 대상 아님,,,"2023년 가맹점 통계가 이 브랜드 이름으로 비어 있어, 점포 증감·계약종료율 같은 최근 변화 지표를 계산할 수 없습니다. 이 상태로 점수를 내면 위험이 낮게 나오므로 평가하지 않습니다. (같은 해 다른 기록: 2023년: 지역·직영 통계(15125490)에 가맹점 기록)",2024
BRD_20191149,최배달 떡순튀,43.0,평가 대상 아님,,,"2023년 가맹점 통계가 이 브랜드 이름으로 비어 있어, 점포 증감·계약종료율 같은 최근 변화 지표를 계산할 수 없습니다. 이 상태로 점수를 내면 위험이 낮게 나오므로 평가하지 않습니다. (같은 해 다른 기록: 2023년: 지역·직영 통계(15125490)에 가맹점 기록)",2024
BRD_20211313,청년감자탕 순대국,42.0,평가 대상 아님,,,"2023년 가맹점 통계가 이 브랜드 이름으로 비어 있어, 점포 증감·계약종료율 같은 최근 변화 지표를 계산할 수 없습니다. 이 상태로 점수를 내면 위험이 낮게 나오므로 평가하지 않습니다. (같은 해 다른 기록: 2023년: 정보공개서 등록 기록)",2024
BRD_20200843,라멘선생,41.0,평가 대상 아님,,,"2023년 가맹점 통계가 이 브랜드 이름으로 비어 있어, 점포 증감·계약종료율 같은 최근 변화 지표를 계산할 수 없습니다. 이 상태로 점수를 내면 위험이 낮게 나오므로 평가하지 않습니다. (같은 해 다른 기록: 2023년: 지역·직영 통계(15125490)에 가맹점 기록)",2024
BRD_20201292,닭강정공방,41.0,평가 대상 아님,,,"2022년 가맹점 통계가 비어 있고 다른 공식 기록으로도 확인되지 않아, '3년 연속 공시' 조건을 채우지 못했습니다.",2024
BRD_20180934,인생대박집쪽갈비,40.0,평가 대상 아님,,,"2023년 가맹점 통계가 이 브랜드 이름으로 비어 있어, 점포 증감·계약종료율 같은 최근 변화 지표를 계산할 수 없습니다. 이 상태로 점수를 내면 위험이 낮게 나오므로 평가하지 않습니다. (같은 해 다른 기록: 2023년: 지역·직영 통계(15125490)에 가맹점 기록)",2024
BRD_20241676,서대문김치찜&김치찌개,40.0,평가 대상 아님,,,공시 이력이 2년으로 짧아 추세를 계산할 수 없습니다 (평가에는 3년 연속 공시가 필요합니다).,2024
BRD_20120500068,카페루앤비,39.0,평가 대상 아님,,,"2023년 가맹점 통계가 이 브랜드 이름으로 비어 있어, 점포 증감·계약종료율 같은 최근 변화 지표를 계산할 수 없습니다. 이 상태로 점수를 내면 위험이 낮게 나오므로 평가하지 않습니다. (같은 해 다른 기록: 2023년: 다른 ID로 분리 등록된 같은 브랜드 47개)",2024
BRD_20140306,롤링핀,38.0,평가 대상 아님,,,"2023년 가맹점 통계가 이 브랜드 이름으로 비어 있어, 점포 증감·계약종료율 같은 최근 변화 지표를 계산할 수 없습니다. 이 상태로 점수를 내면 위험이 낮게 나오므로 평가하지 않습니다. (같은 해 다른 기록: 2023년: 지역·직영 통계(15125490)에 가맹점 기록)",2024
BRD_20170338|JNG_003614,울엄마해장,38.0,평가 대상 아님,,,"2023년 가맹점 통계가 이 브랜드 이름으로 비어 있어, 점포 증감·계약종료율 같은 최근 변화 지표를 계산할 수 없습니다. 이 상태로 점수를 내면 위험이 낮게 나오므로 평가하지 않습니다. (같은 해 다른 기록: 2022년: 다른 ID로 분리 등록된 같은 브랜드 43개 · 2023년: 다른 ID로 분리 등록된 같은 브랜드)",2024
BRD_20210482,츄러스1500,38.0,평가 대상 아님,,,"2023년 가맹점 통계가 이 브랜드 이름으로 비어 있어, 점포 증감·계약종료율 같은 최근 변화 지표를 계산할 수 없습니다. 이 상태로 점수를 내면 위험이 낮게 나오므로 평가하지 않습니다. (같은 해 다른 기록: 2023년: 지역·직영 통계(15125490)에 가맹점 기록)",2024
BRD_20160400,통큰갈비,37.0,평가 대상 아님,,,"2023년 가맹점 통계가 이 브랜드 이름으로 비어 있어, 점포 증감·계약종료율 같은 최근 변화 지표를 계산할 수 없습니다. 이 상태로 점수를 내면 위험이 낮게 나오므로 평가하지 않습니다. (같은 해 다른 기록: 2023년: 지역·직영 통계(15125490)에 가맹점 기록)",2024
BRD_20230260,우마이타코야끼,37.0,평가 대상 아님,,,"2023년 가맹점 통계가 이 브랜드 이름으로 비어 있어, 점포 증감·계약종료율 같은 최근 변화 지표를 계산할 수 없습니다. 이 상태로 점수를 내면 위험이 낮게 나오므로 평가하지 않습니다. (같은 해 다른 기록: 2023년: 지역·직영 통계(15125490)에 가맹점 기록)",2024
BRD_20211181,투파인드피터,32.0,평가 대상 아님,,,"2023년 가맹점 통계가 이 브랜드 이름으로 비어 있어, 점포 증감·계약종료율 같은 최근 변화 지표를 계산할 수 없습니다. 이 상태로 점수를 내면 위험이 낮게 나오므로 평가하지 않습니다. (같은 해 다른 기록: 2023년: 지역·직영 통계(15125490)에 가맹점 기록)",2024
BRD_20211381,해운대연탄생갈비,32.0,평가 대상 아님,,,"2023년 가맹점 통계가 이 브랜드 이름으로 비어 있어, 점포 증감·계약종료율 같은 최근 변화 지표를 계산할 수 없습니다. 이 상태로 점수를 내면 위험이 낮게 나오므로 평가하지 않습니다. (같은 해 다른 기록: 2023년: 지역·직영 통계(15125490)에 가맹점 기록)",2024
BRD_20240174,할매솥뚜껑삼겹살,32.0,평가 대상 아님,,,공시 이력이 2년으로 짧아 추세를 계산할 수 없습니다 (평가에는 3년 연속 공시가 필요합니다).,2024
BRD_20241347,메가폭탄김치찜,32.0,평가 대상 아님,,,공시 이력이 2년으로 짧아 추세를 계산할 수 없습니다 (평가에는 3년 연속 공시가 필요합니다).,2024
BRD_20241191,헤리턴스Cafe,31.0,평가 대상 아님,,,공시 이력이 2년으로 짧아 추세를 계산할 수 없습니다 (평가에는 3년 연속 공시가 필요합니다).,2024
BRD_20240365|JNG_017018,짬뽕도감,30.0,평가 대상 아님,,,공시 이력이 2년으로 짧아 추세를 계산할 수 없습니다 (평가에는 3년 연속 공시가 필요합니다).,2024
BRD_20240371,파스타엔포크,30.0,평가 대상 아님,,,공시 이력이 2년으로 짧아 추세를 계산할 수 없습니다 (평가에는 3년 연속 공시가 필요합니다).,2024
BRD_20240410,파머스포케,30.0,평가 대상 아님,,,공시 이력이 2년으로 짧아 추세를 계산할 수 없습니다 (평가에는 3년 연속 공시가 필요합니다).,2024
BRD_20241348,폼미쳤닭,30.0,평가 대상 아님,,,공시 이력이 2년으로 짧아 추세를 계산할 수 없습니다 (평가에는 3년 연속 공시가 필요합니다).,2024
BRD_20180998,라오니피자,29.0,평가 대상 아님,,,"2022년 가맹점 통계가 비어 있고 다른 공식 기록으로도 확인되지 않아, '3년 연속 공시' 조건을 채우지 못했습니다.",2024
BRD_20190215,명태어장앤쭈갑골,29.0,평가 대상 아님,,,가맹점이 30개에 이른 적이 없어(최대 29개) 성장률·종료율이 잡음에 좌우되므로 평가하지 않습니다.,2024
BRD_20190306,날쌘카페,29.0,평가 대상 아님,,,"2023년 가맹점 통계가 이 브랜드 이름으로 비어 있어, 점포 증감·계약종료율 같은 최근 변화 지표를 계산할 수 없습니다. 이 상태로 점수를 내면 위험이 낮게 나오므로 평가하지 않습니다. (같은 해 다른 기록: 2023년: 지역·직영 통계(15125490)에 가맹점 기록)",2024
BRD_20191266,신화불닭발,29.0,평가 대상 아님,,,가맹점이 30개에 이른 적이 없어(최대 29개) 성장률·종료율이 잡음에 좌우되므로 평가하지 않습니다.,2024
BRD_20191301,삼덕통닭,29.0,평가 대상 아님,,,가맹점이 30개에 이른 적이 없어(최대 29개) 성장률·종료율이 잡음에 좌우되므로 평가하지 않습니다.,2024
BRD_20200015,장가네 일품순두부,29.0,평가 대상 아님,,,가맹점이 30개에 이른 적이 없어(최대 29개) 성장률·종료율이 잡음에 좌우되므로 평가하지 않습니다.,2024
BRD_20200695,냅다청양집,29.0,평가 대상 아님,,,가맹점이 30개에 이른 적이 없어(최대 29개) 성장률·종료율이 잡음에 좌우되므로 평가하지 않습니다.,2024
BRD_20201553,시장을 여는 사람들,29.0,평가 대상 아님,,,가맹점이 30개에 이른 적이 없어(최대 29개) 성장률·종료율이 잡음에 좌우되므로 평가하지 않습니다.,2024
BRD_20201807,든든볶음밥,29.0,평가 대상 아님,,,가맹점이 30개에 이른 적이 없어(최대 29개) 성장률·종료율이 잡음에 좌우되므로 평가하지 않습니다.,2024
BRD_20211099,대한냉면,29.0,평가 대상 아님,,,가맹점이 30개에 이른 적이 없어(최대 29개) 성장률·종료율이 잡음에 좌우되므로 평가하지 않습니다.,2024
BRD_20211241,양마니찌개마을,29.0,평가 대상 아님,,,가맹점이 30개에 이른 적이 없어(최대 29개) 성장률·종료율이 잡음에 좌우되므로 평가하지 않습니다.,2024
BRD_20213426,1984 그수육집칼국수,29.0,평가 대상 아님,,,가맹점이 30개에 이른 적이 없어(최대 29개) 성장률·종료율이 잡음에 좌우되므로 평가하지 않습니다.,2024
BRD_20214623,아담만두,29.0,평가 대상 아님,,,가맹점이 30개에 이른 적이 없어(최대 29개) 성장률·종료율이 잡음에 좌우되므로 평가하지 않습니다.,2024
BRD_20231250|JNG_015243,칠분통닭,29.0,평가 대상 아님,,,가맹점이 30개에 이른 적이 없어(최대 29개) 성장률·종료율이 잡음에 좌우되므로 평가하지 않습니다.,2024
BRD_20240616,만천복집 흑염소,29.0,평가 대상 아님,,,가맹점이 30개에 이른 적이 없어(최대 29개) 성장률·종료율이 잡음에 좌우되므로 평가하지 않습니다.,2024
NAME:청년분식@외식,청년분식,29.0,평가 대상 아님,,,가맹점이 30개에 이른 적이 없어(최대 29개) 성장률·종료율이 잡음에 좌우되므로 평가하지 않습니다.,2024
BRD_20080300007,하나돈까스,28.0,평가 대상 아님,,,가맹점이 30개에 이른 적이 없어(최대 28개) 성장률·종료율이 잡음에 좌우되므로 평가하지 않습니다.,2024
BRD_20190314,바른곱창,28.0,평가 대상 아님,,,가맹점이 30개에 이른 적이 없어(최대 28개) 성장률·종료율이 잡음에 좌우되므로 평가하지 않습니다.,2024
BRD_20201445,민영활어공장,28.0,평가 대상 아님,,,가맹점이 30개에 이른 적이 없어(최대 28개) 성장률·종료율이 잡음에 좌우되므로 평가하지 않습니다.,2024
BRD_20210638,족발예찬,28.0,평가 대상 아님,,,가맹점이 30개에 이른 적이 없어(최대 28개) 성장률·종료율이 잡음에 좌우되므로 평가하지 않습니다.,2024
BRD_20210708,양산도,28.0,평가 대상 아님,,,가맹점이 30개에 이른 적이 없어(최대 28개) 성장률·종료율이 잡음에 좌우되므로 평가하지 않습니다.,2024
BRD_20211018,몬스터포,28.0,평가 대상 아님,,,가맹점이 30개에 이른 적이 없어(최대 28개) 성장률·종료율이 잡음에 좌우되므로 평가하지 않습니다.,2024
BRD_20211609,코브라독스,28.0,평가 대상 아님,,,가맹점이 30개에 이른 적이 없어(최대 28개) 성장률·종료율이 잡음에 좌우되므로 평가하지 않습니다.,2024
BRD_20212256,믹스토랑,28.0,평가 대상 아님,,,가맹점이 30개에 이른 적이 없어(최대 28개) 성장률·종료율이 잡음에 좌우되므로 평가하지 않습니다.,2024
BRD_20213179,샐럽스프(SALADSOUP),28.0,평가 대상 아님,,,가맹점이 30개에 이른 적이 없어(최대 28개) 성장률·종료율이 잡음에 좌우되므로 평가하지 않습니다.,2024
BRD_20220936,응큼떡볶이,28.0,평가 대상 아님,,,가맹점이 30개에 이른 적이 없어(최대 28개) 성장률·종료율이 잡음에 좌우되므로 평가하지 않습니다.,2024
BRD_20221030,남영동양문,28.0,평가 대상 아님,,,가맹점이 30개에 이른 적이 없어(최대 28개) 성장률·종료율이 잡음에 좌우되므로 평가하지 않습니다.,2024
BRD_20231236,우동야마이루식,28.0,평가 대상 아님,,,가맹점이 30개에 이른 적이 없어(최대 28개) 성장률·종료율이 잡음에 좌우되므로 평가하지 않습니다.,2024
BRD_20231601,덮밥석쇠구이,28.0,평가 대상 아님,,,가맹점이 30개에 이른 적이 없어(최대 28개) 성장률·종료율이 잡음에 좌우되므로 평가하지 않습니다.,2024
BRD_20231674,록갈비,28.0,평가 대상 아님,,,가맹점이 30개에 이른 적이 없어(최대 28개) 성장률·종료율이 잡음에 좌우되므로 평가하지 않습니다.,2024
BRD_20240710,샤브연리지,28.0,평가 대상 아님,,,가맹점이 30개에 이른 적이 없어(최대 28개) 성장률·종료율이 잡음에 좌우되므로 평가하지 않습니다.,2024
NAME:신밥도둑@외식,신밥도둑,28.0,평가 대상 아님,,,"2022년 가맹점 통계가 비어 있고 다른 공식 기록으로도 확인되지 않아, '3년 연속 공시' 조건을 채우지 못했습니다.",2024
BRD_20080100125,청진동해장국,27.0,평가 대상 아님,,,"2023년 가맹점 통계가 이 브랜드 이름으로 비어 있어, 점포 증감·계약종료율 같은 최근 변화 지표를 계산할 수 없습니다. 이 상태로 점수를 내면 위험이 낮게 나오므로 평가하지 않습니다. (같은 해 다른 기록: 2023년: 지역·직영 통계(15125490)에 가맹점 기록)",2024
BRD_20080200079,원조설악추어탕,27.0,평가 대상 아님,,,"2023년 가맹점 통계가 이 브랜드 이름으로 비어 있어, 점포 증감·계약종료율 같은 최근 변화 지표를 계산할 수 없습니다. 이 상태로 점수를 내면 위험이 낮게 나오므로 평가하지 않습니다. (같은 해 다른 기록: 2023년: 정보공개서 등록 기록)",2024
BRD_20120100145|JNG_000909,해두리치킨,27.0,평가 대상 아님,,,가맹점이 30개에 이른 적이 없어(최대 27개) 성장률·종료율이 잡음에 좌우되므로 평가하지 않습니다.,2024
BRD_20150882,스시노칸도,27.0,평가 대상 아님,,,가맹점이 30개에 이른 적이 없어(최대 28개) 성장률·종료율이 잡음에 좌우되므로 평가하지 않습니다.,2024
BRD_20150887,시골 통돼지볶음,27.0,평가 대상 아님,,,가맹점이 30개에 이른 적이 없어(최대 29개) 성장률·종료율이 잡음에 좌우되므로 평가하지 않습니다.,2024
BRD_20201188,담가 화로구이,27.0,평가 대상 아님,,,가맹점이 30개에 이른 적이 없어(최대 27개) 성장률·종료율이 잡음에 좌우되므로 평가하지 않습니다.,2024
BRD_20210667,진된장,27.0,평가 대상 아님,,,가맹점이 30개에 이른 적이 없어(최대 29개) 성장률·종료율이 잡음에 좌우되므로 평가하지 않습니다.,2024
BRD_20210849,허광웅의 아구세상,27.0,평가 대상 아님,,,가맹점이 30개에 이른 적이 없어(최대 27개) 성장률·종료율이 잡음에 좌우되므로 평가하지 않습니다.,2024
BRD_20212071,오늘은새우회,27.0,평가 대상 아님,,,가맹점이 30개에 이른 적이 없어(최대 27개) 성장률·종료율이 잡음에 좌우되므로 평가하지 않습니다.,2024
BRD_20212316,big eye 우리동네 참치정육점,27.0,평가 대상 아님,,,가맹점이 30개에 이른 적이 없어(최대 27개) 성장률·종료율이 잡음에 좌우되므로 평가하지 않습니다.,2024
BRD_20212382,엠브로돈까스,27.0,평가 대상 아님,,,가맹점이 30개에 이른 적이 없어(최대 27개) 성장률·종료율이 잡음에 좌우되므로 평가하지 않습니다.,2024
BRD_20212585,고급양식,27.0,평가 대상 아님,,,가맹점이 30개에 이른 적이 없어(최대 27개) 성장률·종료율이 잡음에 좌우되므로 평가하지 않습니다.,2024
BRD_20220132,도리신닭도리탕,27.0,평가 대상 아님,,,가맹점이 30개에 이른 적이 없어(최대 27개) 성장률·종료율이 잡음에 좌우되므로 평가하지 않습니다.,2024
BRD_20220371,야끼니꾸소량,27.0,평가 대상 아님,,,가맹점이 30개에 이른 적이 없어(최대 27개) 성장률·종료율이 잡음에 좌우되므로 평가하지 않습니다.,2024
BRD_20220605,커피인류,27.0,평가 대상 아님,,,"2023년 가맹점 통계가 이 브랜드 이름으로 비어 있어, 점포 증감·계약종료율 같은 최근 변화 지표를 계산할 수 없습니다. 이 상태로 점수를 내면 위험이 낮게 나오므로 평가하지 않습니다. (같은 해 다른 기록: 2023년: 지역·직영 통계(15125490)에 가맹점 기록)",2024
BRD_20220715|JNG_020609,품육,27.0,평가 대상 아님,,,가맹점이 30개에 이른 적이 없어(최대 27개) 성장률·종료율이 잡음에 좌우되므로 평가하지 않습니다.,2024
BRD_20220753,뉴코뮤직타운,27.0,평가 대상 아님,,,가맹점이 30개에 이른 적이 없어(최대 28개) 성장률·종료율이 잡음에 좌우되므로 평가하지 않습니다.,2024
BRD_20221325,한근김치찜,27.0,평가 대상 아님,,,가맹점이 30개에 이른 적이 없어(최대 27개) 성장률·종료율이 잡음에 좌우되므로 평가하지 않습니다.,2024
BRD_20221407,닭동가리,27.0,평가 대상 아님,,,가맹점이 30개에 이른 적이 없어(최대 27개) 성장률·종료율이 잡음에 좌우되므로 평가하지 않습니다.,2024
BRD_20221408,단성무이,27.0,평가 대상 아님,,,가맹점이 30개에 이른 적이 없어(최대 27개) 성장률·종료율이 잡음에 좌우되므로 평가하지 않습니다.,2024
BRD_20230206,스시이안앤,27.0,평가 대상 아님,,,가맹점이 30개에 이른 적이 없어(최대 27개) 성장률·종료율이 잡음에 좌우되므로 평가하지 않습니다.,2024
BRD_20231329,미스타교자,27.0,평가 대상 아님,,,가맹점이 30개에 이른 적이 없어(최대 27개) 성장률·종료율이 잡음에 좌우되므로 평가하지 않습니다.,2024
BRD_20120500002,강남교자,26.0,평가 대상 아님,,,가맹점이 30개에 이른 적이 없어(최대 27개) 성장률·종료율이 잡음에 좌우되므로 평가하지 않습니다.,2024
BRD_20140565,조가네갑오징어,26.0,평가 대상 아님,,,가맹점이 30개에 이른 적이 없어(최대 26개) 성장률·종료율이 잡음에 좌우되므로 평가하지 않습니다.,2024
BRD_20150770,달인 박경규 항아리보쌈,26.0,평가 대상 아님,,,가맹점이 30개에 이른 적이 없어(최대 29개) 성장률·종료율이 잡음에 좌우되므로 평가하지 않습니다.,2024
BRD_20170764,마이카츠,26.0,평가 대상 아님,,,가맹점이 30개에 이른 적이 없어(최대 29개) 성장률·종료율이 잡음에 좌우되므로 평가하지 않습니다.,2024
BRD_20180061,MH백년수갈비,26.0,평가 대상 아님,,,가맹점이 30개에 이른 적이 없어(최대 26개) 성장률·종료율이 잡음에 좌우되므로 평가하지 않습니다.,2024
BRD_20190636,김치찌개미화식당,26.0,평가 대상 아님,,,가맹점이 30개에 이른 적이 없어(최대 26개) 성장률·종료율이 잡음에 좌우되므로 평가하지 않습니다.,2024
BRD_20200343,미도인(味道人),26.0,평가 대상 아님,,,가맹점이 30개에 이른 적이 없어(최대 26개) 성장률·종료율이 잡음에 좌우되므로 평가하지 않습니다.,2024
BRD_20200862,로드락 후라이드,26.0,평가 대상 아님,,,가맹점이 30개에 이른 적이 없어(최대 26개) 성장률·종료율이 잡음에 좌우되므로 평가하지 않습니다.,2024
BRD_20201117,오레노카츠,26.0,평가 대상 아님,,,가맹점이 30개에 이른 적이 없어(최대 28개) 성장률·종료율이 잡음에 좌우되므로 평가하지 않습니다.,2024
BRD_20201824,ADP올데이파스타,26.0,평가 대상 아님,,,가맹점이 30개에 이른 적이 없어(최대 26개) 성장률·종료율이 잡음에 좌우되므로 평가하지 않습니다.,2024
BRD_20210311,공만치킨,26.0,평가 대상 아님,,,가맹점이 30개에 이른 적이 없어(최대 28개) 성장률·종료율이 잡음에 좌우되므로 평가하지 않습니다.,2024
BRD_20211315,꿀복이 꽈배기,26.0,평가 대상 아님,,,가맹점이 30개에 이른 적이 없어(최대 26개) 성장률·종료율이 잡음에 좌우되므로 평가하지 않습니다.,2024
BRD_20211925,기통찬족발,26.0,평가 대상 아님,,,가맹점이 30개에 이른 적이 없어(최대 26개) 성장률·종료율이 잡음에 좌우되므로 평가하지 않습니다.,2024
BRD_20212250,바다가 내손아귀,26.0,평가 대상 아님,,,가맹점이 30개에 이른 적이 없어(최대 26개) 성장률·종료율이 잡음에 좌우되므로 평가하지 않습니다.,2024
BRD_20220420,만재네,26.0,평가 대상 아님,,,가맹점이 30개에 이른 적이 없어(최대 26개) 성장률·종료율이 잡음에 좌우되므로 평가하지 않습니다.,2024
BRD_20220649,다이닝야경,26.0,평가 대상 아님,,,가맹점이 30개에 이른 적이 없어(최대 26개) 성장률·종료율이 잡음에 좌우되므로 평가하지 않습니다.,2024
BRD_20221072,한양고깃집,26.0,평가 대상 아님,,,가맹점이 30개에 이른 적이 없어(최대 26개) 성장률·종료율이 잡음에 좌우되므로 평가하지 않습니다.,2024
BRD_20221177,타코로,26.0,평가 대상 아님,,,가맹점이 30개에 이른 적이 없어(최대 26개) 성장률·종료율이 잡음에 좌우되므로 평가하지 않습니다.,2024
BRD_20230590,인정후라이드,26.0,평가 대상 아님,,,가맹점이 30개에 이른 적이 없어(최대 26개) 성장률·종료율이 잡음에 좌우되므로 평가하지 않습니다.,2024
BRD_20231461,배달비무료치밥&제육,26.0,평가 대상 아님,,,가맹점이 30개에 이른 적이 없어(최대 26개) 성장률·종료율이 잡음에 좌우되므로 평가하지 않습니다.,2024
BRD_20240268,무마진덮밥,26.0,평가 대상 아님,,,가맹점이 30개에 이른 적이 없어(최대 26개) 성장률·종료율이 잡음에 좌우되므로 평가하지 않습니다.,2024
BRD_20100400017,얌스,25.0,평가 대상 아님,,,가맹점이 30개에 이른 적이 없어(최대 27개) 성장률·종료율이 잡음에 좌우되므로 평가하지 않습니다.,2024
BRD_20110100306,느린마을양조장,25.0,평가 대상 아님,,,가맹점이 30개에 이른 적이 없어(최대 25개) 성장률·종료율이 잡음에 좌우되므로 평가하지 않습니다.,2024
BRD_20120100220,깡돈,25.0,평가 대상 아님,,,가맹점이 30개에 이른 적이 없어(최대 27개) 성장률·종료율이 잡음에 좌우되므로 평가하지 않습니다.,2024
BRD_20150438,보영만두,25.0,평가 대상 아님,,,가맹점이 30개에 이른 적이 없어(최대 26개) 성장률·종료율이 잡음에 좌우되므로 평가하지 않습니다.,2024
BRD_20150884,간빠이,25.0,평가 대상 아님,,,가맹점이 30개에 이른 적이 없어(최대 25개) 성장률·종료율이 잡음에 좌우되므로 평가하지 않습니다.,2024
BRD_20151166,오늘애김밥,25.0,평가 대상 아님,,,가맹점이 30개에 이른 적이 없어(최대 25개) 성장률·종료율이 잡음에 좌우되므로 평가하지 않습니다.,2024
BRD_20190627,샵도쿄시장,25.0,평가 대상 아님,,,가맹점이 30개에 이른 적이 없어(최대 26개) 성장률·종료율이 잡음에 좌우되므로 평가하지 않습니다.,2024
BRD_20191037,또또닭강정,25.0,평가 대상 아님,,,가맹점이 30개에 이른 적이 없어(최대 25개) 성장률·종료율이 잡음에 좌우되므로 평가하지 않습니다.,2024
BRD_20210177,커피무카24,25.0,평가 대상 아님,,,가맹점이 30개에 이른 적이 없어(최대 25개) 성장률·종료율이 잡음에 좌우되므로 평가하지 않습니다.,2024
BRD_20210194,오지버거,25.0,평가 대상 아님,,,가맹점이 30개에 이른 적이 없어(최대 25개) 성장률·종료율이 잡음에 좌우되므로 평가하지 않습니다.,2024
BRD_20210897,GTS BURGER,25.0,평가 대상 아님,,,가맹점이 30개에 이른 적이 없어(최대 25개) 성장률·종료율이 잡음에 좌우되므로 평가하지 않습니다.,2024
BRD_20211203,젓가락질 잘해야만 밥을 먹나요,25.0,평가 대상 아님,,,가맹점이 30개에 이른 적이 없어(최대 25개) 성장률·종료율이 잡음에 좌우되므로 평가하지 않습니다.,2024
BRD_20211461,버거운버거(BURGER UN BURGER),25.0,평가 대상 아님,,,가맹점이 30개에 이른 적이 없어(최대 25개) 성장률·종료율이 잡음에 좌우되므로 평가하지 않습니다.,2024
BRD_20211877,까뿌족,25.0,평가 대상 아님,,,가맹점이 30개에 이른 적이 없어(최대 25개) 성장률·종료율이 잡음에 좌우되므로 평가하지 않습니다.,2024
BRD_20212038,컵넛(cupnut),25.0,평가 대상 아님,,,가맹점이 30개에 이른 적이 없어(최대 26개) 성장률·종료율이 잡음에 좌우되므로 평가하지 않습니다.,2024
BRD_20212057,오대륙통닭,25.0,평가 대상 아님,,,가맹점이 30개에 이른 적이 없어(최대 25개) 성장률·종료율이 잡음에 좌우되므로 평가하지 않습니다.,2024
BRD_20213095,달다곰이,25.0,평가 대상 아님,,,가맹점이 30개에 이른 적이 없어(최대 25개) 성장률·종료율이 잡음에 좌우되므로 평가하지 않습니다.,2024
BRD_20214686,쪼쪼찜닭,25.0,평가 대상 아님,,,가맹점이 30개에 이른 적이 없어(최대 25개) 성장률·종료율이 잡음에 좌우되므로 평가하지 않습니다.,2024
BRD_20214719,커피볶는시골커피,25.0,평가 대상 아님,,,가맹점이 30개에 이른 적이 없어(최대 25개) 성장률·종료율이 잡음에 좌우되므로 평가하지 않습니다.,2024
BRD_20215060,덮밥어때,25.0,평가 대상 아님,,,가맹점이 30개에 이른 적이 없어(최대 25개) 성장률·종료율이 잡음에 좌우되므로 평가하지 않습니다.,2024
BRD_20215580,제주곤이 칼국수,25.0,평가 대상 아님,,,가맹점이 30개에 이른 적이 없어(최대 25개) 성장률·종료율이 잡음에 좌우되므로 평가하지 않습니다.,2024
BRD_20220395,쌍둥이숯불두마리치킨,25.0,평가 대상 아님,,,가맹점이 30개에 이른 적이 없어(최대 27개) 성장률·종료율이 잡음에 좌우되므로 평가하지 않습니다.,2024
BRD_20221301,소미담,25.0,평가 대상 아님,,,가맹점이 30개에 이른 적이 없어(최대 25개) 성장률·종료율이 잡음에 좌우되므로 평가하지 않습니다.,2024
BRD_20231036,앙호두,25.0,평가 대상 아님,,,가맹점이 30개에 이른 적이 없어(최대 25개) 성장률·종료율이 잡음에 좌우되므로 평가하지 않습니다.,2024
BRD_20240426,경두치,25.0,평가 대상 아님,,,가맹점이 30개에 이른 적이 없어(최대 25개) 성장률·종료율이 잡음에 좌우되므로 평가하지 않습니다.,2024
BRD_20250080,솜리치킨,25.0,평가 대상 아님,,,가맹점이 30개에 이른 적이 없어(최대 25개) 성장률·종료율이 잡음에 좌우되므로 평가하지 않습니다.,2024
BRD_20080200262,돌깨마을 맷돌순두부,24.0,평가 대상 아님,,,"2023년 가맹점 통계가 이 브랜드 이름으로 비어 있어, 점포 증감·계약종료율 같은 최근 변화 지표를 계산할 수 없습니다. 이 상태로 점수를 내면 위험이 낮게 나오므로 평가하지 않습니다. (같은 해 다른 기록: 2023년: 지역·직영 통계(15125490)에 가맹점 기록)",2024
BRD_20150842,고굽남 고기굽는남자,24.0,평가 대상 아님,,,가맹점이 30개에 이른 적이 없어(최대 24개) 성장률·종료율이 잡음에 좌우되므로 평가하지 않습니다.,2024
BRD_20180257,뜰커피,24.0,평가 대상 아님,,,가맹점이 30개에 이른 적이 없어(최대 27개) 성장률·종료율이 잡음에 좌우되므로 평가하지 않습니다.,2024
BRD_20201135,삼청동샤브,24.0,평가 대상 아님,,,가맹점이 30개에 이른 적이 없어(최대 24개) 성장률·종료율이 잡음에 좌우되므로 평가하지 않습니다.,2024
BRD_20201396,스몰굿,24.0,평가 대상 아님,,,가맹점이 30개에 이른 적이 없어(최대 25개) 성장률·종료율이 잡음에 좌우되므로 평가하지 않습니다.,2024
BRD_20201621,레코드피자,24.0,평가 대상 아님,,,가맹점이 30개에 이른 적이 없어(최대 24개) 성장률·종료율이 잡음에 좌우되므로 평가하지 않습니다.,2024
BRD_20210576,장터옛날통닭,24.0,평가 대상 아님,,,가맹점이 30개에 이른 적이 없어(최대 26개) 성장률·종료율이 잡음에 좌우되므로 평가하지 않습니다.,2024
BRD_20211070,시올돈,24.0,평가 대상 아님,,,가맹점이 30개에 이른 적이 없어(최대 24개) 성장률·종료율이 잡음에 좌우되므로 평가하지 않습니다.,2024
BRD_20211436,류센소,24.0,평가 대상 아님,,,가맹점이 30개에 이른 적이 없어(최대 24개) 성장률·종료율이 잡음에 좌우되므로 평가하지 않습니다.,2024
BRD_20212420,막리단길,24.0,평가 대상 아님,,,가맹점이 30개에 이른 적이 없어(최대 24개) 성장률·종료율이 잡음에 좌우되므로 평가하지 않습니다.,2024
BRD_20213290,술속의밤,24.0,평가 대상 아님,,,가맹점이 30개에 이른 적이 없어(최대 24개) 성장률·종료율이 잡음에 좌우되므로 평가하지 않습니다.,2024
BRD_20213619,홀리앤졸리,24.0,평가 대상 아님,,,가맹점이 30개에 이른 적이 없어(최대 29개) 성장률·종료율이 잡음에 좌우되므로 평가하지 않습니다.,2024
BRD_20214450,떡의작품,24.0,평가 대상 아님,,,가맹점이 30개에 이른 적이 없어(최대 24개) 성장률·종료율이 잡음에 좌우되므로 평가하지 않습니다.,2024
BRD_20215781,포 시애틀,24.0,평가 대상 아님,,,가맹점이 30개에 이른 적이 없어(최대 24개) 성장률·종료율이 잡음에 좌우되므로 평가하지 않습니다.,2024
BRD_20220253,곤트란쉐리에(Gontran Cherrier),24.0,평가 대상 아님,,,가맹점이 30개에 이른 적이 없어(최대 24개) 성장률·종료율이 잡음에 좌우되므로 평가하지 않습니다.,2024
BRD_20220298,샬로우커피,24.0,평가 대상 아님,,,가맹점이 30개에 이른 적이 없어(최대 24개) 성장률·종료율이 잡음에 좌우되므로 평가하지 않습니다.,2024
BRD_20220313,4242샌드위치,24.0,평가 대상 아님,,,가맹점이 30개에 이른 적이 없어(최대 24개) 성장률·종료율이 잡음에 좌우되므로 평가하지 않습니다.,2024
BRD_20220816,차이(CHAI),24.0,평가 대상 아님,,,가맹점이 30개에 이른 적이 없어(최대 24개) 성장률·종료율이 잡음에 좌우되므로 평가하지 않습니다.,2024
BRD_20221063,청담족발,24.0,평가 대상 아님,,,가맹점이 30개에 이른 적이 없어(최대 24개) 성장률·종료율이 잡음에 좌우되므로 평가하지 않습니다.,2024
BRD_20221389,진리국밥,24.0,평가 대상 아님,,,가맹점이 30개에 이른 적이 없어(최대 24개) 성장률·종료율이 잡음에 좌우되므로 평가하지 않습니다.,2024
BRD_20230869,밥에큐 치킨,24.0,평가 대상 아님,,,가맹점이 30개에 이른 적이 없어(최대 24개) 성장률·종료율이 잡음에 좌우되므로 평가하지 않습니다.,2024
BRD_20231402|JNG_015983,밥풀떼기,24.0,평가 대상 아님,,,가맹점이 30개에 이른 적이 없어(최대 24개) 성장률·종료율이 잡음에 좌우되므로 평가하지 않습니다.,2024
BRD_20231788,유메오뎅,24.0,평가 대상 아님,,,가맹점이 30개에 이른 적이 없어(최대 24개) 성장률·종료율이 잡음에 좌우되므로 평가하지 않습니다.,2024
BRD_20231802,우대포,24.0,평가 대상 아님,,,가맹점이 30개에 이른 적이 없어(최대 24개) 성장률·종료율이 잡음에 좌우되므로 평가하지 않습니다.,2024
BRD_20240260,자연드림힐링밥상,24.0,평가 대상 아님,,,가맹점이 30개에 이른 적이 없어(최대 24개) 성장률·종료율이 잡음에 좌우되므로 평가하지 않습니다.,2024
BRD_20240538,국밥부심,24.0,평가 대상 아님,,,가맹점이 30개에 이른 적이 없어(최대 24개) 성장률·종료율이 잡음에 좌우되므로 평가하지 않습니다.,2024
BRD_20240595,동양맥주,24.0,평가 대상 아님,,,가맹점이 30개에 이른 적이 없어(최대 24개) 성장률·종료율이 잡음에 좌우되므로 평가하지 않습니다.,2024
BRD_20240624,돈미품 프리미엄숙성삼겹,24.0,평가 대상 아님,,,가맹점이 30개에 이른 적이 없어(최대 24개) 성장률·종료율이 잡음에 좌우되므로 평가하지 않습니다.,2024
NAME:악마의비빔밥비빌@외식,악마의비빔밥비빌,24.0,평가 대상 아님,,,가맹점이 30개에 이른 적이 없어(최대 26개) 성장률·종료율이 잡음에 좌우되므로 평가하지 않습니다.,2024
NAME:착한막창@외식,착한막창,24.0,평가 대상 아님,,,가맹점이 30개에 이른 적이 없어(최대 24개) 성장률·종료율이 잡음에 좌우되므로 평가하지 않습니다.,2024
BRD_20090600074,개정,23.0,평가 대상 아님,,,가맹점이 30개에 이른 적이 없어(최대 23개) 성장률·종료율이 잡음에 좌우되므로 평가하지 않습니다.,2024
BRD_20100100189,코코이찌방야,23.0,평가 대상 아님,,,가맹점이 30개에 이른 적이 없어(최대 23개) 성장률·종료율이 잡음에 좌우되므로 평가하지 않습니다.,2024
BRD_20150944,뚱삼이와 대삼이,23.0,평가 대상 아님,,,가맹점이 30개에 이른 적이 없어(최대 26개) 성장률·종료율이 잡음에 좌우되므로 평가하지 않습니다.,2024
BRD_20180253,감성족발,23.0,평가 대상 아님,,,가맹점이 30개에 이른 적이 없어(최대 29개) 성장률·종료율이 잡음에 좌우되므로 평가하지 않습니다.,2024
BRD_20190381,온기정,23.0,평가 대상 아님,,,가맹점이 30개에 이른 적이 없어(최대 23개) 성장률·종료율이 잡음에 좌우되므로 평가하지 않습니다.,2024
BRD_20190420,삼선미나주곰탕,23.0,평가 대상 아님,,,가맹점이 30개에 이른 적이 없어(최대 24개) 성장률·종료율이 잡음에 좌우되므로 평가하지 않습니다.,2024
BRD_20200253,배씨상회,23.0,평가 대상 아님,,,가맹점이 30개에 이른 적이 없어(최대 23개) 성장률·종료율이 잡음에 좌우되므로 평가하지 않습니다.,2024
BRD_20200917,미남커피(MINAM COFFEE),23.0,평가 대상 아님,,,가맹점이 30개에 이른 적이 없어(최대 25개) 성장률·종료율이 잡음에 좌우되므로 평가하지 않습니다.,2024
BRD_20210417,1989역전꼬마김밥,23.0,평가 대상 아님,,,가맹점이 30개에 이른 적이 없어(최대 23개) 성장률·종료율이 잡음에 좌우되므로 평가하지 않습니다.,2024
BRD_20211345,안주일체,23.0,평가 대상 아님,,,가맹점이 30개에 이른 적이 없어(최대 23개) 성장률·종료율이 잡음에 좌우되므로 평가하지 않습니다.,2024
BRD_20211456,동두천솥뚜껑삼겹살,23.0,평가 대상 아님,,,가맹점이 30개에 이른 적이 없어(최대 24개) 성장률·종료율이 잡음에 좌우되므로 평가하지 않습니다.,2024
BRD_20211626,여부초밥,23.0,평가 대상 아님,,,가맹점이 30개에 이른 적이 없어(최대 27개) 성장률·종료율이 잡음에 좌우되므로 평가하지 않습니다.,2024
BRD_20211631,잇샌드(itsand),23.0,평가 대상 아님,,,가맹점이 30개에 이른 적이 없어(최대 23개) 성장률·종료율이 잡음에 좌우되므로 평가하지 않습니다.,2024
BRD_20211734,삼청당,23.0,평가 대상 아님,,,가맹점이 30개에 이른 적이 없어(최대 23개) 성장률·종료율이 잡음에 좌우되므로 평가하지 않습니다.,2024
BRD_20212287,청담동샤브,23.0,평가 대상 아님,,,가맹점이 30개에 이른 적이 없어(최대 23개) 성장률·종료율이 잡음에 좌우되므로 평가하지 않습니다.,2024
BRD_20212883,숲속호두과자,23.0,평가 대상 아님,,,가맹점이 30개에 이른 적이 없어(최대 23개) 성장률·종료율이 잡음에 좌우되므로 평가하지 않습니다.,2024
BRD_20212984,커피 로드뷰,23.0,평가 대상 아님,,,가맹점이 30개에 이른 적이 없어(최대 23개) 성장률·종료율이 잡음에 좌우되므로 평가하지 않습니다.,2024
BRD_20213312,샬어름냉면,23.0,평가 대상 아님,,,가맹점이 30개에 이른 적이 없어(최대 23개) 성장률·종료율이 잡음에 좌우되므로 평가하지 않습니다.,2024
BRD_20220531,김치찜에 진심,23.0,평가 대상 아님,,,가맹점이 30개에 이른 적이 없어(최대 23개) 성장률·종료율이 잡음에 좌우되므로 평가하지 않습니다.,2024
BRD_20221155,마미묵은지찜,23.0,평가 대상 아님,,,가맹점이 30개에 이른 적이 없어(최대 23개) 성장률·종료율이 잡음에 좌우되므로 평가하지 않습니다.,2024
BRD_20221187,정칠구백순대&순대국,23.0,평가 대상 아님,,,가맹점이 30개에 이른 적이 없어(최대 23개) 성장률·종료율이 잡음에 좌우되므로 평가하지 않습니다.,2024
BRD_20230669,혜화어묵당,23.0,평가 대상 아님,,,가맹점이 30개에 이른 적이 없어(최대 27개) 성장률·종료율이 잡음에 좌우되므로 평가하지 않습니다.,2024
BRD_20231457,덕수파스타 패스트캐쥬얼,23.0,평가 대상 아님,,,가맹점이 30개에 이른 적이 없어(최대 23개) 성장률·종료율이 잡음에 좌우되므로 평가하지 않습니다.,2024
BRD_20240281|JNG_016658,내맘대로 샤브를 퐁당,23.0,평가 대상 아님,,,가맹점이 30개에 이른 적이 없어(최대 23개) 성장률·종료율이 잡음에 좌우되므로 평가하지 않습니다.,2024
NAME:1키로오리스타@외식,1키로 오리스타,23.0,평가 대상 아님,,,가맹점이 30개에 이른 적이 없어(최대 23개) 성장률·종료율이 잡음에 좌우되므로 평가하지 않습니다.,2024
BRD_20130518,채다올김밥,22.0,평가 대상 아님,,,가맹점이 30개에 이른 적이 없어(최대 24개) 성장률·종료율이 잡음에 좌우되므로 평가하지 않습니다.,2024
BRD_20140865,바보형제쭈꾸미,22.0,평가 대상 아님,,,가맹점이 30개에 이른 적이 없어(최대 28개) 성장률·종료율이 잡음에 좌우되므로 평가하지 않습니다.,2024
BRD_20140976,황홀한막창,22.0,평가 대상 아님,,,가맹점이 30개에 이른 적이 없어(최대 26개) 성장률·종료율이 잡음에 좌우되므로 평가하지 않습니다.,2024
BRD_20141043,불끈낙지보쌈,22.0,평가 대상 아님,,,가맹점이 30개에 이른 적이 없어(최대 22개) 성장률·종료율이 잡음에 좌우되므로 평가하지 않습니다.,2024
BRD_20141254,전원숯불,22.0,평가 대상 아님,,,가맹점이 30개에 이른 적이 없어(최대 22개) 성장률·종료율이 잡음에 좌우되므로 평가하지 않습니다.,2024
BRD_20160711,전준수명품청기와감자탕,22.0,평가 대상 아님,,,가맹점이 30개에 이른 적이 없어(최대 22개) 성장률·종료율이 잡음에 좌우되므로 평가하지 않습니다.,2024
BRD_20161022,뼈큰감자탕,22.0,평가 대상 아님,,,가맹점이 30개에 이른 적이 없어(최대 29개) 성장률·종료율이 잡음에 좌우되므로 평가하지 않습니다.,2024
BRD_20170827,핫브레드,22.0,평가 대상 아님,,,가맹점이 30개에 이른 적이 없어(최대 22개) 성장률·종료율이 잡음에 좌우되므로 평가하지 않습니다.,2024
BRD_20180570,몰틀리,22.0,평가 대상 아님,,,가맹점이 30개에 이른 적이 없어(최대 22개) 성장률·종료율이 잡음에 좌우되므로 평가하지 않습니다.,2024
BRD_20180666,헬로팬,22.0,평가 대상 아님,,,가맹점이 30개에 이른 적이 없어(최대 22개) 성장률·종료율이 잡음에 좌우되므로 평가하지 않습니다.,2024
BRD_20190656,맥주를구한피자,22.0,평가 대상 아님,,,가맹점이 30개에 이른 적이 없어(최대 26개) 성장률·종료율이 잡음에 좌우되므로 평가하지 않습니다.,2024
BRD_20190776,원카츠,22.0,평가 대상 아님,,,가맹점이 30개에 이른 적이 없어(최대 22개) 성장률·종료율이 잡음에 좌우되므로 평가하지 않습니다.,2024
BRD_20190942,라밥,22.0,평가 대상 아님,,,가맹점이 30개에 이른 적이 없어(최대 22개) 성장률·종료율이 잡음에 좌우되므로 평가하지 않습니다.,2024
BRD_20200985,승도리네 곱도리탕,22.0,평가 대상 아님,,,가맹점이 30개에 이른 적이 없어(최대 27개) 성장률·종료율이 잡음에 좌우되므로 평가하지 않습니다.,2024
BRD_20201245,옥소반,22.0,평가 대상 아님,,,가맹점이 30개에 이른 적이 없어(최대 22개) 성장률·종료율이 잡음에 좌우되므로 평가하지 않습니다.,2024
BRD_20210169,임대장,22.0,평가 대상 아님,,,가맹점이 30개에 이른 적이 없어(최대 22개) 성장률·종료율이 잡음에 좌우되므로 평가하지 않습니다.,2024
BRD_20210225,카페동네,22.0,평가 대상 아님,,,가맹점이 30개에 이른 적이 없어(최대 28개) 성장률·종료율이 잡음에 좌우되므로 평가하지 않습니다.,2024
BRD_20210866,찌개엔,22.0,평가 대상 아님,,,가맹점이 30개에 이른 적이 없어(최대 22개) 성장률·종료율이 잡음에 좌우되므로 평가하지 않습니다.,2024
BRD_20211908,카페CCD,22.0,평가 대상 아님,,,가맹점이 30개에 이른 적이 없어(최대 22개) 성장률·종료율이 잡음에 좌우되므로 평가하지 않습니다.,2024
BRD_20213692,오와케이크,22.0,평가 대상 아님,,,가맹점이 30개에 이른 적이 없어(최대 22개) 성장률·종료율이 잡음에 좌우되므로 평가하지 않습니다.,2024
BRD_20215423,5일장햄버거,22.0,평가 대상 아님,,,가맹점이 30개에 이른 적이 없어(최대 22개) 성장률·종료율이 잡음에 좌우되므로 평가하지 않습니다.,2024
BRD_20215550,신비면옥,22.0,평가 대상 아님,,,가맹점이 30개에 이른 적이 없어(최대 22개) 성장률·종료율이 잡음에 좌우되므로 평가하지 않습니다.,2024
BRD_20220121,와플샵,22.0,평가 대상 아님,,,가맹점이 30개에 이른 적이 없어(최대 22개) 성장률·종료율이 잡음에 좌우되므로 평가하지 않습니다.,2024
BRD_20220321,천라쿵푸마라탕,22.0,평가 대상 아님,,,가맹점이 30개에 이른 적이 없어(최대 22개) 성장률·종료율이 잡음에 좌우되므로 평가하지 않습니다.,2024
BRD_20220474,은행골,22.0,평가 대상 아님,,,가맹점이 30개에 이른 적이 없어(최대 22개) 성장률·종료율이 잡음에 좌우되므로 평가하지 않습니다.,2024
BRD_20220476,상구네돼지구이,22.0,평가 대상 아님,,,가맹점이 30개에 이른 적이 없어(최대 22개) 성장률·종료율이 잡음에 좌우되므로 평가하지 않습니다.,2024
BRD_20220919,정석닭강정,22.0,평가 대상 아님,,,가맹점이 30개에 이른 적이 없어(최대 22개) 성장률·종료율이 잡음에 좌우되므로 평가하지 않습니다.,2024
BRD_20221178,이자카야 토라,22.0,평가 대상 아님,,,가맹점이 30개에 이른 적이 없어(최대 22개) 성장률·종료율이 잡음에 좌우되므로 평가하지 않습니다.,2024
BRD_20221356,문래동냉삼,22.0,평가 대상 아님,,,가맹점이 30개에 이른 적이 없어(최대 22개) 성장률·종료율이 잡음에 좌우되므로 평가하지 않습니다.,2024
BRD_20230114,계혁명,22.0,평가 대상 아님,,,가맹점이 30개에 이른 적이 없어(최대 22개) 성장률·종료율이 잡음에 좌우되므로 평가하지 않습니다.,2024
BRD_20230768,아이스맨즈(ICE MAN'S),22.0,평가 대상 아님,,,가맹점이 30개에 이른 적이 없어(최대 22개) 성장률·종료율이 잡음에 좌우되므로 평가하지 않습니다.,2024
BRD_20230968,영자's곱창,22.0,평가 대상 아님,,,가맹점이 30개에 이른 적이 없어(최대 22개) 성장률·종료율이 잡음에 좌우되므로 평가하지 않습니다.,2024
BRD_20231089,강남아씨죽,22.0,평가 대상 아님,,,가맹점이 30개에 이른 적이 없어(최대 22개) 성장률·종료율이 잡음에 좌우되므로 평가하지 않습니다.,2024
BRD_20231130,큐슈울트라아멘,22.0,평가 대상 아님,,,가맹점이 30개에 이른 적이 없어(최대 22개) 성장률·종료율이 잡음에 좌우되므로 평가하지 않습니다.,2024
BRD_20231506,미생맥주,22.0,평가 대상 아님,,,가맹점이 30개에 이른 적이 없어(최대 22개) 성장률·종료율이 잡음에 좌우되므로 평가하지 않습니다.,2024
BRD_20231587,벤티버거,22.0,평가 대상 아님,,,가맹점이 30개에 이른 적이 없어(최대 22개) 성장률·종료율이 잡음에 좌우되므로 평가하지 않습니다.,2024
BRD_20231675,회식의달인,22.0,평가 대상 아님,,,가맹점이 30개에 이른 적이 없어(최대 22개) 성장률·종료율이 잡음에 좌우되므로 평가하지 않습니다.,2024
BRD_20241363,무무커피,22.0,평가 대상 아님,,,가맹점이 30개에 이른 적이 없어(최대 22개) 성장률·종료율이 잡음에 좌우되므로 평가하지 않습니다.,2024
BRD_20080100734,궁채,21.0,평가 대상 아님,,,"2023년 가맹점 통계가 이 브랜드 이름으로 비어 있어, 점포 증감·계약종료율 같은 최근 변화 지표를 계산할 수 없습니다. 이 상태로 점수를 내면 위험이 낮게 나오므로 평가하지 않습니다. (같은 해 다른 기록: 2023년: 지역·직영 통계(15125490)에 가맹점 기록)",2024
BRD_20130100257,춘하추동,21.0,평가 대상 아님,,,가맹점이 30개에 이른 적이 없어(최대 21개) 성장률·종료율이 잡음에 좌우되므로 평가하지 않습니다.,2024
BRD_20130467,신만용신가네매운떡볶이,21.0,평가 대상 아님,,,가맹점이 30개에 이른 적이 없어(최대 28개) 성장률·종료율이 잡음에 좌우되므로 평가하지 않습니다.,2024
BRD_20141224,진송추어탕,21.0,평가 대상 아님,,,가맹점이 30개에 이른 적이 없어(최대 23개) 성장률·종료율이 잡음에 좌우되므로 평가하지 않습니다.,2024
BRD_20161183,어묵나라,21.0,평가 대상 아님,,,가맹점이 30개에 이른 적이 없어(최대 26개) 성장률·종료율이 잡음에 좌우되므로 평가하지 않습니다.,2024
BRD_20170385,플루800,21.0,평가 대상 아님,,,가맹점이 30개에 이른 적이 없어(최대 28개) 성장률·종료율이 잡음에 좌우되므로 평가하지 않습니다.,2024
BRD_20190272,진원 소우,21.0,평가 대상 아님,,,가맹점이 30개에 이른 적이 없어(최대 21개) 성장률·종료율이 잡음에 좌우되므로 평가하지 않습니다.,2024
BRD_20190629,사위식당,21.0,평가 대상 아님,,,가맹점이 30개에 이른 적이 없어(최대 21개) 성장률·종료율이 잡음에 좌우되므로 평가하지 않습니다.,2024
BRD_20190796,천상현 국가공인진갈비,21.0,평가 대상 아님,,,가맹점이 30개에 이른 적이 없어(최대 21개) 성장률·종료율이 잡음에 좌우되므로 평가하지 않습니다.,2024
BRD_20190977,주니아,21.0,평가 대상 아님,,,가맹점이 30개에 이른 적이 없어(최대 21개) 성장률·종료율이 잡음에 좌우되므로 평가하지 않습니다.,2024
BRD_20200976,아메리칸피자,21.0,평가 대상 아님,,,가맹점이 30개에 이른 적이 없어(최대 21개) 성장률·종료율이 잡음에 좌우되므로 평가하지 않습니다.,2024
BRD_20201047,강릉엄지네꼬막집,21.0,평가 대상 아님,,,가맹점이 30개에 이른 적이 없어(최대 21개) 성장률·종료율이 잡음에 좌우되므로 평가하지 않습니다.,2024
BRD_20201433,신머이,21.0,평가 대상 아님,,,가맹점이 30개에 이른 적이 없어(최대 21개) 성장률·종료율이 잡음에 좌우되므로 평가하지 않습니다.,2024
BRD_20210155,홍:이집,21.0,평가 대상 아님,,,가맹점이 30개에 이른 적이 없어(최대 21개) 성장률·종료율이 잡음에 좌우되므로 평가하지 않습니다.,2024
BRD_20210284,디디커피,21.0,평가 대상 아님,,,가맹점이 30개에 이른 적이 없어(최대 25개) 성장률·종료율이 잡음에 좌우되므로 평가하지 않습니다.,2024
BRD_20210294,아몽즈커피(A Mong Z),21.0,평가 대상 아님,,,가맹점이 30개에 이른 적이 없어(최대 21개) 성장률·종료율이 잡음에 좌우되므로 평가하지 않습니다.,2024
BRD_20210296,아이캔커피,21.0,평가 대상 아님,,,가맹점이 30개에 이른 적이 없어(최대 26개) 성장률·종료율이 잡음에 좌우되므로 평가하지 않습니다.,2024
BRD_20210765,현방오백소갈비살,21.0,평가 대상 아님,,,가맹점이 30개에 이른 적이 없어(최대 21개) 성장률·종료율이 잡음에 좌우되므로 평가하지 않습니다.,2024
BRD_20211305,강릉장칼,21.0,평가 대상 아님,,,가맹점이 30개에 이른 적이 없어(최대 21개) 성장률·종료율이 잡음에 좌우되므로 평가하지 않습니다.,2024
BRD_20211538,이나닭강정,21.0,평가 대상 아님,,,가맹점이 30개에 이른 적이 없어(최대 21개) 성장률·종료율이 잡음에 좌우되므로 평가하지 않습니다.,2024
BRD_20211717,디디디알캔&보틀커피,21.0,평가 대상 아님,,,가맹점이 30개에 이른 적이 없어(최대 21개) 성장률·종료율이 잡음에 좌우되므로 평가하지 않습니다.,2024
BRD_20211841,어랏커피스탠드,21.0,평가 대상 아님,,,가맹점이 30개에 이른 적이 없어(최대 21개) 성장률·종료율이 잡음에 좌우되므로 평가하지 않습니다.,2024
BRD_20211907,포카드 홀덤펍,21.0,평가 대상 아님,,,가맹점이 30개에 이른 적이 없어(최대 21개) 성장률·종료율이 잡음에 좌우되므로 평가하지 않습니다.,2024
BRD_20213079,류길상피자,21.0,평가 대상 아님,,,가맹점이 30개에 이른 적이 없어(최대 29개) 성장률·종료율이 잡음에 좌우되므로 평가하지 않습니다.,2024
BRD_20214740,타코박스,21.0,평가 대상 아님,,,가맹점이 30개에 이른 적이 없어(최대 21개) 성장률·종료율이 잡음에 좌우되므로 평가하지 않습니다.,2024
BRD_20215526,인생감자탕,21.0,평가 대상 아님,,,가맹점이 30개에 이른 적이 없어(최대 21개) 성장률·종료율이 잡음에 좌우되므로 평가하지 않습니다.,2024
BRD_20220023,프레퍼스다이어트푸드,21.0,평가 대상 아님,,,가맹점이 30개에 이른 적이 없어(최대 21개) 성장률·종료율이 잡음에 좌우되므로 평가하지 않습니다.,2024
BRD_20220543,동남집,21.0,평가 대상 아님,,,가맹점이 30개에 이른 적이 없어(최대 21개) 성장률·종료율이 잡음에 좌우되므로 평가하지 않습니다.,2024
BRD_20220612|JNG_013334,양심소,21.0,평가 대상 아님,,,가맹점이 30개에 이른 적이 없어(최대 21개) 성장률·종료율이 잡음에 좌우되므로 평가하지 않습니다.,2024
BRD_20220668,전기구이 이한량통닭,21.0,평가 대상 아님,,,가맹점이 30개에 이른 적이 없어(최대 21개) 성장률·종료율이 잡음에 좌우되므로 평가하지 않습니다.,2024
BRD_20220826,라운지목화,21.0,평가 대상 아님,,,가맹점이 30개에 이른 적이 없어(최대 21개) 성장률·종료율이 잡음에 좌우되므로 평가하지 않습니다.,2024
BRD_20220998,용철이떡갈비,21.0,평가 대상 아님,,,"2022년 가맹점 통계가 비어 있고 다른 공식 기록으로도 확인되지 않아, '3년 연속 공시' 조건을 채우지 못했습니다.",2024
BRD_20230396,푸른바다찜탕,21.0,평가 대상 아님,,,가맹점이 30개에 이른 적이 없어(최대 21개) 성장률·종료율이 잡음에 좌우되므로 평가하지 않습니다.,2024
BRD_20230718,여수에서 온 나진국밥,21.0,평가 대상 아님,,,가맹점이 30개에 이른 적이 없어(최대 21개) 성장률·종료율이 잡음에 좌우되므로 평가하지 않습니다.,2024
BRD_20230755,박달 박가네 숯불 껍데기,21.0,평가 대상 아님,,,가맹점이 30개에 이른 적이 없어(최대 21개) 성장률·종료율이 잡음에 좌우되므로 평가하지 않습니다.,2024
BRD_20230799,요미우돈교자,21.0,평가 대상 아님,,,가맹점이 30개에 이른 적이 없어(최대 21개) 성장률·종료율이 잡음에 좌우되므로 평가하지 않습니다.,2024
BRD_20230854,짚불맥주,21.0,평가 대상 아님,,,가맹점이 30개에 이른 적이 없어(최대 21개) 성장률·종료율이 잡음에 좌우되므로 평가하지 않습니다.,2024
BRD_20231509,매드피자,21.0,평가 대상 아님,,,가맹점이 30개에 이른 적이 없어(최대 21개) 성장률·종료율이 잡음에 좌우되므로 평가하지 않습니다.,2024
BRD_20231686,진돗가비불쭈꾸미,21.0,평가 대상 아님,,,가맹점이 30개에 이른 적이 없어(최대 21개) 성장률·종료율이 잡음에 좌우되므로 평가하지 않습니다.,2024
BRD_20231696,오공김밥,21.0,평가 대상 아님,,,가맹점이 30개에 이른 적이 없어(최대 21개) 성장률·종료율이 잡음에 좌우되므로 평가하지 않습니다.,2024
BRD_20240286,유현삼계탕,21.0,평가 대상 아님,,,가맹점이 30개에 이른 적이 없어(최대 21개) 성장률·종료율이 잡음에 좌우되므로 평가하지 않습니다.,2024
BRD_20240609,후켄통통치킨,21.0,평가 대상 아님,,,가맹점이 30개에 이른 적이 없어(최대 21개) 성장률·종료율이 잡음에 좌우되므로 평가하지 않습니다.,2024
NAME:더포thepho@외식,더 포(THE PHO),21.0,평가 대상 아님,,,가맹점이 30개에 이른 적이 없어(최대 21개) 성장률·종료율이 잡음에 좌우되므로 평가하지 않습니다.,2024
NAME:밀숲@외식,밀숲,21.0,평가 대상 아님,,,가맹점이 30개에 이른 적이 없어(최대 25개) 성장률·종료율이 잡음에 좌우되므로 평가하지 않습니다.,2024
NAME:부송국수@외식,부송국수,21.0,평가 대상 아님,,,가맹점이 30개에 이른 적이 없어(최대 21개) 성장률·종료율이 잡음에 좌우되므로 평가하지 않습니다.,2024
NAME:소미미@외식,소미미,21.0,평가 대상 아님,,,가맹점이 30개에 이른 적이 없어(최대 21개) 성장률·종료율이 잡음에 좌우되므로 평가하지 않습니다.,2024
BRD_20090300048,조방낙지,20.0,평가 대상 아님,,,가맹점이 30개에 이른 적이 없어(최대 25개) 성장률·종료율이 잡음에 좌우되므로 평가하지 않습니다.,2024
BRD_20110100199,겐로쿠우동,20.0,평가 대상 아님,,,가맹점이 30개에 이른 적이 없어(최대 20개) 성장률·종료율이 잡음에 좌우되므로 평가하지 않습니다.,2024
BRD_20120100621,더베이크,20.0,평가 대상 아님,,,가맹점이 30개에 이른 적이 없어(최대 24개) 성장률·종료율이 잡음에 좌우되므로 평가하지 않습니다.,2024
BRD_20130100128,대박통,20.0,평가 대상 아님,,,가맹점이 30개에 이른 적이 없어(최대 24개) 성장률·종료율이 잡음에 좌우되므로 평가하지 않습니다.,2024
BRD_20140717,존슨부대찌개,20.0,평가 대상 아님,,,"2023년 가맹점 통계가 이 브랜드 이름으로 비어 있어, 점포 증감·계약종료율 같은 최근 변화 지표를 계산할 수 없습니다. 이 상태로 점수를 내면 위험이 낮게 나오므로 평가하지 않습니다. (같은 해 다른 기록: 2023년: 지역·직영 통계(15125490)에 가맹점 기록)",2024
BRD_20150791,오늘김해생뒷고기,20.0,평가 대상 아님,,,가맹점이 30개에 이른 적이 없어(최대 25개) 성장률·종료율이 잡음에 좌우되므로 평가하지 않습니다.,2024
BRD_20160820,태양부양꼬치,20.0,평가 대상 아님,,,가맹점이 30개에 이른 적이 없어(최대 28개) 성장률·종료율이 잡음에 좌우되므로 평가하지 않습니다.,2024
BRD_20160945,육회말투아웃,20.0,평가 대상 아님,,,가맹점이 30개에 이른 적이 없어(최대 21개) 성장률·종료율이 잡음에 좌우되므로 평가하지 않습니다.,2024
BRD_20170355,연어로만,20.0,평가 대상 아님,,,가맹점이 30개에 이른 적이 없어(최대 26개) 성장률·종료율이 잡음에 좌우되므로 평가하지 않습니다.,2024
BRD_20180310,제주까망돼지,20.0,평가 대상 아님,,,가맹점이 30개에 이른 적이 없어(최대 20개) 성장률·종료율이 잡음에 좌우되므로 평가하지 않습니다.,2024
BRD_20180403,넙딱집,20.0,평가 대상 아님,,,가맹점이 30개에 이른 적이 없어(최대 20개) 성장률·종료율이 잡음에 좌우되므로 평가하지 않습니다.,2024
BRD_20180805,코이라멘,20.0,평가 대상 아님,,,가맹점이 30개에 이른 적이 없어(최대 29개) 성장률·종료율이 잡음에 좌우되므로 평가하지 않습니다.,2024
BRD_20190184,서리서리멸치국수,20.0,평가 대상 아님,,,가맹점이 30개에 이른 적이 없어(최대 22개) 성장률·종료율이 잡음에 좌우되므로 평가하지 않습니다.,2024
BRD_20190928,청연,20.0,평가 대상 아님,,,가맹점이 30개에 이른 적이 없어(최대 21개) 성장률·종료율이 잡음에 좌우되므로 평가하지 않습니다.,2024
BRD_20200943,보스턴 샐러드 하우스,20.0,평가 대상 아님,,,가맹점이 30개에 이른 적이 없어(최대 25개) 성장률·종료율이 잡음에 좌우되므로 평가하지 않습니다.,2024
BRD_20201002,김호두(kimhodu),20.0,평가 대상 아님,,,가맹점이 30개에 이른 적이 없어(최대 20개) 성장률·종료율이 잡음에 좌우되므로 평가하지 않습니다.,2024
BRD_20201087,태성춘골뱅이신사,20.0,평가 대상 아님,,,가맹점이 30개에 이른 적이 없어(최대 20개) 성장률·종료율이 잡음에 좌우되므로 평가하지 않습니다.,2024
BRD_20201898,무인다방,20.0,평가 대상 아님,,,가맹점이 30개에 이른 적이 없어(최대 20개) 성장률·종료율이 잡음에 좌우되므로 평가하지 않습니다.,2024
BRD_20210462,오늘도 한우,20.0,평가 대상 아님,,,가맹점이 30개에 이른 적이 없어(최대 23개) 성장률·종료율이 잡음에 좌우되므로 평가하지 않습니다.,2024
BRD_20211093,아차산매운떡볶이,20.0,평가 대상 아님,,,가맹점이 30개에 이른 적이 없어(최대 20개) 성장률·종료율이 잡음에 좌우되므로 평가하지 않습니다.,2024
BRD_20211248,오슬랑,20.0,평가 대상 아님,,,가맹점이 30개에 이른 적이 없어(최대 20개) 성장률·종료율이 잡음에 좌우되므로 평가하지 않습니다.,2024
BRD_20211523,용공장,20.0,평가 대상 아님,,,가맹점이 30개에 이른 적이 없어(최대 29개) 성장률·종료율이 잡음에 좌우되므로 평가하지 않습니다.,2024
BRD_20211967,카페달링,20.0,평가 대상 아님,,,가맹점이 30개에 이른 적이 없어(최대 20개) 성장률·종료율이 잡음에 좌우되므로 평가하지 않습니다.,2024
BRD_20215844,가득피자,20.0,평가 대상 아님,,,가맹점이 30개에 이른 적이 없어(최대 20개) 성장률·종료율이 잡음에 좌우되므로 평가하지 않습니다.,2024
BRD_20220122,왓커피,20.0,평가 대상 아님,,,가맹점이 30개에 이른 적이 없어(최대 20개) 성장률·종료율이 잡음에 좌우되므로 평가하지 않습니다.,2024
BRD_20220404,한사리감자탕&뼈구이,20.0,평가 대상 아님,,,가맹점이 30개에 이른 적이 없어(최대 20개) 성장률·종료율이 잡음에 좌우되므로 평가하지 않습니다.,2024
BRD_20220666,진심왕돈까스,20.0,평가 대상 아님,,,가맹점이 30개에 이른 적이 없어(최대 20개) 성장률·종료율이 잡음에 좌우되므로 평가하지 않습니다.,2024
BRD_20220684,피에스타7커피,20.0,평가 대상 아님,,,가맹점이 30개에 이른 적이 없어(최대 20개) 성장률·종료율이 잡음에 좌우되므로 평가하지 않습니다.,2024
BRD_20220924,그라츠커피랩(GRAZ COFFEE LAB),20.0,평가 대상 아님,,,가맹점이 30개에 이른 적이 없어(최대 20개) 성장률·종료율이 잡음에 좌우되므로 평가하지 않습니다.,2024
BRD_20220990,냉삼회관,20.0,평가 대상 아님,,,가맹점이 30개에 이른 적이 없어(최대 20개) 성장률·종료율이 잡음에 좌우되므로 평가하지 않습니다.,2024
BRD_20221069,포차처럼,20.0,평가 대상 아님,,,가맹점이 30개에 이른 적이 없어(최대 20개) 성장률·종료율이 잡음에 좌우되므로 평가하지 않습니다.,2024
BRD_20230786,맹호수제돈까스,20.0,평가 대상 아님,,,가맹점이 30개에 이른 적이 없어(최대 20개) 성장률·종료율이 잡음에 좌우되므로 평가하지 않습니다.,2024
BRD_20231201,신의한국수,20.0,평가 대상 아님,,,가맹점이 30개에 이른 적이 없어(최대 20개) 성장률·종료율이 잡음에 좌우되므로 평가하지 않습니다.,2024
BRD_20231462,파스타9900원,20.0,평가 대상 아님,,,가맹점이 30개에 이른 적이 없어(최대 20개) 성장률·종료율이 잡음에 좌우되므로 평가하지 않습니다.,2024
BRD_20231499,전지적밥상시점,20.0,평가 대상 아님,,,가맹점이 30개에 이른 적이 없어(최대 20개) 성장률·종료율이 잡음에 좌우되므로 평가하지 않습니다.,2024
BRD_20231912,혼밥에빠진날,20.0,평가 대상 아님,,,가맹점이 30개에 이른 적이 없어(최대 21개) 성장률·종료율이 잡음에 좌우되므로 평가하지 않습니다.,2024
BRD_20240814,보리원,20.0,평가 대상 아님,,,가맹점이 30개에 이른 적이 없어(최대 24개) 성장률·종료율이 잡음에 좌우되므로 평가하지 않습니다.,2024
BRD_20241261,마블스퀘어,20.0,평가 대상 아님,,,가맹점이 30개에 이른 적이 없어(최대 20개) 성장률·종료율이 잡음에 좌우되므로 평가하지 않습니다.,2024
BRD_20080200206,수누리,19.0,평가 대상 아님,,,가맹점이 30개에 이른 적이 없어(최대 20개) 성장률·종료율이 잡음에 좌우되므로 평가하지 않습니다.,2024
BRD_20100100211,청기와뼈다귀해장국,19.0,평가 대상 아님,,,가맹점이 30개에 이른 적이 없어(최대 19개) 성장률·종료율이 잡음에 좌우되므로 평가하지 않습니다.,2024
BRD_20100500010,징기스칸치킨,19.0,평가 대상 아님,,,가맹점이 30개에 이른 적이 없어(최대 20개) 성장률·종료율이 잡음에 좌우되므로 평가하지 않습니다.,2024
BRD_20130100166,양철북,19.0,평가 대상 아님,,,가맹점이 30개에 이른 적이 없어(최대 19개) 성장률·종료율이 잡음에 좌우되므로 평가하지 않습니다.,2024
BRD_20140338,왕순이주먹밥김밥,19.0,평가 대상 아님,,,가맹점이 30개에 이른 적이 없어(최대 27개) 성장률·종료율이 잡음에 좌우되므로 평가하지 않습니다.,2024
BRD_20141088,만복한쭈꾸미낙지볶음,19.0,평가 대상 아님,,,가맹점이 30개에 이른 적이 없어(최대 19개) 성장률·종료율이 잡음에 좌우되므로 평가하지 않습니다.,2024
BRD_20151233,밀플랜비,19.0,평가 대상 아님,,,가맹점이 30개에 이른 적이 없어(최대 26개) 성장률·종료율이 잡음에 좌우되므로 평가하지 않습니다.,2024
BRD_20151252,백년 교동짬뽕,19.0,평가 대상 아님,,,가맹점이 30개에 이른 적이 없어(최대 19개) 성장률·종료율이 잡음에 좌우되므로 평가하지 않습니다.,2024
BRD_20160707,오정은A김밥,19.0,평가 대상 아님,,,가맹점이 30개에 이른 적이 없어(최대 27개) 성장률·종료율이 잡음에 좌우되므로 평가하지 않습니다.,2024
BRD_20180033,동산만두,19.0,평가 대상 아님,,,가맹점이 30개에 이른 적이 없어(최대 19개) 성장률·종료율이 잡음에 좌우되므로 평가하지 않습니다.,2024
BRD_20180524,돈카냉면&파스타,19.0,평가 대상 아님,,,가맹점이 30개에 이른 적이 없어(최대 25개) 성장률·종료율이 잡음에 좌우되므로 평가하지 않습니다.,2024
BRD_20181368,반궁,19.0,평가 대상 아님,,,가맹점이 30개에 이른 적이 없어(최대 19개) 성장률·종료율이 잡음에 좌우되므로 평가하지 않습니다.,2024
BRD_20190024,쿠마키친(KUMA KICHEN),19.0,평가 대상 아님,,,가맹점이 30개에 이른 적이 없어(최대 19개) 성장률·종료율이 잡음에 좌우되므로 평가하지 않습니다.,2024
BRD_20190571,꼬꼬STORY(꼬꼬스토리),19.0,평가 대상 아님,,,가맹점이 30개에 이른 적이 없어(최대 20개) 성장률·종료율이 잡음에 좌우되므로 평가하지 않습니다.,2024
BRD_20191157,어사또,19.0,평가 대상 아님,,,가맹점이 30개에 이른 적이 없어(최대 23개) 성장률·종료율이 잡음에 좌우되므로 평가하지 않습니다.,2024
BRD_20191414,낭만장작,19.0,평가 대상 아님,,,가맹점이 30개에 이른 적이 없어(최대 19개) 성장률·종료율이 잡음에 좌우되므로 평가하지 않습니다.,2024
BRD_20200166,광부맥주,19.0,평가 대상 아님,,,가맹점이 30개에 이른 적이 없어(최대 20개) 성장률·종료율이 잡음에 좌우되므로 평가하지 않습니다.,2024
BRD_20200236,참 좋은 김밥천국,19.0,평가 대상 아님,,,가맹점이 30개에 이른 적이 없어(최대 21개) 성장률·종료율이 잡음에 좌우되므로 평가하지 않습니다.,2024
BRD_20200494,커피스토어,19.0,평가 대상 아님,,,가맹점이 30개에 이른 적이 없어(최대 27개) 성장률·종료율이 잡음에 좌우되므로 평가하지 않습니다.,2024
BRD_20200721,이선생짜글이,19.0,평가 대상 아님,,,가맹점이 30개에 이른 적이 없어(최대 20개) 성장률·종료율이 잡음에 좌우되므로 평가하지 않습니다.,2024
BRD_20200951,돌통,19.0,평가 대상 아님,,,가맹점이 30개에 이른 적이 없어(최대 19개) 성장률·종료율이 잡음에 좌우되므로 평가하지 않습니다.,2024
BRD_20201475,소디스,19.0,평가 대상 아님,,,가맹점이 30개에 이른 적이 없어(최대 19개) 성장률·종료율이 잡음에 좌우되므로 평가하지 않습니다.,2024
BRD_20201668,생생호프,19.0,평가 대상 아님,,,가맹점이 30개에 이른 적이 없어(최대 19개) 성장률·종료율이 잡음에 좌우되므로 평가하지 않습니다.,2024
BRD_20210325,곱이곱다,19.0,평가 대상 아님,,,가맹점이 30개에 이른 적이 없어(최대 19개) 성장률·종료율이 잡음에 좌우되므로 평가하지 않습니다.,2024
BRD_20211026,고기명작,19.0,평가 대상 아님,,,가맹점이 30개에 이른 적이 없어(최대 19개) 성장률·종료율이 잡음에 좌우되므로 평가하지 않습니다.,2024
BRD_20211590,폴라니포케,19.0,평가 대상 아님,,,가맹점이 30개에 이른 적이 없어(최대 20개) 성장률·종료율이 잡음에 좌우되므로 평가하지 않습니다.,2024
BRD_20212284,베트남골목식당,19.0,평가 대상 아님,,,가맹점이 30개에 이른 적이 없어(최대 21개) 성장률·종료율이 잡음에 좌우되므로 평가하지 않습니다.,2024
BRD_20212991,기막힌밥상,19.0,평가 대상 아님,,,가맹점이 30개에 이른 적이 없어(최대 23개) 성장률·종료율이 잡음에 좌우되므로 평가하지 않습니다.,2024
BRD_20213469,고향 엄마손 생바지락 칼국수,19.0,평가 대상 아님,,,가맹점이 30개에 이른 적이 없어(최대 19개) 성장률·종료율이 잡음에 좌우되므로 평가하지 않습니다.,2024
BRD_20215544,숙성회136,19.0,평가 대상 아님,,,가맹점이 30개에 이른 적이 없어(최대 22개) 성장률·종료율이 잡음에 좌우되므로 평가하지 않습니다.,2024
BRD_20215856,도쿠도쿠,19.0,평가 대상 아님,,,가맹점이 30개에 이른 적이 없어(최대 22개) 성장률·종료율이 잡음에 좌우되므로 평가하지 않습니다.,2024
BRD_20220050,양도둑,19.0,평가 대상 아님,,,가맹점이 30개에 이른 적이 없어(최대 21개) 성장률·종료율이 잡음에 좌우되므로 평가하지 않습니다.,2024
BRD_20220375,굿킨,19.0,평가 대상 아님,,,가맹점이 30개에 이른 적이 없어(최대 19개) 성장률·종료율이 잡음에 좌우되므로 평가하지 않습니다.,2024
BRD_20220382,화채업자,19.0,평가 대상 아님,,,가맹점이 30개에 이른 적이 없어(최대 19개) 성장률·종료율이 잡음에 좌우되므로 평가하지 않습니다.,2024
BRD_20220746,선희네집,19.0,평가 대상 아님,,,가맹점이 30개에 이른 적이 없어(최대 22개) 성장률·종료율이 잡음에 좌우되므로 평가하지 않습니다.,2024
BRD_20220997,신사우 물갈비,19.0,평가 대상 아님,,,가맹점이 30개에 이른 적이 없어(최대 19개) 성장률·종료율이 잡음에 좌우되므로 평가하지 않습니다.,2024
BRD_20230560,샌두,19.0,평가 대상 아님,,,가맹점이 30개에 이른 적이 없어(최대 19개) 성장률·종료율이 잡음에 좌우되므로 평가하지 않습니다.,2024
BRD_20230636,치히로,19.0,평가 대상 아님,,,가맹점이 30개에 이른 적이 없어(최대 19개) 성장률·종료율이 잡음에 좌우되므로 평가하지 않습니다.,2024
BRD_20231056,더종로빈대떡,19.0,평가 대상 아님,,,가맹점이 30개에 이른 적이 없어(최대 19개) 성장률·종료율이 잡음에 좌우되므로 평가하지 않습니다.,2024
BRD_20231661,한사발포차,19.0,평가 대상 아님,,,가맹점이 30개에 이른 적이 없어(최대 19개) 성장률·종료율이 잡음에 좌우되므로 평가하지 않습니다.,2024
BRD_20240064|JNG_016666,외계인피자,19.0,평가 대상 아님,,,가맹점이 30개에 이른 적이 없어(최대 19개) 성장률·종료율이 잡음에 좌우되므로 평가하지 않습니다.,2024
BRD_20240481,숯토리,19.0,평가 대상 아님,,,가맹점이 30개에 이른 적이 없어(최대 19개) 성장률·종료율이 잡음에 좌우되므로 평가하지 않습니다.,2024
BRD_20240600,국밥도령,19.0,평가 대상 아님,,,가맹점이 30개에 이른 적이 없어(최대 19개) 성장률·종료율이 잡음에 좌우되므로 평가하지 않습니다.,2024
BRD_20241056,압구정샌드위치,19.0,평가 대상 아님,,,가맹점이 30개에 이른 적이 없어(최대 19개) 성장률·종료율이 잡음에 좌우되므로 평가하지 않습니다.,2024
BRD_20241297,우후죽순,19.0,평가 대상 아님,,,가맹점이 30개에 이른 적이 없어(최대 19개) 성장률·종료율이 잡음에 좌우되므로 평가하지 않습니다.,2024
BRD_20241346,송도만두,19.0,평가 대상 아님,,,가맹점이 30개에 이른 적이 없어(최대 19개) 성장률·종료율이 잡음에 좌우되므로 평가하지 않습니다.,2024
NAME:몽s피자@외식,몽's 피자,19.0,평가 대상 아님,,,가맹점이 30개에 이른 적이 없어(최대 19개) 성장률·종료율이 잡음에 좌우되므로 평가하지 않습니다.,2024
BRD_20100100161,월수금,18.0,평가 대상 아님,,,가맹점이 30개에 이른 적이 없어(최대 29개) 성장률·종료율이 잡음에 좌우되므로 평가하지 않습니다.,2024
BRD_20120100207,곰작골나주곰탕,18.0,평가 대상 아님,,,가맹점이 30개에 이른 적이 없어(최대 22개) 성장률·종료율이 잡음에 좌우되므로 평가하지 않습니다.,2024
BRD_20130100156,맷돌로만,18.0,평가 대상 아님,,,가맹점이 30개에 이른 적이 없어(최대 18개) 성장률·종료율이 잡음에 좌우되므로 평가하지 않습니다.,2024
BRD_20130298,애플김밥,18.0,평가 대상 아님,,,가맹점이 30개에 이른 적이 없어(최대 21개) 성장률·종료율이 잡음에 좌우되므로 평가하지 않습니다.,2024
BRD_20140543,삼십구치킨,18.0,평가 대상 아님,,,가맹점이 30개에 이른 적이 없어(최대 26개) 성장률·종료율이 잡음에 좌우되므로 평가하지 않습니다.,2024
BRD_20150131,뚜띠쿠치나,18.0,평가 대상 아님,,,가맹점이 30개에 이른 적이 없어(최대 18개) 성장률·종료율이 잡음에 좌우되므로 평가하지 않습니다.,2024
BRD_20150612,김성구 의성마늘치킨,18.0,평가 대상 아님,,,가맹점이 30개에 이른 적이 없어(최대 23개) 성장률·종료율이 잡음에 좌우되므로 평가하지 않습니다.,2024
BRD_20150658,블레스롤(Bless Roll),18.0,평가 대상 아님,,,가맹점이 30개에 이른 적이 없어(최대 24개) 성장률·종료율이 잡음에 좌우되므로 평가하지 않습니다.,2024
BRD_20150901,다담뜰 한식뷔페,18.0,평가 대상 아님,,,가맹점이 30개에 이른 적이 없어(최대 18개) 성장률·종료율이 잡음에 좌우되므로 평가하지 않습니다.,2024
BRD_20161283,커피101스트릿(COFFEE 101 STREET),18.0,평가 대상 아님,,,가맹점이 30개에 이른 적이 없어(최대 19개) 성장률·종료율이 잡음에 좌우되므로 평가하지 않습니다.,2024
BRD_20161293,정성한줄,18.0,평가 대상 아님,,,가맹점이 30개에 이른 적이 없어(최대 20개) 성장률·종료율이 잡음에 좌우되므로 평가하지 않습니다.,2024
BRD_20180785,본만두,18.0,평가 대상 아님,,,가맹점이 30개에 이른 적이 없어(최대 18개) 성장률·종료율이 잡음에 좌우되므로 평가하지 않습니다.,2024
BRD_20180856,이치류,18.0,평가 대상 아님,,,가맹점이 30개에 이른 적이 없어(최대 18개) 성장률·종료율이 잡음에 좌우되므로 평가하지 않습니다.,2024
BRD_20190330,탐라순대국감자탕,18.0,평가 대상 아님,,,가맹점이 30개에 이른 적이 없어(최대 18개) 성장률·종료율이 잡음에 좌우되므로 평가하지 않습니다.,2024
BRD_20190445,형제닭발&오돌뼈,18.0,평가 대상 아님,,,가맹점이 30개에 이른 적이 없어(최대 22개) 성장률·종료율이 잡음에 좌우되므로 평가하지 않습니다.,2024
BRD_20190500,우림칼국수,18.0,평가 대상 아님,,,가맹점이 30개에 이른 적이 없어(최대 18개) 성장률·종료율이 잡음에 좌우되므로 평가하지 않습니다.,2024
BRD_20191285,빽다방빵연구소,18.0,평가 대상 아님,,,가맹점이 30개에 이른 적이 없어(최대 18개) 성장률·종료율이 잡음에 좌우되므로 평가하지 않습니다.,2024
BRD_20200682,쇼쿠지(SHOKUJI),18.0,평가 대상 아님,,,가맹점이 30개에 이른 적이 없어(최대 18개) 성장률·종료율이 잡음에 좌우되므로 평가하지 않습니다.,2024
BRD_20201051,고래한입피자,18.0,평가 대상 아님,,,가맹점이 30개에 이른 적이 없어(최대 26개) 성장률·종료율이 잡음에 좌우되므로 평가하지 않습니다.,2024
BRD_20201088,도너츠윤,18.0,평가 대상 아님,,,가맹점이 30개에 이른 적이 없어(최대 26개) 성장률·종료율이 잡음에 좌우되므로 평가하지 않습니다.,2024
BRD_20201219,내가 조선의 치킨이고 맥주다,18.0,평가 대상 아님,,,가맹점이 30개에 이른 적이 없어(최대 18개) 성장률·종료율이 잡음에 좌우되므로 평가하지 않습니다.,2024
BRD_20201285,에그토스트,18.0,평가 대상 아님,,,가맹점이 30개에 이른 적이 없어(최대 26개) 성장률·종료율이 잡음에 좌우되므로 평가하지 않습니다.,2024
BRD_20201903,Today Tong Tong,18.0,평가 대상 아님,,,가맹점이 30개에 이른 적이 없어(최대 18개) 성장률·종료율이 잡음에 좌우되므로 평가하지 않습니다.,2024
BRD_20210418,트루바이,18.0,평가 대상 아님,,,가맹점이 30개에 이른 적이 없어(최대 18개) 성장률·종료율이 잡음에 좌우되므로 평가하지 않습니다.,2024
BRD_20210477,타이반쩜,18.0,평가 대상 아님,,,가맹점이 30개에 이른 적이 없어(최대 18개) 성장률·종료율이 잡음에 좌우되므로 평가하지 않습니다.,2024
BRD_20210754,조선다방,18.0,평가 대상 아님,,,가맹점이 30개에 이른 적이 없어(최대 27개) 성장률·종료율이 잡음에 좌우되므로 평가하지 않습니다.,2024
BRD_20210899,로봇초밥마켓,18.0,평가 대상 아님,,,가맹점이 30개에 이른 적이 없어(최대 24개) 성장률·종료율이 잡음에 좌우되므로 평가하지 않습니다.,2024
BRD_20210979,드렁킨타이,18.0,평가 대상 아님,,,가맹점이 30개에 이른 적이 없어(최대 18개) 성장률·종료율이 잡음에 좌우되므로 평가하지 않습니다.,2024
BRD_20211592,북극해고등어,18.0,평가 대상 아님,,,가맹점이 30개에 이른 적이 없어(최대 18개) 성장률·종료율이 잡음에 좌우되므로 평가하지 않습니다.,2024
BRD_20211627,곱정당,18.0,평가 대상 아님,,,가맹점이 30개에 이른 적이 없어(최대 29개) 성장률·종료율이 잡음에 좌우되므로 평가하지 않습니다.,2024
BRD_20211920,"포레스트 오늘, 숲[soup]",18.0,평가 대상 아님,,,가맹점이 30개에 이른 적이 없어(최대 18개) 성장률·종료율이 잡음에 좌우되므로 평가하지 않습니다.,2024
BRD_20212879,이공커피,18.0,평가 대상 아님,,,가맹점이 30개에 이른 적이 없어(최대 18개) 성장률·종료율이 잡음에 좌우되므로 평가하지 않습니다.,2024
BRD_20212990,스시화,18.0,평가 대상 아님,,,가맹점이 30개에 이른 적이 없어(최대 19개) 성장률·종료율이 잡음에 좌우되므로 평가하지 않습니다.,2024
BRD_20213887,오므파탈,18.0,평가 대상 아님,,,가맹점이 30개에 이른 적이 없어(최대 18개) 성장률·종료율이 잡음에 좌우되므로 평가하지 않습니다.,2024
BRD_20214777,Every Coffee(에브리커피),18.0,평가 대상 아님,,,가맹점이 30개에 이른 적이 없어(최대 18개) 성장률·종료율이 잡음에 좌우되므로 평가하지 않습니다.,2024
BRD_20214934,진짜무쇠삼겹,18.0,평가 대상 아님,,,가맹점이 30개에 이른 적이 없어(최대 18개) 성장률·종료율이 잡음에 좌우되므로 평가하지 않습니다.,2024
BRD_20215408,The맛있는파닭,18.0,평가 대상 아님,,,가맹점이 30개에 이른 적이 없어(최대 24개) 성장률·종료율이 잡음에 좌우되므로 평가하지 않습니다.,2024
BRD_20215549,제니로제떡볶이,18.0,평가 대상 아님,,,"2023년 가맹점 통계가 이 브랜드 이름으로 비어 있어, 점포 증감·계약종료율 같은 최근 변화 지표를 계산할 수 없습니다. 이 상태로 점수를 내면 위험이 낮게 나오므로 평가하지 않습니다. (같은 해 다른 기록: 2023년: 지역·직영 통계(15125490)에 가맹점 기록)",2024
BRD_20220296,국민매운찜갈비,18.0,평가 대상 아님,,,가맹점이 30개에 이른 적이 없어(최대 18개) 성장률·종료율이 잡음에 좌우되므로 평가하지 않습니다.,2024
BRD_20220308,오빠통닭,18.0,평가 대상 아님,,,가맹점이 30개에 이른 적이 없어(최대 18개) 성장률·종료율이 잡음에 좌우되므로 평가하지 않습니다.,2024
BRD_20220832|JNG_013611,하와이조개,18.0,평가 대상 아님,,,가맹점이 30개에 이른 적이 없어(최대 18개) 성장률·종료율이 잡음에 좌우되므로 평가하지 않습니다.,2024
BRD_20221043,평안도식당,18.0,평가 대상 아님,,,가맹점이 30개에 이른 적이 없어(최대 18개) 성장률·종료율이 잡음에 좌우되므로 평가하지 않습니다.,2024
BRD_20221272,회가대표초밥24,18.0,평가 대상 아님,,,가맹점이 30개에 이른 적이 없어(최대 18개) 성장률·종료율이 잡음에 좌우되므로 평가하지 않습니다.,2024
BRD_20230117,봄바스타커피,18.0,평가 대상 아님,,,가맹점이 30개에 이른 적이 없어(최대 20개) 성장률·종료율이 잡음에 좌우되므로 평가하지 않습니다.,2024
BRD_20230216,육식사관학교,18.0,평가 대상 아님,,,가맹점이 30개에 이른 적이 없어(최대 18개) 성장률·종료율이 잡음에 좌우되므로 평가하지 않습니다.,2024
BRD_20230227,문토리(moontori),18.0,평가 대상 아님,,,가맹점이 30개에 이른 적이 없어(최대 18개) 성장률·종료율이 잡음에 좌우되므로 평가하지 않습니다.,2024
BRD_20230234,개그맨 정용국의 용곱창,18.0,평가 대상 아님,,,가맹점이 30개에 이른 적이 없어(최대 18개) 성장률·종료율이 잡음에 좌우되므로 평가하지 않습니다.,2024
BRD_20230499,구들 마라탕,18.0,평가 대상 아님,,,가맹점이 30개에 이른 적이 없어(최대 23개) 성장률·종료율이 잡음에 좌우되므로 평가하지 않습니다.,2024
BRD_20230670,아침점심저녁,18.0,평가 대상 아님,,,가맹점이 30개에 이른 적이 없어(최대 18개) 성장률·종료율이 잡음에 좌우되므로 평가하지 않습니다.,2024
BRD_20231037,압편 압구정편의점,18.0,평가 대상 아님,,,가맹점이 30개에 이른 적이 없어(최대 18개) 성장률·종료율이 잡음에 좌우되므로 평가하지 않습니다.,2024
BRD_20231107,유케집,18.0,평가 대상 아님,,,가맹점이 30개에 이른 적이 없어(최대 18개) 성장률·종료율이 잡음에 좌우되므로 평가하지 않습니다.,2024
BRD_20231256,영칼로리포케,18.0,평가 대상 아님,,,가맹점이 30개에 이른 적이 없어(최대 18개) 성장률·종료율이 잡음에 좌우되므로 평가하지 않습니다.,2024
BRD_20231289,단토리,18.0,평가 대상 아님,,,가맹점이 30개에 이른 적이 없어(최대 18개) 성장률·종료율이 잡음에 좌우되므로 평가하지 않습니다.,2024
BRD_20231604,처음본 명품민물장어,18.0,평가 대상 아님,,,가맹점이 30개에 이른 적이 없어(최대 18개) 성장률·종료율이 잡음에 좌우되므로 평가하지 않습니다.,2024
BRD_20240083|JNG_016688,통큰대포삼겹,18.0,평가 대상 아님,,,가맹점이 30개에 이른 적이 없어(최대 18개) 성장률·종료율이 잡음에 좌우되므로 평가하지 않습니다.,2024
BRD_20240133|JNG_016750,구름카츠,18.0,평가 대상 아님,,,가맹점이 30개에 이른 적이 없어(최대 18개) 성장률·종료율이 잡음에 좌우되므로 평가하지 않습니다.,2024
BRD_20240856,강남쌀국수,18.0,평가 대상 아님,,,가맹점이 30개에 이른 적이 없어(최대 18개) 성장률·종료율이 잡음에 좌우되므로 평가하지 않습니다.,2024
BRD_20250795,또또꼬마김밥,18.0,평가 대상 아님,,,가맹점이 30개에 이른 적이 없어(최대 18개) 성장률·종료율이 잡음에 좌우되므로 평가하지 않습니다.,2024
NAME:라라브레드@외식,라라브레드,18.0,평가 대상 아님,,,가맹점이 30개에 이른 적이 없어(최대 20개) 성장률·종료율이 잡음에 좌우되므로 평가하지 않습니다.,2024
NAME:와촌식육식당@외식,와촌식육식당,18.0,평가 대상 아님,,,가맹점이 30개에 이른 적이 없어(최대 26개) 성장률·종료율이 잡음에 좌우되므로 평가하지 않습니다.,2024
NAME:호랑이쌀국수@외식,호랑이쌀국수,18.0,평가 대상 아님,,,가맹점이 30개에 이른 적이 없어(최대 24개) 성장률·종료율이 잡음에 좌우되므로 평가하지 않습니다.,2024
BRD_20090100503,델리커리(DELHICURRY),17.0,평가 대상 아님,,,가맹점이 30개에 이른 적이 없어(최대 25개) 성장률·종료율이 잡음에 좌우되므로 평가하지 않습니다.,2024
BRD_20100100621,황철수 피자,17.0,평가 대상 아님,,,가맹점이 30개에 이른 적이 없어(최대 23개) 성장률·종료율이 잡음에 좌우되므로 평가하지 않습니다.,2024
BRD_20150123,삼교리동치미막국수,17.0,평가 대상 아님,,,가맹점이 30개에 이른 적이 없어(최대 17개) 성장률·종료율이 잡음에 좌우되므로 평가하지 않습니다.,2024
BRD_20150321|JNG_002029,닭갈비제작소,17.0,평가 대상 아님,,,가맹점이 30개에 이른 적이 없어(최대 17개) 성장률·종료율이 잡음에 좌우되므로 평가하지 않습니다.,2024
BRD_20160082,장인닭갈비,17.0,평가 대상 아님,,,가맹점이 30개에 이른 적이 없어(최대 17개) 성장률·종료율이 잡음에 좌우되므로 평가하지 않습니다.,2024
BRD_20160171,마싰는끼니,17.0,평가 대상 아님,,,가맹점이 30개에 이른 적이 없어(최대 27개) 성장률·종료율이 잡음에 좌우되므로 평가하지 않습니다.,2024
BRD_20160905,콩뿌리 전주콩나물국밥,17.0,평가 대상 아님,,,가맹점이 30개에 이른 적이 없어(최대 18개) 성장률·종료율이 잡음에 좌우되므로 평가하지 않습니다.,2024
BRD_20171261,남문떡볶이,17.0,평가 대상 아님,,,가맹점이 30개에 이른 적이 없어(최대 21개) 성장률·종료율이 잡음에 좌우되므로 평가하지 않습니다.,2024
BRD_20171359,이자카야 춘,17.0,평가 대상 아님,,,가맹점이 30개에 이른 적이 없어(최대 17개) 성장률·종료율이 잡음에 좌우되므로 평가하지 않습니다.,2024
BRD_20180055,호천당,17.0,평가 대상 아님,,,가맹점이 30개에 이른 적이 없어(최대 27개) 성장률·종료율이 잡음에 좌우되므로 평가하지 않습니다.,2024
BRD_20180330,피자브라더스,17.0,평가 대상 아님,,,가맹점이 30개에 이른 적이 없어(최대 26개) 성장률·종료율이 잡음에 좌우되므로 평가하지 않습니다.,2024
BRD_20190174,브라더꽈배기,17.0,평가 대상 아님,,,가맹점이 30개에 이른 적이 없어(최대 17개) 성장률·종료율이 잡음에 좌우되므로 평가하지 않습니다.,2024
BRD_20190181,수맥집,17.0,평가 대상 아님,,,가맹점이 30개에 이른 적이 없어(최대 23개) 성장률·종료율이 잡음에 좌우되므로 평가하지 않습니다.,2024
BRD_20190257,이자카야 게다(げた),17.0,평가 대상 아님,,,가맹점이 30개에 이른 적이 없어(최대 17개) 성장률·종료율이 잡음에 좌우되므로 평가하지 않습니다.,2024
BRD_20190572,밥은화,17.0,평가 대상 아님,,,가맹점이 30개에 이른 적이 없어(최대 20개) 성장률·종료율이 잡음에 좌우되므로 평가하지 않습니다.,2024
BRD_20200041,방태막국수,17.0,평가 대상 아님,,,가맹점이 30개에 이른 적이 없어(최대 19개) 성장률·종료율이 잡음에 좌우되므로 평가하지 않습니다.,2024
BRD_20200327,바비큐보스,17.0,평가 대상 아님,,,가맹점이 30개에 이른 적이 없어(최대 22개) 성장률·종료율이 잡음에 좌우되므로 평가하지 않습니다.,2024
BRD_20200734,모두뼈다귀감자탕,17.0,평가 대상 아님,,,가맹점이 30개에 이른 적이 없어(최대 21개) 성장률·종료율이 잡음에 좌우되므로 평가하지 않습니다.,2024
BRD_20201119,가장맛있는치킨,17.0,평가 대상 아님,,,가맹점이 30개에 이른 적이 없어(최대 17개) 성장률·종료율이 잡음에 좌우되므로 평가하지 않습니다.,2024
BRD_20201382,브라이트스타,17.0,평가 대상 아님,,,가맹점이 30개에 이른 적이 없어(최대 29개) 성장률·종료율이 잡음에 좌우되므로 평가하지 않습니다.,2024
BRD_20210456,참맛깔곱창,17.0,평가 대상 아님,,,가맹점이 30개에 이른 적이 없어(최대 28개) 성장률·종료율이 잡음에 좌우되므로 평가하지 않습니다.,2024
BRD_20210752,서명성고깃집,17.0,평가 대상 아님,,,가맹점이 30개에 이른 적이 없어(최대 17개) 성장률·종료율이 잡음에 좌우되므로 평가하지 않습니다.,2024
BRD_20211136,보울레시피(bowl recipe),17.0,평가 대상 아님,,,가맹점이 30개에 이른 적이 없어(최대 17개) 성장률·종료율이 잡음에 좌우되므로 평가하지 않습니다.,2024
BRD_20211517,돈석이 돈숙이 배양리두루치기,17.0,평가 대상 아님,,,가맹점이 30개에 이른 적이 없어(최대 17개) 성장률·종료율이 잡음에 좌우되므로 평가하지 않습니다.,2024
BRD_20211573,샐러드킹 다이어트,17.0,평가 대상 아님,,,가맹점이 30개에 이른 적이 없어(최대 17개) 성장률·종료율이 잡음에 좌우되므로 평가하지 않습니다.,2024
BRD_20211725,닭찌,17.0,평가 대상 아님,,,가맹점이 30개에 이른 적이 없어(최대 17개) 성장률·종료율이 잡음에 좌우되므로 평가하지 않습니다.,2024
BRD_20212198,이륜당,17.0,평가 대상 아님,,,가맹점이 30개에 이른 적이 없어(최대 20개) 성장률·종료율이 잡음에 좌우되므로 평가하지 않습니다.,2024
BRD_20212370,마장동 진 나주곰탕,17.0,평가 대상 아님,,,가맹점이 30개에 이른 적이 없어(최대 17개) 성장률·종료율이 잡음에 좌우되므로 평가하지 않습니다.,2024
BRD_20212569,꾸석지,17.0,평가 대상 아님,,,가맹점이 30개에 이른 적이 없어(최대 17개) 성장률·종료율이 잡음에 좌우되므로 평가하지 않습니다.,2024
BRD_20212859,서울회관,17.0,평가 대상 아님,,,가맹점이 30개에 이른 적이 없어(최대 17개) 성장률·종료율이 잡음에 좌우되므로 평가하지 않습니다.,2024
BRD_20213025,피자선생,17.0,평가 대상 아님,,,가맹점이 30개에 이른 적이 없어(최대 22개) 성장률·종료율이 잡음에 좌우되므로 평가하지 않습니다.,2024
BRD_20213980,어더아사,17.0,평가 대상 아님,,,가맹점이 30개에 이른 적이 없어(최대 17개) 성장률·종료율이 잡음에 좌우되므로 평가하지 않습니다.,2024
BRD_20214063,"뽁순이볶음밥, 짜글이대가",17.0,평가 대상 아님,,,가맹점이 30개에 이른 적이 없어(최대 17개) 성장률·종료율이 잡음에 좌우되므로 평가하지 않습니다.,2024
BRD_20214225,발리다포차,17.0,평가 대상 아님,,,가맹점이 30개에 이른 적이 없어(최대 17개) 성장률·종료율이 잡음에 좌우되므로 평가하지 않습니다.,2024
BRD_20215451,곱도리탕전문점,17.0,평가 대상 아님,,,가맹점이 30개에 이른 적이 없어(최대 23개) 성장률·종료율이 잡음에 좌우되므로 평가하지 않습니다.,2024
BRD_20215567,타래퀸,17.0,평가 대상 아님,,,가맹점이 30개에 이른 적이 없어(최대 17개) 성장률·종료율이 잡음에 좌우되므로 평가하지 않습니다.,2024
BRD_20215608,아도겐,17.0,평가 대상 아님,,,가맹점이 30개에 이른 적이 없어(최대 19개) 성장률·종료율이 잡음에 좌우되므로 평가하지 않습니다.,2024
BRD_20220022,길리,17.0,평가 대상 아님,,,가맹점이 30개에 이른 적이 없어(최대 17개) 성장률·종료율이 잡음에 좌우되므로 평가하지 않습니다.,2024
BRD_20220222,찜닭특공대,17.0,평가 대상 아님,,,가맹점이 30개에 이른 적이 없어(최대 21개) 성장률·종료율이 잡음에 좌우되므로 평가하지 않습니다.,2024
BRD_20220401,신입파스타,17.0,평가 대상 아님,,,가맹점이 30개에 이른 적이 없어(최대 17개) 성장률·종료율이 잡음에 좌우되므로 평가하지 않습니다.,2024
BRD_20220409,찐궁물김치찌개전문점,17.0,평가 대상 아님,,,가맹점이 30개에 이른 적이 없어(최대 17개) 성장률·종료율이 잡음에 좌우되므로 평가하지 않습니다.,2024
BRD_20220582,고래냉면1980,17.0,평가 대상 아님,,,가맹점이 30개에 이른 적이 없어(최대 17개) 성장률·종료율이 잡음에 좌우되므로 평가하지 않습니다.,2024
BRD_20220870,벤탄빌라,17.0,평가 대상 아님,,,가맹점이 30개에 이른 적이 없어(최대 17개) 성장률·종료율이 잡음에 좌우되므로 평가하지 않습니다.,2024
BRD_20230048,시민족발보쌈,17.0,평가 대상 아님,,,가맹점이 30개에 이른 적이 없어(최대 17개) 성장률·종료율이 잡음에 좌우되므로 평가하지 않습니다.,2024
BRD_20230456,평화로운집,17.0,평가 대상 아님,,,가맹점이 30개에 이른 적이 없어(최대 17개) 성장률·종료율이 잡음에 좌우되므로 평가하지 않습니다.,2024
BRD_20230643,국밥온다,17.0,평가 대상 아님,,,가맹점이 30개에 이른 적이 없어(최대 17개) 성장률·종료율이 잡음에 좌우되므로 평가하지 않습니다.,2024
BRD_20230713,짬스형퓨전짬뽕,17.0,평가 대상 아님,,,가맹점이 30개에 이른 적이 없어(최대 27개) 성장률·종료율이 잡음에 좌우되므로 평가하지 않습니다.,2024
BRD_20230880,구울:계,17.0,평가 대상 아님,,,가맹점이 30개에 이른 적이 없어(최대 17개) 성장률·종료율이 잡음에 좌우되므로 평가하지 않습니다.,2024
BRD_20230934,트로피티아일랜드,17.0,평가 대상 아님,,,가맹점이 30개에 이른 적이 없어(최대 17개) 성장률·종료율이 잡음에 좌우되므로 평가하지 않습니다.,2024
BRD_20231272,동동꽈배기,17.0,평가 대상 아님,,,가맹점이 30개에 이른 적이 없어(최대 17개) 성장률·종료율이 잡음에 좌우되므로 평가하지 않습니다.,2024
BRD_20231332,편백회관,17.0,평가 대상 아님,,,가맹점이 30개에 이른 적이 없어(최대 17개) 성장률·종료율이 잡음에 좌우되므로 평가하지 않습니다.,2024
BRD_20231502,초이다이닝,17.0,평가 대상 아님,,,가맹점이 30개에 이른 적이 없어(최대 19개) 성장률·종료율이 잡음에 좌우되므로 평가하지 않습니다.,2024
BRD_20240036,범카츠,17.0,평가 대상 아님,,,가맹점이 30개에 이른 적이 없어(최대 17개) 성장률·종료율이 잡음에 좌우되므로 평가하지 않습니다.,2024
BRD_20250053,스뎅식당,17.0,평가 대상 아님,,,가맹점이 30개에 이른 적이 없어(최대 17개) 성장률·종료율이 잡음에 좌우되므로 평가하지 않습니다.,2024
NAME:명동할머니국수@외식,명동할머니국수,17.0,평가 대상 아님,,,"2022년 가맹점 통계가 비어 있고 다른 공식 기록으로도 확인되지 않아, '3년 연속 공시' 조건을 채우지 못했습니다.",2024
NAME:바스버거basburger@외식,바스버거(BAS BURGER),17.0,평가 대상 아님,,,가맹점이 30개에 이른 적이 없어(최대 17개) 성장률·종료율이 잡음에 좌우되므로 평가하지 않습니다.,2024
NAME:포메인red@외식,포메인RED,17.0,평가 대상 아님,,,가맹점이 30개에 이른 적이 없어(최대 17개) 성장률·종료율이 잡음에 좌우되므로 평가하지 않습니다.,2024
BRD_20080200184,하우스홀드,16.0,평가 대상 아님,,,"2023년 가맹점 통계가 이 브랜드 이름으로 비어 있어, 점포 증감·계약종료율 같은 최근 변화 지표를 계산할 수 없습니다. 이 상태로 점수를 내면 위험이 낮게 나오므로 평가하지 않습니다. (같은 해 다른 기록: 2023년: 정보공개서 등록 기록)",2024
BRD_20080200271,뚱뚱이할머니족발보쌈,16.0,평가 대상 아님,,,가맹점이 30개에 이른 적이 없어(최대 23개) 성장률·종료율이 잡음에 좌우되므로 평가하지 않습니다.,2024
BRD_20080600034,모캄보,16.0,평가 대상 아님,,,가맹점이 30개에 이른 적이 없어(최대 27개) 성장률·종료율이 잡음에 좌우되므로 평가하지 않습니다.,2024
BRD_20090100046,정든닭발,16.0,평가 대상 아님,,,가맹점이 30개에 이른 적이 없어(최대 28개) 성장률·종료율이 잡음에 좌우되므로 평가하지 않습니다.,2024
BRD_20100100572,소담비빔국수,16.0,평가 대상 아님,,,가맹점이 30개에 이른 적이 없어(최대 16개) 성장률·종료율이 잡음에 좌우되므로 평가하지 않습니다.,2024
BRD_20100500020,설원칡냉면&푸짐보쌈,16.0,평가 대상 아님,,,가맹점이 30개에 이른 적이 없어(최대 21개) 성장률·종료율이 잡음에 좌우되므로 평가하지 않습니다.,2024
BRD_20100600029,주왕산삼계탕,16.0,평가 대상 아님,,,가맹점이 30개에 이른 적이 없어(최대 16개) 성장률·종료율이 잡음에 좌우되므로 평가하지 않습니다.,2024
BRD_20120600075,허대구 대구통닭,16.0,평가 대상 아님,,,가맹점이 30개에 이른 적이 없어(최대 26개) 성장률·종료율이 잡음에 좌우되므로 평가하지 않습니다.,2024
BRD_20130100251,홍수계찜닭,16.0,평가 대상 아님,,,가맹점이 30개에 이른 적이 없어(최대 20개) 성장률·종료율이 잡음에 좌우되므로 평가하지 않습니다.,2024
BRD_20141068,마리짱,16.0,평가 대상 아님,,,가맹점이 30개에 이른 적이 없어(최대 24개) 성장률·종료율이 잡음에 좌우되므로 평가하지 않습니다.,2024
BRD_20150617,심야식당 치치,16.0,평가 대상 아님,,,가맹점이 30개에 이른 적이 없어(최대 28개) 성장률·종료율이 잡음에 좌우되므로 평가하지 않습니다.,2024
BRD_20150836,빨간모자피자,16.0,평가 대상 아님,,,가맹점이 30개에 이른 적이 없어(최대 23개) 성장률·종료율이 잡음에 좌우되므로 평가하지 않습니다.,2024
BRD_20160161,황장군,16.0,평가 대상 아님,,,가맹점이 30개에 이른 적이 없어(최대 21개) 성장률·종료율이 잡음에 좌우되므로 평가하지 않습니다.,2024
BRD_20160278,본우리반상,16.0,평가 대상 아님,,,가맹점이 30개에 이른 적이 없어(최대 16개) 성장률·종료율이 잡음에 좌우되므로 평가하지 않습니다.,2024
BRD_20161044,루스트플레이스,16.0,평가 대상 아님,,,가맹점이 30개에 이른 적이 없어(최대 17개) 성장률·종료율이 잡음에 좌우되므로 평가하지 않습니다.,2024
BRD_20170113,치킨89(치킨팔구),16.0,평가 대상 아님,,,가맹점이 30개에 이른 적이 없어(최대 26개) 성장률·종료율이 잡음에 좌우되므로 평가하지 않습니다.,2024
BRD_20170903,카츠젠,16.0,평가 대상 아님,,,가맹점이 30개에 이른 적이 없어(최대 25개) 성장률·종료율이 잡음에 좌우되므로 평가하지 않습니다.,2024
BRD_20180722,꼬레랑,16.0,평가 대상 아님,,,가맹점이 30개에 이른 적이 없어(최대 22개) 성장률·종료율이 잡음에 좌우되므로 평가하지 않습니다.,2024
BRD_20180735,트레비어,16.0,평가 대상 아님,,,가맹점이 30개에 이른 적이 없어(최대 17개) 성장률·종료율이 잡음에 좌우되므로 평가하지 않습니다.,2024
BRD_20181161,시나본(CINNABON),16.0,평가 대상 아님,,,가맹점이 30개에 이른 적이 없어(최대 25개) 성장률·종료율이 잡음에 좌우되므로 평가하지 않습니다.,2024
BRD_20181324,치맥킹,16.0,평가 대상 아님,,,가맹점이 30개에 이른 적이 없어(최대 16개) 성장률·종료율이 잡음에 좌우되므로 평가하지 않습니다.,2024
BRD_20190465,역전국밥,16.0,평가 대상 아님,,,가맹점이 30개에 이른 적이 없어(최대 16개) 성장률·종료율이 잡음에 좌우되므로 평가하지 않습니다.,2024
BRD_20191116,강씨가문의족발,16.0,평가 대상 아님,,,가맹점이 30개에 이른 적이 없어(최대 16개) 성장률·종료율이 잡음에 좌우되므로 평가하지 않습니다.,2024
BRD_20191219,유성갈비,16.0,평가 대상 아님,,,가맹점이 30개에 이른 적이 없어(최대 16개) 성장률·종료율이 잡음에 좌우되므로 평가하지 않습니다.,2024
BRD_20191294,리얼제주텐미탕수육,16.0,평가 대상 아님,,,"2023년 가맹점 통계가 이 브랜드 이름으로 비어 있어, 점포 증감·계약종료율 같은 최근 변화 지표를 계산할 수 없습니다. 이 상태로 점수를 내면 위험이 낮게 나오므로 평가하지 않습니다. (같은 해 다른 기록: 2023년: 지역·직영 통계(15125490)에 가맹점 기록)",2024
BRD_20191422,커피기업,16.0,평가 대상 아님,,,가맹점이 30개에 이른 적이 없어(최대 17개) 성장률·종료율이 잡음에 좌우되므로 평가하지 않습니다.,2024
BRD_20200071,아우어베이커리(OUR Bakery),16.0,평가 대상 아님,,,가맹점이 30개에 이른 적이 없어(최대 16개) 성장률·종료율이 잡음에 좌우되므로 평가하지 않습니다.,2024
BRD_20200083,진아구,16.0,평가 대상 아님,,,가맹점이 30개에 이른 적이 없어(최대 16개) 성장률·종료율이 잡음에 좌우되므로 평가하지 않습니다.,2024
BRD_20200248,삼백돈돈가츠,16.0,평가 대상 아님,,,가맹점이 30개에 이른 적이 없어(최대 16개) 성장률·종료율이 잡음에 좌우되므로 평가하지 않습니다.,2024
BRD_20200381,순치킨,16.0,평가 대상 아님,,,가맹점이 30개에 이른 적이 없어(최대 26개) 성장률·종료율이 잡음에 좌우되므로 평가하지 않습니다.,2024
BRD_20200397,매취랑 감자탕,16.0,평가 대상 아님,,,가맹점이 30개에 이른 적이 없어(최대 16개) 성장률·종료율이 잡음에 좌우되므로 평가하지 않습니다.,2024
BRD_20200642,분식회사떡심,16.0,평가 대상 아님,,,가맹점이 30개에 이른 적이 없어(최대 18개) 성장률·종료율이 잡음에 좌우되므로 평가하지 않습니다.,2024
BRD_20201107,킹프레소,16.0,평가 대상 아님,,,가맹점이 30개에 이른 적이 없어(최대 19개) 성장률·종료율이 잡음에 좌우되므로 평가하지 않습니다.,2024
BRD_20201732,길가옆에누룽지삼계탕,16.0,평가 대상 아님,,,가맹점이 30개에 이른 적이 없어(최대 16개) 성장률·종료율이 잡음에 좌우되므로 평가하지 않습니다.,2024
BRD_20210371,전주진국밥,16.0,평가 대상 아님,,,가맹점이 30개에 이른 적이 없어(최대 24개) 성장률·종료율이 잡음에 좌우되므로 평가하지 않습니다.,2024
BRD_20210458,어오케이커피(A.OK COFFEE),16.0,평가 대상 아님,,,가맹점이 30개에 이른 적이 없어(최대 16개) 성장률·종료율이 잡음에 좌우되므로 평가하지 않습니다.,2024
BRD_20211940,에밀리아(emilia),16.0,평가 대상 아님,,,가맹점이 30개에 이른 적이 없어(최대 20개) 성장률·종료율이 잡음에 좌우되므로 평가하지 않습니다.,2024
BRD_20212276,일일향,16.0,평가 대상 아님,,,가맹점이 30개에 이른 적이 없어(최대 16개) 성장률·종료율이 잡음에 좌우되므로 평가하지 않습니다.,2024
BRD_20213027,황제무한화로구이,16.0,평가 대상 아님,,,가맹점이 30개에 이른 적이 없어(최대 18개) 성장률·종료율이 잡음에 좌우되므로 평가하지 않습니다.,2024
BRD_20213157,소표국수,16.0,평가 대상 아님,,,가맹점이 30개에 이른 적이 없어(최대 16개) 성장률·종료율이 잡음에 좌우되므로 평가하지 않습니다.,2024
BRD_20215018,쪽갈비에미치닭,16.0,평가 대상 아님,,,가맹점이 30개에 이른 적이 없어(최대 16개) 성장률·종료율이 잡음에 좌우되므로 평가하지 않습니다.,2024
BRD_20215454,정다함돈가스 푸드트럭,16.0,평가 대상 아님,,,가맹점이 30개에 이른 적이 없어(최대 16개) 성장률·종료율이 잡음에 좌우되므로 평가하지 않습니다.,2024
BRD_20215866,아담's 꼬마김밥,16.0,평가 대상 아님,,,가맹점이 30개에 이른 적이 없어(최대 19개) 성장률·종료율이 잡음에 좌우되므로 평가하지 않습니다.,2024
BRD_20220518,닭앤밀 닭앤도리,16.0,평가 대상 아님,,,가맹점이 30개에 이른 적이 없어(최대 16개) 성장률·종료율이 잡음에 좌우되므로 평가하지 않습니다.,2024
BRD_20220544,또리커피,16.0,평가 대상 아님,,,가맹점이 30개에 이른 적이 없어(최대 16개) 성장률·종료율이 잡음에 좌우되므로 평가하지 않습니다.,2024
BRD_20220756,쑈진즈마라탕,16.0,평가 대상 아님,,,가맹점이 30개에 이른 적이 없어(최대 17개) 성장률·종료율이 잡음에 좌우되므로 평가하지 않습니다.,2024
BRD_20220857,다이닝타몽,16.0,평가 대상 아님,,,가맹점이 30개에 이른 적이 없어(최대 16개) 성장률·종료율이 잡음에 좌우되므로 평가하지 않습니다.,2024
BRD_20221271,목돈72,16.0,평가 대상 아님,,,가맹점이 30개에 이른 적이 없어(최대 16개) 성장률·종료율이 잡음에 좌우되므로 평가하지 않습니다.,2024
BRD_20230155,곤조,16.0,평가 대상 아님,,,가맹점이 30개에 이른 적이 없어(최대 21개) 성장률·종료율이 잡음에 좌우되므로 평가하지 않습니다.,2024
BRD_20230352,한가어죽,16.0,평가 대상 아님,,,가맹점이 30개에 이른 적이 없어(최대 16개) 성장률·종료율이 잡음에 좌우되므로 평가하지 않습니다.,2024
BRD_20230447,샌딜리버블,16.0,평가 대상 아님,,,가맹점이 30개에 이른 적이 없어(최대 16개) 성장률·종료율이 잡음에 좌우되므로 평가하지 않습니다.,2024
BRD_20230787,굴림 타코야끼,16.0,평가 대상 아님,,,가맹점이 30개에 이른 적이 없어(최대 16개) 성장률·종료율이 잡음에 좌우되므로 평가하지 않습니다.,2024
BRD_20231125,쿠시노아,16.0,평가 대상 아님,,,가맹점이 30개에 이른 적이 없어(최대 16개) 성장률·종료율이 잡음에 좌우되므로 평가하지 않습니다.,2024
BRD_20231445,치키차카초코,16.0,평가 대상 아님,,,가맹점이 30개에 이른 적이 없어(최대 19개) 성장률·종료율이 잡음에 좌우되므로 평가하지 않습니다.,2024
BRD_20231842,마라섬,16.0,평가 대상 아님,,,가맹점이 30개에 이른 적이 없어(최대 16개) 성장률·종료율이 잡음에 좌우되므로 평가하지 않습니다.,2024
BRD_20231909,남영댁 커피24,16.0,평가 대상 아님,,,가맹점이 30개에 이른 적이 없어(최대 16개) 성장률·종료율이 잡음에 좌우되므로 평가하지 않습니다.,2024
BRD_20240254|JNG_016890,스윗앤샷,16.0,평가 대상 아님,,,가맹점이 30개에 이른 적이 없어(최대 16개) 성장률·종료율이 잡음에 좌우되므로 평가하지 않습니다.,2024
BRD_20240325|JNG_001197,소주물,16.0,평가 대상 아님,,,가맹점이 30개에 이른 적이 없어(최대 16개) 성장률·종료율이 잡음에 좌우되므로 평가하지 않습니다.,2024
BRD_20240572,명장 김치찜,16.0,평가 대상 아님,,,가맹점이 30개에 이른 적이 없어(최대 16개) 성장률·종료율이 잡음에 좌우되므로 평가하지 않습니다.,2024
BRD_20240800,마블스크림,16.0,평가 대상 아님,,,가맹점이 30개에 이른 적이 없어(최대 16개) 성장률·종료율이 잡음에 좌우되므로 평가하지 않습니다.,2024
BRD_20241099,움버거앤윙스,16.0,평가 대상 아님,,,가맹점이 30개에 이른 적이 없어(최대 16개) 성장률·종료율이 잡음에 좌우되므로 평가하지 않습니다.,2024
BRD_20241359,요거 피플,16.0,평가 대상 아님,,,가맹점이 30개에 이른 적이 없어(최대 16개) 성장률·종료율이 잡음에 좌우되므로 평가하지 않습니다.,2024
BRD_20250451,르블루피자,16.0,평가 대상 아님,,,가맹점이 30개에 이른 적이 없어(최대 16개) 성장률·종료율이 잡음에 좌우되므로 평가하지 않습니다.,2024
BRD_20090100226,백청우칼국수,15.0,평가 대상 아님,,,가맹점이 30개에 이른 적이 없어(최대 16개) 성장률·종료율이 잡음에 좌우되므로 평가하지 않습니다.,2024
BRD_20100100024,도스타코스,15.0,평가 대상 아님,,,가맹점이 30개에 이른 적이 없어(최대 15개) 성장률·종료율이 잡음에 좌우되므로 평가하지 않습니다.,2024
BRD_20100500012,월남쌈김상사,15.0,평가 대상 아님,,,가맹점이 30개에 이른 적이 없어(최대 29개) 성장률·종료율이 잡음에 좌우되므로 평가하지 않습니다.,2024
BRD_20120100308,원조강영숙봉평메밀촌,15.0,평가 대상 아님,,,"2023년 가맹점 통계가 이 브랜드 이름으로 비어 있어, 점포 증감·계약종료율 같은 최근 변화 지표를 계산할 수 없습니다. 이 상태로 점수를 내면 위험이 낮게 나오므로 평가하지 않습니다. (같은 해 다른 기록: 2023년: 지역·직영 통계(15125490)에 가맹점 기록)",2024
BRD_20120400043,누룩꽃 피는날,15.0,평가 대상 아님,,,가맹점이 30개에 이른 적이 없어(최대 27개) 성장률·종료율이 잡음에 좌우되므로 평가하지 않습니다.,2024
BRD_20140537,태성추어탕,15.0,평가 대상 아님,,,가맹점이 30개에 이른 적이 없어(최대 19개) 성장률·종료율이 잡음에 좌우되므로 평가하지 않습니다.,2024
BRD_20160106,마스터피자쏭,15.0,평가 대상 아님,,,가맹점이 30개에 이른 적이 없어(최대 15개) 성장률·종료율이 잡음에 좌우되므로 평가하지 않습니다.,2024
BRD_20160108,흑돼지 삼백식당,15.0,평가 대상 아님,,,가맹점이 30개에 이른 적이 없어(최대 25개) 성장률·종료율이 잡음에 좌우되므로 평가하지 않습니다.,2024
BRD_20170350,타이티카페(TAETEA CAFE),15.0,평가 대상 아님,,,가맹점이 30개에 이른 적이 없어(최대 18개) 성장률·종료율이 잡음에 좌우되므로 평가하지 않습니다.,2024
BRD_20170719,세광교대이층집,15.0,평가 대상 아님,,,가맹점이 30개에 이른 적이 없어(최대 24개) 성장률·종료율이 잡음에 좌우되므로 평가하지 않습니다.,2024
BRD_20171123,부리또인,15.0,평가 대상 아님,,,가맹점이 30개에 이른 적이 없어(최대 15개) 성장률·종료율이 잡음에 좌우되므로 평가하지 않습니다.,2024
BRD_20171245,등갈비애꼬치다,15.0,평가 대상 아님,,,가맹점이 30개에 이른 적이 없어(최대 18개) 성장률·종료율이 잡음에 좌우되므로 평가하지 않습니다.,2024
BRD_20171405,필스너하우스(PILSNER HOUSE),15.0,평가 대상 아님,,,가맹점이 30개에 이른 적이 없어(최대 15개) 성장률·종료율이 잡음에 좌우되므로 평가하지 않습니다.,2024
BRD_20180144,파더스베이글(father'sbagel),15.0,평가 대상 아님,,,가맹점이 30개에 이른 적이 없어(최대 15개) 성장률·종료율이 잡음에 좌우되므로 평가하지 않습니다.,2024
BRD_20180752,피자베이,15.0,평가 대상 아님,,,가맹점이 30개에 이른 적이 없어(최대 29개) 성장률·종료율이 잡음에 좌우되므로 평가하지 않습니다.,2024
BRD_20181128,삼초전 삼겹살 초벌전문점,15.0,평가 대상 아님,,,가맹점이 30개에 이른 적이 없어(최대 24개) 성장률·종료율이 잡음에 좌우되므로 평가하지 않습니다.,2024
BRD_20190498,초밥싸롱,15.0,평가 대상 아님,,,가맹점이 30개에 이른 적이 없어(최대 15개) 성장률·종료율이 잡음에 좌우되므로 평가하지 않습니다.,2024
BRD_20190575,형제들 감자탕,15.0,평가 대상 아님,,,가맹점이 30개에 이른 적이 없어(최대 15개) 성장률·종료율이 잡음에 좌우되므로 평가하지 않습니다.,2024
BRD_20190651,국가대패,15.0,평가 대상 아님,,,가맹점이 30개에 이른 적이 없어(최대 24개) 성장률·종료율이 잡음에 좌우되므로 평가하지 않습니다.,2024
BRD_20191317,진지방,15.0,평가 대상 아님,,,가맹점이 30개에 이른 적이 없어(최대 18개) 성장률·종료율이 잡음에 좌우되므로 평가하지 않습니다.,2024
BRD_20191411,바로그집,15.0,평가 대상 아님,,,가맹점이 30개에 이른 적이 없어(최대 16개) 성장률·종료율이 잡음에 좌우되므로 평가하지 않습니다.,2024
BRD_20200482,장미막창,15.0,평가 대상 아님,,,가맹점이 30개에 이른 적이 없어(최대 15개) 성장률·종료율이 잡음에 좌우되므로 평가하지 않습니다.,2024
BRD_20200530,그여행(B.H.F.H),15.0,평가 대상 아님,,,가맹점이 30개에 이른 적이 없어(최대 16개) 성장률·종료율이 잡음에 좌우되므로 평가하지 않습니다.,2024
BRD_20200674,카츠오모이,15.0,평가 대상 아님,,,가맹점이 30개에 이른 적이 없어(최대 15개) 성장률·종료율이 잡음에 좌우되므로 평가하지 않습니다.,2024
BRD_20200723|JNG_007809,펠어커피초코,15.0,평가 대상 아님,,,가맹점이 30개에 이른 적이 없어(최대 23개) 성장률·종료율이 잡음에 좌우되므로 평가하지 않습니다.,2024
BRD_20201340,괸당집,15.0,평가 대상 아님,,,가맹점이 30개에 이른 적이 없어(최대 15개) 성장률·종료율이 잡음에 좌우되므로 평가하지 않습니다.,2024
BRD_20201390,전포여관,15.0,평가 대상 아님,,,가맹점이 30개에 이른 적이 없어(최대 17개) 성장률·종료율이 잡음에 좌우되므로 평가하지 않습니다.,2024
BRD_20201568,위찜,15.0,평가 대상 아님,,,가맹점이 30개에 이른 적이 없어(최대 16개) 성장률·종료율이 잡음에 좌우되므로 평가하지 않습니다.,2024
BRD_20210338,솔가숯불갈비,15.0,평가 대상 아님,,,가맹점이 30개에 이른 적이 없어(최대 15개) 성장률·종료율이 잡음에 좌우되므로 평가하지 않습니다.,2024
BRD_20210464,카츠모리,15.0,평가 대상 아님,,,가맹점이 30개에 이른 적이 없어(최대 23개) 성장률·종료율이 잡음에 좌우되므로 평가하지 않습니다.,2024
BRD_20210757,블루빈스,15.0,평가 대상 아님,,,가맹점이 30개에 이른 적이 없어(최대 16개) 성장률·종료율이 잡음에 좌우되므로 평가하지 않습니다.,2024
BRD_20210862,샤오당쟈,15.0,평가 대상 아님,,,가맹점이 30개에 이른 적이 없어(최대 15개) 성장률·종료율이 잡음에 좌우되므로 평가하지 않습니다.,2024
BRD_20211094,하이테이블,15.0,평가 대상 아님,,,가맹점이 30개에 이른 적이 없어(최대 17개) 성장률·종료율이 잡음에 좌우되므로 평가하지 않습니다.,2024
BRD_20211372,숯불민족,15.0,평가 대상 아님,,,가맹점이 30개에 이른 적이 없어(최대 16개) 성장률·종료율이 잡음에 좌우되므로 평가하지 않습니다.,2024
BRD_20211665,왕큰손곱도리탕,15.0,평가 대상 아님,,,가맹점이 30개에 이른 적이 없어(최대 15개) 성장률·종료율이 잡음에 좌우되므로 평가하지 않습니다.,2024
BRD_20212728,청도미나리식당,15.0,평가 대상 아님,,,가맹점이 30개에 이른 적이 없어(최대 15개) 성장률·종료율이 잡음에 좌우되므로 평가하지 않습니다.,2024
BRD_20213122,방이옥,15.0,평가 대상 아님,,,가맹점이 30개에 이른 적이 없어(최대 22개) 성장률·종료율이 잡음에 좌우되므로 평가하지 않습니다.,2024
BRD_20213394,동해강릉초당짬뽕순두부,15.0,평가 대상 아님,,,가맹점이 30개에 이른 적이 없어(최대 15개) 성장률·종료율이 잡음에 좌우되므로 평가하지 않습니다.,2024
BRD_20214112,부라보쪽갈비,15.0,평가 대상 아님,,,가맹점이 30개에 이른 적이 없어(최대 15개) 성장률·종료율이 잡음에 좌우되므로 평가하지 않습니다.,2024
BRD_20215534,호박꽃,15.0,평가 대상 아님,,,가맹점이 30개에 이른 적이 없어(최대 15개) 성장률·종료율이 잡음에 좌우되므로 평가하지 않습니다.,2024
BRD_20220210,청년숯불두마리치킨,15.0,평가 대상 아님,,,가맹점이 30개에 이른 적이 없어(최대 15개) 성장률·종료율이 잡음에 좌우되므로 평가하지 않습니다.,2024
BRD_20220317,파스타왔어요,15.0,평가 대상 아님,,,가맹점이 30개에 이른 적이 없어(최대 23개) 성장률·종료율이 잡음에 좌우되므로 평가하지 않습니다.,2024
BRD_20220377|JNG_013057,아토커피,15.0,평가 대상 아님,,,가맹점이 30개에 이른 적이 없어(최대 15개) 성장률·종료율이 잡음에 좌우되므로 평가하지 않습니다.,2024
BRD_20220850,동백연화,15.0,평가 대상 아님,,,가맹점이 30개에 이른 적이 없어(최대 15개) 성장률·종료율이 잡음에 좌우되므로 평가하지 않습니다.,2024
BRD_20220952,스위시(SUWiSH),15.0,평가 대상 아님,,,가맹점이 30개에 이른 적이 없어(최대 15개) 성장률·종료율이 잡음에 좌우되므로 평가하지 않습니다.,2024
BRD_20220959,콩카페,15.0,평가 대상 아님,,,가맹점이 30개에 이른 적이 없어(최대 15개) 성장률·종료율이 잡음에 좌우되므로 평가하지 않습니다.,2024
BRD_20230096,티엠티피자(TMT피자),15.0,평가 대상 아님,,,가맹점이 30개에 이른 적이 없어(최대 15개) 성장률·종료율이 잡음에 좌우되므로 평가하지 않습니다.,2024
BRD_20230376,요거팡 YogurPang,15.0,평가 대상 아님,,,가맹점이 30개에 이른 적이 없어(최대 15개) 성장률·종료율이 잡음에 좌우되므로 평가하지 않습니다.,2024
BRD_20230458,국수기행,15.0,평가 대상 아님,,,가맹점이 30개에 이른 적이 없어(최대 15개) 성장률·종료율이 잡음에 좌우되므로 평가하지 않습니다.,2024
BRD_20230635,다이닝원,15.0,평가 대상 아님,,,가맹점이 30개에 이른 적이 없어(최대 16개) 성장률·종료율이 잡음에 좌우되므로 평가하지 않습니다.,2024
BRD_20231172,장수치킨맥주,15.0,평가 대상 아님,,,가맹점이 30개에 이른 적이 없어(최대 15개) 성장률·종료율이 잡음에 좌우되므로 평가하지 않습니다.,2024
BRD_20231349,쌈마이닭쌈밥,15.0,평가 대상 아님,,,가맹점이 30개에 이른 적이 없어(최대 15개) 성장률·종료율이 잡음에 좌우되므로 평가하지 않습니다.,2024
BRD_20231410|JNG_015990,대패마켙,15.0,평가 대상 아님,,,가맹점이 30개에 이른 적이 없어(최대 15개) 성장률·종료율이 잡음에 좌우되므로 평가하지 않습니다.,2024
BRD_20231821,동읍리,15.0,평가 대상 아님,,,가맹점이 30개에 이른 적이 없어(최대 15개) 성장률·종료율이 잡음에 좌우되므로 평가하지 않습니다.,2024
BRD_20231850,산촌신쭈꾸미,15.0,평가 대상 아님,,,가맹점이 30개에 이른 적이 없어(최대 15개) 성장률·종료율이 잡음에 좌우되므로 평가하지 않습니다.,2024
BRD_20231864,돌우물집,15.0,평가 대상 아님,,,가맹점이 30개에 이른 적이 없어(최대 15개) 성장률·종료율이 잡음에 좌우되므로 평가하지 않습니다.,2024
BRD_20231874,박순자아우내순대,15.0,평가 대상 아님,,,가맹점이 30개에 이른 적이 없어(최대 15개) 성장률·종료율이 잡음에 좌우되므로 평가하지 않습니다.,2024
BRD_20231905|JNG_016564,깻잎막회,15.0,평가 대상 아님,,,가맹점이 30개에 이른 적이 없어(최대 15개) 성장률·종료율이 잡음에 좌우되므로 평가하지 않습니다.,2024
BRD_20240031,삼도숙성회,15.0,평가 대상 아님,,,가맹점이 30개에 이른 적이 없어(최대 15개) 성장률·종료율이 잡음에 좌우되므로 평가하지 않습니다.,2024
BRD_20240101,덮빔밥,15.0,평가 대상 아님,,,가맹점이 30개에 이른 적이 없어(최대 15개) 성장률·종료율이 잡음에 좌우되므로 평가하지 않습니다.,2024
BRD_20240118,전설낙곱새,15.0,평가 대상 아님,,,가맹점이 30개에 이른 적이 없어(최대 15개) 성장률·종료율이 잡음에 좌우되므로 평가하지 않습니다.,2024
BRD_20240175,KFC(케이에프씨),15.0,평가 대상 아님,,,가맹점이 30개에 이른 적이 없어(최대 15개) 성장률·종료율이 잡음에 좌우되므로 평가하지 않습니다.,2024
BRD_20240187,용길이네국밥집,15.0,평가 대상 아님,,,가맹점이 30개에 이른 적이 없어(최대 15개) 성장률·종료율이 잡음에 좌우되므로 평가하지 않습니다.,2024
BRD_20241136,K비빔밥,15.0,평가 대상 아님,,,가맹점이 30개에 이른 적이 없어(최대 15개) 성장률·종료율이 잡음에 좌우되므로 평가하지 않습니다.,2024
BRD_20241711,하나마토,15.0,평가 대상 아님,,,가맹점이 30개에 이른 적이 없어(최대 15개) 성장률·종료율이 잡음에 좌우되므로 평가하지 않습니다.,2024
NAME:꼬치마요@외식,꼬치마요,15.0,평가 대상 아님,,,가맹점이 30개에 이른 적이 없어(최대 15개) 성장률·종료율이 잡음에 좌우되므로 평가하지 않습니다.,2024
BRD_20080100161,신기소,14.0,평가 대상 아님,,,가맹점이 30개에 이른 적이 없어(최대 25개) 성장률·종료율이 잡음에 좌우되므로 평가하지 않습니다.,2024
BRD_20080200039,맥켄치킨,14.0,평가 대상 아님,,,가맹점이 30개에 이른 적이 없어(최대 29개) 성장률·종료율이 잡음에 좌우되므로 평가하지 않습니다.,2024
BRD_20080200201,어죽이네철렵국,14.0,평가 대상 아님,,,가맹점이 30개에 이른 적이 없어(최대 19개) 성장률·종료율이 잡음에 좌우되므로 평가하지 않습니다.,2024
BRD_20090400030,콩시루,14.0,평가 대상 아님,,,가맹점이 30개에 이른 적이 없어(최대 20개) 성장률·종료율이 잡음에 좌우되므로 평가하지 않습니다.,2024
BRD_20110500001,시골애,14.0,평가 대상 아님,,,가맹점이 30개에 이른 적이 없어(최대 23개) 성장률·종료율이 잡음에 좌우되므로 평가하지 않습니다.,2024
BRD_20110500004,시골막국수와 옹심이,14.0,평가 대상 아님,,,가맹점이 30개에 이른 적이 없어(최대 14개) 성장률·종료율이 잡음에 좌우되므로 평가하지 않습니다.,2024
BRD_20130100371,남노갈비,14.0,평가 대상 아님,,,가맹점이 30개에 이른 적이 없어(최대 22개) 성장률·종료율이 잡음에 좌우되므로 평가하지 않습니다.,2024
BRD_20140067,짬뽕타임,14.0,평가 대상 아님,,,"2023년 가맹점 통계가 이 브랜드 이름으로 비어 있어, 점포 증감·계약종료율 같은 최근 변화 지표를 계산할 수 없습니다. 이 상태로 점수를 내면 위험이 낮게 나오므로 평가하지 않습니다. (같은 해 다른 기록: 2023년: 지역·직영 통계(15125490)에 가맹점 기록)",2024
BRD_20141142,장금수부대찌개,14.0,평가 대상 아님,,,가맹점이 30개에 이른 적이 없어(최대 23개) 성장률·종료율이 잡음에 좌우되므로 평가하지 않습니다.,2024
BRD_20150761,이용민의 유성닭발,14.0,평가 대상 아님,,,가맹점이 30개에 이른 적이 없어(최대 20개) 성장률·종료율이 잡음에 좌우되므로 평가하지 않습니다.,2024
BRD_20150883,빈체로,14.0,평가 대상 아님,,,가맹점이 30개에 이른 적이 없어(최대 22개) 성장률·종료율이 잡음에 좌우되므로 평가하지 않습니다.,2024
BRD_20151194,삼대족발,14.0,평가 대상 아님,,,가맹점이 30개에 이른 적이 없어(최대 22개) 성장률·종료율이 잡음에 좌우되므로 평가하지 않습니다.,2024
BRD_20170097,굴천지&초계국수,14.0,평가 대상 아님,,,가맹점이 30개에 이른 적이 없어(최대 16개) 성장률·종료율이 잡음에 좌우되므로 평가하지 않습니다.,2024
BRD_20170186,달곰김밥,14.0,평가 대상 아님,,,가맹점이 30개에 이른 적이 없어(최대 24개) 성장률·종료율이 잡음에 좌우되므로 평가하지 않습니다.,2024
BRD_20170402,엉클부대찌개,14.0,평가 대상 아님,,,가맹점이 30개에 이른 적이 없어(최대 22개) 성장률·종료율이 잡음에 좌우되므로 평가하지 않습니다.,2024
BRD_20170542,왕돈까스&왕냉면,14.0,평가 대상 아님,,,가맹점이 30개에 이른 적이 없어(최대 23개) 성장률·종료율이 잡음에 좌우되므로 평가하지 않습니다.,2024
BRD_20170599,양평서울해장국큰아들집,14.0,평가 대상 아님,,,가맹점이 30개에 이른 적이 없어(최대 14개) 성장률·종료율이 잡음에 좌우되므로 평가하지 않습니다.,2024
BRD_20170927,조리고,14.0,평가 대상 아님,,,가맹점이 30개에 이른 적이 없어(최대 16개) 성장률·종료율이 잡음에 좌우되므로 평가하지 않습니다.,2024
BRD_20171185,전주24시참편한39콩나물국밥,14.0,평가 대상 아님,,,가맹점이 30개에 이른 적이 없어(최대 15개) 성장률·종료율이 잡음에 좌우되므로 평가하지 않습니다.,2024
BRD_20171465,꽃돼지식당,14.0,평가 대상 아님,,,가맹점이 30개에 이른 적이 없어(최대 15개) 성장률·종료율이 잡음에 좌우되므로 평가하지 않습니다.,2024
BRD_20180076,빈타이(BEAN TIE),14.0,평가 대상 아님,,,가맹점이 30개에 이른 적이 없어(최대 14개) 성장률·종료율이 잡음에 좌우되므로 평가하지 않습니다.,2024
BRD_20180290,히즈빈스(HISBEANS),14.0,평가 대상 아님,,,가맹점이 30개에 이른 적이 없어(최대 16개) 성장률·종료율이 잡음에 좌우되므로 평가하지 않습니다.,2024
BRD_20190173,엔츠노래타운,14.0,평가 대상 아님,,,가맹점이 30개에 이른 적이 없어(최대 18개) 성장률·종료율이 잡음에 좌우되므로 평가하지 않습니다.,2024
BRD_20190251,훗스테이크,14.0,평가 대상 아님,,,가맹점이 30개에 이른 적이 없어(최대 20개) 성장률·종료율이 잡음에 좌우되므로 평가하지 않습니다.,2024
BRD_20190264,마린커피,14.0,평가 대상 아님,,,가맹점이 30개에 이른 적이 없어(최대 14개) 성장률·종료율이 잡음에 좌우되므로 평가하지 않습니다.,2024
BRD_20190336,백년가마솥옛날통닭,14.0,평가 대상 아님,,,가맹점이 30개에 이른 적이 없어(최대 23개) 성장률·종료율이 잡음에 좌우되므로 평가하지 않습니다.,2024
BRD_20190436,왕돈까스&왕냉면,14.0,평가 대상 아님,,,가맹점이 30개에 이른 적이 없어(최대 20개) 성장률·종료율이 잡음에 좌우되므로 평가하지 않습니다.,2024
BRD_20191001,우성돈까스,14.0,평가 대상 아님,,,가맹점이 30개에 이른 적이 없어(최대 18개) 성장률·종료율이 잡음에 좌우되므로 평가하지 않습니다.,2024
BRD_20191031,그집마늘치킨&쪼닭,14.0,평가 대상 아님,,,가맹점이 30개에 이른 적이 없어(최대 14개) 성장률·종료율이 잡음에 좌우되므로 평가하지 않습니다.,2024
BRD_20191216,피맥하우스,14.0,평가 대상 아님,,,가맹점이 30개에 이른 적이 없어(최대 21개) 성장률·종료율이 잡음에 좌우되므로 평가하지 않습니다.,2024
BRD_20200115,갈비꽃,14.0,평가 대상 아님,,,가맹점이 30개에 이른 적이 없어(최대 14개) 성장률·종료율이 잡음에 좌우되므로 평가하지 않습니다.,2024
BRD_20200225,마라루,14.0,평가 대상 아님,,,가맹점이 30개에 이른 적이 없어(최대 22개) 성장률·종료율이 잡음에 좌우되므로 평가하지 않습니다.,2024
BRD_20200852,냉철한삼겹,14.0,평가 대상 아님,,,가맹점이 30개에 이른 적이 없어(최대 14개) 성장률·종료율이 잡음에 좌우되므로 평가하지 않습니다.,2024
BRD_20201006,커피브라더,14.0,평가 대상 아님,,,가맹점이 30개에 이른 적이 없어(최대 19개) 성장률·종료율이 잡음에 좌우되므로 평가하지 않습니다.,2024
BRD_20201075,카와루라멘,14.0,평가 대상 아님,,,가맹점이 30개에 이른 적이 없어(최대 21개) 성장률·종료율이 잡음에 좌우되므로 평가하지 않습니다.,2024
BRD_20201115,오비베어(OB BEAR),14.0,평가 대상 아님,,,가맹점이 30개에 이른 적이 없어(최대 23개) 성장률·종료율이 잡음에 좌우되므로 평가하지 않습니다.,2024
BRD_20201147,꿀마니 닭강정,14.0,평가 대상 아님,,,가맹점이 30개에 이른 적이 없어(최대 22개) 성장률·종료율이 잡음에 좌우되므로 평가하지 않습니다.,2024
BRD_20201499,호야짬뽕1650,14.0,평가 대상 아님,,,가맹점이 30개에 이른 적이 없어(최대 15개) 성장률·종료율이 잡음에 좌우되므로 평가하지 않습니다.,2024
BRD_20201826,상아김밥,14.0,평가 대상 아님,,,가맹점이 30개에 이른 적이 없어(최대 14개) 성장률·종료율이 잡음에 좌우되므로 평가하지 않습니다.,2024
BRD_20201880,떡슐랭,14.0,평가 대상 아님,,,가맹점이 30개에 이른 적이 없어(최대 15개) 성장률·종료율이 잡음에 좌우되므로 평가하지 않습니다.,2024
BRD_20210810,좋은초밥,14.0,평가 대상 아님,,,가맹점이 30개에 이른 적이 없어(최대 27개) 성장률·종료율이 잡음에 좌우되므로 평가하지 않습니다.,2024
BRD_20210903,세컨디 포레스트,14.0,평가 대상 아님,,,가맹점이 30개에 이른 적이 없어(최대 28개) 성장률·종료율이 잡음에 좌우되므로 평가하지 않습니다.,2024
BRD_20210912,1703 참한집,14.0,평가 대상 아님,,,가맹점이 30개에 이른 적이 없어(최대 14개) 성장률·종료율이 잡음에 좌우되므로 평가하지 않습니다.,2024
BRD_20211086,CAFE DE CRAFT Bakery,14.0,평가 대상 아님,,,가맹점이 30개에 이른 적이 없어(최대 14개) 성장률·종료율이 잡음에 좌우되므로 평가하지 않습니다.,2024
BRD_20211176,삼굽살,14.0,평가 대상 아님,,,가맹점이 30개에 이른 적이 없어(최대 20개) 성장률·종료율이 잡음에 좌우되므로 평가하지 않습니다.,2024
BRD_20211209,제순식당,14.0,평가 대상 아님,,,가맹점이 30개에 이른 적이 없어(최대 14개) 성장률·종료율이 잡음에 좌우되므로 평가하지 않습니다.,2024
BRD_20211546,오복솥뚜껑,14.0,평가 대상 아님,,,가맹점이 30개에 이른 적이 없어(최대 14개) 성장률·종료율이 잡음에 좌우되므로 평가하지 않습니다.,2024
BRD_20211808,영영,14.0,평가 대상 아님,,,"2023년 가맹점 통계가 이 브랜드 이름으로 비어 있어, 점포 증감·계약종료율 같은 최근 변화 지표를 계산할 수 없습니다. 이 상태로 점수를 내면 위험이 낮게 나오므로 평가하지 않습니다. (같은 해 다른 기록: 2023년: 지역·직영 통계(15125490)에 가맹점 기록)",2024
BRD_20211848,A LOT TO GO(어랏투고),14.0,평가 대상 아님,,,가맹점이 30개에 이른 적이 없어(최대 14개) 성장률·종료율이 잡음에 좌우되므로 평가하지 않습니다.,2024
BRD_20212087,신마라명가,14.0,평가 대상 아님,,,가맹점이 30개에 이른 적이 없어(최대 14개) 성장률·종료율이 잡음에 좌우되므로 평가하지 않습니다.,2024
BRD_20212518,꿀꿀진순대,14.0,평가 대상 아님,,,가맹점이 30개에 이른 적이 없어(최대 14개) 성장률·종료율이 잡음에 좌우되므로 평가하지 않습니다.,2024
BRD_20212522,고기미담,14.0,평가 대상 아님,,,가맹점이 30개에 이른 적이 없어(최대 14개) 성장률·종료율이 잡음에 좌우되므로 평가하지 않습니다.,2024
BRD_20213624,죽토피아,14.0,평가 대상 아님,,,"2023년 가맹점 통계가 이 브랜드 이름으로 비어 있어, 점포 증감·계약종료율 같은 최근 변화 지표를 계산할 수 없습니다. 이 상태로 점수를 내면 위험이 낮게 나오므로 평가하지 않습니다. (같은 해 다른 기록: 2023년: 지역·직영 통계(15125490)에 가맹점 기록)",2024
BRD_20213885,카페홈즈(Cafe Homes),14.0,평가 대상 아님,,,가맹점이 30개에 이른 적이 없어(최대 14개) 성장률·종료율이 잡음에 좌우되므로 평가하지 않습니다.,2024
BRD_20214193,헤이키 커피,14.0,평가 대상 아님,,,가맹점이 30개에 이른 적이 없어(최대 14개) 성장률·종료율이 잡음에 좌우되므로 평가하지 않습니다.,2024
BRD_20214380,달토끼짬뽕,14.0,평가 대상 아님,,,가맹점이 30개에 이른 적이 없어(최대 14개) 성장률·종료율이 잡음에 좌우되므로 평가하지 않습니다.,2024
BRD_20214536,샐러딧,14.0,평가 대상 아님,,,가맹점이 30개에 이른 적이 없어(최대 23개) 성장률·종료율이 잡음에 좌우되므로 평가하지 않습니다.,2024
BRD_20214895,대한냉면 고기친구,14.0,평가 대상 아님,,,가맹점이 30개에 이른 적이 없어(최대 14개) 성장률·종료율이 잡음에 좌우되므로 평가하지 않습니다.,2024
BRD_20215488,허니홈비,14.0,평가 대상 아님,,,가맹점이 30개에 이른 적이 없어(최대 14개) 성장률·종료율이 잡음에 좌우되므로 평가하지 않습니다.,2024
BRD_20215716,포차인북성로,14.0,평가 대상 아님,,,가맹점이 30개에 이른 적이 없어(최대 14개) 성장률·종료율이 잡음에 좌우되므로 평가하지 않습니다.,2024
BRD_20215869,다기몽,14.0,평가 대상 아님,,,가맹점이 30개에 이른 적이 없어(최대 14개) 성장률·종료율이 잡음에 좌우되므로 평가하지 않습니다.,2024
BRD_20220135,정성숯불두마리치킨,14.0,평가 대상 아님,,,가맹점이 30개에 이른 적이 없어(최대 14개) 성장률·종료율이 잡음에 좌우되므로 평가하지 않습니다.,2024
BRD_20220488,1989마라탕,14.0,평가 대상 아님,,,가맹점이 30개에 이른 적이 없어(최대 19개) 성장률·종료율이 잡음에 좌우되므로 평가하지 않습니다.,2024
BRD_20220580,훅트포케(HOOKEDPOKE),14.0,평가 대상 아님,,,가맹점이 30개에 이른 적이 없어(최대 14개) 성장률·종료율이 잡음에 좌우되므로 평가하지 않습니다.,2024
BRD_20221184,비에뜨반미,14.0,평가 대상 아님,,,가맹점이 30개에 이른 적이 없어(최대 14개) 성장률·종료율이 잡음에 좌우되므로 평가하지 않습니다.,2024
BRD_20221456,국밥관,14.0,평가 대상 아님,,,가맹점이 30개에 이른 적이 없어(최대 15개) 성장률·종료율이 잡음에 좌우되므로 평가하지 않습니다.,2024
BRD_20230314,평민닭발,14.0,평가 대상 아님,,,가맹점이 30개에 이른 적이 없어(최대 14개) 성장률·종료율이 잡음에 좌우되므로 평가하지 않습니다.,2024
BRD_20230416,피자다오,14.0,평가 대상 아님,,,가맹점이 30개에 이른 적이 없어(최대 14개) 성장률·종료율이 잡음에 좌우되므로 평가하지 않습니다.,2024
BRD_20230494,형과아우누룽지삼계탕&왕갈비탕,14.0,평가 대상 아님,,,가맹점이 30개에 이른 적이 없어(최대 14개) 성장률·종료율이 잡음에 좌우되므로 평가하지 않습니다.,2024
BRD_20230546,라돌이마라탕,14.0,평가 대상 아님,,,가맹점이 30개에 이른 적이 없어(최대 14개) 성장률·종료율이 잡음에 좌우되므로 평가하지 않습니다.,2024
BRD_20230597,국대찜닭,14.0,평가 대상 아님,,,가맹점이 30개에 이른 적이 없어(최대 14개) 성장률·종료율이 잡음에 좌우되므로 평가하지 않습니다.,2024
BRD_20230684,기울어진뚝배기,14.0,평가 대상 아님,,,가맹점이 30개에 이른 적이 없어(최대 14개) 성장률·종료율이 잡음에 좌우되므로 평가하지 않습니다.,2024
BRD_20230800,교동짬뽕1986,14.0,평가 대상 아님,,,가맹점이 30개에 이른 적이 없어(최대 14개) 성장률·종료율이 잡음에 좌우되므로 평가하지 않습니다.,2024
BRD_20230859,건향촌흑염소,14.0,평가 대상 아님,,,가맹점이 30개에 이른 적이 없어(최대 14개) 성장률·종료율이 잡음에 좌우되므로 평가하지 않습니다.,2024
BRD_20230879,갈바트 카페,14.0,평가 대상 아님,,,가맹점이 30개에 이른 적이 없어(최대 14개) 성장률·종료율이 잡음에 좌우되므로 평가하지 않습니다.,2024
BRD_20230993,고메스퀘어,14.0,평가 대상 아님,,,가맹점이 30개에 이른 적이 없어(최대 14개) 성장률·종료율이 잡음에 좌우되므로 평가하지 않습니다.,2024
BRD_20231080,꽉찬소곱창,14.0,평가 대상 아님,,,가맹점이 30개에 이른 적이 없어(최대 14개) 성장률·종료율이 잡음에 좌우되므로 평가하지 않습니다.,2024
BRD_20231083,고불짬뽕,14.0,평가 대상 아님,,,가맹점이 30개에 이른 적이 없어(최대 14개) 성장률·종료율이 잡음에 좌우되므로 평가하지 않습니다.,2024
BRD_20231129,멘지,14.0,평가 대상 아님,,,가맹점이 30개에 이른 적이 없어(최대 14개) 성장률·종료율이 잡음에 좌우되므로 평가하지 않습니다.,2024
BRD_20231335,찡찡꼬마김밥,14.0,평가 대상 아님,,,가맹점이 30개에 이른 적이 없어(최대 15개) 성장률·종료율이 잡음에 좌우되므로 평가하지 않습니다.,2024
BRD_20231564,자갈집,14.0,평가 대상 아님,,,가맹점이 30개에 이른 적이 없어(최대 14개) 성장률·종료율이 잡음에 좌우되므로 평가하지 않습니다.,2024
BRD_20231666,열혈청춘,14.0,평가 대상 아님,,,가맹점이 30개에 이른 적이 없어(최대 14개) 성장률·종료율이 잡음에 좌우되므로 평가하지 않습니다.,2024
BRD_20231736,위클리베이글,14.0,평가 대상 아님,,,가맹점이 30개에 이른 적이 없어(최대 14개) 성장률·종료율이 잡음에 좌우되므로 평가하지 않습니다.,2024
BRD_20231844,명백집,14.0,평가 대상 아님,,,가맹점이 30개에 이른 적이 없어(최대 14개) 성장률·종료율이 잡음에 좌우되므로 평가하지 않습니다.,2024
BRD_20240081,웍스터(WOKSTER),14.0,평가 대상 아님,,,가맹점이 30개에 이른 적이 없어(최대 14개) 성장률·종료율이 잡음에 좌우되므로 평가하지 않습니다.,2024
NAME:우시야@외식,우시야,14.0,평가 대상 아님,,,가맹점이 30개에 이른 적이 없어(최대 14개) 성장률·종료율이 잡음에 좌우되므로 평가하지 않습니다.,2024
BRD_20080100357,옛날농장,13.0,평가 대상 아님,,,가맹점이 30개에 이른 적이 없어(최대 16개) 성장률·종료율이 잡음에 좌우되므로 평가하지 않습니다.,2024
BRD_20080500027,길성이,13.0,평가 대상 아님,,,가맹점이 30개에 이른 적이 없어(최대 22개) 성장률·종료율이 잡음에 좌우되므로 평가하지 않습니다.,2024
BRD_20100300010,치킨삼파전,13.0,평가 대상 아님,,,가맹점이 30개에 이른 적이 없어(최대 28개) 성장률·종료율이 잡음에 좌우되므로 평가하지 않습니다.,2024
BRD_20120300039,불오뎅,13.0,평가 대상 아님,,,가맹점이 30개에 이른 적이 없어(최대 15개) 성장률·종료율이 잡음에 좌우되므로 평가하지 않습니다.,2024
BRD_20130100202,동서네낙지,13.0,평가 대상 아님,,,가맹점이 30개에 이른 적이 없어(최대 24개) 성장률·종료율이 잡음에 좌우되므로 평가하지 않습니다.,2024
BRD_20130394,짬뽕상회,13.0,평가 대상 아님,,,"2023년 가맹점 통계가 이 브랜드 이름으로 비어 있어, 점포 증감·계약종료율 같은 최근 변화 지표를 계산할 수 없습니다. 이 상태로 점수를 내면 위험이 낮게 나오므로 평가하지 않습니다. (같은 해 다른 기록: 2023년: 지역·직영 통계(15125490)에 가맹점 기록)",2024
BRD_20140802,빨콩,13.0,평가 대상 아님,,,가맹점이 30개에 이른 적이 없어(최대 14개) 성장률·종료율이 잡음에 좌우되므로 평가하지 않습니다.,2024
BRD_20141062,성경만두요리전문점,13.0,평가 대상 아님,,,가맹점이 30개에 이른 적이 없어(최대 25개) 성장률·종료율이 잡음에 좌우되므로 평가하지 않습니다.,2024
BRD_20150531,수김밥,13.0,평가 대상 아님,,,가맹점이 30개에 이른 적이 없어(최대 19개) 성장률·종료율이 잡음에 좌우되므로 평가하지 않습니다.,2024
BRD_20150606,김둘레순대국,13.0,평가 대상 아님,,,가맹점이 30개에 이른 적이 없어(최대 16개) 성장률·종료율이 잡음에 좌우되므로 평가하지 않습니다.,2024
BRD_20150683,천상대게,13.0,평가 대상 아님,,,가맹점이 30개에 이른 적이 없어(최대 16개) 성장률·종료율이 잡음에 좌우되므로 평가하지 않습니다.,2024
BRD_20151283,이자와,13.0,평가 대상 아님,,,"2023년 가맹점 통계가 이 브랜드 이름으로 비어 있어, 점포 증감·계약종료율 같은 최근 변화 지표를 계산할 수 없습니다. 이 상태로 점수를 내면 위험이 낮게 나오므로 평가하지 않습니다. (같은 해 다른 기록: 2023년: 지역·직영 통계(15125490)에 가맹점 기록)",2024
BRD_20160314,전광수커피,13.0,평가 대상 아님,,,가맹점이 30개에 이른 적이 없어(최대 17개) 성장률·종료율이 잡음에 좌우되므로 평가하지 않습니다.,2024
BRD_20170216,육시리,13.0,평가 대상 아님,,,가맹점이 30개에 이른 적이 없어(최대 19개) 성장률·종료율이 잡음에 좌우되므로 평가하지 않습니다.,2024
BRD_20170627,셰프의돈까스,13.0,평가 대상 아님,,,가맹점이 30개에 이른 적이 없어(최대 26개) 성장률·종료율이 잡음에 좌우되므로 평가하지 않습니다.,2024
BRD_20170950,하루비어,13.0,평가 대상 아님,,,가맹점이 30개에 이른 적이 없어(최대 26개) 성장률·종료율이 잡음에 좌우되므로 평가하지 않습니다.,2024
BRD_20171040,국민닭발,13.0,평가 대상 아님,,,가맹점이 30개에 이른 적이 없어(최대 22개) 성장률·종료율이 잡음에 좌우되므로 평가하지 않습니다.,2024
BRD_20171250,이천밥쌤,13.0,평가 대상 아님,,,가맹점이 30개에 이른 적이 없어(최대 13개) 성장률·종료율이 잡음에 좌우되므로 평가하지 않습니다.,2024
BRD_20171316,슈케익하우스(Chou Cake House),13.0,평가 대상 아님,,,가맹점이 30개에 이른 적이 없어(최대 23개) 성장률·종료율이 잡음에 좌우되므로 평가하지 않습니다.,2024
BRD_20171492,케이엠엘리갤러리카페,13.0,평가 대상 아님,,,가맹점이 30개에 이른 적이 없어(최대 25개) 성장률·종료율이 잡음에 좌우되므로 평가하지 않습니다.,2024
BRD_20171517,이름없는 파스타,13.0,평가 대상 아님,,,가맹점이 30개에 이른 적이 없어(최대 13개) 성장률·종료율이 잡음에 좌우되므로 평가하지 않습니다.,2024
BRD_20180045,메밀나라,13.0,평가 대상 아님,,,가맹점이 30개에 이른 적이 없어(최대 13개) 성장률·종료율이 잡음에 좌우되므로 평가하지 않습니다.,2024
BRD_20180123,WOO'Z,13.0,평가 대상 아님,,,가맹점이 30개에 이른 적이 없어(최대 13개) 성장률·종료율이 잡음에 좌우되므로 평가하지 않습니다.,2024
BRD_20180539,진국본가,13.0,평가 대상 아님,,,가맹점이 30개에 이른 적이 없어(최대 17개) 성장률·종료율이 잡음에 좌우되므로 평가하지 않습니다.,2024
BRD_20180586,도쿄이찌바,13.0,평가 대상 아님,,,가맹점이 30개에 이른 적이 없어(최대 21개) 성장률·종료율이 잡음에 좌우되므로 평가하지 않습니다.,2024
BRD_20180719,고칸,13.0,평가 대상 아님,,,가맹점이 30개에 이른 적이 없어(최대 16개) 성장률·종료율이 잡음에 좌우되므로 평가하지 않습니다.,2024
BRD_20190237,막창로2가 삽교곱창,13.0,평가 대상 아님,,,가맹점이 30개에 이른 적이 없어(최대 13개) 성장률·종료율이 잡음에 좌우되므로 평가하지 않습니다.,2024
BRD_20190253,치킨퐁237,13.0,평가 대상 아님,,,가맹점이 30개에 이른 적이 없어(최대 18개) 성장률·종료율이 잡음에 좌우되므로 평가하지 않습니다.,2024
BRD_20190827,열혈분식,13.0,평가 대상 아님,,,가맹점이 30개에 이른 적이 없어(최대 27개) 성장률·종료율이 잡음에 좌우되므로 평가하지 않습니다.,2024
BRD_20191141,리얼파스타,13.0,평가 대상 아님,,,가맹점이 30개에 이른 적이 없어(최대 18개) 성장률·종료율이 잡음에 좌우되므로 평가하지 않습니다.,2024
BRD_20191441,카페그리닝,13.0,평가 대상 아님,,,가맹점이 30개에 이른 적이 없어(최대 15개) 성장률·종료율이 잡음에 좌우되므로 평가하지 않습니다.,2024
BRD_20200074,복사꽃피는집,13.0,평가 대상 아님,,,가맹점이 30개에 이른 적이 없어(최대 13개) 성장률·종료율이 잡음에 좌우되므로 평가하지 않습니다.,2024
BRD_20200473,뽕사부,13.0,평가 대상 아님,,,가맹점이 30개에 이른 적이 없어(최대 14개) 성장률·종료율이 잡음에 좌우되므로 평가하지 않습니다.,2024
BRD_20201143,전골마켓,13.0,평가 대상 아님,,,"2023년 가맹점 통계가 이 브랜드 이름으로 비어 있어, 점포 증감·계약종료율 같은 최근 변화 지표를 계산할 수 없습니다. 이 상태로 점수를 내면 위험이 낮게 나오므로 평가하지 않습니다. (같은 해 다른 기록: 2023년: 지역·직영 통계(15125490)에 가맹점 기록)",2024
BRD_20201260,포식(PHO食),13.0,평가 대상 아님,,,가맹점이 30개에 이른 적이 없어(최대 13개) 성장률·종료율이 잡음에 좌우되므로 평가하지 않습니다.,2024
BRD_20201809,바른초밥,13.0,평가 대상 아님,,,가맹점이 30개에 이른 적이 없어(최대 14개) 성장률·종료율이 잡음에 좌우되므로 평가하지 않습니다.,2024
BRD_20210247,시골숯불치킨,13.0,평가 대상 아님,,,가맹점이 30개에 이른 적이 없어(최대 29개) 성장률·종료율이 잡음에 좌우되므로 평가하지 않습니다.,2024
BRD_20210366,송정동핫도그,13.0,평가 대상 아님,,,가맹점이 30개에 이른 적이 없어(최대 19개) 성장률·종료율이 잡음에 좌우되므로 평가하지 않습니다.,2024
BRD_20210695,도우라이크피자,13.0,평가 대상 아님,,,가맹점이 30개에 이른 적이 없어(최대 15개) 성장률·종료율이 잡음에 좌우되므로 평가하지 않습니다.,2024
BRD_20211088,THE 더 맛있는 과일&1L커피,13.0,평가 대상 아님,,,가맹점이 30개에 이른 적이 없어(최대 25개) 성장률·종료율이 잡음에 좌우되므로 평가하지 않습니다.,2024
BRD_20211130,갓갈비,13.0,평가 대상 아님,,,가맹점이 30개에 이른 적이 없어(최대 15개) 성장률·종료율이 잡음에 좌우되므로 평가하지 않습니다.,2024
BRD_20211639,PLAN(플랜),13.0,평가 대상 아님,,,가맹점이 30개에 이른 적이 없어(최대 20개) 성장률·종료율이 잡음에 좌우되므로 평가하지 않습니다.,2024
BRD_20211828,쌍팔반점,13.0,평가 대상 아님,,,가맹점이 30개에 이른 적이 없어(최대 16개) 성장률·종료율이 잡음에 좌우되므로 평가하지 않습니다.,2024
BRD_20211958,채선당밀키트24,13.0,평가 대상 아님,,,가맹점이 30개에 이른 적이 없어(최대 16개) 성장률·종료율이 잡음에 좌우되므로 평가하지 않습니다.,2024
BRD_20211960,와커피 (WA’ COFFEE),13.0,평가 대상 아님,,,가맹점이 30개에 이른 적이 없어(최대 13개) 성장률·종료율이 잡음에 좌우되므로 평가하지 않습니다.,2024
BRD_20212147,찌웅이네숯불두마리치킨,13.0,평가 대상 아님,,,가맹점이 30개에 이른 적이 없어(최대 28개) 성장률·종료율이 잡음에 좌우되므로 평가하지 않습니다.,2024
BRD_20212219,일리터맥스,13.0,평가 대상 아님,,,가맹점이 30개에 이른 적이 없어(최대 14개) 성장률·종료율이 잡음에 좌우되므로 평가하지 않습니다.,2024
BRD_20212326,"죽집, 엄선",13.0,평가 대상 아님,,,가맹점이 30개에 이른 적이 없어(최대 13개) 성장률·종료율이 잡음에 좌우되므로 평가하지 않습니다.,2024
BRD_20212342,chick by chick(칙바이칙),13.0,평가 대상 아님,,,가맹점이 30개에 이른 적이 없어(최대 14개) 성장률·종료율이 잡음에 좌우되므로 평가하지 않습니다.,2024
BRD_20212346,오메과메,13.0,평가 대상 아님,,,가맹점이 30개에 이른 적이 없어(최대 13개) 성장률·종료율이 잡음에 좌우되므로 평가하지 않습니다.,2024
BRD_20212706,수수하지만굉장해,13.0,평가 대상 아님,,,가맹점이 30개에 이른 적이 없어(최대 13개) 성장률·종료율이 잡음에 좌우되므로 평가하지 않습니다.,2024
BRD_20212707,호랑이초밥,13.0,평가 대상 아님,,,가맹점이 30개에 이른 적이 없어(최대 17개) 성장률·종료율이 잡음에 좌우되므로 평가하지 않습니다.,2024
BRD_20214427|JNG_011567,모락국밥,13.0,평가 대상 아님,,,가맹점이 30개에 이른 적이 없어(최대 13개) 성장률·종료율이 잡음에 좌우되므로 평가하지 않습니다.,2024
BRD_20214483,멘부리,13.0,평가 대상 아님,,,가맹점이 30개에 이른 적이 없어(최대 13개) 성장률·종료율이 잡음에 좌우되므로 평가하지 않습니다.,2024
BRD_20214581,홈스밀,13.0,평가 대상 아님,,,가맹점이 30개에 이른 적이 없어(최대 14개) 성장률·종료율이 잡음에 좌우되므로 평가하지 않습니다.,2024
BRD_20215324,황생가칼국수,13.0,평가 대상 아님,,,가맹점이 30개에 이른 적이 없어(최대 15개) 성장률·종료율이 잡음에 좌우되므로 평가하지 않습니다.,2024
BRD_20215367,싱싱샐러드,13.0,평가 대상 아님,,,가맹점이 30개에 이른 적이 없어(최대 13개) 성장률·종료율이 잡음에 좌우되므로 평가하지 않습니다.,2024
BRD_20215381,한다솥,13.0,평가 대상 아님,,,가맹점이 30개에 이른 적이 없어(최대 13개) 성장률·종료율이 잡음에 좌우되므로 평가하지 않습니다.,2024
BRD_20220251,더드림커피,13.0,평가 대상 아님,,,가맹점이 30개에 이른 적이 없어(최대 13개) 성장률·종료율이 잡음에 좌우되므로 평가하지 않습니다.,2024
BRD_20220338,카츠by현,13.0,평가 대상 아님,,,가맹점이 30개에 이른 적이 없어(최대 17개) 성장률·종료율이 잡음에 좌우되므로 평가하지 않습니다.,2024
BRD_20220385,COFFEE PUCK,13.0,평가 대상 아님,,,가맹점이 30개에 이른 적이 없어(최대 13개) 성장률·종료율이 잡음에 좌우되므로 평가하지 않습니다.,2024
BRD_20220487,수작카츠,13.0,평가 대상 아님,,,가맹점이 30개에 이른 적이 없어(최대 13개) 성장률·종료율이 잡음에 좌우되므로 평가하지 않습니다.,2024
BRD_20220530,고수의덮밥,13.0,평가 대상 아님,,,가맹점이 30개에 이른 적이 없어(최대 13개) 성장률·종료율이 잡음에 좌우되므로 평가하지 않습니다.,2024
BRD_20220714,무한조개,13.0,평가 대상 아님,,,가맹점이 30개에 이른 적이 없어(최대 13개) 성장률·종료율이 잡음에 좌우되므로 평가하지 않습니다.,2024
BRD_20220779,신마라,13.0,평가 대상 아님,,,가맹점이 30개에 이른 적이 없어(최대 17개) 성장률·종료율이 잡음에 좌우되므로 평가하지 않습니다.,2024
BRD_20220835,차알(Cha’R),13.0,평가 대상 아님,,,가맹점이 30개에 이른 적이 없어(최대 13개) 성장률·종료율이 잡음에 좌우되므로 평가하지 않습니다.,2024
BRD_20220890,김뚜껑 부대찌개,13.0,평가 대상 아님,,,가맹점이 30개에 이른 적이 없어(최대 13개) 성장률·종료율이 잡음에 좌우되므로 평가하지 않습니다.,2024
BRD_20220923,88노가리,13.0,평가 대상 아님,,,가맹점이 30개에 이른 적이 없어(최대 13개) 성장률·종료율이 잡음에 좌우되므로 평가하지 않습니다.,2024
BRD_20220980,콜프로스터스,13.0,평가 대상 아님,,,가맹점이 30개에 이른 적이 없어(최대 13개) 성장률·종료율이 잡음에 좌우되므로 평가하지 않습니다.,2024
BRD_20221398,요고프로즌요거트(YOGO FROZEN YOGURT),13.0,평가 대상 아님,,,가맹점이 30개에 이른 적이 없어(최대 13개) 성장률·종료율이 잡음에 좌우되므로 평가하지 않습니다.,2024
BRD_20230092,인생제육,13.0,평가 대상 아님,,,가맹점이 30개에 이른 적이 없어(최대 13개) 성장률·종료율이 잡음에 좌우되므로 평가하지 않습니다.,2024
BRD_20230187,황남쫀드기,13.0,평가 대상 아님,,,가맹점이 30개에 이른 적이 없어(최대 13개) 성장률·종료율이 잡음에 좌우되므로 평가하지 않습니다.,2024
BRD_20230325|JNG_014739,달인대보칼국수,13.0,평가 대상 아님,,,가맹점이 30개에 이른 적이 없어(최대 13개) 성장률·종료율이 잡음에 좌우되므로 평가하지 않습니다.,2024
BRD_20230350,동네맛집뼈구이집,13.0,평가 대상 아님,,,가맹점이 30개에 이른 적이 없어(최대 13개) 성장률·종료율이 잡음에 좌우되므로 평가하지 않습니다.,2024
BRD_20230420,THE BLUE COFFEE,13.0,평가 대상 아님,,,가맹점이 30개에 이른 적이 없어(최대 13개) 성장률·종료율이 잡음에 좌우되므로 평가하지 않습니다.,2024
BRD_20230553,호박꽃마차,13.0,평가 대상 아님,,,가맹점이 30개에 이른 적이 없어(최대 15개) 성장률·종료율이 잡음에 좌우되므로 평가하지 않습니다.,2024
BRD_20230939,오빠화이팅,13.0,평가 대상 아님,,,가맹점이 30개에 이른 적이 없어(최대 13개) 성장률·종료율이 잡음에 좌우되므로 평가하지 않습니다.,2024
BRD_20231438,다왕갈비탕,13.0,평가 대상 아님,,,가맹점이 30개에 이른 적이 없어(최대 13개) 성장률·종료율이 잡음에 좌우되므로 평가하지 않습니다.,2024
BRD_20231447,양복점,13.0,평가 대상 아님,,,가맹점이 30개에 이른 적이 없어(최대 13개) 성장률·종료율이 잡음에 좌우되므로 평가하지 않습니다.,2024
BRD_20231491,레드그레이,13.0,평가 대상 아님,,,가맹점이 30개에 이른 적이 없어(최대 13개) 성장률·종료율이 잡음에 좌우되므로 평가하지 않습니다.,2024
BRD_20231693,청년양고기,13.0,평가 대상 아님,,,가맹점이 30개에 이른 적이 없어(최대 13개) 성장률·종료율이 잡음에 좌우되므로 평가하지 않습니다.,2024
BRD_20231712,육하원칙,13.0,평가 대상 아님,,,가맹점이 30개에 이른 적이 없어(최대 15개) 성장률·종료율이 잡음에 좌우되므로 평가하지 않습니다.,2024
BRD_20240018,왕초바베큐,13.0,평가 대상 아님,,,가맹점이 30개에 이른 적이 없어(최대 13개) 성장률·종료율이 잡음에 좌우되므로 평가하지 않습니다.,2024
BRD_20240049|JNG_016376,호앙비엣,13.0,평가 대상 아님,,,가맹점이 30개에 이른 적이 없어(최대 13개) 성장률·종료율이 잡음에 좌우되므로 평가하지 않습니다.,2024
BRD_20240240,호두가,13.0,평가 대상 아님,,,가맹점이 30개에 이른 적이 없어(최대 13개) 성장률·종료율이 잡음에 좌우되므로 평가하지 않습니다.,2024
BRD_20240732,카페그란데,13.0,평가 대상 아님,,,가맹점이 30개에 이른 적이 없어(최대 13개) 성장률·종료율이 잡음에 좌우되므로 평가하지 않습니다.,2024
BRD_20240842,노천민물장어,13.0,평가 대상 아님,,,가맹점이 30개에 이른 적이 없어(최대 13개) 성장률·종료율이 잡음에 좌우되므로 평가하지 않습니다.,2024
BRD_20240853,히든에이스(Hidden Ace),13.0,평가 대상 아님,,,가맹점이 30개에 이른 적이 없어(최대 13개) 성장률·종료율이 잡음에 좌우되므로 평가하지 않습니다.,2024
BRD_20240870,달빛경성맥주,13.0,평가 대상 아님,,,가맹점이 30개에 이른 적이 없어(최대 13개) 성장률·종료율이 잡음에 좌우되므로 평가하지 않습니다.,2024
BRD_20250057,빅대디 포장마차,13.0,평가 대상 아님,,,가맹점이 30개에 이른 적이 없어(최대 13개) 성장률·종료율이 잡음에 좌우되므로 평가하지 않습니다.,2024
NAME:멸치어때@외식,멸치어때?,13.0,평가 대상 아님,,,가맹점이 30개에 이른 적이 없어(최대 13개) 성장률·종료율이 잡음에 좌우되므로 평가하지 않습니다.,2024
NAME:화평동왕냉면@외식,화평동왕냉면,13.0,평가 대상 아님,,,가맹점이 30개에 이른 적이 없어(최대 15개) 성장률·종료율이 잡음에 좌우되므로 평가하지 않습니다.,2024
BRD_20080400011,풍년제과,12.0,평가 대상 아님,,,가맹점이 30개에 이른 적이 없어(최대 18개) 성장률·종료율이 잡음에 좌우되므로 평가하지 않습니다.,2024
BRD_20080500003,대관령양푼이동태찌개,12.0,평가 대상 아님,,,가맹점이 30개에 이른 적이 없어(최대 27개) 성장률·종료율이 잡음에 좌우되므로 평가하지 않습니다.,2024
BRD_20090100237,호봉토스트,12.0,평가 대상 아님,,,가맹점이 30개에 이른 적이 없어(최대 25개) 성장률·종료율이 잡음에 좌우되므로 평가하지 않습니다.,2024
BRD_20100100085,논골집,12.0,평가 대상 아님,,,가맹점이 30개에 이른 적이 없어(최대 19개) 성장률·종료율이 잡음에 좌우되므로 평가하지 않습니다.,2024
BRD_20120100268,치킨히어로,12.0,평가 대상 아님,,,가맹점이 30개에 이른 적이 없어(최대 27개) 성장률·종료율이 잡음에 좌우되므로 평가하지 않습니다.,2024
BRD_20140071,서가원김밥,12.0,평가 대상 아님,,,가맹점이 30개에 이른 적이 없어(최대 24개) 성장률·종료율이 잡음에 좌우되므로 평가하지 않습니다.,2024
BRD_20140964,잠바주스,12.0,평가 대상 아님,,,가맹점이 30개에 이른 적이 없어(최대 12개) 성장률·종료율이 잡음에 좌우되므로 평가하지 않습니다.,2024
BRD_20150215,유생촌,12.0,평가 대상 아님,,,가맹점이 30개에 이른 적이 없어(최대 14개) 성장률·종료율이 잡음에 좌우되므로 평가하지 않습니다.,2024
BRD_20150276,울타리없는만두집,12.0,평가 대상 아님,,,가맹점이 30개에 이른 적이 없어(최대 29개) 성장률·종료율이 잡음에 좌우되므로 평가하지 않습니다.,2024
BRD_20150453,푸릴리,12.0,평가 대상 아님,,,가맹점이 30개에 이른 적이 없어(최대 19개) 성장률·종료율이 잡음에 좌우되므로 평가하지 않습니다.,2024
BRD_20150463,오술차,12.0,평가 대상 아님,,,가맹점이 30개에 이른 적이 없어(최대 29개) 성장률·종료율이 잡음에 좌우되므로 평가하지 않습니다.,2024
BRD_20150509,코젤다크하우스(KOZELDARKHAUS),12.0,평가 대상 아님,,,가맹점이 30개에 이른 적이 없어(최대 23개) 성장률·종료율이 잡음에 좌우되므로 평가하지 않습니다.,2024
BRD_20150879,더족발,12.0,평가 대상 아님,,,가맹점이 30개에 이른 적이 없어(최대 21개) 성장률·종료율이 잡음에 좌우되므로 평가하지 않습니다.,2024
BRD_20151017,고우,12.0,평가 대상 아님,,,가맹점이 30개에 이른 적이 없어(최대 12개) 성장률·종료율이 잡음에 좌우되므로 평가하지 않습니다.,2024
BRD_20171238,생극해장국,12.0,평가 대상 아님,,,가맹점이 30개에 이른 적이 없어(최대 14개) 성장률·종료율이 잡음에 좌우되므로 평가하지 않습니다.,2024
BRD_20171536,펍피맥,12.0,평가 대상 아님,,,가맹점이 30개에 이른 적이 없어(최대 12개) 성장률·종료율이 잡음에 좌우되므로 평가하지 않습니다.,2024
BRD_20180013,안성깍뚜기,12.0,평가 대상 아님,,,가맹점이 30개에 이른 적이 없어(최대 24개) 성장률·종료율이 잡음에 좌우되므로 평가하지 않습니다.,2024
BRD_20180221,우림관화로구이,12.0,평가 대상 아님,,,가맹점이 30개에 이른 적이 없어(최대 17개) 성장률·종료율이 잡음에 좌우되므로 평가하지 않습니다.,2024
BRD_20180359,백년회관서서갈비,12.0,평가 대상 아님,,,가맹점이 30개에 이른 적이 없어(최대 29개) 성장률·종료율이 잡음에 좌우되므로 평가하지 않습니다.,2024
BRD_20180584,엘리펀트피자 (ELEPHANT PIZZA),12.0,평가 대상 아님,,,가맹점이 30개에 이른 적이 없어(최대 27개) 성장률·종료율이 잡음에 좌우되므로 평가하지 않습니다.,2024
BRD_20180646,즉석국물떡볶이 달쫀,12.0,평가 대상 아님,,,가맹점이 30개에 이른 적이 없어(최대 14개) 성장률·종료율이 잡음에 좌우되므로 평가하지 않습니다.,2024
BRD_20180701,스시투어,12.0,평가 대상 아님,,,가맹점이 30개에 이른 적이 없어(최대 12개) 성장률·종료율이 잡음에 좌우되므로 평가하지 않습니다.,2024
BRD_20180829,라이스쉐프,12.0,평가 대상 아님,,,가맹점이 30개에 이른 적이 없어(최대 18개) 성장률·종료율이 잡음에 좌우되므로 평가하지 않습니다.,2024
BRD_20181221,스시선 회전초밥 전문점,12.0,평가 대상 아님,,,가맹점이 30개에 이른 적이 없어(최대 12개) 성장률·종료율이 잡음에 좌우되므로 평가하지 않습니다.,2024
BRD_20190070,보노보노웍,12.0,평가 대상 아님,,,가맹점이 30개에 이른 적이 없어(최대 13개) 성장률·종료율이 잡음에 좌우되므로 평가하지 않습니다.,2024
BRD_20190353,정광석항아리보쌈,12.0,평가 대상 아님,,,가맹점이 30개에 이른 적이 없어(최대 12개) 성장률·종료율이 잡음에 좌우되므로 평가하지 않습니다.,2024
BRD_20190696,남매컵밥,12.0,평가 대상 아님,,,가맹점이 30개에 이른 적이 없어(최대 12개) 성장률·종료율이 잡음에 좌우되므로 평가하지 않습니다.,2024
BRD_20190704,피치타임,12.0,평가 대상 아님,,,가맹점이 30개에 이른 적이 없어(최대 12개) 성장률·종료율이 잡음에 좌우되므로 평가하지 않습니다.,2024
BRD_20200337,퍼틴(phothin),12.0,평가 대상 아님,,,가맹점이 30개에 이른 적이 없어(최대 16개) 성장률·종료율이 잡음에 좌우되므로 평가하지 않습니다.,2024
BRD_20201175,치킨파머스,12.0,평가 대상 아님,,,가맹점이 30개에 이른 적이 없어(최대 12개) 성장률·종료율이 잡음에 좌우되므로 평가하지 않습니다.,2024
BRD_20201251,소곰집,12.0,평가 대상 아님,,,가맹점이 30개에 이른 적이 없어(최대 19개) 성장률·종료율이 잡음에 좌우되므로 평가하지 않습니다.,2024
BRD_20201252,바게뜨양,12.0,평가 대상 아님,,,가맹점이 30개에 이른 적이 없어(최대 12개) 성장률·종료율이 잡음에 좌우되므로 평가하지 않습니다.,2024
BRD_20201501,카페 우드진,12.0,평가 대상 아님,,,가맹점이 30개에 이른 적이 없어(최대 12개) 성장률·종료율이 잡음에 좌우되므로 평가하지 않습니다.,2024
BRD_20201565,장우옥,12.0,평가 대상 아님,,,가맹점이 30개에 이른 적이 없어(최대 12개) 성장률·종료율이 잡음에 좌우되므로 평가하지 않습니다.,2024
BRD_20201656,샌드베이,12.0,평가 대상 아님,,,가맹점이 30개에 이른 적이 없어(최대 18개) 성장률·종료율이 잡음에 좌우되므로 평가하지 않습니다.,2024
BRD_20210068,모던한식당,12.0,평가 대상 아님,,,가맹점이 30개에 이른 적이 없어(최대 23개) 성장률·종료율이 잡음에 좌우되므로 평가하지 않습니다.,2024
BRD_20210098,개수리막국수&amp;산골닭갈비,12.0,평가 대상 아님,,,가맹점이 30개에 이른 적이 없어(최대 12개) 성장률·종료율이 잡음에 좌우되므로 평가하지 않습니다.,2024
BRD_20210139,빵쌤(BBANGSSAEM),12.0,평가 대상 아님,,,가맹점이 30개에 이른 적이 없어(최대 12개) 성장률·종료율이 잡음에 좌우되므로 평가하지 않습니다.,2024
BRD_20210185,신예원닭강정,12.0,평가 대상 아님,,,가맹점이 30개에 이른 적이 없어(최대 13개) 성장률·종료율이 잡음에 좌우되므로 평가하지 않습니다.,2024
BRD_20210238,뚝방닭구이,12.0,평가 대상 아님,,,가맹점이 30개에 이른 적이 없어(최대 19개) 성장률·종료율이 잡음에 좌우되므로 평가하지 않습니다.,2024
BRD_20210514,할멈탕수육,12.0,평가 대상 아님,,,가맹점이 30개에 이른 적이 없어(최대 12개) 성장률·종료율이 잡음에 좌우되므로 평가하지 않습니다.,2024
BRD_20210669,사생활,12.0,평가 대상 아님,,,가맹점이 30개에 이른 적이 없어(최대 12개) 성장률·종료율이 잡음에 좌우되므로 평가하지 않습니다.,2024
BRD_20210688,타코파파,12.0,평가 대상 아님,,,가맹점이 30개에 이른 적이 없어(최대 17개) 성장률·종료율이 잡음에 좌우되므로 평가하지 않습니다.,2024
BRD_20210727,동적깡통구이,12.0,평가 대상 아님,,,가맹점이 30개에 이른 적이 없어(최대 12개) 성장률·종료율이 잡음에 좌우되므로 평가하지 않습니다.,2024
BRD_20210825,모구모구과자점,12.0,평가 대상 아님,,,가맹점이 30개에 이른 적이 없어(최대 17개) 성장률·종료율이 잡음에 좌우되므로 평가하지 않습니다.,2024
BRD_20210838,그린스미스,12.0,평가 대상 아님,,,가맹점이 30개에 이른 적이 없어(최대 12개) 성장률·종료율이 잡음에 좌우되므로 평가하지 않습니다.,2024
BRD_20211144,닭가대표,12.0,평가 대상 아님,,,가맹점이 30개에 이른 적이 없어(최대 12개) 성장률·종료율이 잡음에 좌우되므로 평가하지 않습니다.,2024
BRD_20211204,용가마순대,12.0,평가 대상 아님,,,가맹점이 30개에 이른 적이 없어(최대 19개) 성장률·종료율이 잡음에 좌우되므로 평가하지 않습니다.,2024
BRD_20211311,올마이티키친,12.0,평가 대상 아님,,,가맹점이 30개에 이른 적이 없어(최대 12개) 성장률·종료율이 잡음에 좌우되므로 평가하지 않습니다.,2024
BRD_20211385,고감통숯불구이&찜닭,12.0,평가 대상 아님,,,가맹점이 30개에 이른 적이 없어(최대 16개) 성장률·종료율이 잡음에 좌우되므로 평가하지 않습니다.,2024
BRD_20211634,명성가,12.0,평가 대상 아님,,,가맹점이 30개에 이른 적이 없어(최대 12개) 성장률·종료율이 잡음에 좌우되므로 평가하지 않습니다.,2024
BRD_20211843,더맨타코,12.0,평가 대상 아님,,,가맹점이 30개에 이른 적이 없어(최대 12개) 성장률·종료율이 잡음에 좌우되므로 평가하지 않습니다.,2024
BRD_20211884,하동우렁추어탕,12.0,평가 대상 아님,,,가맹점이 30개에 이른 적이 없어(최대 12개) 성장률·종료율이 잡음에 좌우되므로 평가하지 않습니다.,2024
BRD_20212097,유부부,12.0,평가 대상 아님,,,가맹점이 30개에 이른 적이 없어(최대 15개) 성장률·종료율이 잡음에 좌우되므로 평가하지 않습니다.,2024
BRD_20212113,변동춘 명동칼국수,12.0,평가 대상 아님,,,가맹점이 30개에 이른 적이 없어(최대 12개) 성장률·종료율이 잡음에 좌우되므로 평가하지 않습니다.,2024
BRD_20212158,스위트99,12.0,평가 대상 아님,,,가맹점이 30개에 이른 적이 없어(최대 14개) 성장률·종료율이 잡음에 좌우되므로 평가하지 않습니다.,2024
BRD_20212308,위험한 피자,12.0,평가 대상 아님,,,가맹점이 30개에 이른 적이 없어(최대 12개) 성장률·종료율이 잡음에 좌우되므로 평가하지 않습니다.,2024
BRD_20212467,TOP LITER,12.0,평가 대상 아님,,,가맹점이 30개에 이른 적이 없어(최대 12개) 성장률·종료율이 잡음에 좌우되므로 평가하지 않습니다.,2024
BRD_20212480,허세김밥,12.0,평가 대상 아님,,,가맹점이 30개에 이른 적이 없어(최대 12개) 성장률·종료율이 잡음에 좌우되므로 평가하지 않습니다.,2024
BRD_20213365,PRESENT(프레전트),12.0,평가 대상 아님,,,가맹점이 30개에 이른 적이 없어(최대 12개) 성장률·종료율이 잡음에 좌우되므로 평가하지 않습니다.,2024
BRD_20214092,그레이핍플커피,12.0,평가 대상 아님,,,가맹점이 30개에 이른 적이 없어(최대 12개) 성장률·종료율이 잡음에 좌우되므로 평가하지 않습니다.,2024
BRD_20214406,고혼,12.0,평가 대상 아님,,,가맹점이 30개에 이른 적이 없어(최대 12개) 성장률·종료율이 잡음에 좌우되므로 평가하지 않습니다.,2024
BRD_20214524,튀김장인,12.0,평가 대상 아님,,,가맹점이 30개에 이른 적이 없어(최대 12개) 성장률·종료율이 잡음에 좌우되므로 평가하지 않습니다.,2024
BRD_20214580,분식을 품다,12.0,평가 대상 아님,,,가맹점이 30개에 이른 적이 없어(최대 12개) 성장률·종료율이 잡음에 좌우되므로 평가하지 않습니다.,2024
BRD_20215644,산지해장국,12.0,평가 대상 아님,,,가맹점이 30개에 이른 적이 없어(최대 12개) 성장률·종료율이 잡음에 좌우되므로 평가하지 않습니다.,2024
BRD_20220097,이런이궈,12.0,평가 대상 아님,,,가맹점이 30개에 이른 적이 없어(최대 12개) 성장률·종료율이 잡음에 좌우되므로 평가하지 않습니다.,2024
BRD_20220194,배말칼국수김밥,12.0,평가 대상 아님,,,가맹점이 30개에 이른 적이 없어(최대 12개) 성장률·종료율이 잡음에 좌우되므로 평가하지 않습니다.,2024
BRD_20220202,한성막횟집,12.0,평가 대상 아님,,,가맹점이 30개에 이른 적이 없어(최대 12개) 성장률·종료율이 잡음에 좌우되므로 평가하지 않습니다.,2024
BRD_20220485,낭만낙곱새,12.0,평가 대상 아님,,,가맹점이 30개에 이른 적이 없어(최대 14개) 성장률·종료율이 잡음에 좌우되므로 평가하지 않습니다.,2024
BRD_20220590,은신처,12.0,평가 대상 아님,,,가맹점이 30개에 이른 적이 없어(최대 13개) 성장률·종료율이 잡음에 좌우되므로 평가하지 않습니다.,2024
BRD_20220629|JNG_013362,카츠공방,12.0,평가 대상 아님,,,가맹점이 30개에 이른 적이 없어(최대 12개) 성장률·종료율이 잡음에 좌우되므로 평가하지 않습니다.,2024
BRD_20220683,스낵얌,12.0,평가 대상 아님,,,가맹점이 30개에 이른 적이 없어(최대 12개) 성장률·종료율이 잡음에 좌우되므로 평가하지 않습니다.,2024
BRD_20220823,천안당 호두과자,12.0,평가 대상 아님,,,가맹점이 30개에 이른 적이 없어(최대 13개) 성장률·종료율이 잡음에 좌우되므로 평가하지 않습니다.,2024
BRD_20230271,본좌김밥,12.0,평가 대상 아님,,,가맹점이 30개에 이른 적이 없어(최대 12개) 성장률·종료율이 잡음에 좌우되므로 평가하지 않습니다.,2024
BRD_20230517,불야시불닭발,12.0,평가 대상 아님,,,가맹점이 30개에 이른 적이 없어(최대 12개) 성장률·종료율이 잡음에 좌우되므로 평가하지 않습니다.,2024
BRD_20230655,크레이지빙수,12.0,평가 대상 아님,,,가맹점이 30개에 이른 적이 없어(최대 12개) 성장률·종료율이 잡음에 좌우되므로 평가하지 않습니다.,2024
BRD_20230731,조선호랑이냉면,12.0,평가 대상 아님,,,가맹점이 30개에 이른 적이 없어(최대 12개) 성장률·종료율이 잡음에 좌우되므로 평가하지 않습니다.,2024
BRD_20230776,와따그램,12.0,평가 대상 아님,,,가맹점이 30개에 이른 적이 없어(최대 21개) 성장률·종료율이 잡음에 좌우되므로 평가하지 않습니다.,2024
BRD_20230991|JNG_015498,바베큐팩토리,12.0,평가 대상 아님,,,가맹점이 30개에 이른 적이 없어(최대 12개) 성장률·종료율이 잡음에 좌우되므로 평가하지 않습니다.,2024
BRD_20231110,상구네솥뚜껑삼겹살,12.0,평가 대상 아님,,,가맹점이 30개에 이른 적이 없어(최대 12개) 성장률·종료율이 잡음에 좌우되므로 평가하지 않습니다.,2024
BRD_20231189,반지하,12.0,평가 대상 아님,,,가맹점이 30개에 이른 적이 없어(최대 12개) 성장률·종료율이 잡음에 좌우되므로 평가하지 않습니다.,2024
BRD_20231330,하타네,12.0,평가 대상 아님,,,가맹점이 30개에 이른 적이 없어(최대 12개) 성장률·종료율이 잡음에 좌우되므로 평가하지 않습니다.,2024
BRD_20231376,COFFEE ROMAN(커피로만),12.0,평가 대상 아님,,,가맹점이 30개에 이른 적이 없어(최대 12개) 성장률·종료율이 잡음에 좌우되므로 평가하지 않습니다.,2024
BRD_20231498,오늘도닭갈비,12.0,평가 대상 아님,,,가맹점이 30개에 이른 적이 없어(최대 12개) 성장률·종료율이 잡음에 좌우되므로 평가하지 않습니다.,2024
BRD_20231716,이가네명인갈비살,12.0,평가 대상 아님,,,가맹점이 30개에 이른 적이 없어(최대 12개) 성장률·종료율이 잡음에 좌우되므로 평가하지 않습니다.,2024
BRD_20231785,서부청기와감자탕,12.0,평가 대상 아님,,,가맹점이 30개에 이른 적이 없어(최대 12개) 성장률·종료율이 잡음에 좌우되므로 평가하지 않습니다.,2024
BRD_20240015,선주가,12.0,평가 대상 아님,,,가맹점이 30개에 이른 적이 없어(최대 12개) 성장률·종료율이 잡음에 좌우되므로 평가하지 않습니다.,2024
BRD_20240078|JNG_016680,옛날경성순대국,12.0,평가 대상 아님,,,가맹점이 30개에 이른 적이 없어(최대 12개) 성장률·종료율이 잡음에 좌우되므로 평가하지 않습니다.,2024
BRD_20240394,봉급날,12.0,평가 대상 아님,,,가맹점이 30개에 이른 적이 없어(최대 12개) 성장률·종료율이 잡음에 좌우되므로 평가하지 않습니다.,2024
BRD_20240636,밀면서생,12.0,평가 대상 아님,,,가맹점이 30개에 이른 적이 없어(최대 12개) 성장률·종료율이 잡음에 좌우되므로 평가하지 않습니다.,2024
BRD_20240750,국밥의 대가,12.0,평가 대상 아님,,,가맹점이 30개에 이른 적이 없어(최대 12개) 성장률·종료율이 잡음에 좌우되므로 평가하지 않습니다.,2024
BRD_20240791,수영냉삼,12.0,평가 대상 아님,,,가맹점이 30개에 이른 적이 없어(최대 12개) 성장률·종료율이 잡음에 좌우되므로 평가하지 않습니다.,2024
BRD_20240923,초신당한우곱도리탕,12.0,평가 대상 아님,,,가맹점이 30개에 이른 적이 없어(최대 12개) 성장률·종료율이 잡음에 좌우되므로 평가하지 않습니다.,2024
BRD_20241082,브뤼셀프라이,12.0,평가 대상 아님,,,가맹점이 30개에 이른 적이 없어(최대 12개) 성장률·종료율이 잡음에 좌우되므로 평가하지 않습니다.,2024
BRD_20241313,김치찜맛있찜,12.0,평가 대상 아님,,,가맹점이 30개에 이른 적이 없어(최대 12개) 성장률·종료율이 잡음에 좌우되므로 평가하지 않습니다.,2024
BRD_20241600,무등소갈비,12.0,평가 대상 아님,,,가맹점이 30개에 이른 적이 없어(최대 12개) 성장률·종료율이 잡음에 좌우되므로 평가하지 않습니다.,2024
NAME:케이콜라보김밥떡볶이@외식,케이콜라보김밥·떡볶이,12.0,평가 대상 아님,,,가맹점이 30개에 이른 적이 없어(최대 25개) 성장률·종료율이 잡음에 좌우되므로 평가하지 않습니다.,2024
NAME:통닭연구소@외식,통닭연구소,12.0,평가 대상 아님,,,가맹점이 30개에 이른 적이 없어(최대 15개) 성장률·종료율이 잡음에 좌우되므로 평가하지 않습니다.,2024
BRD_20080200048,모박사 부대찌개,11.0,평가 대상 아님,,,가맹점이 30개에 이른 적이 없어(최대 21개) 성장률·종료율이 잡음에 좌우되므로 평가하지 않습니다.,2024
BRD_20090100368,일리카페(illy Caffe),11.0,평가 대상 아님,,,가맹점이 30개에 이른 적이 없어(최대 22개) 성장률·종료율이 잡음에 좌우되므로 평가하지 않습니다.,2024
BRD_20110400027,피자써클,11.0,평가 대상 아님,,,가맹점이 30개에 이른 적이 없어(최대 17개) 성장률·종료율이 잡음에 좌우되므로 평가하지 않습니다.,2024
BRD_20120100010,댓짱돈까스,11.0,평가 대상 아님,,,가맹점이 30개에 이른 적이 없어(최대 15개) 성장률·종료율이 잡음에 좌우되므로 평가하지 않습니다.,2024
BRD_20120100105,남자피자,11.0,평가 대상 아님,,,가맹점이 30개에 이른 적이 없어(최대 25개) 성장률·종료율이 잡음에 좌우되므로 평가하지 않습니다.,2024
BRD_20120300035,원조김할머니의령소바,11.0,평가 대상 아님,,,가맹점이 30개에 이른 적이 없어(최대 17개) 성장률·종료율이 잡음에 좌우되므로 평가하지 않습니다.,2024
BRD_20120500020,수육국밥.보쌈전문점 더참맛수육국밥앤보쌈,11.0,평가 대상 아님,,,가맹점이 30개에 이른 적이 없어(최대 18개) 성장률·종료율이 잡음에 좌우되므로 평가하지 않습니다.,2024
BRD_20130031,마포곱창,11.0,평가 대상 아님,,,가맹점이 30개에 이른 적이 없어(최대 29개) 성장률·종료율이 잡음에 좌우되므로 평가하지 않습니다.,2024
BRD_20130100220,소바애,11.0,평가 대상 아님,,,가맹점이 30개에 이른 적이 없어(최대 25개) 성장률·종료율이 잡음에 좌우되므로 평가하지 않습니다.,2024
BRD_20130100296,부뚜막치킨,11.0,평가 대상 아님,,,가맹점이 30개에 이른 적이 없어(최대 20개) 성장률·종료율이 잡음에 좌우되므로 평가하지 않습니다.,2024
BRD_20130100418|JNG_001284,커피나무,11.0,평가 대상 아님,,,가맹점이 30개에 이른 적이 없어(최대 16개) 성장률·종료율이 잡음에 좌우되므로 평가하지 않습니다.,2024
BRD_20130497,브알라,11.0,평가 대상 아님,,,가맹점이 30개에 이른 적이 없어(최대 22개) 성장률·종료율이 잡음에 좌우되므로 평가하지 않습니다.,2024
BRD_20141004,김경자소문난대구왕뽈찜,11.0,평가 대상 아님,,,가맹점이 30개에 이른 적이 없어(최대 16개) 성장률·종료율이 잡음에 좌우되므로 평가하지 않습니다.,2024
BRD_20150034,153포인츠(POINTZ),11.0,평가 대상 아님,,,가맹점이 30개에 이른 적이 없어(최대 11개) 성장률·종료율이 잡음에 좌우되므로 평가하지 않습니다.,2024
BRD_20150476,맛있게매운(빨석구)빨간석쇠구이,11.0,평가 대상 아님,,,가맹점이 30개에 이른 적이 없어(최대 22개) 성장률·종료율이 잡음에 좌우되므로 평가하지 않습니다.,2024
BRD_20150769|JNG_002227,87닭강정,11.0,평가 대상 아님,,,가맹점이 30개에 이른 적이 없어(최대 11개) 성장률·종료율이 잡음에 좌우되므로 평가하지 않습니다.,2024
BRD_20151196,더썬치킨,11.0,평가 대상 아님,,,가맹점이 30개에 이른 적이 없어(최대 29개) 성장률·종료율이 잡음에 좌우되므로 평가하지 않습니다.,2024
BRD_20160565,미친고기,11.0,평가 대상 아님,,,가맹점이 30개에 이른 적이 없어(최대 16개) 성장률·종료율이 잡음에 좌우되므로 평가하지 않습니다.,2024
BRD_20160808,칠프로칠백식당,11.0,평가 대상 아님,,,가맹점이 30개에 이른 적이 없어(최대 23개) 성장률·종료율이 잡음에 좌우되므로 평가하지 않습니다.,2024
BRD_20161189,통돼지두루치기 한돈돈돈,11.0,평가 대상 아님,,,가맹점이 30개에 이른 적이 없어(최대 11개) 성장률·종료율이 잡음에 좌우되므로 평가하지 않습니다.,2024
BRD_20170235,모찌이야기,11.0,평가 대상 아님,,,가맹점이 30개에 이른 적이 없어(최대 13개) 성장률·종료율이 잡음에 좌우되므로 평가하지 않습니다.,2024
BRD_20170832,테루,11.0,평가 대상 아님,,,가맹점이 30개에 이른 적이 없어(최대 12개) 성장률·종료율이 잡음에 좌우되므로 평가하지 않습니다.,2024
BRD_20171163,프롬하츠(FROM HEARTS),11.0,평가 대상 아님,,,가맹점이 30개에 이른 적이 없어(최대 15개) 성장률·종료율이 잡음에 좌우되므로 평가하지 않습니다.,2024
BRD_20171346,밀탑(MEALTOP),11.0,평가 대상 아님,,,가맹점이 30개에 이른 적이 없어(최대 12개) 성장률·종료율이 잡음에 좌우되므로 평가하지 않습니다.,2024
BRD_20171461,사월에보리밥과쭈꾸미,11.0,평가 대상 아님,,,가맹점이 30개에 이른 적이 없어(최대 11개) 성장률·종료율이 잡음에 좌우되므로 평가하지 않습니다.,2024
BRD_20180088,갈비만,11.0,평가 대상 아님,,,가맹점이 30개에 이른 적이 없어(최대 11개) 성장률·종료율이 잡음에 좌우되므로 평가하지 않습니다.,2024
BRD_20180382,방가삼대 얼큰한뼈해장국,11.0,평가 대상 아님,,,가맹점이 30개에 이른 적이 없어(최대 11개) 성장률·종료율이 잡음에 좌우되므로 평가하지 않습니다.,2024
BRD_20180905,돼지만,11.0,평가 대상 아님,,,가맹점이 30개에 이른 적이 없어(최대 12개) 성장률·종료율이 잡음에 좌우되므로 평가하지 않습니다.,2024
BRD_20190016,후라이드바삭킹,11.0,평가 대상 아님,,,가맹점이 30개에 이른 적이 없어(최대 23개) 성장률·종료율이 잡음에 좌우되므로 평가하지 않습니다.,2024
BRD_20190035,롱타임노씨,11.0,평가 대상 아님,,,가맹점이 30개에 이른 적이 없어(최대 17개) 성장률·종료율이 잡음에 좌우되므로 평가하지 않습니다.,2024
BRD_20190155,김치도가,11.0,평가 대상 아님,,,가맹점이 30개에 이른 적이 없어(최대 18개) 성장률·종료율이 잡음에 좌우되므로 평가하지 않습니다.,2024
BRD_20190505,대손관,11.0,평가 대상 아님,,,가맹점이 30개에 이른 적이 없어(최대 11개) 성장률·종료율이 잡음에 좌우되므로 평가하지 않습니다.,2024
BRD_20190509,호기심에훔친뒷고기,11.0,평가 대상 아님,,,가맹점이 30개에 이른 적이 없어(최대 18개) 성장률·종료율이 잡음에 좌우되므로 평가하지 않습니다.,2024
BRD_20190623,숨쉬는 순두부,11.0,평가 대상 아님,,,가맹점이 30개에 이른 적이 없어(최대 11개) 성장률·종료율이 잡음에 좌우되므로 평가하지 않습니다.,2024
BRD_20190666,돈까스 BROS,11.0,평가 대상 아님,,,가맹점이 30개에 이른 적이 없어(최대 11개) 성장률·종료율이 잡음에 좌우되므로 평가하지 않습니다.,2024
BRD_20190688,페이브(fave),11.0,평가 대상 아님,,,가맹점이 30개에 이른 적이 없어(최대 17개) 성장률·종료율이 잡음에 좌우되므로 평가하지 않습니다.,2024
BRD_20190892,백번가코다리,11.0,평가 대상 아님,,,가맹점이 30개에 이른 적이 없어(최대 11개) 성장률·종료율이 잡음에 좌우되므로 평가하지 않습니다.,2024
BRD_20191434,마선생얼큰국밥,11.0,평가 대상 아님,,,가맹점이 30개에 이른 적이 없어(최대 11개) 성장률·종료율이 잡음에 좌우되므로 평가하지 않습니다.,2024
BRD_20200054,손오공마라탕,11.0,평가 대상 아님,,,가맹점이 30개에 이른 적이 없어(최대 11개) 성장률·종료율이 잡음에 좌우되므로 평가하지 않습니다.,2024
BRD_20200104,스테이크어스,11.0,평가 대상 아님,,,가맹점이 30개에 이른 적이 없어(최대 13개) 성장률·종료율이 잡음에 좌우되므로 평가하지 않습니다.,2024
BRD_20200142,피자런,11.0,평가 대상 아님,,,가맹점이 30개에 이른 적이 없어(최대 26개) 성장률·종료율이 잡음에 좌우되므로 평가하지 않습니다.,2024
BRD_20200217,김삿갓통닭,11.0,평가 대상 아님,,,가맹점이 30개에 이른 적이 없어(최대 16개) 성장률·종료율이 잡음에 좌우되므로 평가하지 않습니다.,2024
BRD_20200332,맨날국수,11.0,평가 대상 아님,,,가맹점이 30개에 이른 적이 없어(최대 11개) 성장률·종료율이 잡음에 좌우되므로 평가하지 않습니다.,2024
BRD_20200483,땡큐꼬마김밥,11.0,평가 대상 아님,,,가맹점이 30개에 이른 적이 없어(최대 17개) 성장률·종료율이 잡음에 좌우되므로 평가하지 않습니다.,2024
BRD_20200884,돈짝,11.0,평가 대상 아님,,,가맹점이 30개에 이른 적이 없어(최대 22개) 성장률·종료율이 잡음에 좌우되므로 평가하지 않습니다.,2024
BRD_20201064,가유카페,11.0,평가 대상 아님,,,가맹점이 30개에 이른 적이 없어(최대 18개) 성장률·종료율이 잡음에 좌우되므로 평가하지 않습니다.,2024
BRD_20201293,남포동 직화 쭈꾸미,11.0,평가 대상 아님,,,가맹점이 30개에 이른 적이 없어(최대 12개) 성장률·종료율이 잡음에 좌우되므로 평가하지 않습니다.,2024
BRD_20201385,연어집,11.0,평가 대상 아님,,,가맹점이 30개에 이른 적이 없어(최대 11개) 성장률·종료율이 잡음에 좌우되므로 평가하지 않습니다.,2024
BRD_20201639,오늘닭강정,11.0,평가 대상 아님,,,가맹점이 30개에 이른 적이 없어(최대 11개) 성장률·종료율이 잡음에 좌우되므로 평가하지 않습니다.,2024
BRD_20201769,위너스커피,11.0,평가 대상 아님,,,가맹점이 30개에 이른 적이 없어(최대 11개) 성장률·종료율이 잡음에 좌우되므로 평가하지 않습니다.,2024
BRD_20210030,대세박목살,11.0,평가 대상 아님,,,가맹점이 30개에 이른 적이 없어(최대 11개) 성장률·종료율이 잡음에 좌우되므로 평가하지 않습니다.,2024
BRD_20210184,피자 피크(Pizza Peak),11.0,평가 대상 아님,,,가맹점이 30개에 이른 적이 없어(최대 14개) 성장률·종료율이 잡음에 좌우되므로 평가하지 않습니다.,2024
BRD_20210202,블랙국밥,11.0,평가 대상 아님,,,가맹점이 30개에 이른 적이 없어(최대 11개) 성장률·종료율이 잡음에 좌우되므로 평가하지 않습니다.,2024
BRD_20210348,동경생포차,11.0,평가 대상 아님,,,가맹점이 30개에 이른 적이 없어(최대 11개) 성장률·종료율이 잡음에 좌우되므로 평가하지 않습니다.,2024
BRD_20210424,신HOT화로닭발,11.0,평가 대상 아님,,,가맹점이 30개에 이른 적이 없어(최대 21개) 성장률·종료율이 잡음에 좌우되므로 평가하지 않습니다.,2024
BRD_20210560,도시피자(CITY PIZZA),11.0,평가 대상 아님,,,가맹점이 30개에 이른 적이 없어(최대 17개) 성장률·종료율이 잡음에 좌우되므로 평가하지 않습니다.,2024
BRD_20210828,쭈꾸미한판,11.0,평가 대상 아님,,,가맹점이 30개에 이른 적이 없어(최대 24개) 성장률·종료율이 잡음에 좌우되므로 평가하지 않습니다.,2024
BRD_20210832,1인용인생김치찜,11.0,평가 대상 아님,,,가맹점이 30개에 이른 적이 없어(최대 13개) 성장률·종료율이 잡음에 좌우되므로 평가하지 않습니다.,2024
BRD_20211013,호두앤미,11.0,평가 대상 아님,,,가맹점이 30개에 이른 적이 없어(최대 19개) 성장률·종료율이 잡음에 좌우되므로 평가하지 않습니다.,2024
BRD_20211045,경성밥상,11.0,평가 대상 아님,,,가맹점이 30개에 이른 적이 없어(최대 17개) 성장률·종료율이 잡음에 좌우되므로 평가하지 않습니다.,2024
BRD_20211081,미스터불닭발,11.0,평가 대상 아님,,,가맹점이 30개에 이른 적이 없어(최대 11개) 성장률·종료율이 잡음에 좌우되므로 평가하지 않습니다.,2024
BRD_20211484,소백양,11.0,평가 대상 아님,,,가맹점이 30개에 이른 적이 없어(최대 17개) 성장률·종료율이 잡음에 좌우되므로 평가하지 않습니다.,2024
BRD_20211494,명작파스타,11.0,평가 대상 아님,,,가맹점이 30개에 이른 적이 없어(최대 15개) 성장률·종료율이 잡음에 좌우되므로 평가하지 않습니다.,2024
BRD_20211723,THE PIZZA(더피자),11.0,평가 대상 아님,,,가맹점이 30개에 이른 적이 없어(최대 17개) 성장률·종료율이 잡음에 좌우되므로 평가하지 않습니다.,2024
BRD_20211851,에이셉피자,11.0,평가 대상 아님,,,가맹점이 30개에 이른 적이 없어(최대 12개) 성장률·종료율이 잡음에 좌우되므로 평가하지 않습니다.,2024
BRD_20211860,박지혜모던순대국&소머리국밥,11.0,평가 대상 아님,,,가맹점이 30개에 이른 적이 없어(최대 11개) 성장률·종료율이 잡음에 좌우되므로 평가하지 않습니다.,2024
BRD_20211931,서울깍두기,11.0,평가 대상 아님,,,가맹점이 30개에 이른 적이 없어(최대 11개) 성장률·종료율이 잡음에 좌우되므로 평가하지 않습니다.,2024
BRD_20212125,욤카페,11.0,평가 대상 아님,,,가맹점이 30개에 이른 적이 없어(최대 12개) 성장률·종료율이 잡음에 좌우되므로 평가하지 않습니다.,2024
BRD_20212139,소이연남,11.0,평가 대상 아님,,,가맹점이 30개에 이른 적이 없어(최대 11개) 성장률·종료율이 잡음에 좌우되므로 평가하지 않습니다.,2024
BRD_20212297,김태용 명불허전평상집,11.0,평가 대상 아님,,,가맹점이 30개에 이른 적이 없어(최대 11개) 성장률·종료율이 잡음에 좌우되므로 평가하지 않습니다.,2024
BRD_20212637,조선아구찜,11.0,평가 대상 아님,,,가맹점이 30개에 이른 적이 없어(최대 11개) 성장률·종료율이 잡음에 좌우되므로 평가하지 않습니다.,2024
BRD_20212816,서울깍두기,11.0,평가 대상 아님,,,가맹점이 30개에 이른 적이 없어(최대 11개) 성장률·종료율이 잡음에 좌우되므로 평가하지 않습니다.,2024
BRD_20213193,대한민국 명장이 만든 명장·온,11.0,평가 대상 아님,,,가맹점이 30개에 이른 적이 없어(최대 11개) 성장률·종료율이 잡음에 좌우되므로 평가하지 않습니다.,2024
BRD_20213563,파스타어때,11.0,평가 대상 아님,,,가맹점이 30개에 이른 적이 없어(최대 17개) 성장률·종료율이 잡음에 좌우되므로 평가하지 않습니다.,2024
BRD_20213759,룸의정석,11.0,평가 대상 아님,,,가맹점이 30개에 이른 적이 없어(최대 12개) 성장률·종료율이 잡음에 좌우되므로 평가하지 않습니다.,2024
BRD_20213799,마포고깃간,11.0,평가 대상 아님,,,가맹점이 30개에 이른 적이 없어(최대 11개) 성장률·종료율이 잡음에 좌우되므로 평가하지 않습니다.,2024
BRD_20214093,큰손1치킨2피자,11.0,평가 대상 아님,,,가맹점이 30개에 이른 적이 없어(최대 14개) 성장률·종료율이 잡음에 좌우되므로 평가하지 않습니다.,2024
BRD_20214270,국밥엔,11.0,평가 대상 아님,,,가맹점이 30개에 이른 적이 없어(최대 11개) 성장률·종료율이 잡음에 좌우되므로 평가하지 않습니다.,2024
BRD_20214433,넉넉한샐러드앤커피,11.0,평가 대상 아님,,,가맹점이 30개에 이른 적이 없어(최대 11개) 성장률·종료율이 잡음에 좌우되므로 평가하지 않습니다.,2024
BRD_20214486,뽁식당,11.0,평가 대상 아님,,,가맹점이 30개에 이른 적이 없어(최대 11개) 성장률·종료율이 잡음에 좌우되므로 평가하지 않습니다.,2024
BRD_20214658,고기반햄반김치찌개,11.0,평가 대상 아님,,,가맹점이 30개에 이른 적이 없어(최대 15개) 성장률·종료율이 잡음에 좌우되므로 평가하지 않습니다.,2024
BRD_20214916,종착역,11.0,평가 대상 아님,,,가맹점이 30개에 이른 적이 없어(최대 11개) 성장률·종료율이 잡음에 좌우되므로 평가하지 않습니다.,2024
BRD_20215779,폼드팡(POMMEDE PIN),11.0,평가 대상 아님,,,가맹점이 30개에 이른 적이 없어(최대 11개) 성장률·종료율이 잡음에 좌우되므로 평가하지 않습니다.,2024
BRD_20220137,테이큰커피,11.0,평가 대상 아님,,,가맹점이 30개에 이른 적이 없어(최대 11개) 성장률·종료율이 잡음에 좌우되므로 평가하지 않습니다.,2024
BRD_20220260,천서방김밥,11.0,평가 대상 아님,,,가맹점이 30개에 이른 적이 없어(최대 11개) 성장률·종료율이 잡음에 좌우되므로 평가하지 않습니다.,2024
BRD_20220415,고짚,11.0,평가 대상 아님,,,가맹점이 30개에 이른 적이 없어(최대 11개) 성장률·종료율이 잡음에 좌우되므로 평가하지 않습니다.,2024
BRD_20220734,암파스타레,11.0,평가 대상 아님,,,가맹점이 30개에 이른 적이 없어(최대 18개) 성장률·종료율이 잡음에 좌우되므로 평가하지 않습니다.,2024
BRD_20220933,엑스엑스 커피메이커,11.0,평가 대상 아님,,,가맹점이 30개에 이른 적이 없어(최대 11개) 성장률·종료율이 잡음에 좌우되므로 평가하지 않습니다.,2024
BRD_20221107,사랑각,11.0,평가 대상 아님,,,가맹점이 30개에 이른 적이 없어(최대 11개) 성장률·종료율이 잡음에 좌우되므로 평가하지 않습니다.,2024
BRD_20230085|JNG_014457,포르피노,11.0,평가 대상 아님,,,가맹점이 30개에 이른 적이 없어(최대 11개) 성장률·종료율이 잡음에 좌우되므로 평가하지 않습니다.,2024
BRD_20230388,돼슐랭,11.0,평가 대상 아님,,,가맹점이 30개에 이른 적이 없어(최대 11개) 성장률·종료율이 잡음에 좌우되므로 평가하지 않습니다.,2024
BRD_20230711,준삼겹프리미엄돈육,11.0,평가 대상 아님,,,가맹점이 30개에 이른 적이 없어(최대 11개) 성장률·종료율이 잡음에 좌우되므로 평가하지 않습니다.,2024
BRD_20230847,오늘도 사시미,11.0,평가 대상 아님,,,가맹점이 30개에 이른 적이 없어(최대 11개) 성장률·종료율이 잡음에 좌우되므로 평가하지 않습니다.,2024
BRD_20230872,보울스(BOWLS),11.0,평가 대상 아님,,,가맹점이 30개에 이른 적이 없어(최대 11개) 성장률·종료율이 잡음에 좌우되므로 평가하지 않습니다.,2024
BRD_20231081,보끔당,11.0,평가 대상 아님,,,가맹점이 30개에 이른 적이 없어(최대 11개) 성장률·종료율이 잡음에 좌우되므로 평가하지 않습니다.,2024
BRD_20231160,우짱베기,11.0,평가 대상 아님,,,가맹점이 30개에 이른 적이 없어(최대 11개) 성장률·종료율이 잡음에 좌우되므로 평가하지 않습니다.,2024
BRD_20231235,카츠와이찌,11.0,평가 대상 아님,,,가맹점이 30개에 이른 적이 없어(최대 11개) 성장률·종료율이 잡음에 좌우되므로 평가하지 않습니다.,2024
BRD_20231409,언노운피자[UNKNOWN PIZZA],11.0,평가 대상 아님,,,가맹점이 30개에 이른 적이 없어(최대 11개) 성장률·종료율이 잡음에 좌우되므로 평가하지 않습니다.,2024
BRD_20231417,프렌치 쪽갈비,11.0,평가 대상 아님,,,가맹점이 30개에 이른 적이 없어(최대 11개) 성장률·종료율이 잡음에 좌우되므로 평가하지 않습니다.,2024
BRD_20231706,한식끝판왕,11.0,평가 대상 아님,,,가맹점이 30개에 이른 적이 없어(최대 20개) 성장률·종료율이 잡음에 좌우되므로 평가하지 않습니다.,2024
BRD_20231898,벽돌곱창,11.0,평가 대상 아님,,,가맹점이 30개에 이른 적이 없어(최대 11개) 성장률·종료율이 잡음에 좌우되므로 평가하지 않습니다.,2024
BRD_20240019,타키,11.0,평가 대상 아님,,,가맹점이 30개에 이른 적이 없어(최대 11개) 성장률·종료율이 잡음에 좌우되므로 평가하지 않습니다.,2024
BRD_20240273|JNG_016911,P휴게소입니다,11.0,평가 대상 아님,,,가맹점이 30개에 이른 적이 없어(최대 11개) 성장률·종료율이 잡음에 좌우되므로 평가하지 않습니다.,2024
BRD_20240303,오크레페(OH!CREPE),11.0,평가 대상 아님,,,가맹점이 30개에 이른 적이 없어(최대 11개) 성장률·종료율이 잡음에 좌우되므로 평가하지 않습니다.,2024
BRD_20240477,온육집,11.0,평가 대상 아님,,,가맹점이 30개에 이른 적이 없어(최대 11개) 성장률·종료율이 잡음에 좌우되므로 평가하지 않습니다.,2024
BRD_20240812,소소한숯불갈비,11.0,평가 대상 아님,,,가맹점이 30개에 이른 적이 없어(최대 11개) 성장률·종료율이 잡음에 좌우되므로 평가하지 않습니다.,2024
BRD_20240898,맛자랑떡볶이,11.0,평가 대상 아님,,,가맹점이 30개에 이른 적이 없어(최대 13개) 성장률·종료율이 잡음에 좌우되므로 평가하지 않습니다.,2024
BRD_20241224,국민우유집,11.0,평가 대상 아님,,,가맹점이 30개에 이른 적이 없어(최대 11개) 성장률·종료율이 잡음에 좌우되므로 평가하지 않습니다.,2024
BRD_20241239,문어의 꿈,11.0,평가 대상 아님,,,가맹점이 30개에 이른 적이 없어(최대 11개) 성장률·종료율이 잡음에 좌우되므로 평가하지 않습니다.,2024
BRD_20241434,무한육채미,11.0,평가 대상 아님,,,가맹점이 30개에 이른 적이 없어(최대 11개) 성장률·종료율이 잡음에 좌우되므로 평가하지 않습니다.,2024
BRD_20241718,옐로우캔,11.0,평가 대상 아님,,,가맹점이 30개에 이른 적이 없어(최대 11개) 성장률·종료율이 잡음에 좌우되므로 평가하지 않습니다.,2024
BRD_20241740,비비닭강정,11.0,평가 대상 아님,,,가맹점이 30개에 이른 적이 없어(최대 11개) 성장률·종료율이 잡음에 좌우되므로 평가하지 않습니다.,2024
BRD_20250887,픽피그 허브삼겹,11.0,평가 대상 아님,,,가맹점이 30개에 이른 적이 없어(최대 11개) 성장률·종료율이 잡음에 좌우되므로 평가하지 않습니다.,2024
BRD_20080100349,오징어와친구들,10.0,평가 대상 아님,,,가맹점이 30개에 이른 적이 없어(최대 26개) 성장률·종료율이 잡음에 좌우되므로 평가하지 않습니다.,2024
BRD_20080200194,피자투어,10.0,평가 대상 아님,,,"2023년 가맹점 통계가 이 브랜드 이름으로 비어 있어, 점포 증감·계약종료율 같은 최근 변화 지표를 계산할 수 없습니다. 이 상태로 점수를 내면 위험이 낮게 나오므로 평가하지 않습니다. (같은 해 다른 기록: 2023년: 지역·직영 통계(15125490)에 가맹점 기록)",2024
BRD_20080300034,하수련주왕선삼계탕,10.0,평가 대상 아님,,,가맹점이 30개에 이른 적이 없어(최대 16개) 성장률·종료율이 잡음에 좌우되므로 평가하지 않습니다.,2024
BRD_20110100115,카모메,10.0,평가 대상 아님,,,가맹점이 30개에 이른 적이 없어(최대 26개) 성장률·종료율이 잡음에 좌우되므로 평가하지 않습니다.,2024
BRD_20120100290,육전면사무소,10.0,평가 대상 아님,,,가맹점이 30개에 이른 적이 없어(최대 19개) 성장률·종료율이 잡음에 좌우되므로 평가하지 않습니다.,2024
BRD_20120100520,쭉심,10.0,평가 대상 아님,,,가맹점이 30개에 이른 적이 없어(최대 14개) 성장률·종료율이 잡음에 좌우되므로 평가하지 않습니다.,2024
BRD_20120300037,김해시락국밥,10.0,평가 대상 아님,,,가맹점이 30개에 이른 적이 없어(최대 19개) 성장률·종료율이 잡음에 좌우되므로 평가하지 않습니다.,2024
BRD_20120400046,도도랑,10.0,평가 대상 아님,,,가맹점이 30개에 이른 적이 없어(최대 11개) 성장률·종료율이 잡음에 좌우되므로 평가하지 않습니다.,2024
BRD_20140685,진미면막국수,10.0,평가 대상 아님,,,가맹점이 30개에 이른 적이 없어(최대 11개) 성장률·종료율이 잡음에 좌우되므로 평가하지 않습니다.,2024
BRD_20141042,사랑담은묵은지찜찌개,10.0,평가 대상 아님,,,가맹점이 30개에 이른 적이 없어(최대 24개) 성장률·종료율이 잡음에 좌우되므로 평가하지 않습니다.,2024
BRD_20150574,파더스김밥,10.0,평가 대상 아님,,,가맹점이 30개에 이른 적이 없어(최대 18개) 성장률·종료율이 잡음에 좌우되므로 평가하지 않습니다.,2024
BRD_20151037,자성당쫄면,10.0,평가 대상 아님,,,가맹점이 30개에 이른 적이 없어(최대 14개) 성장률·종료율이 잡음에 좌우되므로 평가하지 않습니다.,2024
BRD_20160307,토정삼계탕,10.0,평가 대상 아님,,,가맹점이 30개에 이른 적이 없어(최대 13개) 성장률·종료율이 잡음에 좌우되므로 평가하지 않습니다.,2024
BRD_20160354,토끼정,10.0,평가 대상 아님,,,가맹점이 30개에 이른 적이 없어(최대 25개) 성장률·종료율이 잡음에 좌우되므로 평가하지 않습니다.,2024
BRD_20160358,펄스맥커피,10.0,평가 대상 아님,,,가맹점이 30개에 이른 적이 없어(최대 10개) 성장률·종료율이 잡음에 좌우되므로 평가하지 않습니다.,2024
BRD_20170004,내가찜한코다리찜,10.0,평가 대상 아님,,,가맹점이 30개에 이른 적이 없어(최대 10개) 성장률·종료율이 잡음에 좌우되므로 평가하지 않습니다.,2024
BRD_20170043,뚱보아저씨 수제돈가스,10.0,평가 대상 아님,,,가맹점이 30개에 이른 적이 없어(최대 10개) 성장률·종료율이 잡음에 좌우되므로 평가하지 않습니다.,2024
BRD_20170254,만권화밥,10.0,평가 대상 아님,,,가맹점이 30개에 이른 적이 없어(최대 16개) 성장률·종료율이 잡음에 좌우되므로 평가하지 않습니다.,2024
BRD_20170348,완백부대찌개,10.0,평가 대상 아님,,,가맹점이 30개에 이른 적이 없어(최대 12개) 성장률·종료율이 잡음에 좌우되므로 평가하지 않습니다.,2024
BRD_20170374,거송갈비찜,10.0,평가 대상 아님,,,가맹점이 30개에 이른 적이 없어(최대 10개) 성장률·종료율이 잡음에 좌우되므로 평가하지 않습니다.,2024
BRD_20170456,담락참치일잔,10.0,평가 대상 아님,,,가맹점이 30개에 이른 적이 없어(최대 16개) 성장률·종료율이 잡음에 좌우되므로 평가하지 않습니다.,2024
BRD_20170670,설담재,10.0,평가 대상 아님,,,가맹점이 30개에 이른 적이 없어(최대 10개) 성장률·종료율이 잡음에 좌우되므로 평가하지 않습니다.,2024
BRD_20170860,따봉시래기,10.0,평가 대상 아님,,,가맹점이 30개에 이른 적이 없어(최대 10개) 성장률·종료율이 잡음에 좌우되므로 평가하지 않습니다.,2024
BRD_20171058,창화당,10.0,평가 대상 아님,,,가맹점이 30개에 이른 적이 없어(최대 15개) 성장률·종료율이 잡음에 좌우되므로 평가하지 않습니다.,2024
BRD_20171099,진고집동해동태탕&코다리조림,10.0,평가 대상 아님,,,가맹점이 30개에 이른 적이 없어(최대 10개) 성장률·종료율이 잡음에 좌우되므로 평가하지 않습니다.,2024
BRD_20171150,페르케노,10.0,평가 대상 아님,,,가맹점이 30개에 이른 적이 없어(최대 10개) 성장률·종료율이 잡음에 좌우되므로 평가하지 않습니다.,2024
BRD_20171351,삼훈국민생아구찜,10.0,평가 대상 아님,,,가맹점이 30개에 이른 적이 없어(최대 11개) 성장률·종료율이 잡음에 좌우되므로 평가하지 않습니다.,2024
BRD_20180724,제이브이엘(JVL)부대찌개,10.0,평가 대상 아님,,,가맹점이 30개에 이른 적이 없어(최대 12개) 성장률·종료율이 잡음에 좌우되므로 평가하지 않습니다.,2024
BRD_20180843,설레족발,10.0,평가 대상 아님,,,가맹점이 30개에 이른 적이 없어(최대 11개) 성장률·종료율이 잡음에 좌우되므로 평가하지 않습니다.,2024
BRD_20180892,밤새먹소,10.0,평가 대상 아님,,,가맹점이 30개에 이른 적이 없어(최대 12개) 성장률·종료율이 잡음에 좌우되므로 평가하지 않습니다.,2024
BRD_20181164,한옥집김치찜,10.0,평가 대상 아님,,,가맹점이 30개에 이른 적이 없어(최대 12개) 성장률·종료율이 잡음에 좌우되므로 평가하지 않습니다.,2024
BRD_20181364,프랑제리,10.0,평가 대상 아님,,,가맹점이 30개에 이른 적이 없어(최대 12개) 성장률·종료율이 잡음에 좌우되므로 평가하지 않습니다.,2024
BRD_20190015,토리비,10.0,평가 대상 아님,,,가맹점이 30개에 이른 적이 없어(최대 16개) 성장률·종료율이 잡음에 좌우되므로 평가하지 않습니다.,2024
BRD_20190046,고기는 모름지기 연탄구이,10.0,평가 대상 아님,,,가맹점이 30개에 이른 적이 없어(최대 12개) 성장률·종료율이 잡음에 좌우되므로 평가하지 않습니다.,2024
BRD_20190082,아이러브피자&치킨,10.0,평가 대상 아님,,,가맹점이 30개에 이른 적이 없어(최대 26개) 성장률·종료율이 잡음에 좌우되므로 평가하지 않습니다.,2024
BRD_20190142,호키네유부,10.0,평가 대상 아님,,,가맹점이 30개에 이른 적이 없어(최대 12개) 성장률·종료율이 잡음에 좌우되므로 평가하지 않습니다.,2024
BRD_20190197,모리셔스브라운(Mauritius Brown),10.0,평가 대상 아님,,,가맹점이 30개에 이른 적이 없어(최대 17개) 성장률·종료율이 잡음에 좌우되므로 평가하지 않습니다.,2024
BRD_20190350,콩두,10.0,평가 대상 아님,,,가맹점이 30개에 이른 적이 없어(최대 21개) 성장률·종료율이 잡음에 좌우되므로 평가하지 않습니다.,2024
BRD_20190602,돼지대첩,10.0,평가 대상 아님,,,가맹점이 30개에 이른 적이 없어(최대 12개) 성장률·종료율이 잡음에 좌우되므로 평가하지 않습니다.,2024
BRD_20190624,소보양본가,10.0,평가 대상 아님,,,가맹점이 30개에 이른 적이 없어(최대 10개) 성장률·종료율이 잡음에 좌우되므로 평가하지 않습니다.,2024
BRD_20190834,또보겠지떡볶이집,10.0,평가 대상 아님,,,가맹점이 30개에 이른 적이 없어(최대 10개) 성장률·종료율이 잡음에 좌우되므로 평가하지 않습니다.,2024
BRD_20191044,미방,10.0,평가 대상 아님,,,가맹점이 30개에 이른 적이 없어(최대 15개) 성장률·종료율이 잡음에 좌우되므로 평가하지 않습니다.,2024
BRD_20191309,정성육회,10.0,평가 대상 아님,,,가맹점이 30개에 이른 적이 없어(최대 13개) 성장률·종료율이 잡음에 좌우되므로 평가하지 않습니다.,2024
BRD_20191316,스구식탁,10.0,평가 대상 아님,,,가맹점이 30개에 이른 적이 없어(최대 10개) 성장률·종료율이 잡음에 좌우되므로 평가하지 않습니다.,2024
BRD_20200059,떡볶당,10.0,평가 대상 아님,,,가맹점이 30개에 이른 적이 없어(최대 18개) 성장률·종료율이 잡음에 좌우되므로 평가하지 않습니다.,2024
BRD_20200116,해밍턴부대찌개곱창전골,10.0,평가 대상 아님,,,가맹점이 30개에 이른 적이 없어(최대 23개) 성장률·종료율이 잡음에 좌우되므로 평가하지 않습니다.,2024
BRD_20200200,홍콩다방,10.0,평가 대상 아님,,,가맹점이 30개에 이른 적이 없어(최대 28개) 성장률·종료율이 잡음에 좌우되므로 평가하지 않습니다.,2024
BRD_20200458,치떠끼,10.0,평가 대상 아님,,,가맹점이 30개에 이른 적이 없어(최대 15개) 성장률·종료율이 잡음에 좌우되므로 평가하지 않습니다.,2024
BRD_20200635,면장수,10.0,평가 대상 아님,,,가맹점이 30개에 이른 적이 없어(최대 10개) 성장률·종료율이 잡음에 좌우되므로 평가하지 않습니다.,2024
BRD_20200688,최대패,10.0,평가 대상 아님,,,가맹점이 30개에 이른 적이 없어(최대 11개) 성장률·종료율이 잡음에 좌우되므로 평가하지 않습니다.,2024
BRD_20201084,진심커피,10.0,평가 대상 아님,,,가맹점이 30개에 이른 적이 없어(최대 11개) 성장률·종료율이 잡음에 좌우되므로 평가하지 않습니다.,2024
BRD_20201144,탑브릭스 (TOP BRIX),10.0,평가 대상 아님,,,가맹점이 30개에 이른 적이 없어(최대 20개) 성장률·종료율이 잡음에 좌우되므로 평가하지 않습니다.,2024
BRD_20201241,진명인면옥,10.0,평가 대상 아님,,,가맹점이 30개에 이른 적이 없어(최대 10개) 성장률·종료율이 잡음에 좌우되므로 평가하지 않습니다.,2024
BRD_20201279,로얄자카르타,10.0,평가 대상 아님,,,가맹점이 30개에 이른 적이 없어(최대 22개) 성장률·종료율이 잡음에 좌우되므로 평가하지 않습니다.,2024
BRD_20201299,돼지새마을본부,10.0,평가 대상 아님,,,가맹점이 30개에 이른 적이 없어(최대 10개) 성장률·종료율이 잡음에 좌우되므로 평가하지 않습니다.,2024
BRD_20201329,낭만장사꾼,10.0,평가 대상 아님,,,가맹점이 30개에 이른 적이 없어(최대 11개) 성장률·종료율이 잡음에 좌우되므로 평가하지 않습니다.,2024
BRD_20201374,OPPA COFFEE(오피피에이 커피),10.0,평가 대상 아님,,,가맹점이 30개에 이른 적이 없어(최대 11개) 성장률·종료율이 잡음에 좌우되므로 평가하지 않습니다.,2024
BRD_20201599,인생장칼,10.0,평가 대상 아님,,,가맹점이 30개에 이른 적이 없어(최대 10개) 성장률·종료율이 잡음에 좌우되므로 평가하지 않습니다.,2024
BRD_20201675,에스엘비(SLB),10.0,평가 대상 아님,,,가맹점이 30개에 이른 적이 없어(최대 11개) 성장률·종료율이 잡음에 좌우되므로 평가하지 않습니다.,2024
BRD_20210052,1990 아구찜,10.0,평가 대상 아님,,,가맹점이 30개에 이른 적이 없어(최대 17개) 성장률·종료율이 잡음에 좌우되므로 평가하지 않습니다.,2024
BRD_20210283|JNG_009039,킨크커피,10.0,평가 대상 아님,,,가맹점이 30개에 이른 적이 없어(최대 10개) 성장률·종료율이 잡음에 좌우되므로 평가하지 않습니다.,2024
BRD_20210410,빨간토마토피자,10.0,평가 대상 아님,,,가맹점이 30개에 이른 적이 없어(최대 11개) 성장률·종료율이 잡음에 좌우되므로 평가하지 않습니다.,2024
BRD_20210442,#힘이나는커피생활,10.0,평가 대상 아님,,,가맹점이 30개에 이른 적이 없어(최대 10개) 성장률·종료율이 잡음에 좌우되므로 평가하지 않습니다.,2024
BRD_20210526,부산면관,10.0,평가 대상 아님,,,가맹점이 30개에 이른 적이 없어(최대 16개) 성장률·종료율이 잡음에 좌우되므로 평가하지 않습니다.,2024
BRD_20210885,빽돈,10.0,평가 대상 아님,,,가맹점이 30개에 이른 적이 없어(최대 10개) 성장률·종료율이 잡음에 좌우되므로 평가하지 않습니다.,2024
BRD_20210894,국민통닭,10.0,평가 대상 아님,,,가맹점이 30개에 이른 적이 없어(최대 15개) 성장률·종료율이 잡음에 좌우되므로 평가하지 않습니다.,2024
BRD_20211282,대림국수,10.0,평가 대상 아님,,,가맹점이 30개에 이른 적이 없어(최대 21개) 성장률·종료율이 잡음에 좌우되므로 평가하지 않습니다.,2024
BRD_20211292,월남면반,10.0,평가 대상 아님,,,가맹점이 30개에 이른 적이 없어(최대 10개) 성장률·종료율이 잡음에 좌우되므로 평가하지 않습니다.,2024
BRD_20211337,크로엔젤,10.0,평가 대상 아님,,,가맹점이 30개에 이른 적이 없어(최대 15개) 성장률·종료율이 잡음에 좌우되므로 평가하지 않습니다.,2024
BRD_20211526,세수대야,10.0,평가 대상 아님,,,가맹점이 30개에 이른 적이 없어(최대 12개) 성장률·종료율이 잡음에 좌우되므로 평가하지 않습니다.,2024
BRD_20211568,손커피연구소,10.0,평가 대상 아님,,,가맹점이 30개에 이른 적이 없어(최대 15개) 성장률·종료율이 잡음에 좌우되므로 평가하지 않습니다.,2024
BRD_20212204,올드페리도넛,10.0,평가 대상 아님,,,가맹점이 30개에 이른 적이 없어(최대 10개) 성장률·종료율이 잡음에 좌우되므로 평가하지 않습니다.,2024
BRD_20212230,마차이짬뽕,10.0,평가 대상 아님,,,가맹점이 30개에 이른 적이 없어(최대 10개) 성장률·종료율이 잡음에 좌우되므로 평가하지 않습니다.,2024
BRD_20212295,샐러드바스켓(Salad BASKET),10.0,평가 대상 아님,,,가맹점이 30개에 이른 적이 없어(최대 13개) 성장률·종료율이 잡음에 좌우되므로 평가하지 않습니다.,2024
BRD_20212302,방배김밥,10.0,평가 대상 아님,,,가맹점이 30개에 이른 적이 없어(최대 10개) 성장률·종료율이 잡음에 좌우되므로 평가하지 않습니다.,2024
BRD_20212391,김치옥,10.0,평가 대상 아님,,,가맹점이 30개에 이른 적이 없어(최대 10개) 성장률·종료율이 잡음에 좌우되므로 평가하지 않습니다.,2024
BRD_20212398,떡밀밀,10.0,평가 대상 아님,,,가맹점이 30개에 이른 적이 없어(최대 10개) 성장률·종료율이 잡음에 좌우되므로 평가하지 않습니다.,2024
BRD_20212591,더롤드더건강한쌈,10.0,평가 대상 아님,,,가맹점이 30개에 이른 적이 없어(최대 10개) 성장률·종료율이 잡음에 좌우되므로 평가하지 않습니다.,2024
BRD_20213114,가산팔복초밥,10.0,평가 대상 아님,,,가맹점이 30개에 이른 적이 없어(최대 13개) 성장률·종료율이 잡음에 좌우되므로 평가하지 않습니다.,2024
BRD_20213197,역대짬뽕,10.0,평가 대상 아님,,,가맹점이 30개에 이른 적이 없어(최대 12개) 성장률·종료율이 잡음에 좌우되므로 평가하지 않습니다.,2024
BRD_20213524,쪽신치왕 쪽갈비,10.0,평가 대상 아님,,,가맹점이 30개에 이른 적이 없어(최대 10개) 성장률·종료율이 잡음에 좌우되므로 평가하지 않습니다.,2024
BRD_20213556,홍호아,10.0,평가 대상 아님,,,가맹점이 30개에 이른 적이 없어(최대 10개) 성장률·종료율이 잡음에 좌우되므로 평가하지 않습니다.,2024
BRD_20213817,샐요뜨,10.0,평가 대상 아님,,,가맹점이 30개에 이른 적이 없어(최대 11개) 성장률·종료율이 잡음에 좌우되므로 평가하지 않습니다.,2024
BRD_20213923,넛츠비어,10.0,평가 대상 아님,,,가맹점이 30개에 이른 적이 없어(최대 10개) 성장률·종료율이 잡음에 좌우되므로 평가하지 않습니다.,2024
BRD_20214703,슈퍼막회,10.0,평가 대상 아님,,,가맹점이 30개에 이른 적이 없어(최대 10개) 성장률·종료율이 잡음에 좌우되므로 평가하지 않습니다.,2024
BRD_20214894,쌍칼국수86,10.0,평가 대상 아님,,,가맹점이 30개에 이른 적이 없어(최대 10개) 성장률·종료율이 잡음에 좌우되므로 평가하지 않습니다.,2024
BRD_20215489,미미카츠,10.0,평가 대상 아님,,,가맹점이 30개에 이른 적이 없어(최대 12개) 성장률·종료율이 잡음에 좌우되므로 평가하지 않습니다.,2024
BRD_20220160,고기혁명,10.0,평가 대상 아님,,,가맹점이 30개에 이른 적이 없어(최대 20개) 성장률·종료율이 잡음에 좌우되므로 평가하지 않습니다.,2024
BRD_20220169,멘야하나비,10.0,평가 대상 아님,,,가맹점이 30개에 이른 적이 없어(최대 10개) 성장률·종료율이 잡음에 좌우되므로 평가하지 않습니다.,2024
BRD_20220547,진강정,10.0,평가 대상 아님,,,가맹점이 30개에 이른 적이 없어(최대 14개) 성장률·종료율이 잡음에 좌우되므로 평가하지 않습니다.,2024
BRD_20220581,고래국밥1980,10.0,평가 대상 아님,,,가맹점이 30개에 이른 적이 없어(최대 10개) 성장률·종료율이 잡음에 좌우되므로 평가하지 않습니다.,2024
BRD_20220913,초가네장어구이,10.0,평가 대상 아님,,,가맹점이 30개에 이른 적이 없어(최대 17개) 성장률·종료율이 잡음에 좌우되므로 평가하지 않습니다.,2024
BRD_20220946,한와담소반,10.0,평가 대상 아님,,,가맹점이 30개에 이른 적이 없어(최대 13개) 성장률·종료율이 잡음에 좌우되므로 평가하지 않습니다.,2024
BRD_20220948,두울원,10.0,평가 대상 아님,,,가맹점이 30개에 이른 적이 없어(최대 11개) 성장률·종료율이 잡음에 좌우되므로 평가하지 않습니다.,2024
BRD_20221244,한식의품격,10.0,평가 대상 아님,,,가맹점이 30개에 이른 적이 없어(최대 12개) 성장률·종료율이 잡음에 좌우되므로 평가하지 않습니다.,2024
BRD_20221287,샐러링(Salaring),10.0,평가 대상 아님,,,가맹점이 30개에 이른 적이 없어(최대 10개) 성장률·종료율이 잡음에 좌우되므로 평가하지 않습니다.,2024
BRD_20221299,모모유부,10.0,평가 대상 아님,,,가맹점이 30개에 이른 적이 없어(최대 10개) 성장률·종료율이 잡음에 좌우되므로 평가하지 않습니다.,2024
BRD_20221348,장미꽃 떡볶이&라면,10.0,평가 대상 아님,,,가맹점이 30개에 이른 적이 없어(최대 14개) 성장률·종료율이 잡음에 좌우되므로 평가하지 않습니다.,2024
BRD_20221355,탐라담,10.0,평가 대상 아님,,,가맹점이 30개에 이른 적이 없어(최대 10개) 성장률·종료율이 잡음에 좌우되므로 평가하지 않습니다.,2024
BRD_20221473,샤브테이,10.0,평가 대상 아님,,,가맹점이 30개에 이른 적이 없어(최대 10개) 성장률·종료율이 잡음에 좌우되므로 평가하지 않습니다.,2024
BRD_20230065,명객양꼬치,10.0,평가 대상 아님,,,가맹점이 30개에 이른 적이 없어(최대 10개) 성장률·종료율이 잡음에 좌우되므로 평가하지 않습니다.,2024
BRD_20230174,먹보한우,10.0,평가 대상 아님,,,가맹점이 30개에 이른 적이 없어(최대 10개) 성장률·종료율이 잡음에 좌우되므로 평가하지 않습니다.,2024
BRD_20230225,인생냉면,10.0,평가 대상 아님,,,가맹점이 30개에 이른 적이 없어(최대 10개) 성장률·종료율이 잡음에 좌우되므로 평가하지 않습니다.,2024
BRD_20230236,와인투고(wine to go),10.0,평가 대상 아님,,,가맹점이 30개에 이른 적이 없어(최대 11개) 성장률·종료율이 잡음에 좌우되므로 평가하지 않습니다.,2024
BRD_20230252,김사부아구찜,10.0,평가 대상 아님,,,가맹점이 30개에 이른 적이 없어(최대 10개) 성장률·종료율이 잡음에 좌우되므로 평가하지 않습니다.,2024
BRD_20230255,그립닭,10.0,평가 대상 아님,,,가맹점이 30개에 이른 적이 없어(최대 10개) 성장률·종료율이 잡음에 좌우되므로 평가하지 않습니다.,2024
BRD_20230297,설반,10.0,평가 대상 아님,,,가맹점이 30개에 이른 적이 없어(최대 10개) 성장률·종료율이 잡음에 좌우되므로 평가하지 않습니다.,2024
BRD_20230309,레몬그라스 타이,10.0,평가 대상 아님,,,가맹점이 30개에 이른 적이 없어(최대 10개) 성장률·종료율이 잡음에 좌우되므로 평가하지 않습니다.,2024
BRD_20230442,돌火격 닭강정,10.0,평가 대상 아님,,,가맹점이 30개에 이른 적이 없어(최대 10개) 성장률·종료율이 잡음에 좌우되므로 평가하지 않습니다.,2024
BRD_20230603,히죽,10.0,평가 대상 아님,,,가맹점이 30개에 이른 적이 없어(최대 10개) 성장률·종료율이 잡음에 좌우되므로 평가하지 않습니다.,2024
BRD_20230698,카쿠레가,10.0,평가 대상 아님,,,가맹점이 30개에 이른 적이 없어(최대 10개) 성장률·종료율이 잡음에 좌우되므로 평가하지 않습니다.,2024
BRD_20230972,진심돈,10.0,평가 대상 아님,,,가맹점이 30개에 이른 적이 없어(최대 10개) 성장률·종료율이 잡음에 좌우되므로 평가하지 않습니다.,2024
BRD_20231097,서민족발&해물뚝배기,10.0,평가 대상 아님,,,가맹점이 30개에 이른 적이 없어(최대 10개) 성장률·종료율이 잡음에 좌우되므로 평가하지 않습니다.,2024
BRD_20231217,몬도커피츄러스,10.0,평가 대상 아님,,,가맹점이 30개에 이른 적이 없어(최대 10개) 성장률·종료율이 잡음에 좌우되므로 평가하지 않습니다.,2024
BRD_20231244,일행,10.0,평가 대상 아님,,,가맹점이 30개에 이른 적이 없어(최대 10개) 성장률·종료율이 잡음에 좌우되므로 평가하지 않습니다.,2024
BRD_20231300,투게더피치,10.0,평가 대상 아님,,,가맹점이 30개에 이른 적이 없어(최대 10개) 성장률·종료율이 잡음에 좌우되므로 평가하지 않습니다.,2024
BRD_20231433,크로하우스,10.0,평가 대상 아님,,,가맹점이 30개에 이른 적이 없어(최대 10개) 성장률·종료율이 잡음에 좌우되므로 평가하지 않습니다.,2024
BRD_20231512,동양솥밥,10.0,평가 대상 아님,,,가맹점이 30개에 이른 적이 없어(최대 10개) 성장률·종료율이 잡음에 좌우되므로 평가하지 않습니다.,2024
BRD_20231552,사운즈커피미니(SOUNDSCOFFEE mini),10.0,평가 대상 아님,,,가맹점이 30개에 이른 적이 없어(최대 10개) 성장률·종료율이 잡음에 좌우되므로 평가하지 않습니다.,2024
BRD_20231591,샵샵,10.0,평가 대상 아님,,,가맹점이 30개에 이른 적이 없어(최대 10개) 성장률·종료율이 잡음에 좌우되므로 평가하지 않습니다.,2024
BRD_20231595,정동,10.0,평가 대상 아님,,,가맹점이 30개에 이른 적이 없어(최대 10개) 성장률·종료율이 잡음에 좌우되므로 평가하지 않습니다.,2024
BRD_20231710,선비칼국수,10.0,평가 대상 아님,,,가맹점이 30개에 이른 적이 없어(최대 10개) 성장률·종료율이 잡음에 좌우되므로 평가하지 않습니다.,2024
BRD_20231827,텐진야끼니꾸,10.0,평가 대상 아님,,,가맹점이 30개에 이른 적이 없어(최대 10개) 성장률·종료율이 잡음에 좌우되므로 평가하지 않습니다.,2024
BRD_20240129,오일내,10.0,평가 대상 아님,,,가맹점이 30개에 이른 적이 없어(최대 10개) 성장률·종료율이 잡음에 좌우되므로 평가하지 않습니다.,2024
BRD_20240138|JNG_017258,제로밥상,10.0,평가 대상 아님,,,가맹점이 30개에 이른 적이 없어(최대 10개) 성장률·종료율이 잡음에 좌우되므로 평가하지 않습니다.,2024
BRD_20240144,마스타 하이볼,10.0,평가 대상 아님,,,가맹점이 30개에 이른 적이 없어(최대 10개) 성장률·종료율이 잡음에 좌우되므로 평가하지 않습니다.,2024
BRD_20240229,폴러스타커피,10.0,평가 대상 아님,,,가맹점이 30개에 이른 적이 없어(최대 10개) 성장률·종료율이 잡음에 좌우되므로 평가하지 않습니다.,2024
BRD_20240299,박대박 왕소금구이,10.0,평가 대상 아님,,,가맹점이 30개에 이른 적이 없어(최대 10개) 성장률·종료율이 잡음에 좌우되므로 평가하지 않습니다.,2024
BRD_20240360,국밥장인,10.0,평가 대상 아님,,,가맹점이 30개에 이른 적이 없어(최대 10개) 성장률·종료율이 잡음에 좌우되므로 평가하지 않습니다.,2024
BRD_20240499,요거트가족,10.0,평가 대상 아님,,,가맹점이 30개에 이른 적이 없어(최대 10개) 성장률·종료율이 잡음에 좌우되므로 평가하지 않습니다.,2024
BRD_20240522,육값어치,10.0,평가 대상 아님,,,가맹점이 30개에 이른 적이 없어(최대 13개) 성장률·종료율이 잡음에 좌우되므로 평가하지 않습니다.,2024
BRD_20240723,올드몬트베이글,10.0,평가 대상 아님,,,가맹점이 30개에 이른 적이 없어(최대 10개) 성장률·종료율이 잡음에 좌우되므로 평가하지 않습니다.,2024
BRD_20240801,더꾸닭꾸두마리치킨,10.0,평가 대상 아님,,,가맹점이 30개에 이른 적이 없어(최대 10개) 성장률·종료율이 잡음에 좌우되므로 평가하지 않습니다.,2024
BRD_20241253,예술피자,10.0,평가 대상 아님,,,가맹점이 30개에 이른 적이 없어(최대 10개) 성장률·종료율이 잡음에 좌우되므로 평가하지 않습니다.,2024
NAME:단골손님@외식,단골손님,10.0,평가 대상 아님,,,가맹점이 30개에 이른 적이 없어(최대 28개) 성장률·종료율이 잡음에 좌우되므로 평가하지 않습니다.,2024
NAME:쇼부@외식,쇼부,10.0,평가 대상 아님,,,가맹점이 30개에 이른 적이 없어(최대 14개) 성장률·종료율이 잡음에 좌우되므로 평가하지 않습니다.,2024
NAME:쭈꾸미본색@외식,쭈꾸미본색,10.0,평가 대상 아님,,,가맹점이 30개에 이른 적이 없어(최대 17개) 성장률·종료율이 잡음에 좌우되므로 평가하지 않습니다.,2024
BRD_20080100194,놀란돼지,9.0,평가 대상 아님,,,가맹점이 30개에 이른 적이 없어(최대 15개) 성장률·종료율이 잡음에 좌우되므로 평가하지 않습니다.,2024
BRD_20080500023,신정골,9.0,평가 대상 아님,,,가맹점이 30개에 이른 적이 없어(최대 15개) 성장률·종료율이 잡음에 좌우되므로 평가하지 않습니다.,2024
BRD_20090100101,어바웃샤브,9.0,평가 대상 아님,,,가맹점이 30개에 이른 적이 없어(최대 22개) 성장률·종료율이 잡음에 좌우되므로 평가하지 않습니다.,2024
BRD_20090100232,온누리장작구이,9.0,평가 대상 아님,,,가맹점이 30개에 이른 적이 없어(최대 11개) 성장률·종료율이 잡음에 좌우되므로 평가하지 않습니다.,2024
BRD_20090100582,두리맛감자탕,9.0,평가 대상 아님,,,가맹점이 30개에 이른 적이 없어(최대 24개) 성장률·종료율이 잡음에 좌우되므로 평가하지 않습니다.,2024
BRD_20090600036,정도너츠,9.0,평가 대상 아님,,,가맹점이 30개에 이른 적이 없어(최대 19개) 성장률·종료율이 잡음에 좌우되므로 평가하지 않습니다.,2024
BRD_20100100622,장충당,9.0,평가 대상 아님,,,가맹점이 30개에 이른 적이 없어(최대 17개) 성장률·종료율이 잡음에 좌우되므로 평가하지 않습니다.,2024
BRD_20100600008,박수근네온천골,9.0,평가 대상 아님,,,가맹점이 30개에 이른 적이 없어(최대 14개) 성장률·종료율이 잡음에 좌우되므로 평가하지 않습니다.,2024
BRD_20120100157,꿀닭,9.0,평가 대상 아님,,,"2023년 가맹점 통계가 이 브랜드 이름으로 비어 있어, 점포 증감·계약종료율 같은 최근 변화 지표를 계산할 수 없습니다. 이 상태로 점수를 내면 위험이 낮게 나오므로 평가하지 않습니다. (같은 해 다른 기록: 2023년: 지역·직영 통계(15125490)에 가맹점 기록)",2024
BRD_20120100627,매드후라이치킨,9.0,평가 대상 아님,,,가맹점이 30개에 이른 적이 없어(최대 22개) 성장률·종료율이 잡음에 좌우되므로 평가하지 않습니다.,2024
BRD_20140784,부바스,9.0,평가 대상 아님,,,가맹점이 30개에 이른 적이 없어(최대 9개) 성장률·종료율이 잡음에 좌우되므로 평가하지 않습니다.,2024
BRD_20140861,김덕후의 곱창조,9.0,평가 대상 아님,,,가맹점이 30개에 이른 적이 없어(최대 25개) 성장률·종료율이 잡음에 좌우되므로 평가하지 않습니다.,2024
BRD_20151042,닭발싸롱,9.0,평가 대상 아님,,,가맹점이 30개에 이른 적이 없어(최대 13개) 성장률·종료율이 잡음에 좌우되므로 평가하지 않습니다.,2024
BRD_20151271,두부본가어묵,9.0,평가 대상 아님,,,가맹점이 30개에 이른 적이 없어(최대 11개) 성장률·종료율이 잡음에 좌우되므로 평가하지 않습니다.,2024
BRD_20160088,모모야,9.0,평가 대상 아님,,,가맹점이 30개에 이른 적이 없어(최대 18개) 성장률·종료율이 잡음에 좌우되므로 평가하지 않습니다.,2024
BRD_20160599,100년의피자 카페인시애틀,9.0,평가 대상 아님,,,"2023년 가맹점 통계가 이 브랜드 이름으로 비어 있어, 점포 증감·계약종료율 같은 최근 변화 지표를 계산할 수 없습니다. 이 상태로 점수를 내면 위험이 낮게 나오므로 평가하지 않습니다. (같은 해 다른 기록: 2023년: 지역·직영 통계(15125490)에 가맹점 기록)",2024
BRD_20160643,스타동,9.0,평가 대상 아님,,,가맹점이 30개에 이른 적이 없어(최대 13개) 성장률·종료율이 잡음에 좌우되므로 평가하지 않습니다.,2024
BRD_20160720,한명숙피자치킨,9.0,평가 대상 아님,,,가맹점이 30개에 이른 적이 없어(최대 15개) 성장률·종료율이 잡음에 좌우되므로 평가하지 않습니다.,2024
BRD_20170734,쟁반집8292,9.0,평가 대상 아님,,,가맹점이 30개에 이른 적이 없어(최대 17개) 성장률·종료율이 잡음에 좌우되므로 평가하지 않습니다.,2024
BRD_20170999,중화가정,9.0,평가 대상 아님,,,가맹점이 30개에 이른 적이 없어(최대 18개) 성장률·종료율이 잡음에 좌우되므로 평가하지 않습니다.,2024
BRD_20171235,똥집의 달인,9.0,평가 대상 아님,,,가맹점이 30개에 이른 적이 없어(최대 11개) 성장률·종료율이 잡음에 좌우되므로 평가하지 않습니다.,2024
BRD_20171403,문래돼지불백,9.0,평가 대상 아님,,,가맹점이 30개에 이른 적이 없어(최대 11개) 성장률·종료율이 잡음에 좌우되므로 평가하지 않습니다.,2024
BRD_20171442,해우리,9.0,평가 대상 아님,,,가맹점이 30개에 이른 적이 없어(최대 11개) 성장률·종료율이 잡음에 좌우되므로 평가하지 않습니다.,2024
BRD_20180012,와닭꼬치,9.0,평가 대상 아님,,,가맹점이 30개에 이른 적이 없어(최대 14개) 성장률·종료율이 잡음에 좌우되므로 평가하지 않습니다.,2024
BRD_20180419,PIZZA BOX(피자박스),9.0,평가 대상 아님,,,가맹점이 30개에 이른 적이 없어(최대 10개) 성장률·종료율이 잡음에 좌우되므로 평가하지 않습니다.,2024
BRD_20180455,오목집,9.0,평가 대상 아님,,,가맹점이 30개에 이른 적이 없어(최대 10개) 성장률·종료율이 잡음에 좌우되므로 평가하지 않습니다.,2024
BRD_20180636,메이탄,9.0,평가 대상 아님,,,가맹점이 30개에 이른 적이 없어(최대 12개) 성장률·종료율이 잡음에 좌우되므로 평가하지 않습니다.,2024
BRD_20180810,데일리오아시스,9.0,평가 대상 아님,,,가맹점이 30개에 이른 적이 없어(최대 13개) 성장률·종료율이 잡음에 좌우되므로 평가하지 않습니다.,2024
BRD_20180897,직화한상,9.0,평가 대상 아님,,,가맹점이 30개에 이른 적이 없어(최대 15개) 성장률·종료율이 잡음에 좌우되므로 평가하지 않습니다.,2024
BRD_20180956,레드문,9.0,평가 대상 아님,,,가맹점이 30개에 이른 적이 없어(최대 9개) 성장률·종료율이 잡음에 좌우되므로 평가하지 않습니다.,2024
BRD_20181042,큐큐면관,9.0,평가 대상 아님,,,가맹점이 30개에 이른 적이 없어(최대 11개) 성장률·종료율이 잡음에 좌우되므로 평가하지 않습니다.,2024
BRD_20181131,본가어탕,9.0,평가 대상 아님,,,가맹점이 30개에 이른 적이 없어(최대 10개) 성장률·종료율이 잡음에 좌우되므로 평가하지 않습니다.,2024
BRD_20181214,랜돌프,9.0,평가 대상 아님,,,가맹점이 30개에 이른 적이 없어(최대 18개) 성장률·종료율이 잡음에 좌우되므로 평가하지 않습니다.,2024
BRD_20190335,남도분식,9.0,평가 대상 아님,,,가맹점이 30개에 이른 적이 없어(최대 12개) 성장률·종료율이 잡음에 좌우되므로 평가하지 않습니다.,2024
BRD_20190574,떡불킹,9.0,평가 대상 아님,,,가맹점이 30개에 이른 적이 없어(최대 9개) 성장률·종료율이 잡음에 좌우되므로 평가하지 않습니다.,2024
BRD_20190583,에이그레이트카페,9.0,평가 대상 아님,,,가맹점이 30개에 이른 적이 없어(최대 15개) 성장률·종료율이 잡음에 좌우되므로 평가하지 않습니다.,2024
BRD_20190611,인더비엣,9.0,평가 대상 아님,,,가맹점이 30개에 이른 적이 없어(최대 11개) 성장률·종료율이 잡음에 좌우되므로 평가하지 않습니다.,2024
BRD_20190689,몽슈슈,9.0,평가 대상 아님,,,가맹점이 30개에 이른 적이 없어(최대 9개) 성장률·종료율이 잡음에 좌우되므로 평가하지 않습니다.,2024
BRD_20190801,라헬의부엌,9.0,평가 대상 아님,,,가맹점이 30개에 이른 적이 없어(최대 11개) 성장률·종료율이 잡음에 좌우되므로 평가하지 않습니다.,2024
BRD_20190935,쿠크봉,9.0,평가 대상 아님,,,가맹점이 30개에 이른 적이 없어(최대 12개) 성장률·종료율이 잡음에 좌우되므로 평가하지 않습니다.,2024
BRD_20191058,꼬꼬번피자&치킨,9.0,평가 대상 아님,,,가맹점이 30개에 이른 적이 없어(최대 17개) 성장률·종료율이 잡음에 좌우되므로 평가하지 않습니다.,2024
BRD_20191408,빠레뜨한남,9.0,평가 대상 아님,,,가맹점이 30개에 이른 적이 없어(최대 25개) 성장률·종료율이 잡음에 좌우되므로 평가하지 않습니다.,2024
BRD_20200084,육회에빠지다,9.0,평가 대상 아님,,,가맹점이 30개에 이른 적이 없어(최대 23개) 성장률·종료율이 잡음에 좌우되므로 평가하지 않습니다.,2024
BRD_20200355,국밥쟁이,9.0,평가 대상 아님,,,가맹점이 30개에 이른 적이 없어(최대 19개) 성장률·종료율이 잡음에 좌우되므로 평가하지 않습니다.,2024
BRD_20200374,카페 꽃이피다,9.0,평가 대상 아님,,,가맹점이 30개에 이른 적이 없어(최대 14개) 성장률·종료율이 잡음에 좌우되므로 평가하지 않습니다.,2024
BRD_20200617,유림회관,9.0,평가 대상 아님,,,가맹점이 30개에 이른 적이 없어(최대 9개) 성장률·종료율이 잡음에 좌우되므로 평가하지 않습니다.,2024
BRD_20200648,행복한우동가게,9.0,평가 대상 아님,,,가맹점이 30개에 이른 적이 없어(최대 9개) 성장률·종료율이 잡음에 좌우되므로 평가하지 않습니다.,2024
BRD_20201022,멕시칸라이브그릴,9.0,평가 대상 아님,,,가맹점이 30개에 이른 적이 없어(최대 16개) 성장률·종료율이 잡음에 좌우되므로 평가하지 않습니다.,2024
BRD_20201191,박주억 장수오리,9.0,평가 대상 아님,,,가맹점이 30개에 이른 적이 없어(최대 10개) 성장률·종료율이 잡음에 좌우되므로 평가하지 않습니다.,2024
BRD_20201209,비빔가,9.0,평가 대상 아님,,,가맹점이 30개에 이른 적이 없어(최대 11개) 성장률·종료율이 잡음에 좌우되므로 평가하지 않습니다.,2024
BRD_20201220,양육점,9.0,평가 대상 아님,,,가맹점이 30개에 이른 적이 없어(최대 9개) 성장률·종료율이 잡음에 좌우되므로 평가하지 않습니다.,2024
BRD_20201420,보니또,9.0,평가 대상 아님,,,가맹점이 30개에 이른 적이 없어(최대 9개) 성장률·종료율이 잡음에 좌우되므로 평가하지 않습니다.,2024
BRD_20201452,츠츠허허,9.0,평가 대상 아님,,,가맹점이 30개에 이른 적이 없어(최대 10개) 성장률·종료율이 잡음에 좌우되므로 평가하지 않습니다.,2024
BRD_20201512,훈장만두,9.0,평가 대상 아님,,,가맹점이 30개에 이른 적이 없어(최대 9개) 성장률·종료율이 잡음에 좌우되므로 평가하지 않습니다.,2024
BRD_20201900,핑퐁커피,9.0,평가 대상 아님,,,가맹점이 30개에 이른 적이 없어(최대 11개) 성장률·종료율이 잡음에 좌우되므로 평가하지 않습니다.,2024
BRD_20201915,기기커피,9.0,평가 대상 아님,,,가맹점이 30개에 이른 적이 없어(최대 9개) 성장률·종료율이 잡음에 좌우되므로 평가하지 않습니다.,2024
BRD_20210067,즐거운돈까스,9.0,평가 대상 아님,,,가맹점이 30개에 이른 적이 없어(최대 13개) 성장률·종료율이 잡음에 좌우되므로 평가하지 않습니다.,2024
BRD_20210168,수찜닭,9.0,평가 대상 아님,,,가맹점이 30개에 이른 적이 없어(최대 13개) 성장률·종료율이 잡음에 좌우되므로 평가하지 않습니다.,2024
BRD_20210196,청춘아구찜알곤이찜,9.0,평가 대상 아님,,,가맹점이 30개에 이른 적이 없어(최대 21개) 성장률·종료율이 잡음에 좌우되므로 평가하지 않습니다.,2024
BRD_20210230,봄담아,9.0,평가 대상 아님,,,가맹점이 30개에 이른 적이 없어(최대 9개) 성장률·종료율이 잡음에 좌우되므로 평가하지 않습니다.,2024
BRD_20210700,신야텐야,9.0,평가 대상 아님,,,가맹점이 30개에 이른 적이 없어(최대 14개) 성장률·종료율이 잡음에 좌우되므로 평가하지 않습니다.,2024
BRD_20210714,달마설렁탕숯불갈비,9.0,평가 대상 아님,,,가맹점이 30개에 이른 적이 없어(최대 9개) 성장률·종료율이 잡음에 좌우되므로 평가하지 않습니다.,2024
BRD_20210830,육회천지,9.0,평가 대상 아님,,,가맹점이 30개에 이른 적이 없어(최대 9개) 성장률·종료율이 잡음에 좌우되므로 평가하지 않습니다.,2024
BRD_20211214,김재성의 사천형제국밥,9.0,평가 대상 아님,,,가맹점이 30개에 이른 적이 없어(최대 9개) 성장률·종료율이 잡음에 좌우되므로 평가하지 않습니다.,2024
BRD_20211232,애월연어,9.0,평가 대상 아님,,,가맹점이 30개에 이른 적이 없어(최대 15개) 성장률·종료율이 잡음에 좌우되므로 평가하지 않습니다.,2024
BRD_20211233,갱스터피자,9.0,평가 대상 아님,,,가맹점이 30개에 이른 적이 없어(최대 9개) 성장률·종료율이 잡음에 좌우되므로 평가하지 않습니다.,2024
BRD_20211239,디저트테이블냠냠,9.0,평가 대상 아님,,,가맹점이 30개에 이른 적이 없어(최대 9개) 성장률·종료율이 잡음에 좌우되므로 평가하지 않습니다.,2024
BRD_20211267,moonbowl,9.0,평가 대상 아님,,,가맹점이 30개에 이른 적이 없어(최대 9개) 성장률·종료율이 잡음에 좌우되므로 평가하지 않습니다.,2024
BRD_20211426,생생쭈꾸미,9.0,평가 대상 아님,,,가맹점이 30개에 이른 적이 없어(최대 15개) 성장률·종료율이 잡음에 좌우되므로 평가하지 않습니다.,2024
BRD_20211480,빙츄르,9.0,평가 대상 아님,,,가맹점이 30개에 이른 적이 없어(최대 9개) 성장률·종료율이 잡음에 좌우되므로 평가하지 않습니다.,2024
BRD_20211521,한돈제육대감,9.0,평가 대상 아님,,,가맹점이 30개에 이른 적이 없어(최대 9개) 성장률·종료율이 잡음에 좌우되므로 평가하지 않습니다.,2024
BRD_20211622,해피꼬마김밥,9.0,평가 대상 아님,,,가맹점이 30개에 이른 적이 없어(최대 9개) 성장률·종료율이 잡음에 좌우되므로 평가하지 않습니다.,2024
BRD_20211646,아오리의 행방불명,9.0,평가 대상 아님,,,가맹점이 30개에 이른 적이 없어(최대 9개) 성장률·종료율이 잡음에 좌우되므로 평가하지 않습니다.,2024
BRD_20211855,카페락온,9.0,평가 대상 아님,,,가맹점이 30개에 이른 적이 없어(최대 9개) 성장률·종료율이 잡음에 좌우되므로 평가하지 않습니다.,2024
BRD_20211938,오샐러드,9.0,평가 대상 아님,,,가맹점이 30개에 이른 적이 없어(최대 10개) 성장률·종료율이 잡음에 좌우되므로 평가하지 않습니다.,2024
BRD_20212232,켈리토스트카페,9.0,평가 대상 아님,,,가맹점이 30개에 이른 적이 없어(최대 10개) 성장률·종료율이 잡음에 좌우되므로 평가하지 않습니다.,2024
BRD_20212392,인생짜글이&비빔밥,9.0,평가 대상 아님,,,가맹점이 30개에 이른 적이 없어(최대 26개) 성장률·종료율이 잡음에 좌우되므로 평가하지 않습니다.,2024
BRD_20212704,투달러커피(2Dollars Coffee),9.0,평가 대상 아님,,,가맹점이 30개에 이른 적이 없어(최대 9개) 성장률·종료율이 잡음에 좌우되므로 평가하지 않습니다.,2024
BRD_20212869,꺼구리치킨,9.0,평가 대상 아님,,,가맹점이 30개에 이른 적이 없어(최대 12개) 성장률·종료율이 잡음에 좌우되므로 평가하지 않습니다.,2024
BRD_20212989,세친구곱창,9.0,평가 대상 아님,,,가맹점이 30개에 이른 적이 없어(최대 9개) 성장률·종료율이 잡음에 좌우되므로 평가하지 않습니다.,2024
BRD_20213013,홍순우 홍제동순두부우동국수,9.0,평가 대상 아님,,,가맹점이 30개에 이른 적이 없어(최대 9개) 성장률·종료율이 잡음에 좌우되므로 평가하지 않습니다.,2024
BRD_20213028,슬림비빔밥,9.0,평가 대상 아님,,,가맹점이 30개에 이른 적이 없어(최대 10개) 성장률·종료율이 잡음에 좌우되므로 평가하지 않습니다.,2024
BRD_20213168,히얼이즈커피,9.0,평가 대상 아님,,,가맹점이 30개에 이른 적이 없어(최대 9개) 성장률·종료율이 잡음에 좌우되므로 평가하지 않습니다.,2024
BRD_20213210,백순대본가새맛,9.0,평가 대상 아님,,,가맹점이 30개에 이른 적이 없어(최대 16개) 성장률·종료율이 잡음에 좌우되므로 평가하지 않습니다.,2024
BRD_20213415,호랑이 떡볶이,9.0,평가 대상 아님,,,가맹점이 30개에 이른 적이 없어(최대 12개) 성장률·종료율이 잡음에 좌우되므로 평가하지 않습니다.,2024
BRD_20213969,헬리빈커피(HELIBEAN COFFEE),9.0,평가 대상 아님,,,가맹점이 30개에 이른 적이 없어(최대 12개) 성장률·종료율이 잡음에 좌우되므로 평가하지 않습니다.,2024
BRD_20214166,마라민족,9.0,평가 대상 아님,,,가맹점이 30개에 이른 적이 없어(최대 9개) 성장률·종료율이 잡음에 좌우되므로 평가하지 않습니다.,2024
BRD_20214336|JNG_011795,Salad Ann Garden,9.0,평가 대상 아님,,,가맹점이 30개에 이른 적이 없어(최대 9개) 성장률·종료율이 잡음에 좌우되므로 평가하지 않습니다.,2024
BRD_20214422,진부엉이꼬마김밥,9.0,평가 대상 아님,,,가맹점이 30개에 이른 적이 없어(최대 9개) 성장률·종료율이 잡음에 좌우되므로 평가하지 않습니다.,2024
BRD_20214500|JNG_011901,부산갈매기,9.0,평가 대상 아님,,,가맹점이 30개에 이른 적이 없어(최대 9개) 성장률·종료율이 잡음에 좌우되므로 평가하지 않습니다.,2024
BRD_20214976,타임즈 핫도그,9.0,평가 대상 아님,,,가맹점이 30개에 이른 적이 없어(최대 11개) 성장률·종료율이 잡음에 좌우되므로 평가하지 않습니다.,2024
BRD_20215850,브라더뒷고기,9.0,평가 대상 아님,,,가맹점이 30개에 이른 적이 없어(최대 9개) 성장률·종료율이 잡음에 좌우되므로 평가하지 않습니다.,2024
BRD_20215861,이희석 이가네 해장국,9.0,평가 대상 아님,,,가맹점이 30개에 이른 적이 없어(최대 9개) 성장률·종료율이 잡음에 좌우되므로 평가하지 않습니다.,2024
BRD_20220055,우심,9.0,평가 대상 아님,,,가맹점이 30개에 이른 적이 없어(최대 13개) 성장률·종료율이 잡음에 좌우되므로 평가하지 않습니다.,2024
BRD_20220205,마더락,9.0,평가 대상 아님,,,가맹점이 30개에 이른 적이 없어(최대 9개) 성장률·종료율이 잡음에 좌우되므로 평가하지 않습니다.,2024
BRD_20220231,구땡식당,9.0,평가 대상 아님,,,가맹점이 30개에 이른 적이 없어(최대 9개) 성장률·종료율이 잡음에 좌우되므로 평가하지 않습니다.,2024
BRD_20220302,숙성도,9.0,평가 대상 아님,,,가맹점이 30개에 이른 적이 없어(최대 9개) 성장률·종료율이 잡음에 좌우되므로 평가하지 않습니다.,2024
BRD_20220347,유유샤브,9.0,평가 대상 아님,,,가맹점이 30개에 이른 적이 없어(최대 13개) 성장률·종료율이 잡음에 좌우되므로 평가하지 않습니다.,2024
BRD_20220430,1L 커피특별시,9.0,평가 대상 아님,,,가맹점이 30개에 이른 적이 없어(최대 9개) 성장률·종료율이 잡음에 좌우되므로 평가하지 않습니다.,2024
BRD_20220486,패밀리꼬마김밥,9.0,평가 대상 아님,,,가맹점이 30개에 이른 적이 없어(최대 9개) 성장률·종료율이 잡음에 좌우되므로 평가하지 않습니다.,2024
BRD_20220509,키라키라윤,9.0,평가 대상 아님,,,가맹점이 30개에 이른 적이 없어(최대 9개) 성장률·종료율이 잡음에 좌우되므로 평가하지 않습니다.,2024
BRD_20220662,제일칼국수,9.0,평가 대상 아님,,,가맹점이 30개에 이른 적이 없어(최대 9개) 성장률·종료율이 잡음에 좌우되므로 평가하지 않습니다.,2024
BRD_20220812,깜보,9.0,평가 대상 아님,,,가맹점이 30개에 이른 적이 없어(최대 9개) 성장률·종료율이 잡음에 좌우되므로 평가하지 않습니다.,2024
BRD_20220968,이리맥주,9.0,평가 대상 아님,,,가맹점이 30개에 이른 적이 없어(최대 9개) 성장률·종료율이 잡음에 좌우되므로 평가하지 않습니다.,2024
BRD_20220992,신재우명인설렁탕,9.0,평가 대상 아님,,,가맹점이 30개에 이른 적이 없어(최대 9개) 성장률·종료율이 잡음에 좌우되므로 평가하지 않습니다.,2024
BRD_20221084,닭장맥주,9.0,평가 대상 아님,,,가맹점이 30개에 이른 적이 없어(최대 9개) 성장률·종료율이 잡음에 좌우되므로 평가하지 않습니다.,2024
BRD_20221308,볶음밥잇츄,9.0,평가 대상 아님,,,가맹점이 30개에 이른 적이 없어(최대 22개) 성장률·종료율이 잡음에 좌우되므로 평가하지 않습니다.,2024
BRD_20221310,쌈패,9.0,평가 대상 아님,,,가맹점이 30개에 이른 적이 없어(최대 10개) 성장률·종료율이 잡음에 좌우되므로 평가하지 않습니다.,2024
BRD_20221314,우리다,9.0,평가 대상 아님,,,가맹점이 30개에 이른 적이 없어(최대 11개) 성장률·종료율이 잡음에 좌우되므로 평가하지 않습니다.,2024
BRD_20221315,화신바베큐치킨,9.0,평가 대상 아님,,,가맹점이 30개에 이른 적이 없어(최대 9개) 성장률·종료율이 잡음에 좌우되므로 평가하지 않습니다.,2024
BRD_20230066,닭발굽는청년,9.0,평가 대상 아님,,,가맹점이 30개에 이른 적이 없어(최대 9개) 성장률·종료율이 잡음에 좌우되므로 평가하지 않습니다.,2024
BRD_20230091,떡볶이는 튀김빨,9.0,평가 대상 아님,,,가맹점이 30개에 이른 적이 없어(최대 16개) 성장률·종료율이 잡음에 좌우되므로 평가하지 않습니다.,2024
BRD_20230322,카페마타마타,9.0,평가 대상 아님,,,가맹점이 30개에 이른 적이 없어(최대 9개) 성장률·종료율이 잡음에 좌우되므로 평가하지 않습니다.,2024
BRD_20230465,미조리해물찜,9.0,평가 대상 아님,,,가맹점이 30개에 이른 적이 없어(최대 9개) 성장률·종료율이 잡음에 좌우되므로 평가하지 않습니다.,2024
BRD_20230498,띵미윗미,9.0,평가 대상 아님,,,가맹점이 30개에 이른 적이 없어(최대 9개) 성장률·종료율이 잡음에 좌우되므로 평가하지 않습니다.,2024
BRD_20230612,투빅커피(TOOBIG COFFEE),9.0,평가 대상 아님,,,가맹점이 30개에 이른 적이 없어(최대 9개) 성장률·종료율이 잡음에 좌우되므로 평가하지 않습니다.,2024
BRD_20230686,하마네아구찜,9.0,평가 대상 아님,,,가맹점이 30개에 이른 적이 없어(최대 9개) 성장률·종료율이 잡음에 좌우되므로 평가하지 않습니다.,2024
BRD_20230877,라임반찬,9.0,평가 대상 아님,,,가맹점이 30개에 이른 적이 없어(최대 9개) 성장률·종료율이 잡음에 좌우되므로 평가하지 않습니다.,2024
BRD_20230883,아덴블랑제리 시그니쳐,9.0,평가 대상 아님,,,가맹점이 30개에 이른 적이 없어(최대 9개) 성장률·종료율이 잡음에 좌우되므로 평가하지 않습니다.,2024
BRD_20231025,슬림볶음밥,9.0,평가 대상 아님,,,가맹점이 30개에 이른 적이 없어(최대 27개) 성장률·종료율이 잡음에 좌우되므로 평가하지 않습니다.,2024
BRD_20231055,픽셀커피,9.0,평가 대상 아님,,,가맹점이 30개에 이른 적이 없어(최대 9개) 성장률·종료율이 잡음에 좌우되므로 평가하지 않습니다.,2024
BRD_20231208,페이브커피,9.0,평가 대상 아님,,,가맹점이 30개에 이른 적이 없어(최대 9개) 성장률·종료율이 잡음에 좌우되므로 평가하지 않습니다.,2024
BRD_20231254,조선육회,9.0,평가 대상 아님,,,가맹점이 30개에 이른 적이 없어(최대 9개) 성장률·종료율이 잡음에 좌우되므로 평가하지 않습니다.,2024
BRD_20231262,장수루양꼬치,9.0,평가 대상 아님,,,가맹점이 30개에 이른 적이 없어(최대 9개) 성장률·종료율이 잡음에 좌우되므로 평가하지 않습니다.,2024
BRD_20231312,통영항 수산민족,9.0,평가 대상 아님,,,가맹점이 30개에 이른 적이 없어(최대 9개) 성장률·종료율이 잡음에 좌우되므로 평가하지 않습니다.,2024
BRD_20231318,EVZZUCKER COFFEE,9.0,평가 대상 아님,,,가맹점이 30개에 이른 적이 없어(최대 9개) 성장률·종료율이 잡음에 좌우되므로 평가하지 않습니다.,2024
BRD_20231517,지파시,9.0,평가 대상 아님,,,가맹점이 30개에 이른 적이 없어(최대 10개) 성장률·종료율이 잡음에 좌우되므로 평가하지 않습니다.,2024
BRD_20231602,삼대본가김치찜,9.0,평가 대상 아님,,,가맹점이 30개에 이른 적이 없어(최대 9개) 성장률·종료율이 잡음에 좌우되므로 평가하지 않습니다.,2024
BRD_20231918,끄티집,9.0,평가 대상 아님,,,가맹점이 30개에 이른 적이 없어(최대 10개) 성장률·종료율이 잡음에 좌우되므로 평가하지 않습니다.,2024
BRD_20240002,모서릿집,9.0,평가 대상 아님,,,가맹점이 30개에 이른 적이 없어(최대 9개) 성장률·종료율이 잡음에 좌우되므로 평가하지 않습니다.,2024
BRD_20240094,을지로 연탄구이,9.0,평가 대상 아님,,,가맹점이 30개에 이른 적이 없어(최대 9개) 성장률·종료율이 잡음에 좌우되므로 평가하지 않습니다.,2024
BRD_20240276,범앗간,9.0,평가 대상 아님,,,가맹점이 30개에 이른 적이 없어(최대 9개) 성장률·종료율이 잡음에 좌우되므로 평가하지 않습니다.,2024
BRD_20240424,다이닝갈비,9.0,평가 대상 아님,,,가맹점이 30개에 이른 적이 없어(최대 9개) 성장률·종료율이 잡음에 좌우되므로 평가하지 않습니다.,2024
BRD_20240454,칼퇴근 김대리,9.0,평가 대상 아님,,,가맹점이 30개에 이른 적이 없어(최대 9개) 성장률·종료율이 잡음에 좌우되므로 평가하지 않습니다.,2024
BRD_20240541,치킨고래,9.0,평가 대상 아님,,,가맹점이 30개에 이른 적이 없어(최대 9개) 성장률·종료율이 잡음에 좌우되므로 평가하지 않습니다.,2024
BRD_20240607,찐불이 찐숯불 두마리 치킨,9.0,평가 대상 아님,,,가맹점이 30개에 이른 적이 없어(최대 9개) 성장률·종료율이 잡음에 좌우되므로 평가하지 않습니다.,2024
BRD_20240651,해월당,9.0,평가 대상 아님,,,가맹점이 30개에 이른 적이 없어(최대 9개) 성장률·종료율이 잡음에 좌우되므로 평가하지 않습니다.,2024
BRD_20240658,김숙성,9.0,평가 대상 아님,,,가맹점이 30개에 이른 적이 없어(최대 9개) 성장률·종료율이 잡음에 좌우되므로 평가하지 않습니다.,2024
BRD_20240724,띵동 제주대패랑 옛날갈비,9.0,평가 대상 아님,,,가맹점이 30개에 이른 적이 없어(최대 9개) 성장률·종료율이 잡음에 좌우되므로 평가하지 않습니다.,2024
BRD_20240799,미국버거201,9.0,평가 대상 아님,,,가맹점이 30개에 이른 적이 없어(최대 9개) 성장률·종료율이 잡음에 좌우되므로 평가하지 않습니다.,2024
BRD_20240844,으뜸스시,9.0,평가 대상 아님,,,가맹점이 30개에 이른 적이 없어(최대 9개) 성장률·종료율이 잡음에 좌우되므로 평가하지 않습니다.,2024
BRD_20240955,뒷돈상회,9.0,평가 대상 아님,,,가맹점이 30개에 이른 적이 없어(최대 9개) 성장률·종료율이 잡음에 좌우되므로 평가하지 않습니다.,2024
BRD_20241129,돈맛탱,9.0,평가 대상 아님,,,가맹점이 30개에 이른 적이 없어(최대 9개) 성장률·종료율이 잡음에 좌우되므로 평가하지 않습니다.,2024
BRD_20241256,주생주막,9.0,평가 대상 아님,,,가맹점이 30개에 이른 적이 없어(최대 9개) 성장률·종료율이 잡음에 좌우되므로 평가하지 않습니다.,2024
BRD_20241358,윤훈식농가쌈밥,9.0,평가 대상 아님,,,가맹점이 30개에 이른 적이 없어(최대 9개) 성장률·종료율이 잡음에 좌우되므로 평가하지 않습니다.,2024
BRD_20241440,오늘은 오므라이스,9.0,평가 대상 아님,,,가맹점이 30개에 이른 적이 없어(최대 9개) 성장률·종료율이 잡음에 좌우되므로 평가하지 않습니다.,2024
BRD_20241459,갱상도야채고기찜,9.0,평가 대상 아님,,,가맹점이 30개에 이른 적이 없어(최대 9개) 성장률·종료율이 잡음에 좌우되므로 평가하지 않습니다.,2024
BRD_20241460,갱상도파절이대패삼겹,9.0,평가 대상 아님,,,가맹점이 30개에 이른 적이 없어(최대 9개) 성장률·종료율이 잡음에 좌우되므로 평가하지 않습니다.,2024
BRD_20250671,이선생 곱도리탕,9.0,평가 대상 아님,,,가맹점이 30개에 이른 적이 없어(최대 9개) 성장률·종료율이 잡음에 좌우되므로 평가하지 않습니다.,2024
BRD_20251011,전주할매집,9.0,평가 대상 아님,,,가맹점이 30개에 이른 적이 없어(최대 9개) 성장률·종료율이 잡음에 좌우되므로 평가하지 않습니다.,2024
NAME:바리스텔라@외식,바리스텔라,9.0,평가 대상 아님,,,가맹점이 30개에 이른 적이 없어(최대 9개) 성장률·종료율이 잡음에 좌우되므로 평가하지 않습니다.,2024
NAME:분분@외식,분분,9.0,평가 대상 아님,,,가맹점이 30개에 이른 적이 없어(최대 9개) 성장률·종료율이 잡음에 좌우되므로 평가하지 않습니다.,2024
NAME:이루팜@외식,이루팜,9.0,평가 대상 아님,,,가맹점이 30개에 이른 적이 없어(최대 9개) 성장률·종료율이 잡음에 좌우되므로 평가하지 않습니다.,2024
NAME:통큰무한삼겹@외식,통큰무한삼겹,9.0,평가 대상 아님,,,가맹점이 30개에 이른 적이 없어(최대 11개) 성장률·종료율이 잡음에 좌우되므로 평가하지 않습니다.,2024
BRD_20080100647,닭익는마을,8.0,평가 대상 아님,,,가맹점이 30개에 이른 적이 없어(최대 17개) 성장률·종료율이 잡음에 좌우되므로 평가하지 않습니다.,2024
BRD_20080200257,청정고을순대,8.0,평가 대상 아님,,,가맹점이 30개에 이른 적이 없어(최대 11개) 성장률·종료율이 잡음에 좌우되므로 평가하지 않습니다.,2024
BRD_20090100314,빈스빈스,8.0,평가 대상 아님,,,가맹점이 30개에 이른 적이 없어(최대 28개) 성장률·종료율이 잡음에 좌우되므로 평가하지 않습니다.,2024
BRD_20100100051,카우카우,8.0,평가 대상 아님,,,"2023년 가맹점 통계가 이 브랜드 이름으로 비어 있어, 점포 증감·계약종료율 같은 최근 변화 지표를 계산할 수 없습니다. 이 상태로 점수를 내면 위험이 낮게 나오므로 평가하지 않습니다. (같은 해 다른 기록: 2023년: 지역·직영 통계(15125490)에 가맹점 기록)",2024
BRD_20100100237,소래버섯나라,8.0,평가 대상 아님,,,가맹점이 30개에 이른 적이 없어(최대 14개) 성장률·종료율이 잡음에 좌우되므로 평가하지 않습니다.,2024
BRD_20110100561,돈수백,8.0,평가 대상 아님,,,가맹점이 30개에 이른 적이 없어(최대 22개) 성장률·종료율이 잡음에 좌우되므로 평가하지 않습니다.,2024
BRD_20120100173,루고,8.0,평가 대상 아님,,,가맹점이 30개에 이른 적이 없어(최대 11개) 성장률·종료율이 잡음에 좌우되므로 평가하지 않습니다.,2024
BRD_20120100409,곽두리쪽갈비,8.0,평가 대상 아님,,,가맹점이 30개에 이른 적이 없어(최대 14개) 성장률·종료율이 잡음에 좌우되므로 평가하지 않습니다.,2024
BRD_20120100688,꿉자(KOOPJA),8.0,평가 대상 아님,,,가맹점이 30개에 이른 적이 없어(최대 16개) 성장률·종료율이 잡음에 좌우되므로 평가하지 않습니다.,2024
BRD_20130100435,보드레족,8.0,평가 대상 아님,,,가맹점이 30개에 이른 적이 없어(최대 11개) 성장률·종료율이 잡음에 좌우되므로 평가하지 않습니다.,2024
BRD_20130164,메밀골동해막국수,8.0,평가 대상 아님,,,가맹점이 30개에 이른 적이 없어(최대 11개) 성장률·종료율이 잡음에 좌우되므로 평가하지 않습니다.,2024
BRD_20140248,안동한우곱창,8.0,평가 대상 아님,,,가맹점이 30개에 이른 적이 없어(최대 17개) 성장률·종료율이 잡음에 좌우되므로 평가하지 않습니다.,2024
BRD_20140295,조춘식동갑이네,8.0,평가 대상 아님,,,가맹점이 30개에 이른 적이 없어(최대 16개) 성장률·종료율이 잡음에 좌우되므로 평가하지 않습니다.,2024
BRD_20140394,발빠닭,8.0,평가 대상 아님,,,가맹점이 30개에 이른 적이 없어(최대 21개) 성장률·종료율이 잡음에 좌우되므로 평가하지 않습니다.,2024
BRD_20150532,갈매기먹짱,8.0,평가 대상 아님,,,"2023년 가맹점 통계가 비어 있고 다른 공식 기록으로도 확인되지 않아, '3년 연속 공시' 조건을 채우지 못했습니다.",2024
BRD_20150602,우리동네 국수집,8.0,평가 대상 아님,,,가맹점이 30개에 이른 적이 없어(최대 16개) 성장률·종료율이 잡음에 좌우되므로 평가하지 않습니다.,2024
BRD_20150782,꼬꼬씨참숯불닭갈비,8.0,평가 대상 아님,,,가맹점이 30개에 이른 적이 없어(최대 26개) 성장률·종료율이 잡음에 좌우되므로 평가하지 않습니다.,2024
BRD_20150991,장인족발608,8.0,평가 대상 아님,,,가맹점이 30개에 이른 적이 없어(최대 13개) 성장률·종료율이 잡음에 좌우되므로 평가하지 않습니다.,2024
BRD_20151014,르번미(Lebunmie),8.0,평가 대상 아님,,,가맹점이 30개에 이른 적이 없어(최대 12개) 성장률·종료율이 잡음에 좌우되므로 평가하지 않습니다.,2024
BRD_20151090,김종용누룽지통닭,8.0,평가 대상 아님,,,가맹점이 30개에 이른 적이 없어(최대 10개) 성장률·종료율이 잡음에 좌우되므로 평가하지 않습니다.,2024
BRD_20151187,라스베이글,8.0,평가 대상 아님,,,가맹점이 30개에 이른 적이 없어(최대 9개) 성장률·종료율이 잡음에 좌우되므로 평가하지 않습니다.,2024
BRD_20160286,통큰손쭈꾸미마을,8.0,평가 대상 아님,,,가맹점이 30개에 이른 적이 없어(최대 8개) 성장률·종료율이 잡음에 좌우되므로 평가하지 않습니다.,2024
BRD_20160439,카페리빈,8.0,평가 대상 아님,,,가맹점이 30개에 이른 적이 없어(최대 19개) 성장률·종료율이 잡음에 좌우되므로 평가하지 않습니다.,2024
BRD_20160591,비와별 닭갈비,8.0,평가 대상 아님,,,가맹점이 30개에 이른 적이 없어(최대 18개) 성장률·종료율이 잡음에 좌우되므로 평가하지 않습니다.,2024
BRD_20160829,삼겹구이,8.0,평가 대상 아님,,,가맹점이 30개에 이른 적이 없어(최대 16개) 성장률·종료율이 잡음에 좌우되므로 평가하지 않습니다.,2024
BRD_20160962,명덕총각족발,8.0,평가 대상 아님,,,가맹점이 30개에 이른 적이 없어(최대 9개) 성장률·종료율이 잡음에 좌우되므로 평가하지 않습니다.,2024
BRD_20170223,고래감자탕,8.0,평가 대상 아님,,,가맹점이 30개에 이른 적이 없어(최대 14개) 성장률·종료율이 잡음에 좌우되므로 평가하지 않습니다.,2024
BRD_20170436,대한맥주집,8.0,평가 대상 아님,,,가맹점이 30개에 이른 적이 없어(최대 12개) 성장률·종료율이 잡음에 좌우되므로 평가하지 않습니다.,2024
BRD_20170731,더바스켓,8.0,평가 대상 아님,,,가맹점이 30개에 이른 적이 없어(최대 22개) 성장률·종료율이 잡음에 좌우되므로 평가하지 않습니다.,2024
BRD_20170941,독가마 숯불치킨,8.0,평가 대상 아님,,,가맹점이 30개에 이른 적이 없어(최대 8개) 성장률·종료율이 잡음에 좌우되므로 평가하지 않습니다.,2024
BRD_20171345,팔덕식당,8.0,평가 대상 아님,,,가맹점이 30개에 이른 적이 없어(최대 17개) 성장률·종료율이 잡음에 좌우되므로 평가하지 않습니다.,2024
BRD_20171466,제주면장,8.0,평가 대상 아님,,,가맹점이 30개에 이른 적이 없어(최대 10개) 성장률·종료율이 잡음에 좌우되므로 평가하지 않습니다.,2024
BRD_20180217,토리메로(鳥メロ),8.0,평가 대상 아님,,,가맹점이 30개에 이른 적이 없어(최대 8개) 성장률·종료율이 잡음에 좌우되므로 평가하지 않습니다.,2024
BRD_20180350,엘아르카,8.0,평가 대상 아님,,,가맹점이 30개에 이른 적이 없어(최대 12개) 성장률·종료율이 잡음에 좌우되므로 평가하지 않습니다.,2024
BRD_20180645,막창품은뒷고기,8.0,평가 대상 아님,,,가맹점이 30개에 이른 적이 없어(최대 10개) 성장률·종료율이 잡음에 좌우되므로 평가하지 않습니다.,2024
BRD_20181016,아라가야,8.0,평가 대상 아님,,,가맹점이 30개에 이른 적이 없어(최대 9개) 성장률·종료율이 잡음에 좌우되므로 평가하지 않습니다.,2024
BRD_20181113,치킨선생,8.0,평가 대상 아님,,,가맹점이 30개에 이른 적이 없어(최대 27개) 성장률·종료율이 잡음에 좌우되므로 평가하지 않습니다.,2024
BRD_20181310,소풍경,8.0,평가 대상 아님,,,가맹점이 30개에 이른 적이 없어(최대 23개) 성장률·종료율이 잡음에 좌우되므로 평가하지 않습니다.,2024
BRD_20190051,핏제리아오,8.0,평가 대상 아님,,,가맹점이 30개에 이른 적이 없어(최대 8개) 성장률·종료율이 잡음에 좌우되므로 평가하지 않습니다.,2024
BRD_20190234,모소리,8.0,평가 대상 아님,,,가맹점이 30개에 이른 적이 없어(최대 9개) 성장률·종료율이 잡음에 좌우되므로 평가하지 않습니다.,2024
BRD_20190291,팜팜대패,8.0,평가 대상 아님,,,가맹점이 30개에 이른 적이 없어(최대 12개) 성장률·종료율이 잡음에 좌우되므로 평가하지 않습니다.,2024
BRD_20190442,더하고부대찌개,8.0,평가 대상 아님,,,가맹점이 30개에 이른 적이 없어(최대 8개) 성장률·종료율이 잡음에 좌우되므로 평가하지 않습니다.,2024
BRD_20190626,문가네 정육식당,8.0,평가 대상 아님,,,가맹점이 30개에 이른 적이 없어(최대 9개) 성장률·종료율이 잡음에 좌우되므로 평가하지 않습니다.,2024
BRD_20190785,에그마카슈,8.0,평가 대상 아님,,,가맹점이 30개에 이른 적이 없어(최대 10개) 성장률·종료율이 잡음에 좌우되므로 평가하지 않습니다.,2024
BRD_20190812,신마녀떡볶이,8.0,평가 대상 아님,,,가맹점이 30개에 이른 적이 없어(최대 21개) 성장률·종료율이 잡음에 좌우되므로 평가하지 않습니다.,2024
BRD_20190896,다솥맛집,8.0,평가 대상 아님,,,가맹점이 30개에 이른 적이 없어(최대 8개) 성장률·종료율이 잡음에 좌우되므로 평가하지 않습니다.,2024
BRD_20190963,이여곰탕,8.0,평가 대상 아님,,,가맹점이 30개에 이른 적이 없어(최대 10개) 성장률·종료율이 잡음에 좌우되므로 평가하지 않습니다.,2024
BRD_20190974,족발꾼,8.0,평가 대상 아님,,,가맹점이 30개에 이른 적이 없어(최대 10개) 성장률·종료율이 잡음에 좌우되므로 평가하지 않습니다.,2024
BRD_20191194,혼삼,8.0,평가 대상 아님,,,가맹점이 30개에 이른 적이 없어(최대 14개) 성장률·종료율이 잡음에 좌우되므로 평가하지 않습니다.,2024
BRD_20191381,별난커피,8.0,평가 대상 아님,,,가맹점이 30개에 이른 적이 없어(최대 8개) 성장률·종료율이 잡음에 좌우되므로 평가하지 않습니다.,2024
BRD_20191410,평이담백 뼈칼국수,8.0,평가 대상 아님,,,가맹점이 30개에 이른 적이 없어(최대 8개) 성장률·종료율이 잡음에 좌우되므로 평가하지 않습니다.,2024
BRD_20200026,문진옥 숯불바베큐치킨,8.0,평가 대상 아님,,,가맹점이 30개에 이른 적이 없어(최대 8개) 성장률·종료율이 잡음에 좌우되므로 평가하지 않습니다.,2024
BRD_20200362,기요항(キヨ- 半),8.0,평가 대상 아님,,,가맹점이 30개에 이른 적이 없어(최대 9개) 성장률·종료율이 잡음에 좌우되므로 평가하지 않습니다.,2024
BRD_20200454,정남옥,8.0,평가 대상 아님,,,가맹점이 30개에 이른 적이 없어(최대 10개) 성장률·종료율이 잡음에 좌우되므로 평가하지 않습니다.,2024
BRD_20200676,대부대왕유부초밥,8.0,평가 대상 아님,,,가맹점이 30개에 이른 적이 없어(최대 11개) 성장률·종료율이 잡음에 좌우되므로 평가하지 않습니다.,2024
BRD_20200744,마담떡볶이앤치킨,8.0,평가 대상 아님,,,가맹점이 30개에 이른 적이 없어(최대 17개) 성장률·종료율이 잡음에 좌우되므로 평가하지 않습니다.,2024
BRD_20200983,착한파스타,8.0,평가 대상 아님,,,가맹점이 30개에 이른 적이 없어(최대 11개) 성장률·종료율이 잡음에 좌우되므로 평가하지 않습니다.,2024
BRD_20201201,옆집떡볶이,8.0,평가 대상 아님,,,가맹점이 30개에 이른 적이 없어(최대 18개) 성장률·종료율이 잡음에 좌우되므로 평가하지 않습니다.,2024
BRD_20201417,몰타,8.0,평가 대상 아님,,,가맹점이 30개에 이른 적이 없어(최대 15개) 성장률·종료율이 잡음에 좌우되므로 평가하지 않습니다.,2024
BRD_20201605,한근숯불닭갈비,8.0,평가 대상 아님,,,가맹점이 30개에 이른 적이 없어(최대 13개) 성장률·종료율이 잡음에 좌우되므로 평가하지 않습니다.,2024
BRD_20201738,고고(Gogo)함박,8.0,평가 대상 아님,,,가맹점이 30개에 이른 적이 없어(최대 14개) 성장률·종료율이 잡음에 좌우되므로 평가하지 않습니다.,2024
BRD_20201876,정상카츠,8.0,평가 대상 아님,,,가맹점이 30개에 이른 적이 없어(최대 8개) 성장률·종료율이 잡음에 좌우되므로 평가하지 않습니다.,2024
BRD_20210207,명수네국물떡볶이,8.0,평가 대상 아님,,,가맹점이 30개에 이른 적이 없어(최대 21개) 성장률·종료율이 잡음에 좌우되므로 평가하지 않습니다.,2024
BRD_20210380,권가제면소,8.0,평가 대상 아님,,,가맹점이 30개에 이른 적이 없어(최대 8개) 성장률·종료율이 잡음에 좌우되므로 평가하지 않습니다.,2024
BRD_20210646,봄설,8.0,평가 대상 아님,,,가맹점이 30개에 이른 적이 없어(최대 14개) 성장률·종료율이 잡음에 좌우되므로 평가하지 않습니다.,2024
BRD_20210673,메밀당막국수,8.0,평가 대상 아님,,,가맹점이 30개에 이른 적이 없어(최대 9개) 성장률·종료율이 잡음에 좌우되므로 평가하지 않습니다.,2024
BRD_20210868,불난막창,8.0,평가 대상 아님,,,가맹점이 30개에 이른 적이 없어(최대 8개) 성장률·종료율이 잡음에 좌우되므로 평가하지 않습니다.,2024
BRD_20211010,할매안흥찐빵앤커피,8.0,평가 대상 아님,,,가맹점이 30개에 이른 적이 없어(최대 8개) 성장률·종료율이 잡음에 좌우되므로 평가하지 않습니다.,2024
BRD_20211457,냉돈창고-냉면과돈까스가맛있는집,8.0,평가 대상 아님,,,가맹점이 30개에 이른 적이 없어(최대 24개) 성장률·종료율이 잡음에 좌우되므로 평가하지 않습니다.,2024
BRD_20212196,족발정,8.0,평가 대상 아님,,,가맹점이 30개에 이른 적이 없어(최대 8개) 성장률·종료율이 잡음에 좌우되므로 평가하지 않습니다.,2024
BRD_20212223,비요리,8.0,평가 대상 아님,,,가맹점이 30개에 이른 적이 없어(최대 10개) 성장률·종료율이 잡음에 좌우되므로 평가하지 않습니다.,2024
BRD_20212233,고운라멘 (Louely Cloud),8.0,평가 대상 아님,,,가맹점이 30개에 이른 적이 없어(최대 9개) 성장률·종료율이 잡음에 좌우되므로 평가하지 않습니다.,2024
BRD_20212800,금상족발,8.0,평가 대상 아님,,,가맹점이 30개에 이른 적이 없어(최대 11개) 성장률·종료율이 잡음에 좌우되므로 평가하지 않습니다.,2024
BRD_20212894,파운드커피,8.0,평가 대상 아님,,,가맹점이 30개에 이른 적이 없어(최대 9개) 성장률·종료율이 잡음에 좌우되므로 평가하지 않습니다.,2024
BRD_20212908,몽두마리치킨,8.0,평가 대상 아님,,,가맹점이 30개에 이른 적이 없어(최대 8개) 성장률·종료율이 잡음에 좌우되므로 평가하지 않습니다.,2024
BRD_20213813,레드플레이트,8.0,평가 대상 아님,,,가맹점이 30개에 이른 적이 없어(최대 18개) 성장률·종료율이 잡음에 좌우되므로 평가하지 않습니다.,2024
BRD_20214010,홍콩포차,8.0,평가 대상 아님,,,가맹점이 30개에 이른 적이 없어(최대 9개) 성장률·종료율이 잡음에 좌우되므로 평가하지 않습니다.,2024
BRD_20214023,디저트 참 잘하는 집,8.0,평가 대상 아님,,,가맹점이 30개에 이른 적이 없어(최대 8개) 성장률·종료율이 잡음에 좌우되므로 평가하지 않습니다.,2024
BRD_20214134,송돈가,8.0,평가 대상 아님,,,가맹점이 30개에 이른 적이 없어(최대 8개) 성장률·종료율이 잡음에 좌우되므로 평가하지 않습니다.,2024
BRD_20214258,흥도 식당,8.0,평가 대상 아님,,,가맹점이 30개에 이른 적이 없어(최대 8개) 성장률·종료율이 잡음에 좌우되므로 평가하지 않습니다.,2024
BRD_20214329,와플레이,8.0,평가 대상 아님,,,가맹점이 30개에 이른 적이 없어(최대 8개) 성장률·종료율이 잡음에 좌우되므로 평가하지 않습니다.,2024
BRD_20214601,정통대패김치구이,8.0,평가 대상 아님,,,가맹점이 30개에 이른 적이 없어(최대 8개) 성장률·종료율이 잡음에 좌우되므로 평가하지 않습니다.,2024
BRD_20214615,피자어셈블,8.0,평가 대상 아님,,,가맹점이 30개에 이른 적이 없어(최대 11개) 성장률·종료율이 잡음에 좌우되므로 평가하지 않습니다.,2024
BRD_20214716,젤라또로플,8.0,평가 대상 아님,,,가맹점이 30개에 이른 적이 없어(최대 13개) 성장률·종료율이 잡음에 좌우되므로 평가하지 않습니다.,2024
BRD_20214743,명동칼국수,8.0,평가 대상 아님,,,가맹점이 30개에 이른 적이 없어(최대 10개) 성장률·종료율이 잡음에 좌우되므로 평가하지 않습니다.,2024
BRD_20214775,이남장,8.0,평가 대상 아님,,,가맹점이 30개에 이른 적이 없어(최대 8개) 성장률·종료율이 잡음에 좌우되므로 평가하지 않습니다.,2024
BRD_20214886,강금옥쭈꾸미,8.0,평가 대상 아님,,,가맹점이 30개에 이른 적이 없어(최대 8개) 성장률·종료율이 잡음에 좌우되므로 평가하지 않습니다.,2024
BRD_20215440,고기플렉스,8.0,평가 대상 아님,,,가맹점이 30개에 이른 적이 없어(최대 13개) 성장률·종료율이 잡음에 좌우되므로 평가하지 않습니다.,2024
BRD_20215490,라온가정식감자탕,8.0,평가 대상 아님,,,가맹점이 30개에 이른 적이 없어(최대 8개) 성장률·종료율이 잡음에 좌우되므로 평가하지 않습니다.,2024
BRD_20215704,버거스올마이티,8.0,평가 대상 아님,,,가맹점이 30개에 이른 적이 없어(최대 17개) 성장률·종료율이 잡음에 좌우되므로 평가하지 않습니다.,2024
BRD_20215740,국순,8.0,평가 대상 아님,,,가맹점이 30개에 이른 적이 없어(최대 8개) 성장률·종료율이 잡음에 좌우되므로 평가하지 않습니다.,2024
BRD_20220026,우마카,8.0,평가 대상 아님,,,가맹점이 30개에 이른 적이 없어(최대 8개) 성장률·종료율이 잡음에 좌우되므로 평가하지 않습니다.,2024
BRD_20220304,뚠뚠이김밥,8.0,평가 대상 아님,,,가맹점이 30개에 이른 적이 없어(최대 8개) 성장률·종료율이 잡음에 좌우되므로 평가하지 않습니다.,2024
BRD_20220368,샤브온당,8.0,평가 대상 아님,,,가맹점이 30개에 이른 적이 없어(최대 8개) 성장률·종료율이 잡음에 좌우되므로 평가하지 않습니다.,2024
BRD_20220380,세이프룻(Safe_Fruit),8.0,평가 대상 아님,,,가맹점이 30개에 이른 적이 없어(최대 8개) 성장률·종료율이 잡음에 좌우되므로 평가하지 않습니다.,2024
BRD_20220494,아뵤오반점,8.0,평가 대상 아님,,,가맹점이 30개에 이른 적이 없어(최대 8개) 성장률·종료율이 잡음에 좌우되므로 평가하지 않습니다.,2024
BRD_20220497,한강로칼국수보쌈,8.0,평가 대상 아님,,,가맹점이 30개에 이른 적이 없어(최대 8개) 성장률·종료율이 잡음에 좌우되므로 평가하지 않습니다.,2024
BRD_20220523,배달의카페,8.0,평가 대상 아님,,,가맹점이 30개에 이른 적이 없어(최대 9개) 성장률·종료율이 잡음에 좌우되므로 평가하지 않습니다.,2024
BRD_20220598,요이참치,8.0,평가 대상 아님,,,가맹점이 30개에 이른 적이 없어(최대 8개) 성장률·종료율이 잡음에 좌우되므로 평가하지 않습니다.,2024
BRD_20220640,버터풀앤크리멀러스,8.0,평가 대상 아님,,,가맹점이 30개에 이른 적이 없어(최대 8개) 성장률·종료율이 잡음에 좌우되므로 평가하지 않습니다.,2024
BRD_20220706,연꽃치,8.0,평가 대상 아님,,,가맹점이 30개에 이른 적이 없어(최대 8개) 성장률·종료율이 잡음에 좌우되므로 평가하지 않습니다.,2024
BRD_20220710,머시기쪽갈비,8.0,평가 대상 아님,,,가맹점이 30개에 이른 적이 없어(최대 8개) 성장률·종료율이 잡음에 좌우되므로 평가하지 않습니다.,2024
BRD_20220775,마니국밥,8.0,평가 대상 아님,,,가맹점이 30개에 이른 적이 없어(최대 8개) 성장률·종료율이 잡음에 좌우되므로 평가하지 않습니다.,2024
BRD_20220809,스페샬나잇트,8.0,평가 대상 아님,,,가맹점이 30개에 이른 적이 없어(최대 9개) 성장률·종료율이 잡음에 좌우되므로 평가하지 않습니다.,2024
BRD_20220829,카츠남바5,8.0,평가 대상 아님,,,가맹점이 30개에 이른 적이 없어(최대 9개) 성장률·종료율이 잡음에 좌우되므로 평가하지 않습니다.,2024
BRD_20220981,솔밭샤브,8.0,평가 대상 아님,,,가맹점이 30개에 이른 적이 없어(최대 8개) 성장률·종료율이 잡음에 좌우되므로 평가하지 않습니다.,2024
BRD_20221087,메이커커피(MAKER COFFEE),8.0,평가 대상 아님,,,가맹점이 30개에 이른 적이 없어(최대 8개) 성장률·종료율이 잡음에 좌우되므로 평가하지 않습니다.,2024
BRD_20221145,고집132,8.0,평가 대상 아님,,,가맹점이 30개에 이른 적이 없어(최대 8개) 성장률·종료율이 잡음에 좌우되므로 평가하지 않습니다.,2024
BRD_20221327,온담,8.0,평가 대상 아님,,,가맹점이 30개에 이른 적이 없어(최대 8개) 성장률·종료율이 잡음에 좌우되므로 평가하지 않습니다.,2024
BRD_20230025,청연돈가스,8.0,평가 대상 아님,,,가맹점이 30개에 이른 적이 없어(최대 8개) 성장률·종료율이 잡음에 좌우되므로 평가하지 않습니다.,2024
BRD_20230042,족발상식,8.0,평가 대상 아님,,,가맹점이 30개에 이른 적이 없어(최대 10개) 성장률·종료율이 잡음에 좌우되므로 평가하지 않습니다.,2024
BRD_20230139,미래회관,8.0,평가 대상 아님,,,가맹점이 30개에 이른 적이 없어(최대 8개) 성장률·종료율이 잡음에 좌우되므로 평가하지 않습니다.,2024
BRD_20230199,착한초밥,8.0,평가 대상 아님,,,가맹점이 30개에 이른 적이 없어(최대 8개) 성장률·종료율이 잡음에 좌우되므로 평가하지 않습니다.,2024
BRD_20230220,연심,8.0,평가 대상 아님,,,가맹점이 30개에 이른 적이 없어(최대 8개) 성장률·종료율이 잡음에 좌우되므로 평가하지 않습니다.,2024
BRD_20230222,구이대장쪽갈비,8.0,평가 대상 아님,,,가맹점이 30개에 이른 적이 없어(최대 8개) 성장률·종료율이 잡음에 좌우되므로 평가하지 않습니다.,2024
BRD_20230249,아임프루트,8.0,평가 대상 아님,,,가맹점이 30개에 이른 적이 없어(최대 8개) 성장률·종료율이 잡음에 좌우되므로 평가하지 않습니다.,2024
BRD_20230277,TSG통삼국(TSG Tongsamgook),8.0,평가 대상 아님,,,가맹점이 30개에 이른 적이 없어(최대 9개) 성장률·종료율이 잡음에 좌우되므로 평가하지 않습니다.,2024
BRD_20230337,신라해장국,8.0,평가 대상 아님,,,가맹점이 30개에 이른 적이 없어(최대 10개) 성장률·종료율이 잡음에 좌우되므로 평가하지 않습니다.,2024
BRD_20230421,조선팔도통큰김치찜,8.0,평가 대상 아님,,,가맹점이 30개에 이른 적이 없어(최대 22개) 성장률·종료율이 잡음에 좌우되므로 평가하지 않습니다.,2024
BRD_20230436,카츠오도,8.0,평가 대상 아님,,,가맹점이 30개에 이른 적이 없어(최대 8개) 성장률·종료율이 잡음에 좌우되므로 평가하지 않습니다.,2024
BRD_20230483,와다라멘,8.0,평가 대상 아님,,,가맹점이 30개에 이른 적이 없어(최대 8개) 성장률·종료율이 잡음에 좌우되므로 평가하지 않습니다.,2024
BRD_20230485,야들야들한보약족발,8.0,평가 대상 아님,,,가맹점이 30개에 이른 적이 없어(최대 8개) 성장률·종료율이 잡음에 좌우되므로 평가하지 않습니다.,2024
BRD_20230506,피자플렉스,8.0,평가 대상 아님,,,가맹점이 30개에 이른 적이 없어(최대 8개) 성장률·종료율이 잡음에 좌우되므로 평가하지 않습니다.,2024
BRD_20230529,덕클(DUCKLE),8.0,평가 대상 아님,,,가맹점이 30개에 이른 적이 없어(최대 8개) 성장률·종료율이 잡음에 좌우되므로 평가하지 않습니다.,2024
BRD_20230576,된장마을 고깃집,8.0,평가 대상 아님,,,가맹점이 30개에 이른 적이 없어(최대 8개) 성장률·종료율이 잡음에 좌우되므로 평가하지 않습니다.,2024
BRD_20230613,강씨목삼,8.0,평가 대상 아님,,,가맹점이 30개에 이른 적이 없어(최대 8개) 성장률·종료율이 잡음에 좌우되므로 평가하지 않습니다.,2024
BRD_20230742,셀프 바리스타,8.0,평가 대상 아님,,,가맹점이 30개에 이른 적이 없어(최대 8개) 성장률·종료율이 잡음에 좌우되므로 평가하지 않습니다.,2024
BRD_20230864,짚불태백,8.0,평가 대상 아님,,,가맹점이 30개에 이른 적이 없어(최대 8개) 성장률·종료율이 잡음에 좌우되므로 평가하지 않습니다.,2024
BRD_20230964,아라치찜닭,8.0,평가 대상 아님,,,가맹점이 30개에 이른 적이 없어(최대 8개) 성장률·종료율이 잡음에 좌우되므로 평가하지 않습니다.,2024
BRD_20230998,닭발공작소,8.0,평가 대상 아님,,,가맹점이 30개에 이른 적이 없어(최대 8개) 성장률·종료율이 잡음에 좌우되므로 평가하지 않습니다.,2024
BRD_20231004,경동집국물두루치기,8.0,평가 대상 아님,,,가맹점이 30개에 이른 적이 없어(최대 8개) 성장률·종료율이 잡음에 좌우되므로 평가하지 않습니다.,2024
BRD_20231046,로충칭마라탕,8.0,평가 대상 아님,,,가맹점이 30개에 이른 적이 없어(최대 10개) 성장률·종료율이 잡음에 좌우되므로 평가하지 않습니다.,2024
BRD_20231096,카레공방,8.0,평가 대상 아님,,,가맹점이 30개에 이른 적이 없어(최대 8개) 성장률·종료율이 잡음에 좌우되므로 평가하지 않습니다.,2024
BRD_20231101,돈까스에 빠지다,8.0,평가 대상 아님,,,가맹점이 30개에 이른 적이 없어(최대 8개) 성장률·종료율이 잡음에 좌우되므로 평가하지 않습니다.,2024
BRD_20231117,범물본가국수,8.0,평가 대상 아님,,,가맹점이 30개에 이른 적이 없어(최대 8개) 성장률·종료율이 잡음에 좌우되므로 평가하지 않습니다.,2024
BRD_20231270,화덕으로간고등어,8.0,평가 대상 아님,,,가맹점이 30개에 이른 적이 없어(최대 8개) 성장률·종료율이 잡음에 좌우되므로 평가하지 않습니다.,2024
BRD_20231315,한입과일,8.0,평가 대상 아님,,,가맹점이 30개에 이른 적이 없어(최대 8개) 성장률·종료율이 잡음에 좌우되므로 평가하지 않습니다.,2024
BRD_20231322,음매점,8.0,평가 대상 아님,,,가맹점이 30개에 이른 적이 없어(최대 8개) 성장률·종료율이 잡음에 좌우되므로 평가하지 않습니다.,2024
BRD_20231388,웍쟁이,8.0,평가 대상 아님,,,가맹점이 30개에 이른 적이 없어(최대 8개) 성장률·종료율이 잡음에 좌우되므로 평가하지 않습니다.,2024
BRD_20231415,수상한 삼겹살,8.0,평가 대상 아님,,,가맹점이 30개에 이른 적이 없어(최대 8개) 성장률·종료율이 잡음에 좌우되므로 평가하지 않습니다.,2024
BRD_20231425,카츠담은,8.0,평가 대상 아님,,,가맹점이 30개에 이른 적이 없어(최대 8개) 성장률·종료율이 잡음에 좌우되므로 평가하지 않습니다.,2024
BRD_20231431,피자와일드,8.0,평가 대상 아님,,,가맹점이 30개에 이른 적이 없어(최대 8개) 성장률·종료율이 잡음에 좌우되므로 평가하지 않습니다.,2024
BRD_20231439,눈을담다 앤 요거트를담다,8.0,평가 대상 아님,,,가맹점이 30개에 이른 적이 없어(최대 8개) 성장률·종료율이 잡음에 좌우되므로 평가하지 않습니다.,2024
BRD_20231474,똥집대통령,8.0,평가 대상 아님,,,가맹점이 30개에 이른 적이 없어(최대 8개) 성장률·종료율이 잡음에 좌우되므로 평가하지 않습니다.,2024
BRD_20231525,아토키토,8.0,평가 대상 아님,,,가맹점이 30개에 이른 적이 없어(최대 8개) 성장률·종료율이 잡음에 좌우되므로 평가하지 않습니다.,2024
BRD_20231541|JNG_009568,백운축산소한마리정육식당,8.0,평가 대상 아님,,,가맹점이 30개에 이른 적이 없어(최대 8개) 성장률·종료율이 잡음에 좌우되므로 평가하지 않습니다.,2024
BRD_20231611,코코스키,8.0,평가 대상 아님,,,가맹점이 30개에 이른 적이 없어(최대 8개) 성장률·종료율이 잡음에 좌우되므로 평가하지 않습니다.,2024
BRD_20231699,오하이요,8.0,평가 대상 아님,,,가맹점이 30개에 이른 적이 없어(최대 8개) 성장률·종료율이 잡음에 좌우되므로 평가하지 않습니다.,2024
BRD_20231714,밥톡,8.0,평가 대상 아님,,,가맹점이 30개에 이른 적이 없어(최대 8개) 성장률·종료율이 잡음에 좌우되므로 평가하지 않습니다.,2024
BRD_20231917,꽃잎대패,8.0,평가 대상 아님,,,가맹점이 30개에 이른 적이 없어(최대 8개) 성장률·종료율이 잡음에 좌우되므로 평가하지 않습니다.,2024
BRD_20240117,사실빙,8.0,평가 대상 아님,,,가맹점이 30개에 이른 적이 없어(최대 8개) 성장률·종료율이 잡음에 좌우되므로 평가하지 않습니다.,2024
BRD_20240177,풍바오,8.0,평가 대상 아님,,,가맹점이 30개에 이른 적이 없어(최대 8개) 성장률·종료율이 잡음에 좌우되므로 평가하지 않습니다.,2024
BRD_20240242,칼 누들 바(KAL-NOODLEBAR),8.0,평가 대상 아님,,,가맹점이 30개에 이른 적이 없어(최대 8개) 성장률·종료율이 잡음에 좌우되므로 평가하지 않습니다.,2024
BRD_20240534,眞은이국밥,8.0,평가 대상 아님,,,가맹점이 30개에 이른 적이 없어(최대 8개) 성장률·종료율이 잡음에 좌우되므로 평가하지 않습니다.,2024
BRD_20240592,밀크컨셉,8.0,평가 대상 아님,,,가맹점이 30개에 이른 적이 없어(최대 8개) 성장률·종료율이 잡음에 좌우되므로 평가하지 않습니다.,2024
BRD_20240631,올라포케,8.0,평가 대상 아님,,,가맹점이 30개에 이른 적이 없어(최대 8개) 성장률·종료율이 잡음에 좌우되므로 평가하지 않습니다.,2024
BRD_20240798,해피덮밥,8.0,평가 대상 아님,,,가맹점이 30개에 이른 적이 없어(최대 8개) 성장률·종료율이 잡음에 좌우되므로 평가하지 않습니다.,2024
BRD_20241137,역대급피자,8.0,평가 대상 아님,,,가맹점이 30개에 이른 적이 없어(최대 8개) 성장률·종료율이 잡음에 좌우되므로 평가하지 않습니다.,2024
BRD_20241194,온오프 피자,8.0,평가 대상 아님,,,가맹점이 30개에 이른 적이 없어(최대 8개) 성장률·종료율이 잡음에 좌우되므로 평가하지 않습니다.,2024
BRD_20241293,진곱도리탕,8.0,평가 대상 아님,,,가맹점이 30개에 이른 적이 없어(최대 8개) 성장률·종료율이 잡음에 좌우되므로 평가하지 않습니다.,2024
BRD_20241294,닭플릭스,8.0,평가 대상 아님,,,가맹점이 30개에 이른 적이 없어(최대 8개) 성장률·종료율이 잡음에 좌우되므로 평가하지 않습니다.,2024
BRD_20241356,승승집,8.0,평가 대상 아님,,,가맹점이 30개에 이른 적이 없어(최대 8개) 성장률·종료율이 잡음에 좌우되므로 평가하지 않습니다.,2024
BRD_20241597,어쩌다 감자탕,8.0,평가 대상 아님,,,가맹점이 30개에 이른 적이 없어(최대 8개) 성장률·종료율이 잡음에 좌우되므로 평가하지 않습니다.,2024
BRD_20250991,김밥천국,8.0,평가 대상 아님,,,가맹점이 30개에 이른 적이 없어(최대 8개) 성장률·종료율이 잡음에 좌우되므로 평가하지 않습니다.,2024
NAME:고려통닭@외식,고려통닭,8.0,평가 대상 아님,,,가맹점이 30개에 이른 적이 없어(최대 8개) 성장률·종료율이 잡음에 좌우되므로 평가하지 않습니다.,2024
NAME:대왕암등대갈비@외식,대왕암 등대갈비,8.0,평가 대상 아님,,,가맹점이 30개에 이른 적이 없어(최대 8개) 성장률·종료율이 잡음에 좌우되므로 평가하지 않습니다.,2024
NAME:중평떡볶이@외식,중평떡볶이,8.0,평가 대상 아님,,,가맹점이 30개에 이른 적이 없어(최대 8개) 성장률·종료율이 잡음에 좌우되므로 평가하지 않습니다.,2024
BRD_20080100464,아이스빈(ICE BEAN),7.0,평가 대상 아님,,,가맹점이 30개에 이른 적이 없어(최대 27개) 성장률·종료율이 잡음에 좌우되므로 평가하지 않습니다.,2024
BRD_20080200291,금강산감자탕,7.0,평가 대상 아님,,,가맹점이 30개에 이른 적이 없어(최대 25개) 성장률·종료율이 잡음에 좌우되므로 평가하지 않습니다.,2024
BRD_20100100298,유천냉면,7.0,평가 대상 아님,,,가맹점이 30개에 이른 적이 없어(최대 28개) 성장률·종료율이 잡음에 좌우되므로 평가하지 않습니다.,2024
BRD_20100300021,아낙촌,7.0,평가 대상 아님,,,가맹점이 30개에 이른 적이 없어(최대 7개) 성장률·종료율이 잡음에 좌우되므로 평가하지 않습니다.,2024
BRD_20100400037,번지농장돌판아구찜,7.0,평가 대상 아님,,,가맹점이 30개에 이른 적이 없어(최대 16개) 성장률·종료율이 잡음에 좌우되므로 평가하지 않습니다.,2024
BRD_20110500042,마슬랜,7.0,평가 대상 아님,,,가맹점이 30개에 이른 적이 없어(최대 16개) 성장률·종료율이 잡음에 좌우되므로 평가하지 않습니다.,2024
BRD_20110600027,최용찬의불노리,7.0,평가 대상 아님,,,가맹점이 30개에 이른 적이 없어(최대 10개) 성장률·종료율이 잡음에 좌우되므로 평가하지 않습니다.,2024
BRD_20110600057,루머팡,7.0,평가 대상 아님,,,가맹점이 30개에 이른 적이 없어(최대 25개) 성장률·종료율이 잡음에 좌우되므로 평가하지 않습니다.,2024
BRD_20120500032,장패(JANGPAE),7.0,평가 대상 아님,,,가맹점이 30개에 이른 적이 없어(최대 24개) 성장률·종료율이 잡음에 좌우되므로 평가하지 않습니다.,2024
BRD_20120500054,신화신가네매운떡볶이,7.0,평가 대상 아님,,,가맹점이 30개에 이른 적이 없어(최대 13개) 성장률·종료율이 잡음에 좌우되므로 평가하지 않습니다.,2024
BRD_20130188,최숙이네,7.0,평가 대상 아님,,,가맹점이 30개에 이른 적이 없어(최대 18개) 성장률·종료율이 잡음에 좌우되므로 평가하지 않습니다.,2024
BRD_20140168,두남자찜닭,7.0,평가 대상 아님,,,가맹점이 30개에 이른 적이 없어(최대 18개) 성장률·종료율이 잡음에 좌우되므로 평가하지 않습니다.,2024
BRD_20140201,철수를 차버린 영희 Beer,7.0,평가 대상 아님,,,가맹점이 30개에 이른 적이 없어(최대 16개) 성장률·종료율이 잡음에 좌우되므로 평가하지 않습니다.,2024
BRD_20140746,연타발,7.0,평가 대상 아님,,,가맹점이 30개에 이른 적이 없어(최대 8개) 성장률·종료율이 잡음에 좌우되므로 평가하지 않습니다.,2024
BRD_20140919,족발쌀롱,7.0,평가 대상 아님,,,가맹점이 30개에 이른 적이 없어(최대 14개) 성장률·종료율이 잡음에 좌우되므로 평가하지 않습니다.,2024
BRD_20141098,신단설렁탕,7.0,평가 대상 아님,,,가맹점이 30개에 이른 적이 없어(최대 9개) 성장률·종료율이 잡음에 좌우되므로 평가하지 않습니다.,2024
BRD_20150269,국민수육국밥&막국수,7.0,평가 대상 아님,,,가맹점이 30개에 이른 적이 없어(최대 14개) 성장률·종료율이 잡음에 좌우되므로 평가하지 않습니다.,2024
BRD_20150434,푸르맘찬,7.0,평가 대상 아님,,,가맹점이 30개에 이른 적이 없어(최대 9개) 성장률·종료율이 잡음에 좌우되므로 평가하지 않습니다.,2024
BRD_20160250,여장군,7.0,평가 대상 아님,,,가맹점이 30개에 이른 적이 없어(최대 17개) 성장률·종료율이 잡음에 좌우되므로 평가하지 않습니다.,2024
BRD_20160434,황가네꼼닭,7.0,평가 대상 아님,,,가맹점이 30개에 이른 적이 없어(최대 12개) 성장률·종료율이 잡음에 좌우되므로 평가하지 않습니다.,2024
BRD_20160495,도리연닭도리탕,7.0,평가 대상 아님,,,가맹점이 30개에 이른 적이 없어(최대 7개) 성장률·종료율이 잡음에 좌우되므로 평가하지 않습니다.,2024
BRD_20160541,소미돈까스,7.0,평가 대상 아님,,,가맹점이 30개에 이른 적이 없어(최대 12개) 성장률·종료율이 잡음에 좌우되므로 평가하지 않습니다.,2024
BRD_20160596,온채당,7.0,평가 대상 아님,,,가맹점이 30개에 이른 적이 없어(최대 18개) 성장률·종료율이 잡음에 좌우되므로 평가하지 않습니다.,2024
BRD_20160742,요거트맨,7.0,평가 대상 아님,,,가맹점이 30개에 이른 적이 없어(최대 13개) 성장률·종료율이 잡음에 좌우되므로 평가하지 않습니다.,2024
BRD_20160913,채돈이,7.0,평가 대상 아님,,,가맹점이 30개에 이른 적이 없어(최대 7개) 성장률·종료율이 잡음에 좌우되므로 평가하지 않습니다.,2024
BRD_20160917,토리스타특별한커피,7.0,평가 대상 아님,,,가맹점이 30개에 이른 적이 없어(최대 14개) 성장률·종료율이 잡음에 좌우되므로 평가하지 않습니다.,2024
BRD_20160944,상도늘보리,7.0,평가 대상 아님,,,가맹점이 30개에 이른 적이 없어(최대 15개) 성장률·종료율이 잡음에 좌우되므로 평가하지 않습니다.,2024
BRD_20161134,가츠린,7.0,평가 대상 아님,,,가맹점이 30개에 이른 적이 없어(최대 13개) 성장률·종료율이 잡음에 좌우되므로 평가하지 않습니다.,2024
BRD_20170845,매란방,7.0,평가 대상 아님,,,가맹점이 30개에 이른 적이 없어(최대 7개) 성장률·종료율이 잡음에 좌우되므로 평가하지 않습니다.,2024
BRD_20170886,날마다대박나는집,7.0,평가 대상 아님,,,가맹점이 30개에 이른 적이 없어(최대 14개) 성장률·종료율이 잡음에 좌우되므로 평가하지 않습니다.,2024
BRD_20170929,제주생선구이 올래밥상,7.0,평가 대상 아님,,,가맹점이 30개에 이른 적이 없어(최대 20개) 성장률·종료율이 잡음에 좌우되므로 평가하지 않습니다.,2024
BRD_20171014,송화삼계탕&닭갈비,7.0,평가 대상 아님,,,가맹점이 30개에 이른 적이 없어(최대 8개) 성장률·종료율이 잡음에 좌우되므로 평가하지 않습니다.,2024
BRD_20171236,뎁짜이,7.0,평가 대상 아님,,,가맹점이 30개에 이른 적이 없어(최대 7개) 성장률·종료율이 잡음에 좌우되므로 평가하지 않습니다.,2024
BRD_20171293,마카나이,7.0,평가 대상 아님,,,가맹점이 30개에 이른 적이 없어(최대 8개) 성장률·종료율이 잡음에 좌우되므로 평가하지 않습니다.,2024
BRD_20171439,삼청동멸치국수,7.0,평가 대상 아님,,,가맹점이 30개에 이른 적이 없어(최대 12개) 성장률·종료율이 잡음에 좌우되므로 평가하지 않습니다.,2024
BRD_20180091,육분삼십,7.0,평가 대상 아님,,,가맹점이 30개에 이른 적이 없어(최대 13개) 성장률·종료율이 잡음에 좌우되므로 평가하지 않습니다.,2024
BRD_20180141,샤브담,7.0,평가 대상 아님,,,가맹점이 30개에 이른 적이 없어(최대 22개) 성장률·종료율이 잡음에 좌우되므로 평가하지 않습니다.,2024
BRD_20180224,개성집,7.0,평가 대상 아님,,,가맹점이 30개에 이른 적이 없어(최대 7개) 성장률·종료율이 잡음에 좌우되므로 평가하지 않습니다.,2024
BRD_20180234,철판떼기,7.0,평가 대상 아님,,,가맹점이 30개에 이른 적이 없어(최대 17개) 성장률·종료율이 잡음에 좌우되므로 평가하지 않습니다.,2024
BRD_20180241,사쿠라테이엔,7.0,평가 대상 아님,,,가맹점이 30개에 이른 적이 없어(최대 10개) 성장률·종료율이 잡음에 좌우되므로 평가하지 않습니다.,2024
BRD_20180487,명태골,7.0,평가 대상 아님,,,가맹점이 30개에 이른 적이 없어(최대 9개) 성장률·종료율이 잡음에 좌우되므로 평가하지 않습니다.,2024
BRD_20180537,고바슨,7.0,평가 대상 아님,,,가맹점이 30개에 이른 적이 없어(최대 7개) 성장률·종료율이 잡음에 좌우되므로 평가하지 않습니다.,2024
BRD_20180773,당산오돌,7.0,평가 대상 아님,,,가맹점이 30개에 이른 적이 없어(최대 18개) 성장률·종료율이 잡음에 좌우되므로 평가하지 않습니다.,2024
BRD_20181034,강촌식당,7.0,평가 대상 아님,,,가맹점이 30개에 이른 적이 없어(최대 13개) 성장률·종료율이 잡음에 좌우되므로 평가하지 않습니다.,2024
BRD_20181044,흥주선비국밥,7.0,평가 대상 아님,,,가맹점이 30개에 이른 적이 없어(최대 7개) 성장률·종료율이 잡음에 좌우되므로 평가하지 않습니다.,2024
BRD_20181346,선릉역매운떡볶이,7.0,평가 대상 아님,,,가맹점이 30개에 이른 적이 없어(최대 11개) 성장률·종료율이 잡음에 좌우되므로 평가하지 않습니다.,2024
BRD_20181370,탁사발 두부공방,7.0,평가 대상 아님,,,가맹점이 30개에 이른 적이 없어(최대 7개) 성장률·종료율이 잡음에 좌우되므로 평가하지 않습니다.,2024
BRD_20190302,2in샤브,7.0,평가 대상 아님,,,가맹점이 30개에 이른 적이 없어(최대 7개) 성장률·종료율이 잡음에 좌우되므로 평가하지 않습니다.,2024
BRD_20190355,마크빈,7.0,평가 대상 아님,,,가맹점이 30개에 이른 적이 없어(최대 12개) 성장률·종료율이 잡음에 좌우되므로 평가하지 않습니다.,2024
BRD_20190472,지즐미육회관,7.0,평가 대상 아님,,,가맹점이 30개에 이른 적이 없어(최대 7개) 성장률·종료율이 잡음에 좌우되므로 평가하지 않습니다.,2024
BRD_20190682,모스버거(MOSBURGER),7.0,평가 대상 아님,,,가맹점이 30개에 이른 적이 없어(최대 7개) 성장률·종료율이 잡음에 좌우되므로 평가하지 않습니다.,2024
BRD_20190715,아메리칸에그샌드,7.0,평가 대상 아님,,,가맹점이 30개에 이른 적이 없어(최대 17개) 성장률·종료율이 잡음에 좌우되므로 평가하지 않습니다.,2024
BRD_20190886,한제소곱창전골,7.0,평가 대상 아님,,,가맹점이 30개에 이른 적이 없어(최대 7개) 성장률·종료율이 잡음에 좌우되므로 평가하지 않습니다.,2024
BRD_20191002,엘린스 샌드위치,7.0,평가 대상 아님,,,가맹점이 30개에 이른 적이 없어(최대 11개) 성장률·종료율이 잡음에 좌우되므로 평가하지 않습니다.,2024
BRD_20191098,홍미단,7.0,평가 대상 아님,,,가맹점이 30개에 이른 적이 없어(최대 7개) 성장률·종료율이 잡음에 좌우되므로 평가하지 않습니다.,2024
BRD_20191180,수니열닭발,7.0,평가 대상 아님,,,가맹점이 30개에 이른 적이 없어(최대 7개) 성장률·종료율이 잡음에 좌우되므로 평가하지 않습니다.,2024
BRD_20200168,청춘껍데기,7.0,평가 대상 아님,,,가맹점이 30개에 이른 적이 없어(최대 7개) 성장률·종료율이 잡음에 좌우되므로 평가하지 않습니다.,2024
BRD_20200211,치몬치킨,7.0,평가 대상 아님,,,가맹점이 30개에 이른 적이 없어(최대 10개) 성장률·종료율이 잡음에 좌우되므로 평가하지 않습니다.,2024
BRD_20200478,초대창,7.0,평가 대상 아님,,,가맹점이 30개에 이른 적이 없어(최대 8개) 성장률·종료율이 잡음에 좌우되므로 평가하지 않습니다.,2024
BRD_20200576,불이아,7.0,평가 대상 아님,,,가맹점이 30개에 이른 적이 없어(최대 9개) 성장률·종료율이 잡음에 좌우되므로 평가하지 않습니다.,2024
BRD_20200587,카레온,7.0,평가 대상 아님,,,가맹점이 30개에 이른 적이 없어(최대 12개) 성장률·종료율이 잡음에 좌우되므로 평가하지 않습니다.,2024
BRD_20200619|JNG_015634,아무술집,7.0,평가 대상 아님,,,가맹점이 30개에 이른 적이 없어(최대 7개) 성장률·종료율이 잡음에 좌우되므로 평가하지 않습니다.,2024
BRD_20200720,권실장 참마 찹쌀 꽈배기,7.0,평가 대상 아님,,,가맹점이 30개에 이른 적이 없어(최대 10개) 성장률·종료율이 잡음에 좌우되므로 평가하지 않습니다.,2024
BRD_20201057,야무진냄비,7.0,평가 대상 아님,,,가맹점이 30개에 이른 적이 없어(최대 10개) 성장률·종료율이 잡음에 좌우되므로 평가하지 않습니다.,2024
BRD_20201137,서요,7.0,평가 대상 아님,,,가맹점이 30개에 이른 적이 없어(최대 8개) 성장률·종료율이 잡음에 좌우되므로 평가하지 않습니다.,2024
BRD_20201304,해운대31cm해물칼국수,7.0,평가 대상 아님,,,가맹점이 30개에 이른 적이 없어(최대 18개) 성장률·종료율이 잡음에 좌우되므로 평가하지 않습니다.,2024
BRD_20201352,효도치킨,7.0,평가 대상 아님,,,가맹점이 30개에 이른 적이 없어(최대 7개) 성장률·종료율이 잡음에 좌우되므로 평가하지 않습니다.,2024
BRD_20201575,코봉이 해물찜,7.0,평가 대상 아님,,,가맹점이 30개에 이른 적이 없어(최대 12개) 성장률·종료율이 잡음에 좌우되므로 평가하지 않습니다.,2024
BRD_20210167,참숯 삼인조,7.0,평가 대상 아님,,,가맹점이 30개에 이른 적이 없어(최대 7개) 성장률·종료율이 잡음에 좌우되므로 평가하지 않습니다.,2024
BRD_20210186,행포케(HANG POKE),7.0,평가 대상 아님,,,가맹점이 30개에 이른 적이 없어(최대 7개) 성장률·종료율이 잡음에 좌우되므로 평가하지 않습니다.,2024
BRD_20210357,엄지척닭도리,7.0,평가 대상 아님,,,가맹점이 30개에 이른 적이 없어(최대 22개) 성장률·종료율이 잡음에 좌우되므로 평가하지 않습니다.,2024
BRD_20210737,중경식객,7.0,평가 대상 아님,,,가맹점이 30개에 이른 적이 없어(최대 7개) 성장률·종료율이 잡음에 좌우되므로 평가하지 않습니다.,2024
BRD_20210843|JNG_009473,육터닭,7.0,평가 대상 아님,,,가맹점이 30개에 이른 적이 없어(최대 7개) 성장률·종료율이 잡음에 좌우되므로 평가하지 않습니다.,2024
BRD_20210870,찬란한아구,7.0,평가 대상 아님,,,가맹점이 30개에 이른 적이 없어(최대 17개) 성장률·종료율이 잡음에 좌우되므로 평가하지 않습니다.,2024
BRD_20211031,건뚱네김치속돼지,7.0,평가 대상 아님,,,가맹점이 30개에 이른 적이 없어(최대 14개) 성장률·종료율이 잡음에 좌우되므로 평가하지 않습니다.,2024
BRD_20211198,빤닭빤닭,7.0,평가 대상 아님,,,가맹점이 30개에 이른 적이 없어(최대 7개) 성장률·종료율이 잡음에 좌우되므로 평가하지 않습니다.,2024
BRD_20211263,스아게,7.0,평가 대상 아님,,,가맹점이 30개에 이른 적이 없어(최대 7개) 성장률·종료율이 잡음에 좌우되므로 평가하지 않습니다.,2024
BRD_20211287,송가육회,7.0,평가 대상 아님,,,가맹점이 30개에 이른 적이 없어(최대 7개) 성장률·종료율이 잡음에 좌우되므로 평가하지 않습니다.,2024
BRD_20211425,바리스트로,7.0,평가 대상 아님,,,가맹점이 30개에 이른 적이 없어(최대 7개) 성장률·종료율이 잡음에 좌우되므로 평가하지 않습니다.,2024
BRD_20211471,본말감자탕,7.0,평가 대상 아님,,,가맹점이 30개에 이른 적이 없어(최대 13개) 성장률·종료율이 잡음에 좌우되므로 평가하지 않습니다.,2024
BRD_20211562,와촌식당,7.0,평가 대상 아님,,,가맹점이 30개에 이른 적이 없어(최대 8개) 성장률·종료율이 잡음에 좌우되므로 평가하지 않습니다.,2024
BRD_20211587,빌리언박스,7.0,평가 대상 아님,,,가맹점이 30개에 이른 적이 없어(최대 7개) 성장률·종료율이 잡음에 좌우되므로 평가하지 않습니다.,2024
BRD_20211792,유브유부(YOU’VE YOUBU),7.0,평가 대상 아님,,,가맹점이 30개에 이른 적이 없어(최대 10개) 성장률·종료율이 잡음에 좌우되므로 평가하지 않습니다.,2024
BRD_20212002,무궁화반점,7.0,평가 대상 아님,,,가맹점이 30개에 이른 적이 없어(최대 7개) 성장률·종료율이 잡음에 좌우되므로 평가하지 않습니다.,2024
BRD_20212058,니가아는식당,7.0,평가 대상 아님,,,가맹점이 30개에 이른 적이 없어(최대 8개) 성장률·종료율이 잡음에 좌우되므로 평가하지 않습니다.,2024
BRD_20212323,더곱이네,7.0,평가 대상 아님,,,가맹점이 30개에 이른 적이 없어(최대 7개) 성장률·종료율이 잡음에 좌우되므로 평가하지 않습니다.,2024
BRD_20212818,미디어포차 뉴트로2010,7.0,평가 대상 아님,,,가맹점이 30개에 이른 적이 없어(최대 7개) 성장률·종료율이 잡음에 좌우되므로 평가하지 않습니다.,2024
BRD_20212848,국보급냉면,7.0,평가 대상 아님,,,가맹점이 30개에 이른 적이 없어(최대 9개) 성장률·종료율이 잡음에 좌우되므로 평가하지 않습니다.,2024
BRD_20212852,비빔밥브라더,7.0,평가 대상 아님,,,가맹점이 30개에 이른 적이 없어(최대 9개) 성장률·종료율이 잡음에 좌우되므로 평가하지 않습니다.,2024
BRD_20213172,피자의 생명은 치즈다,7.0,평가 대상 아님,,,가맹점이 30개에 이른 적이 없어(최대 8개) 성장률·종료율이 잡음에 좌우되므로 평가하지 않습니다.,2024
BRD_20213470,대한민국 만세 삼계탕,7.0,평가 대상 아님,,,가맹점이 30개에 이른 적이 없어(최대 7개) 성장률·종료율이 잡음에 좌우되므로 평가하지 않습니다.,2024
BRD_20213486,제주덕구,7.0,평가 대상 아님,,,가맹점이 30개에 이른 적이 없어(최대 7개) 성장률·종료율이 잡음에 좌우되므로 평가하지 않습니다.,2024
BRD_20213645,아레밀,7.0,평가 대상 아님,,,가맹점이 30개에 이른 적이 없어(최대 7개) 성장률·종료율이 잡음에 좌우되므로 평가하지 않습니다.,2024
BRD_20213958,한식세끼,7.0,평가 대상 아님,,,가맹점이 30개에 이른 적이 없어(최대 15개) 성장률·종료율이 잡음에 좌우되므로 평가하지 않습니다.,2024
BRD_20214250,졸리의 붕어빵,7.0,평가 대상 아님,,,가맹점이 30개에 이른 적이 없어(최대 7개) 성장률·종료율이 잡음에 좌우되므로 평가하지 않습니다.,2024
BRD_20214408,원앤투깻잎두마리치킨,7.0,평가 대상 아님,,,가맹점이 30개에 이른 적이 없어(최대 7개) 성장률·종료율이 잡음에 좌우되므로 평가하지 않습니다.,2024
BRD_20220012,보백관,7.0,평가 대상 아님,,,가맹점이 30개에 이른 적이 없어(최대 7개) 성장률·종료율이 잡음에 좌우되므로 평가하지 않습니다.,2024
BRD_20220014,팔당냉면,7.0,평가 대상 아님,,,가맹점이 30개에 이른 적이 없어(최대 15개) 성장률·종료율이 잡음에 좌우되므로 평가하지 않습니다.,2024
BRD_20220061,트러스트 스페셜티 커피,7.0,평가 대상 아님,,,가맹점이 30개에 이른 적이 없어(최대 11개) 성장률·종료율이 잡음에 좌우되므로 평가하지 않습니다.,2024
BRD_20220062,도담갈비선생,7.0,평가 대상 아님,,,가맹점이 30개에 이른 적이 없어(최대 7개) 성장률·종료율이 잡음에 좌우되므로 평가하지 않습니다.,2024
BRD_20220088,한결보쌈,7.0,평가 대상 아님,,,가맹점이 30개에 이른 적이 없어(최대 10개) 성장률·종료율이 잡음에 좌우되므로 평가하지 않습니다.,2024
BRD_20220268,유키 가츠앤텐동,7.0,평가 대상 아님,,,가맹점이 30개에 이른 적이 없어(최대 7개) 성장률·종료율이 잡음에 좌우되므로 평가하지 않습니다.,2024
BRD_20220323,신사 동인동,7.0,평가 대상 아님,,,가맹점이 30개에 이른 적이 없어(최대 8개) 성장률·종료율이 잡음에 좌우되므로 평가하지 않습니다.,2024
BRD_20220333|JNG_012995,청담김치찜,7.0,평가 대상 아님,,,가맹점이 30개에 이른 적이 없어(최대 7개) 성장률·종료율이 잡음에 좌우되므로 평가하지 않습니다.,2024
BRD_20220348,포마이쌀국수&팟타이,7.0,평가 대상 아님,,,가맹점이 30개에 이른 적이 없어(최대 7개) 성장률·종료율이 잡음에 좌우되므로 평가하지 않습니다.,2024
BRD_20220383,사운즈커피(SOUNDS COFFEE),7.0,평가 대상 아님,,,가맹점이 30개에 이른 적이 없어(최대 7개) 성장률·종료율이 잡음에 좌우되므로 평가하지 않습니다.,2024
BRD_20220429,별컵맥주,7.0,평가 대상 아님,,,가맹점이 30개에 이른 적이 없어(최대 7개) 성장률·종료율이 잡음에 좌우되므로 평가하지 않습니다.,2024
BRD_20220453,포시즌키친,7.0,평가 대상 아님,,,가맹점이 30개에 이른 적이 없어(최대 7개) 성장률·종료율이 잡음에 좌우되므로 평가하지 않습니다.,2024
BRD_20220498,파평옥,7.0,평가 대상 아님,,,가맹점이 30개에 이른 적이 없어(최대 7개) 성장률·종료율이 잡음에 좌우되므로 평가하지 않습니다.,2024
BRD_20220673,늘이맛콩나물국밥국수,7.0,평가 대상 아님,,,가맹점이 30개에 이른 적이 없어(최대 7개) 성장률·종료율이 잡음에 좌우되므로 평가하지 않습니다.,2024
BRD_20220755,열불날개,7.0,평가 대상 아님,,,가맹점이 30개에 이른 적이 없어(최대 7개) 성장률·종료율이 잡음에 좌우되므로 평가하지 않습니다.,2024
BRD_20220849,히든오아시스(HIDDENOASIS),7.0,평가 대상 아님,,,가맹점이 30개에 이른 적이 없어(최대 8개) 성장률·종료율이 잡음에 좌우되므로 평가하지 않습니다.,2024
BRD_20220945,오마이포,7.0,평가 대상 아님,,,가맹점이 30개에 이른 적이 없어(최대 9개) 성장률·종료율이 잡음에 좌우되므로 평가하지 않습니다.,2024
BRD_20220964,메타킹 커피(METAKING COFFEE),7.0,평가 대상 아님,,,가맹점이 30개에 이른 적이 없어(최대 7개) 성장률·종료율이 잡음에 좌우되므로 평가하지 않습니다.,2024
BRD_20221059,삼미당,7.0,평가 대상 아님,,,가맹점이 30개에 이른 적이 없어(최대 7개) 성장률·종료율이 잡음에 좌우되므로 평가하지 않습니다.,2024
BRD_20221060,놀놀숯닭갈비,7.0,평가 대상 아님,,,가맹점이 30개에 이른 적이 없어(최대 7개) 성장률·종료율이 잡음에 좌우되므로 평가하지 않습니다.,2024
BRD_20221135|JNG_013969,마라벅스,7.0,평가 대상 아님,,,가맹점이 30개에 이른 적이 없어(최대 11개) 성장률·종료율이 잡음에 좌우되므로 평가하지 않습니다.,2024
BRD_20221198,치킨천국맥주,7.0,평가 대상 아님,,,가맹점이 30개에 이른 적이 없어(최대 7개) 성장률·종료율이 잡음에 좌우되므로 평가하지 않습니다.,2024
BRD_20221249,천계산장,7.0,평가 대상 아님,,,가맹점이 30개에 이른 적이 없어(최대 7개) 성장률·종료율이 잡음에 좌우되므로 평가하지 않습니다.,2024
BRD_20221263,모티,7.0,평가 대상 아님,,,가맹점이 30개에 이른 적이 없어(최대 7개) 성장률·종료율이 잡음에 좌우되므로 평가하지 않습니다.,2024
BRD_20221392,뼈탄집,7.0,평가 대상 아님,,,가맹점이 30개에 이른 적이 없어(최대 7개) 성장률·종료율이 잡음에 좌우되므로 평가하지 않습니다.,2024
BRD_20221452,아뜨베(Attube),7.0,평가 대상 아님,,,가맹점이 30개에 이른 적이 없어(최대 7개) 성장률·종료율이 잡음에 좌우되므로 평가하지 않습니다.,2024
BRD_20221460,스시마시토,7.0,평가 대상 아님,,,가맹점이 30개에 이른 적이 없어(최대 7개) 성장률·종료율이 잡음에 좌우되므로 평가하지 않습니다.,2024
BRD_20221465,솥돈,7.0,평가 대상 아님,,,가맹점이 30개에 이른 적이 없어(최대 8개) 성장률·종료율이 잡음에 좌우되므로 평가하지 않습니다.,2024
BRD_20221474|JNG_014354,오리총재,7.0,평가 대상 아님,,,가맹점이 30개에 이른 적이 없어(최대 8개) 성장률·종료율이 잡음에 좌우되므로 평가하지 않습니다.,2024
BRD_20230040,수지상회,7.0,평가 대상 아님,,,가맹점이 30개에 이른 적이 없어(최대 8개) 성장률·종료율이 잡음에 좌우되므로 평가하지 않습니다.,2024
BRD_20230097,삼겹당,7.0,평가 대상 아님,,,가맹점이 30개에 이른 적이 없어(최대 7개) 성장률·종료율이 잡음에 좌우되므로 평가하지 않습니다.,2024
BRD_20230196,팔도미역,7.0,평가 대상 아님,,,가맹점이 30개에 이른 적이 없어(최대 7개) 성장률·종료율이 잡음에 좌우되므로 평가하지 않습니다.,2024
BRD_20230208,그랜마스,7.0,평가 대상 아님,,,가맹점이 30개에 이른 적이 없어(최대 7개) 성장률·종료율이 잡음에 좌우되므로 평가하지 않습니다.,2024
BRD_20230534,다르다,7.0,평가 대상 아님,,,가맹점이 30개에 이른 적이 없어(최대 7개) 성장률·종료율이 잡음에 좌우되므로 평가하지 않습니다.,2024
BRD_20230557,도시맥주,7.0,평가 대상 아님,,,가맹점이 30개에 이른 적이 없어(최대 7개) 성장률·종료율이 잡음에 좌우되므로 평가하지 않습니다.,2024
BRD_20230622,오늘된장,7.0,평가 대상 아님,,,가맹점이 30개에 이른 적이 없어(최대 7개) 성장률·종료율이 잡음에 좌우되므로 평가하지 않습니다.,2024
BRD_20230627,스트렝스커피,7.0,평가 대상 아님,,,가맹점이 30개에 이른 적이 없어(최대 7개) 성장률·종료율이 잡음에 좌우되므로 평가하지 않습니다.,2024
BRD_20230633,스트릿캔,7.0,평가 대상 아님,,,가맹점이 30개에 이른 적이 없어(최대 7개) 성장률·종료율이 잡음에 좌우되므로 평가하지 않습니다.,2024
BRD_20230680,관저명태촌,7.0,평가 대상 아님,,,가맹점이 30개에 이른 적이 없어(최대 7개) 성장률·종료율이 잡음에 좌우되므로 평가하지 않습니다.,2024
BRD_20230770,진주댁 SINCE1994,7.0,평가 대상 아님,,,가맹점이 30개에 이른 적이 없어(최대 7개) 성장률·종료율이 잡음에 좌우되므로 평가하지 않습니다.,2024
BRD_20230773,세븐패티버거,7.0,평가 대상 아님,,,가맹점이 30개에 이른 적이 없어(최대 7개) 성장률·종료율이 잡음에 좌우되므로 평가하지 않습니다.,2024
BRD_20230822,질러스타 노래타운(ZILLER STAR MUSIC TOWN),7.0,평가 대상 아님,,,가맹점이 30개에 이른 적이 없어(최대 7개) 성장률·종료율이 잡음에 좌우되므로 평가하지 않습니다.,2024
BRD_20230952,꼬김빱,7.0,평가 대상 아님,,,가맹점이 30개에 이른 적이 없어(최대 8개) 성장률·종료율이 잡음에 좌우되므로 평가하지 않습니다.,2024
BRD_20231029,SPACE COFFEE(스페이스커피),7.0,평가 대상 아님,,,가맹점이 30개에 이른 적이 없어(최대 7개) 성장률·종료율이 잡음에 좌우되므로 평가하지 않습니다.,2024
BRD_20231030,경성면옥,7.0,평가 대상 아님,,,가맹점이 30개에 이른 적이 없어(최대 7개) 성장률·종료율이 잡음에 좌우되므로 평가하지 않습니다.,2024
BRD_20231058,심야식당홍,7.0,평가 대상 아님,,,가맹점이 30개에 이른 적이 없어(최대 7개) 성장률·종료율이 잡음에 좌우되므로 평가하지 않습니다.,2024
BRD_20231073,도로이,7.0,평가 대상 아님,,,가맹점이 30개에 이른 적이 없어(최대 7개) 성장률·종료율이 잡음에 좌우되므로 평가하지 않습니다.,2024
BRD_20231086,닭나무집,7.0,평가 대상 아님,,,가맹점이 30개에 이른 적이 없어(최대 7개) 성장률·종료율이 잡음에 좌우되므로 평가하지 않습니다.,2024
BRD_20231168,순정한우 정육식당,7.0,평가 대상 아님,,,가맹점이 30개에 이른 적이 없어(최대 7개) 성장률·종료율이 잡음에 좌우되므로 평가하지 않습니다.,2024
BRD_20231301,빅포1982,7.0,평가 대상 아님,,,가맹점이 30개에 이른 적이 없어(최대 7개) 성장률·종료율이 잡음에 좌우되므로 평가하지 않습니다.,2024
BRD_20231348,카페율하온,7.0,평가 대상 아님,,,가맹점이 30개에 이른 적이 없어(최대 9개) 성장률·종료율이 잡음에 좌우되므로 평가하지 않습니다.,2024
BRD_20231521|JNG_016114,오사카데스,7.0,평가 대상 아님,,,가맹점이 30개에 이른 적이 없어(최대 7개) 성장률·종료율이 잡음에 좌우되므로 평가하지 않습니다.,2024
BRD_20231534,대설,7.0,평가 대상 아님,,,가맹점이 30개에 이른 적이 없어(최대 7개) 성장률·종료율이 잡음에 좌우되므로 평가하지 않습니다.,2024
BRD_20231544,양푼이김치찌개,7.0,평가 대상 아님,,,가맹점이 30개에 이른 적이 없어(최대 8개) 성장률·종료율이 잡음에 좌우되므로 평가하지 않습니다.,2024
BRD_20231697,대가인생순두부,7.0,평가 대상 아님,,,가맹점이 30개에 이른 적이 없어(최대 7개) 성장률·종료율이 잡음에 좌우되므로 평가하지 않습니다.,2024
BRD_20240150,일등수제돈카츠,7.0,평가 대상 아님,,,가맹점이 30개에 이른 적이 없어(최대 7개) 성장률·종료율이 잡음에 좌우되므로 평가하지 않습니다.,2024
BRD_20240364|JNG_016819,더바른정국밥,7.0,평가 대상 아님,,,가맹점이 30개에 이른 적이 없어(최대 7개) 성장률·종료율이 잡음에 좌우되므로 평가하지 않습니다.,2024
BRD_20240405,무시로감자탕,7.0,평가 대상 아님,,,가맹점이 30개에 이른 적이 없어(최대 7개) 성장률·종료율이 잡음에 좌우되므로 평가하지 않습니다.,2024
BRD_20240455,밀키샵,7.0,평가 대상 아님,,,가맹점이 30개에 이른 적이 없어(최대 7개) 성장률·종료율이 잡음에 좌우되므로 평가하지 않습니다.,2024
BRD_20240549,백년카츠,7.0,평가 대상 아님,,,가맹점이 30개에 이른 적이 없어(최대 7개) 성장률·종료율이 잡음에 좌우되므로 평가하지 않습니다.,2024
BRD_20240564,올선데이,7.0,평가 대상 아님,,,가맹점이 30개에 이른 적이 없어(최대 7개) 성장률·종료율이 잡음에 좌우되므로 평가하지 않습니다.,2024
BRD_20240601,わびさび(와비사비),7.0,평가 대상 아님,,,가맹점이 30개에 이른 적이 없어(최대 7개) 성장률·종료율이 잡음에 좌우되므로 평가하지 않습니다.,2024
BRD_20240668,무쇠뚝삼겹,7.0,평가 대상 아님,,,가맹점이 30개에 이른 적이 없어(최대 7개) 성장률·종료율이 잡음에 좌우되므로 평가하지 않습니다.,2024
BRD_20240700,개성상황버섯삼계탕,7.0,평가 대상 아님,,,가맹점이 30개에 이른 적이 없어(최대 7개) 성장률·종료율이 잡음에 좌우되므로 평가하지 않습니다.,2024
BRD_20240787,인생집,7.0,평가 대상 아님,,,가맹점이 30개에 이른 적이 없어(최대 7개) 성장률·종료율이 잡음에 좌우되므로 평가하지 않습니다.,2024
BRD_20240823,쭈불리,7.0,평가 대상 아님,,,가맹점이 30개에 이른 적이 없어(최대 7개) 성장률·종료율이 잡음에 좌우되므로 평가하지 않습니다.,2024
BRD_20240840,갓생맥주,7.0,평가 대상 아님,,,가맹점이 30개에 이른 적이 없어(최대 7개) 성장률·종료율이 잡음에 좌우되므로 평가하지 않습니다.,2024
BRD_20240916,구복만두,7.0,평가 대상 아님,,,가맹점이 30개에 이른 적이 없어(최대 7개) 성장률·종료율이 잡음에 좌우되므로 평가하지 않습니다.,2024
BRD_20240917,육연家,7.0,평가 대상 아님,,,가맹점이 30개에 이른 적이 없어(최대 7개) 성장률·종료율이 잡음에 좌우되므로 평가하지 않습니다.,2024
BRD_20240927,꼬뎅,7.0,평가 대상 아님,,,가맹점이 30개에 이른 적이 없어(최대 7개) 성장률·종료율이 잡음에 좌우되므로 평가하지 않습니다.,2024
BRD_20240956,당나발포차,7.0,평가 대상 아님,,,가맹점이 30개에 이른 적이 없어(최대 7개) 성장률·종료율이 잡음에 좌우되므로 평가하지 않습니다.,2024
BRD_20241040,백정밥상,7.0,평가 대상 아님,,,가맹점이 30개에 이른 적이 없어(최대 7개) 성장률·종료율이 잡음에 좌우되므로 평가하지 않습니다.,2024
BRD_20241145,청담해장국,7.0,평가 대상 아님,,,가맹점이 30개에 이른 적이 없어(최대 7개) 성장률·종료율이 잡음에 좌우되므로 평가하지 않습니다.,2024
BRD_20241281,석촌칼국수보리밥,7.0,평가 대상 아님,,,가맹점이 30개에 이른 적이 없어(최대 7개) 성장률·종료율이 잡음에 좌우되므로 평가하지 않습니다.,2024
BRD_20241335,본야끼카야,7.0,평가 대상 아님,,,가맹점이 30개에 이른 적이 없어(최대 7개) 성장률·종료율이 잡음에 좌우되므로 평가하지 않습니다.,2024
BRD_20241404,소운나 김밥,7.0,평가 대상 아님,,,가맹점이 30개에 이른 적이 없어(최대 7개) 성장률·종료율이 잡음에 좌우되므로 평가하지 않습니다.,2024
BRD_20241490,HayCOFFEE,7.0,평가 대상 아님,,,가맹점이 30개에 이른 적이 없어(최대 7개) 성장률·종료율이 잡음에 좌우되므로 평가하지 않습니다.,2024
BRD_20241595,MZ세대 떡볶이치킨,7.0,평가 대상 아님,,,가맹점이 30개에 이른 적이 없어(최대 7개) 성장률·종료율이 잡음에 좌우되므로 평가하지 않습니다.,2024
BRD_20241741,박가면장,7.0,평가 대상 아님,,,가맹점이 30개에 이른 적이 없어(최대 7개) 성장률·종료율이 잡음에 좌우되므로 평가하지 않습니다.,2024
BRD_20250481,마유유 마라탕,7.0,평가 대상 아님,,,가맹점이 30개에 이른 적이 없어(최대 7개) 성장률·종료율이 잡음에 좌우되므로 평가하지 않습니다.,2024
BRD_20250494,그집짬뽕0927,7.0,평가 대상 아님,,,가맹점이 30개에 이른 적이 없어(최대 7개) 성장률·종료율이 잡음에 좌우되므로 평가하지 않습니다.,2024
BRD_20250519,부원냉삼집,7.0,평가 대상 아님,,,가맹점이 30개에 이른 적이 없어(최대 7개) 성장률·종료율이 잡음에 좌우되므로 평가하지 않습니다.,2024
NAME:명동칼국수@외식,명동칼국수,7.0,평가 대상 아님,,,가맹점이 30개에 이른 적이 없어(최대 7개) 성장률·종료율이 잡음에 좌우되므로 평가하지 않습니다.,2024
NAME:육회한통닭@외식,육회한통닭,7.0,평가 대상 아님,,,가맹점이 30개에 이른 적이 없어(최대 9개) 성장률·종료율이 잡음에 좌우되므로 평가하지 않습니다.,2024
NAME:일우고고싱떡볶이@외식,일우고고싱떡볶이,7.0,평가 대상 아님,,,가맹점이 30개에 이른 적이 없어(최대 7개) 성장률·종료율이 잡음에 좌우되므로 평가하지 않습니다.,2024
NAME:정다함돈가스@외식,정다함돈가스,7.0,평가 대상 아님,,,가맹점이 30개에 이른 적이 없어(최대 12개) 성장률·종료율이 잡음에 좌우되므로 평가하지 않습니다.,2024
BRD_20080100166,한동길전통감자탕,6.0,평가 대상 아님,,,가맹점이 30개에 이른 적이 없어(최대 6개) 성장률·종료율이 잡음에 좌우되므로 평가하지 않습니다.,2024
BRD_20080100325,코만도,6.0,평가 대상 아님,,,가맹점이 30개에 이른 적이 없어(최대 20개) 성장률·종료율이 잡음에 좌우되므로 평가하지 않습니다.,2024
BRD_20080100466,약초마을,6.0,평가 대상 아님,,,가맹점이 30개에 이른 적이 없어(최대 10개) 성장률·종료율이 잡음에 좌우되므로 평가하지 않습니다.,2024
BRD_20080400046,심청아배고파,6.0,평가 대상 아님,,,가맹점이 30개에 이른 적이 없어(최대 13개) 성장률·종료율이 잡음에 좌우되므로 평가하지 않습니다.,2024
BRD_20090100248,해늘찹쌀순대,6.0,평가 대상 아님,,,가맹점이 30개에 이른 적이 없어(최대 10개) 성장률·종료율이 잡음에 좌우되므로 평가하지 않습니다.,2024
BRD_20090100286,보용만두,6.0,평가 대상 아님,,,가맹점이 30개에 이른 적이 없어(최대 22개) 성장률·종료율이 잡음에 좌우되므로 평가하지 않습니다.,2024
BRD_20090600040,현가네33족발,6.0,평가 대상 아님,,,가맹점이 30개에 이른 적이 없어(최대 14개) 성장률·종료율이 잡음에 좌우되므로 평가하지 않습니다.,2024
BRD_20100100093,닭권브이,6.0,평가 대상 아님,,,가맹점이 30개에 이른 적이 없어(최대 15개) 성장률·종료율이 잡음에 좌우되므로 평가하지 않습니다.,2024
BRD_20100100268,홍스쭈꾸미,6.0,평가 대상 아님,,,가맹점이 30개에 이른 적이 없어(최대 29개) 성장률·종료율이 잡음에 좌우되므로 평가하지 않습니다.,2024
BRD_20100100412,월선네,6.0,평가 대상 아님,,,가맹점이 30개에 이른 적이 없어(최대 13개) 성장률·종료율이 잡음에 좌우되므로 평가하지 않습니다.,2024
BRD_20100100571,목우촌미소와돈,6.0,평가 대상 아님,,,가맹점이 30개에 이른 적이 없어(최대 24개) 성장률·종료율이 잡음에 좌우되므로 평가하지 않습니다.,2024
BRD_20100500059,신진성아구찜,6.0,평가 대상 아님,,,가맹점이 30개에 이른 적이 없어(최대 20개) 성장률·종료율이 잡음에 좌우되므로 평가하지 않습니다.,2024
BRD_20110100316,참토우,6.0,평가 대상 아님,,,가맹점이 30개에 이른 적이 없어(최대 10개) 성장률·종료율이 잡음에 좌우되므로 평가하지 않습니다.,2024
BRD_20120100099,코코로벤또,6.0,평가 대상 아님,,,가맹점이 30개에 이른 적이 없어(최대 15개) 성장률·종료율이 잡음에 좌우되므로 평가하지 않습니다.,2024
BRD_20120100318,키친박스,6.0,평가 대상 아님,,,가맹점이 30개에 이른 적이 없어(최대 15개) 성장률·종료율이 잡음에 좌우되므로 평가하지 않습니다.,2024
BRD_20120100555,청초수물회&섭국,6.0,평가 대상 아님,,,가맹점이 30개에 이른 적이 없어(최대 10개) 성장률·종료율이 잡음에 좌우되므로 평가하지 않습니다.,2024
BRD_20120100625,신의주부대찌개,6.0,평가 대상 아님,,,가맹점이 30개에 이른 적이 없어(최대 16개) 성장률·종료율이 잡음에 좌우되므로 평가하지 않습니다.,2024
BRD_20120400048,꿀딱,6.0,평가 대상 아님,,,가맹점이 30개에 이른 적이 없어(최대 7개) 성장률·종료율이 잡음에 좌우되므로 평가하지 않습니다.,2024
BRD_20130029,로니로티,6.0,평가 대상 아님,,,가맹점이 30개에 이른 적이 없어(최대 9개) 성장률·종료율이 잡음에 좌우되므로 평가하지 않습니다.,2024
BRD_20140361,박군자진주냉면,6.0,평가 대상 아님,,,가맹점이 30개에 이른 적이 없어(최대 17개) 성장률·종료율이 잡음에 좌우되므로 평가하지 않습니다.,2024
BRD_20140930,PRABEAN(프라빈),6.0,평가 대상 아님,,,가맹점이 30개에 이른 적이 없어(최대 16개) 성장률·종료율이 잡음에 좌우되므로 평가하지 않습니다.,2024
BRD_20150366,바오밥(BAOBAB),6.0,평가 대상 아님,,,가맹점이 30개에 이른 적이 없어(최대 25개) 성장률·종료율이 잡음에 좌우되므로 평가하지 않습니다.,2024
BRD_20150411,이바돔 외식 Family,6.0,평가 대상 아님,,,가맹점이 30개에 이른 적이 없어(최대 28개) 성장률·종료율이 잡음에 좌우되므로 평가하지 않습니다.,2024
BRD_20150502,피자명인,6.0,평가 대상 아님,,,가맹점이 30개에 이른 적이 없어(최대 13개) 성장률·종료율이 잡음에 좌우되므로 평가하지 않습니다.,2024
BRD_20150618,제주도그릴,6.0,평가 대상 아님,,,가맹점이 30개에 이른 적이 없어(최대 13개) 성장률·종료율이 잡음에 좌우되므로 평가하지 않습니다.,2024
BRD_20150980,엄청난떡볶이,6.0,평가 대상 아님,,,가맹점이 30개에 이른 적이 없어(최대 21개) 성장률·종료율이 잡음에 좌우되므로 평가하지 않습니다.,2024
BRD_20151078,전라도이야기,6.0,평가 대상 아님,,,가맹점이 30개에 이른 적이 없어(최대 6개) 성장률·종료율이 잡음에 좌우되므로 평가하지 않습니다.,2024
BRD_20160004,메르밀 진미집,6.0,평가 대상 아님,,,가맹점이 30개에 이른 적이 없어(최대 6개) 성장률·종료율이 잡음에 좌우되므로 평가하지 않습니다.,2024
BRD_20160145,배가네동태탕찜전문점,6.0,평가 대상 아님,,,가맹점이 30개에 이른 적이 없어(최대 11개) 성장률·종료율이 잡음에 좌우되므로 평가하지 않습니다.,2024
BRD_20160156,쿠벤,6.0,평가 대상 아님,,,가맹점이 30개에 이른 적이 없어(최대 17개) 성장률·종료율이 잡음에 좌우되므로 평가하지 않습니다.,2024
BRD_20160301,가리미김밥,6.0,평가 대상 아님,,,가맹점이 30개에 이른 적이 없어(최대 9개) 성장률·종료율이 잡음에 좌우되므로 평가하지 않습니다.,2024
BRD_20160759,삐사감김밥,6.0,평가 대상 아님,,,가맹점이 30개에 이른 적이 없어(최대 8개) 성장률·종료율이 잡음에 좌우되므로 평가하지 않습니다.,2024
BRD_20160955,부여통닭,6.0,평가 대상 아님,,,가맹점이 30개에 이른 적이 없어(최대 22개) 성장률·종료율이 잡음에 좌우되므로 평가하지 않습니다.,2024
BRD_20160991,예술치킨(artchicken),6.0,평가 대상 아님,,,가맹점이 30개에 이른 적이 없어(최대 6개) 성장률·종료율이 잡음에 좌우되므로 평가하지 않습니다.,2024
BRD_20161233,고래식당,6.0,평가 대상 아님,,,가맹점이 30개에 이른 적이 없어(최대 21개) 성장률·종료율이 잡음에 좌우되므로 평가하지 않습니다.,2024
BRD_20170330,"진가원 전주콩나물국밥,묵사발",6.0,평가 대상 아님,,,가맹점이 30개에 이른 적이 없어(최대 13개) 성장률·종료율이 잡음에 좌우되므로 평가하지 않습니다.,2024
BRD_20170525,봉화산 설렁탕 전문점,6.0,평가 대상 아님,,,가맹점이 30개에 이른 적이 없어(최대 6개) 성장률·종료율이 잡음에 좌우되므로 평가하지 않습니다.,2024
BRD_20170835,네모오징어,6.0,평가 대상 아님,,,가맹점이 30개에 이른 적이 없어(최대 11개) 성장률·종료율이 잡음에 좌우되므로 평가하지 않습니다.,2024
BRD_20170920,화덕고깃간,6.0,평가 대상 아님,,,가맹점이 30개에 이른 적이 없어(최대 7개) 성장률·종료율이 잡음에 좌우되므로 평가하지 않습니다.,2024
BRD_20171092,육회이야기,6.0,평가 대상 아님,,,가맹점이 30개에 이른 적이 없어(최대 8개) 성장률·종료율이 잡음에 좌우되므로 평가하지 않습니다.,2024
BRD_20171314,명동닭튀김,6.0,평가 대상 아님,,,가맹점이 30개에 이른 적이 없어(최대 26개) 성장률·종료율이 잡음에 좌우되므로 평가하지 않습니다.,2024
BRD_20171473,번패티번,6.0,평가 대상 아님,,,가맹점이 30개에 이른 적이 없어(최대 6개) 성장률·종료율이 잡음에 좌우되므로 평가하지 않습니다.,2024
BRD_20171502,부대장,6.0,평가 대상 아님,,,가맹점이 30개에 이른 적이 없어(최대 17개) 성장률·종료율이 잡음에 좌우되므로 평가하지 않습니다.,2024
BRD_20171516,크레이지후라이,6.0,평가 대상 아님,,,가맹점이 30개에 이른 적이 없어(최대 13개) 성장률·종료율이 잡음에 좌우되므로 평가하지 않습니다.,2024
BRD_20180086,찰만 생대패,6.0,평가 대상 아님,,,가맹점이 30개에 이른 적이 없어(최대 8개) 성장률·종료율이 잡음에 좌우되므로 평가하지 않습니다.,2024
BRD_20180191,도쿄술집,6.0,평가 대상 아님,,,가맹점이 30개에 이른 적이 없어(최대 13개) 성장률·종료율이 잡음에 좌우되므로 평가하지 않습니다.,2024
BRD_20180707,브루웍스_슬기로운맥주창고,6.0,평가 대상 아님,,,가맹점이 30개에 이른 적이 없어(최대 15개) 성장률·종료율이 잡음에 좌우되므로 평가하지 않습니다.,2024
BRD_20180808,도리토리,6.0,평가 대상 아님,,,가맹점이 30개에 이른 적이 없어(최대 6개) 성장률·종료율이 잡음에 좌우되므로 평가하지 않습니다.,2024
BRD_20181026,성별 에이유,6.0,평가 대상 아님,,,가맹점이 30개에 이른 적이 없어(최대 7개) 성장률·종료율이 잡음에 좌우되므로 평가하지 않습니다.,2024
BRD_20181050,인생해장국,6.0,평가 대상 아님,,,가맹점이 30개에 이른 적이 없어(최대 13개) 성장률·종료율이 잡음에 좌우되므로 평가하지 않습니다.,2024
BRD_20181089,바다향왕코다리,6.0,평가 대상 아님,,,가맹점이 30개에 이른 적이 없어(최대 7개) 성장률·종료율이 잡음에 좌우되므로 평가하지 않습니다.,2024
BRD_20181336,목동버거,6.0,평가 대상 아님,,,가맹점이 30개에 이른 적이 없어(최대 6개) 성장률·종료율이 잡음에 좌우되므로 평가하지 않습니다.,2024
BRD_20181380,면당포,6.0,평가 대상 아님,,,가맹점이 30개에 이른 적이 없어(최대 19개) 성장률·종료율이 잡음에 좌우되므로 평가하지 않습니다.,2024
BRD_20190110,손군부대찌개,6.0,평가 대상 아님,,,가맹점이 30개에 이른 적이 없어(최대 9개) 성장률·종료율이 잡음에 좌우되므로 평가하지 않습니다.,2024
BRD_20190134,효도쿡,6.0,평가 대상 아님,,,가맹점이 30개에 이른 적이 없어(최대 10개) 성장률·종료율이 잡음에 좌우되므로 평가하지 않습니다.,2024
BRD_20190417,한올면옥,6.0,평가 대상 아님,,,가맹점이 30개에 이른 적이 없어(최대 14개) 성장률·종료율이 잡음에 좌우되므로 평가하지 않습니다.,2024
BRD_20190642,긱스피자,6.0,평가 대상 아님,,,가맹점이 30개에 이른 적이 없어(최대 19개) 성장률·종료율이 잡음에 좌우되므로 평가하지 않습니다.,2024
BRD_20190752,봉대박파스타&찜닭,6.0,평가 대상 아님,,,가맹점이 30개에 이른 적이 없어(최대 10개) 성장률·종료율이 잡음에 좌우되므로 평가하지 않습니다.,2024
BRD_20191064,30년 할매 닭발,6.0,평가 대상 아님,,,가맹점이 30개에 이른 적이 없어(최대 7개) 성장률·종료율이 잡음에 좌우되므로 평가하지 않습니다.,2024
BRD_20191095,청담동순도리,6.0,평가 대상 아님,,,가맹점이 30개에 이른 적이 없어(최대 6개) 성장률·종료율이 잡음에 좌우되므로 평가하지 않습니다.,2024
BRD_20191358,제주산방식당,6.0,평가 대상 아님,,,가맹점이 30개에 이른 적이 없어(최대 9개) 성장률·종료율이 잡음에 좌우되므로 평가하지 않습니다.,2024
BRD_20200244,버거스테이지,6.0,평가 대상 아님,,,가맹점이 30개에 이른 적이 없어(최대 18개) 성장률·종료율이 잡음에 좌우되므로 평가하지 않습니다.,2024
BRD_20200386,룸비,6.0,평가 대상 아님,,,가맹점이 30개에 이른 적이 없어(최대 7개) 성장률·종료율이 잡음에 좌우되므로 평가하지 않습니다.,2024
BRD_20200548,카페유어프레즌트,6.0,평가 대상 아님,,,가맹점이 30개에 이른 적이 없어(최대 6개) 성장률·종료율이 잡음에 좌우되므로 평가하지 않습니다.,2024
BRD_20200574,더플롯커피(THE PLOT COFFEE),6.0,평가 대상 아님,,,가맹점이 30개에 이른 적이 없어(최대 7개) 성장률·종료율이 잡음에 좌우되므로 평가하지 않습니다.,2024
BRD_20200581,짬뽕타운,6.0,평가 대상 아님,,,가맹점이 30개에 이른 적이 없어(최대 9개) 성장률·종료율이 잡음에 좌우되므로 평가하지 않습니다.,2024
BRD_20200658,모자온달,6.0,평가 대상 아님,,,가맹점이 30개에 이른 적이 없어(최대 10개) 성장률·종료율이 잡음에 좌우되므로 평가하지 않습니다.,2024
BRD_20200903,전현주식당,6.0,평가 대상 아님,,,가맹점이 30개에 이른 적이 없어(최대 8개) 성장률·종료율이 잡음에 좌우되므로 평가하지 않습니다.,2024
BRD_20200906,낙곱새미장원,6.0,평가 대상 아님,,,가맹점이 30개에 이른 적이 없어(최대 16개) 성장률·종료율이 잡음에 좌우되므로 평가하지 않습니다.,2024
BRD_20200925,Crew Pizza(크루피자),6.0,평가 대상 아님,,,가맹점이 30개에 이른 적이 없어(최대 11개) 성장률·종료율이 잡음에 좌우되므로 평가하지 않습니다.,2024
BRD_20200950,치킨먹고 팔자피자,6.0,평가 대상 아님,,,가맹점이 30개에 이른 적이 없어(최대 7개) 성장률·종료율이 잡음에 좌우되므로 평가하지 않습니다.,2024
BRD_20201003,더몰트하우스,6.0,평가 대상 아님,,,가맹점이 30개에 이른 적이 없어(최대 6개) 성장률·종료율이 잡음에 좌우되므로 평가하지 않습니다.,2024
BRD_20201050,카츠야미,6.0,평가 대상 아님,,,가맹점이 30개에 이른 적이 없어(최대 16개) 성장률·종료율이 잡음에 좌우되므로 평가하지 않습니다.,2024
BRD_20201065,정성을다한갈비찜,6.0,평가 대상 아님,,,가맹점이 30개에 이른 적이 없어(최대 9개) 성장률·종료율이 잡음에 좌우되므로 평가하지 않습니다.,2024
BRD_20201102,동양족발,6.0,평가 대상 아님,,,가맹점이 30개에 이른 적이 없어(최대 19개) 성장률·종료율이 잡음에 좌우되므로 평가하지 않습니다.,2024
BRD_20201210,마이고기,6.0,평가 대상 아님,,,가맹점이 30개에 이른 적이 없어(최대 11개) 성장률·종료율이 잡음에 좌우되므로 평가하지 않습니다.,2024
BRD_20201311,올리터,6.0,평가 대상 아님,,,가맹점이 30개에 이른 적이 없어(최대 12개) 성장률·종료율이 잡음에 좌우되므로 평가하지 않습니다.,2024
BRD_20201346,스노우폭스,6.0,평가 대상 아님,,,가맹점이 30개에 이른 적이 없어(최대 12개) 성장률·종료율이 잡음에 좌우되므로 평가하지 않습니다.,2024
BRD_20201534,꼬꼬뽀끼,6.0,평가 대상 아님,,,가맹점이 30개에 이른 적이 없어(최대 14개) 성장률·종료율이 잡음에 좌우되므로 평가하지 않습니다.,2024
BRD_20201622,유가솜씨닭갈비,6.0,평가 대상 아님,,,가맹점이 30개에 이른 적이 없어(최대 6개) 성장률·종료율이 잡음에 좌우되므로 평가하지 않습니다.,2024
BRD_20201642,볼빨간아구찜,6.0,평가 대상 아님,,,가맹점이 30개에 이른 적이 없어(최대 12개) 성장률·종료율이 잡음에 좌우되므로 평가하지 않습니다.,2024
BRD_20201755,청춘사업,6.0,평가 대상 아님,,,가맹점이 30개에 이른 적이 없어(최대 8개) 성장률·종료율이 잡음에 좌우되므로 평가하지 않습니다.,2024
BRD_20210013,세겹단,6.0,평가 대상 아님,,,가맹점이 30개에 이른 적이 없어(최대 13개) 성장률·종료율이 잡음에 좌우되므로 평가하지 않습니다.,2024
BRD_20210210,불간짬뽕,6.0,평가 대상 아님,,,가맹점이 30개에 이른 적이 없어(최대 8개) 성장률·종료율이 잡음에 좌우되므로 평가하지 않습니다.,2024
BRD_20210239,대천국밥,6.0,평가 대상 아님,,,가맹점이 30개에 이른 적이 없어(최대 7개) 성장률·종료율이 잡음에 좌우되므로 평가하지 않습니다.,2024
BRD_20210274,달리181,6.0,평가 대상 아님,,,가맹점이 30개에 이른 적이 없어(최대 6개) 성장률·종료율이 잡음에 좌우되므로 평가하지 않습니다.,2024
BRD_20210395,불티나꼬막짬뽕,6.0,평가 대상 아님,,,가맹점이 30개에 이른 적이 없어(최대 6개) 성장률·종료율이 잡음에 좌우되므로 평가하지 않습니다.,2024
BRD_20210467,파운데이,6.0,평가 대상 아님,,,가맹점이 30개에 이른 적이 없어(최대 15개) 성장률·종료율이 잡음에 좌우되므로 평가하지 않습니다.,2024
BRD_20210674,나는자연닭이다,6.0,평가 대상 아님,,,가맹점이 30개에 이른 적이 없어(최대 10개) 성장률·종료율이 잡음에 좌우되므로 평가하지 않습니다.,2024
BRD_20210742,햄스부대찌개,6.0,평가 대상 아님,,,가맹점이 30개에 이른 적이 없어(최대 6개) 성장률·종료율이 잡음에 좌우되므로 평가하지 않습니다.,2024
BRD_20210761,죽생각,6.0,평가 대상 아님,,,가맹점이 30개에 이른 적이 없어(최대 15개) 성장률·종료율이 잡음에 좌우되므로 평가하지 않습니다.,2024
BRD_20210788,석바위토스트,6.0,평가 대상 아님,,,가맹점이 30개에 이른 적이 없어(최대 20개) 성장률·종료율이 잡음에 좌우되므로 평가하지 않습니다.,2024
BRD_20210914,약선흑염소,6.0,평가 대상 아님,,,가맹점이 30개에 이른 적이 없어(최대 6개) 성장률·종료율이 잡음에 좌우되므로 평가하지 않습니다.,2024
BRD_20210995,ALI★KENYA★STAR(알리케냐스타)커피,6.0,평가 대상 아님,,,가맹점이 30개에 이른 적이 없어(최대 7개) 성장률·종료율이 잡음에 좌우되므로 평가하지 않습니다.,2024
BRD_20211062,두껍삼,6.0,평가 대상 아님,,,가맹점이 30개에 이른 적이 없어(최대 6개) 성장률·종료율이 잡음에 좌우되므로 평가하지 않습니다.,2024
BRD_20211104,청담물갈비,6.0,평가 대상 아님,,,가맹점이 30개에 이른 적이 없어(최대 12개) 성장률·종료율이 잡음에 좌우되므로 평가하지 않습니다.,2024
BRD_20211105,파스타제작소 파스타&필라프,6.0,평가 대상 아님,,,가맹점이 30개에 이른 적이 없어(최대 10개) 성장률·종료율이 잡음에 좌우되므로 평가하지 않습니다.,2024
BRD_20211116|JNG_009710,코코스타코,6.0,평가 대상 아님,,,가맹점이 30개에 이른 적이 없어(최대 6개) 성장률·종료율이 잡음에 좌우되므로 평가하지 않습니다.,2024
BRD_20211190,진주냉면 이설옥,6.0,평가 대상 아님,,,가맹점이 30개에 이른 적이 없어(최대 6개) 성장률·종료율이 잡음에 좌우되므로 평가하지 않습니다.,2024
BRD_20211341,빡벳(VAC VIET),6.0,평가 대상 아님,,,가맹점이 30개에 이른 적이 없어(최대 8개) 성장률·종료율이 잡음에 좌우되므로 평가하지 않습니다.,2024
BRD_20211349,길섶한우,6.0,평가 대상 아님,,,가맹점이 30개에 이른 적이 없어(최대 6개) 성장률·종료율이 잡음에 좌우되므로 평가하지 않습니다.,2024
BRD_20211352,교맥동,6.0,평가 대상 아님,,,가맹점이 30개에 이른 적이 없어(최대 6개) 성장률·종료율이 잡음에 좌우되므로 평가하지 않습니다.,2024
BRD_20211421,롤스커피,6.0,평가 대상 아님,,,가맹점이 30개에 이른 적이 없어(최대 6개) 성장률·종료율이 잡음에 좌우되므로 평가하지 않습니다.,2024
BRD_20211428,노사천마라탕,6.0,평가 대상 아님,,,가맹점이 30개에 이른 적이 없어(최대 8개) 성장률·종료율이 잡음에 좌우되므로 평가하지 않습니다.,2024
BRD_20211435,소매점양꼬치,6.0,평가 대상 아님,,,가맹점이 30개에 이른 적이 없어(최대 8개) 성장률·종료율이 잡음에 좌우되므로 평가하지 않습니다.,2024
BRD_20211868,신세대꼬마김밥,6.0,평가 대상 아님,,,가맹점이 30개에 이른 적이 없어(최대 6개) 성장률·종료율이 잡음에 좌우되므로 평가하지 않습니다.,2024
BRD_20211980,돼지랑찌개랑,6.0,평가 대상 아님,,,가맹점이 30개에 이른 적이 없어(최대 8개) 성장률·종료율이 잡음에 좌우되므로 평가하지 않습니다.,2024
BRD_20212111,웅파이(EUNPIE),6.0,평가 대상 아님,,,가맹점이 30개에 이른 적이 없어(최대 11개) 성장률·종료율이 잡음에 좌우되므로 평가하지 않습니다.,2024
BRD_20212157,야꼬닭바베큐 &amp; 취향저격안심탕수육,6.0,평가 대상 아님,,,가맹점이 30개에 이른 적이 없어(최대 6개) 성장률·종료율이 잡음에 좌우되므로 평가하지 않습니다.,2024
BRD_20212267,생활생돈,6.0,평가 대상 아님,,,가맹점이 30개에 이른 적이 없어(최대 7개) 성장률·종료율이 잡음에 좌우되므로 평가하지 않습니다.,2024
BRD_20212437,무국적식탁,6.0,평가 대상 아님,,,가맹점이 30개에 이른 적이 없어(최대 18개) 성장률·종료율이 잡음에 좌우되므로 평가하지 않습니다.,2024
BRD_20212529,떡보킹,6.0,평가 대상 아님,,,가맹점이 30개에 이른 적이 없어(최대 15개) 성장률·종료율이 잡음에 좌우되므로 평가하지 않습니다.,2024
BRD_20212555,쌀국수집이야,6.0,평가 대상 아님,,,가맹점이 30개에 이른 적이 없어(최대 10개) 성장률·종료율이 잡음에 좌우되므로 평가하지 않습니다.,2024
BRD_20212979,다가양조장,6.0,평가 대상 아님,,,가맹점이 30개에 이른 적이 없어(최대 6개) 성장률·종료율이 잡음에 좌우되므로 평가하지 않습니다.,2024
BRD_20213369,그램치킨,6.0,평가 대상 아님,,,가맹점이 30개에 이른 적이 없어(최대 15개) 성장률·종료율이 잡음에 좌우되므로 평가하지 않습니다.,2024
BRD_20213431,삼단분식,6.0,평가 대상 아님,,,가맹점이 30개에 이른 적이 없어(최대 12개) 성장률·종료율이 잡음에 좌우되므로 평가하지 않습니다.,2024
BRD_20213683,경이로운아구&알곤이찜,6.0,평가 대상 아님,,,가맹점이 30개에 이른 적이 없어(최대 6개) 성장률·종료율이 잡음에 좌우되므로 평가하지 않습니다.,2024
BRD_20213781,호랭이술상,6.0,평가 대상 아님,,,가맹점이 30개에 이른 적이 없어(최대 10개) 성장률·종료율이 잡음에 좌우되므로 평가하지 않습니다.,2024
BRD_20213821,란콰이펑누들,6.0,평가 대상 아님,,,가맹점이 30개에 이른 적이 없어(최대 6개) 성장률·종료율이 잡음에 좌우되므로 평가하지 않습니다.,2024
BRD_20214274,이수페,6.0,평가 대상 아님,,,가맹점이 30개에 이른 적이 없어(최대 6개) 성장률·종료율이 잡음에 좌우되므로 평가하지 않습니다.,2024
BRD_20214344,이선생맥주,6.0,평가 대상 아님,,,가맹점이 30개에 이른 적이 없어(최대 6개) 성장률·종료율이 잡음에 좌우되므로 평가하지 않습니다.,2024
BRD_20214453,폴인포케,6.0,평가 대상 아님,,,가맹점이 30개에 이른 적이 없어(최대 6개) 성장률·종료율이 잡음에 좌우되므로 평가하지 않습니다.,2024
BRD_20214657,인정칡냉면,6.0,평가 대상 아님,,,가맹점이 30개에 이른 적이 없어(최대 15개) 성장률·종료율이 잡음에 좌우되므로 평가하지 않습니다.,2024
BRD_20214659,두건쓴형제,6.0,평가 대상 아님,,,가맹점이 30개에 이른 적이 없어(최대 19개) 성장률·종료율이 잡음에 좌우되므로 평가하지 않습니다.,2024
BRD_20214854,국수천왕,6.0,평가 대상 아님,,,가맹점이 30개에 이른 적이 없어(최대 6개) 성장률·종료율이 잡음에 좌우되므로 평가하지 않습니다.,2024
BRD_20215358,템포커피(tempo coffee),6.0,평가 대상 아님,,,가맹점이 30개에 이른 적이 없어(최대 7개) 성장률·종료율이 잡음에 좌우되므로 평가하지 않습니다.,2024
BRD_20215528,킹사이즈커피,6.0,평가 대상 아님,,,가맹점이 30개에 이른 적이 없어(최대 6개) 성장률·종료율이 잡음에 좌우되므로 평가하지 않습니다.,2024
BRD_20215542,별빛맥주,6.0,평가 대상 아님,,,가맹점이 30개에 이른 적이 없어(최대 8개) 성장률·종료율이 잡음에 좌우되므로 평가하지 않습니다.,2024
BRD_20215666,세종이도,6.0,평가 대상 아님,,,가맹점이 30개에 이른 적이 없어(최대 6개) 성장률·종료율이 잡음에 좌우되므로 평가하지 않습니다.,2024
BRD_20220042,마라사부,6.0,평가 대상 아님,,,가맹점이 30개에 이른 적이 없어(최대 7개) 성장률·종료율이 잡음에 좌우되므로 평가하지 않습니다.,2024
BRD_20220087,신림춘천집,6.0,평가 대상 아님,,,가맹점이 30개에 이른 적이 없어(최대 6개) 성장률·종료율이 잡음에 좌우되므로 평가하지 않습니다.,2024
BRD_20220116,요쿠야마치,6.0,평가 대상 아님,,,가맹점이 30개에 이른 적이 없어(최대 7개) 성장률·종료율이 잡음에 좌우되므로 평가하지 않습니다.,2024
BRD_20220175,산수냉면,6.0,평가 대상 아님,,,가맹점이 30개에 이른 적이 없어(최대 6개) 성장률·종료율이 잡음에 좌우되므로 평가하지 않습니다.,2024
BRD_20220327,이치진,6.0,평가 대상 아님,,,가맹점이 30개에 이른 적이 없어(최대 7개) 성장률·종료율이 잡음에 좌우되므로 평가하지 않습니다.,2024
BRD_20220400,육연사,6.0,평가 대상 아님,,,가맹점이 30개에 이른 적이 없어(최대 6개) 성장률·종료율이 잡음에 좌우되므로 평가하지 않습니다.,2024
BRD_20220405,마님닭발,6.0,평가 대상 아님,,,가맹점이 30개에 이른 적이 없어(최대 12개) 성장률·종료율이 잡음에 좌우되므로 평가하지 않습니다.,2024
BRD_20220441,상록수 연탄구이,6.0,평가 대상 아님,,,가맹점이 30개에 이른 적이 없어(최대 6개) 성장률·종료율이 잡음에 좌우되므로 평가하지 않습니다.,2024
BRD_20220444,지니프레쉬,6.0,평가 대상 아님,,,가맹점이 30개에 이른 적이 없어(최대 6개) 성장률·종료율이 잡음에 좌우되므로 평가하지 않습니다.,2024
BRD_20220490,비밀(BE.MEAL)베이커리,6.0,평가 대상 아님,,,가맹점이 30개에 이른 적이 없어(최대 6개) 성장률·종료율이 잡음에 좌우되므로 평가하지 않습니다.,2024
BRD_20220500,팔조령김치찜,6.0,평가 대상 아님,,,가맹점이 30개에 이른 적이 없어(최대 6개) 성장률·종료율이 잡음에 좌우되므로 평가하지 않습니다.,2024
BRD_20220524,롸버트치킨,6.0,평가 대상 아님,,,가맹점이 30개에 이른 적이 없어(최대 8개) 성장률·종료율이 잡음에 좌우되므로 평가하지 않습니다.,2024
BRD_20220552,모두의곱창,6.0,평가 대상 아님,,,가맹점이 30개에 이른 적이 없어(최대 9개) 성장률·종료율이 잡음에 좌우되므로 평가하지 않습니다.,2024
BRD_20220608,도도레시피 뼈해장국,6.0,평가 대상 아님,,,가맹점이 30개에 이른 적이 없어(최대 6개) 성장률·종료율이 잡음에 좌우되므로 평가하지 않습니다.,2024
BRD_20220660,라이옥베트남쌀국수,6.0,평가 대상 아님,,,가맹점이 30개에 이른 적이 없어(최대 6개) 성장률·종료율이 잡음에 좌우되므로 평가하지 않습니다.,2024
BRD_20220678,밀물썰물,6.0,평가 대상 아님,,,가맹점이 30개에 이른 적이 없어(최대 13개) 성장률·종료율이 잡음에 좌우되므로 평가하지 않습니다.,2024
BRD_20220705,유부 빚는 마을,6.0,평가 대상 아님,,,가맹점이 30개에 이른 적이 없어(최대 7개) 성장률·종료율이 잡음에 좌우되므로 평가하지 않습니다.,2024
BRD_20220719,해웅해물아구찜,6.0,평가 대상 아님,,,가맹점이 30개에 이른 적이 없어(최대 6개) 성장률·종료율이 잡음에 좌우되므로 평가하지 않습니다.,2024
BRD_20220794,우주곰커피,6.0,평가 대상 아님,,,가맹점이 30개에 이른 적이 없어(최대 6개) 성장률·종료율이 잡음에 좌우되므로 평가하지 않습니다.,2024
BRD_20220863,마라전설,6.0,평가 대상 아님,,,가맹점이 30개에 이른 적이 없어(최대 7개) 성장률·종료율이 잡음에 좌우되므로 평가하지 않습니다.,2024
BRD_20220868,우미남,6.0,평가 대상 아님,,,가맹점이 30개에 이른 적이 없어(최대 6개) 성장률·종료율이 잡음에 좌우되므로 평가하지 않습니다.,2024
BRD_20220918,마라야,6.0,평가 대상 아님,,,가맹점이 30개에 이른 적이 없어(최대 6개) 성장률·종료율이 잡음에 좌우되므로 평가하지 않습니다.,2024
BRD_20220971,바로닭발,6.0,평가 대상 아님,,,가맹점이 30개에 이른 적이 없어(최대 6개) 성장률·종료율이 잡음에 좌우되므로 평가하지 않습니다.,2024
BRD_20221079,코다리밥도둑,6.0,평가 대상 아님,,,가맹점이 30개에 이른 적이 없어(최대 7개) 성장률·종료율이 잡음에 좌우되므로 평가하지 않습니다.,2024
BRD_20221094,메가번(MAGABUN),6.0,평가 대상 아님,,,가맹점이 30개에 이른 적이 없어(최대 6개) 성장률·종료율이 잡음에 좌우되므로 평가하지 않습니다.,2024
BRD_20221180,우곱집,6.0,평가 대상 아님,,,가맹점이 30개에 이른 적이 없어(최대 7개) 성장률·종료율이 잡음에 좌우되므로 평가하지 않습니다.,2024
BRD_20221252,타코인카페(타코in카페),6.0,평가 대상 아님,,,가맹점이 30개에 이른 적이 없어(최대 8개) 성장률·종료율이 잡음에 좌우되므로 평가하지 않습니다.,2024
BRD_20221276,팔도통닭,6.0,평가 대상 아님,,,가맹점이 30개에 이른 적이 없어(최대 6개) 성장률·종료율이 잡음에 좌우되므로 평가하지 않습니다.,2024
BRD_20221366,통큰곱창,6.0,평가 대상 아님,,,가맹점이 30개에 이른 적이 없어(최대 6개) 성장률·종료율이 잡음에 좌우되므로 평가하지 않습니다.,2024
BRD_20221403,양탄집,6.0,평가 대상 아님,,,가맹점이 30개에 이른 적이 없어(최대 6개) 성장률·종료율이 잡음에 좌우되므로 평가하지 않습니다.,2024
BRD_20230103,달밤족발,6.0,평가 대상 아님,,,가맹점이 30개에 이른 적이 없어(최대 7개) 성장률·종료율이 잡음에 좌우되므로 평가하지 않습니다.,2024
BRD_20230138,김바라김밥,6.0,평가 대상 아님,,,가맹점이 30개에 이른 적이 없어(최대 6개) 성장률·종료율이 잡음에 좌우되므로 평가하지 않습니다.,2024
BRD_20230512,고기로,6.0,평가 대상 아님,,,가맹점이 30개에 이른 적이 없어(최대 6개) 성장률·종료율이 잡음에 좌우되므로 평가하지 않습니다.,2024
BRD_20230522,자반고,6.0,평가 대상 아님,,,가맹점이 30개에 이른 적이 없어(최대 6개) 성장률·종료율이 잡음에 좌우되므로 평가하지 않습니다.,2024
BRD_20230566,기버랩(GIVER WRAP),6.0,평가 대상 아님,,,가맹점이 30개에 이른 적이 없어(최대 6개) 성장률·종료율이 잡음에 좌우되므로 평가하지 않습니다.,2024
BRD_20230645,싸부의가르침,6.0,평가 대상 아님,,,가맹점이 30개에 이른 적이 없어(최대 6개) 성장률·종료율이 잡음에 좌우되므로 평가하지 않습니다.,2024
BRD_20231095,꼬꼬무 숯불치킨,6.0,평가 대상 아님,,,가맹점이 30개에 이른 적이 없어(최대 6개) 성장률·종료율이 잡음에 좌우되므로 평가하지 않습니다.,2024
BRD_20231098,불꽃제육&석쇠불고기,6.0,평가 대상 아님,,,가맹점이 30개에 이른 적이 없어(최대 10개) 성장률·종료율이 잡음에 좌우되므로 평가하지 않습니다.,2024
BRD_20231100,무등왕돈까스,6.0,평가 대상 아님,,,가맹점이 30개에 이른 적이 없어(최대 6개) 성장률·종료율이 잡음에 좌우되므로 평가하지 않습니다.,2024
BRD_20231119,압구정수산시장,6.0,평가 대상 아님,,,가맹점이 30개에 이른 적이 없어(최대 6개) 성장률·종료율이 잡음에 좌우되므로 평가하지 않습니다.,2024
BRD_20231165,압구정제주집,6.0,평가 대상 아님,,,가맹점이 30개에 이른 적이 없어(최대 6개) 성장률·종료율이 잡음에 좌우되므로 평가하지 않습니다.,2024
BRD_20231194,호랑이굴,6.0,평가 대상 아님,,,가맹점이 30개에 이른 적이 없어(최대 6개) 성장률·종료율이 잡음에 좌우되므로 평가하지 않습니다.,2024
BRD_20231316,포옹남(phoongnam),6.0,평가 대상 아님,,,가맹점이 30개에 이른 적이 없어(최대 7개) 성장률·종료율이 잡음에 좌우되므로 평가하지 않습니다.,2024
BRD_20231321,고복만,6.0,평가 대상 아님,,,가맹점이 30개에 이른 적이 없어(최대 6개) 성장률·종료율이 잡음에 좌우되므로 평가하지 않습니다.,2024
BRD_20231361,1인칭피자시점,6.0,평가 대상 아님,,,가맹점이 30개에 이른 적이 없어(최대 6개) 성장률·종료율이 잡음에 좌우되므로 평가하지 않습니다.,2024
BRD_20231381,로바타소노,6.0,평가 대상 아님,,,가맹점이 30개에 이른 적이 없어(최대 6개) 성장률·종료율이 잡음에 좌우되므로 평가하지 않습니다.,2024
BRD_20231382,동양카츠,6.0,평가 대상 아님,,,가맹점이 30개에 이른 적이 없어(최대 6개) 성장률·종료율이 잡음에 좌우되므로 평가하지 않습니다.,2024
BRD_20231432,부들파이터,6.0,평가 대상 아님,,,가맹점이 30개에 이른 적이 없어(최대 6개) 성장률·종료율이 잡음에 좌우되므로 평가하지 않습니다.,2024
BRD_20231741,리터킹,6.0,평가 대상 아님,,,가맹점이 30개에 이른 적이 없어(최대 6개) 성장률·종료율이 잡음에 좌우되므로 평가하지 않습니다.,2024
BRD_20231848,그녀의 커피잔,6.0,평가 대상 아님,,,가맹점이 30개에 이른 적이 없어(최대 6개) 성장률·종료율이 잡음에 좌우되므로 평가하지 않습니다.,2024
BRD_20240127,이집닭강정잘하네,6.0,평가 대상 아님,,,가맹점이 30개에 이른 적이 없어(최대 6개) 성장률·종료율이 잡음에 좌우되므로 평가하지 않습니다.,2024
BRD_20240143,우상화로구이,6.0,평가 대상 아님,,,가맹점이 30개에 이른 적이 없어(최대 6개) 성장률·종료율이 잡음에 좌우되므로 평가하지 않습니다.,2024
BRD_20240171|JNG_016794,해남짬뽕,6.0,평가 대상 아님,,,가맹점이 30개에 이른 적이 없어(최대 6개) 성장률·종료율이 잡음에 좌우되므로 평가하지 않습니다.,2024
BRD_20240249,꽃뚜껑,6.0,평가 대상 아님,,,가맹점이 30개에 이른 적이 없어(최대 6개) 성장률·종료율이 잡음에 좌우되므로 평가하지 않습니다.,2024
BRD_20240256,호호솥밥,6.0,평가 대상 아님,,,가맹점이 30개에 이른 적이 없어(최대 6개) 성장률·종료율이 잡음에 좌우되므로 평가하지 않습니다.,2024
BRD_20240259,아방+베이커리,6.0,평가 대상 아님,,,가맹점이 30개에 이른 적이 없어(최대 6개) 성장률·종료율이 잡음에 좌우되므로 평가하지 않습니다.,2024
BRD_20240306,샤브르정원,6.0,평가 대상 아님,,,가맹점이 30개에 이른 적이 없어(최대 6개) 성장률·종료율이 잡음에 좌우되므로 평가하지 않습니다.,2024
BRD_20240374,픽업커피,6.0,평가 대상 아님,,,가맹점이 30개에 이른 적이 없어(최대 6개) 성장률·종료율이 잡음에 좌우되므로 평가하지 않습니다.,2024
BRD_20240456,와르르파스타,6.0,평가 대상 아님,,,가맹점이 30개에 이른 적이 없어(최대 6개) 성장률·종료율이 잡음에 좌우되므로 평가하지 않습니다.,2024
BRD_20240528,저스트카츠,6.0,평가 대상 아님,,,가맹점이 30개에 이른 적이 없어(최대 6개) 성장률·종료율이 잡음에 좌우되므로 평가하지 않습니다.,2024
BRD_20240553,밥싸다구,6.0,평가 대상 아님,,,가맹점이 30개에 이른 적이 없어(최대 6개) 성장률·종료율이 잡음에 좌우되므로 평가하지 않습니다.,2024
BRD_20240555,레인커피(RAIN COFFEE),6.0,평가 대상 아님,,,가맹점이 30개에 이른 적이 없어(최대 6개) 성장률·종료율이 잡음에 좌우되므로 평가하지 않습니다.,2024
BRD_20240577,금강튀김,6.0,평가 대상 아님,,,가맹점이 30개에 이른 적이 없어(최대 6개) 성장률·종료율이 잡음에 좌우되므로 평가하지 않습니다.,2024
BRD_20240579,옛날통닭참맛있는집,6.0,평가 대상 아님,,,가맹점이 30개에 이른 적이 없어(최대 6개) 성장률·종료율이 잡음에 좌우되므로 평가하지 않습니다.,2024
BRD_20240657,팔구제면소,6.0,평가 대상 아님,,,가맹점이 30개에 이른 적이 없어(최대 6개) 성장률·종료율이 잡음에 좌우되므로 평가하지 않습니다.,2024
BRD_20240677,만선항 조개집,6.0,평가 대상 아님,,,가맹점이 30개에 이른 적이 없어(최대 6개) 성장률·종료율이 잡음에 좌우되므로 평가하지 않습니다.,2024
BRD_20240703,마장동대가 육회&연어&육사시미,6.0,평가 대상 아님,,,가맹점이 30개에 이른 적이 없어(최대 6개) 성장률·종료율이 잡음에 좌우되므로 평가하지 않습니다.,2024
BRD_20240706,옵션스페셜티커피,6.0,평가 대상 아님,,,가맹점이 30개에 이른 적이 없어(최대 6개) 성장률·종료율이 잡음에 좌우되므로 평가하지 않습니다.,2024
BRD_20240794,한상경양식돈까스,6.0,평가 대상 아님,,,가맹점이 30개에 이른 적이 없어(최대 6개) 성장률·종료율이 잡음에 좌우되므로 평가하지 않습니다.,2024
BRD_20240862,코다리덕장,6.0,평가 대상 아님,,,가맹점이 30개에 이른 적이 없어(최대 6개) 성장률·종료율이 잡음에 좌우되므로 평가하지 않습니다.,2024
BRD_20240891,덤브치킨,6.0,평가 대상 아님,,,가맹점이 30개에 이른 적이 없어(최대 6개) 성장률·종료율이 잡음에 좌우되므로 평가하지 않습니다.,2024
BRD_20240918,소요일,6.0,평가 대상 아님,,,가맹점이 30개에 이른 적이 없어(최대 6개) 성장률·종료율이 잡음에 좌우되므로 평가하지 않습니다.,2024
BRD_20240945,두주백,6.0,평가 대상 아님,,,가맹점이 30개에 이른 적이 없어(최대 6개) 성장률·종료율이 잡음에 좌우되므로 평가하지 않습니다.,2024
BRD_20240951,꼬들대패,6.0,평가 대상 아님,,,가맹점이 30개에 이른 적이 없어(최대 6개) 성장률·종료율이 잡음에 좌우되므로 평가하지 않습니다.,2024
BRD_20240982,으뜸육회,6.0,평가 대상 아님,,,가맹점이 30개에 이른 적이 없어(최대 6개) 성장률·종료율이 잡음에 좌우되므로 평가하지 않습니다.,2024
BRD_20241020,동동국밥,6.0,평가 대상 아님,,,가맹점이 30개에 이른 적이 없어(최대 6개) 성장률·종료율이 잡음에 좌우되므로 평가하지 않습니다.,2024
BRD_20241021,교동닭칼국수,6.0,평가 대상 아님,,,가맹점이 30개에 이른 적이 없어(최대 6개) 성장률·종료율이 잡음에 좌우되므로 평가하지 않습니다.,2024
BRD_20241134,고플릭스,6.0,평가 대상 아님,,,가맹점이 30개에 이른 적이 없어(최대 6개) 성장률·종료율이 잡음에 좌우되므로 평가하지 않습니다.,2024
BRD_20241175,과일욤,6.0,평가 대상 아님,,,가맹점이 30개에 이른 적이 없어(최대 6개) 성장률·종료율이 잡음에 좌우되므로 평가하지 않습니다.,2024
BRD_20241526,조선식품관,6.0,평가 대상 아님,,,가맹점이 30개에 이른 적이 없어(최대 6개) 성장률·종료율이 잡음에 좌우되므로 평가하지 않습니다.,2024
BRD_20241685,영천얼큰돼지국밥,6.0,평가 대상 아님,,,가맹점이 30개에 이른 적이 없어(최대 6개) 성장률·종료율이 잡음에 좌우되므로 평가하지 않습니다.,2024
BRD_20241723,완뚝순두부,6.0,평가 대상 아님,,,가맹점이 30개에 이른 적이 없어(최대 6개) 성장률·종료율이 잡음에 좌우되므로 평가하지 않습니다.,2024
BRD_20250155,정성닭발,6.0,평가 대상 아님,,,가맹점이 30개에 이른 적이 없어(최대 6개) 성장률·종료율이 잡음에 좌우되므로 평가하지 않습니다.,2024
BRD_20250251,한식에 진심,6.0,평가 대상 아님,,,가맹점이 30개에 이른 적이 없어(최대 6개) 성장률·종료율이 잡음에 좌우되므로 평가하지 않습니다.,2024
BRD_20250937,쑤뿔갈비,6.0,평가 대상 아님,,,가맹점이 30개에 이른 적이 없어(최대 6개) 성장률·종료율이 잡음에 좌우되므로 평가하지 않습니다.,2024
NAME:강화통통생고기@외식,강화통통생고기,6.0,평가 대상 아님,,,가맹점이 30개에 이른 적이 없어(최대 6개) 성장률·종료율이 잡음에 좌우되므로 평가하지 않습니다.,2024
NAME:공주닭발@외식,공주닭발,6.0,평가 대상 아님,,,가맹점이 30개에 이른 적이 없어(최대 6개) 성장률·종료율이 잡음에 좌우되므로 평가하지 않습니다.,2024
NAME:도쿄스테이크@외식,도쿄스테이크,6.0,평가 대상 아님,,,가맹점이 30개에 이른 적이 없어(최대 10개) 성장률·종료율이 잡음에 좌우되므로 평가하지 않습니다.,2024
NAME:마이쥬스@외식,마이쥬스,6.0,평가 대상 아님,,,가맹점이 30개에 이른 적이 없어(최대 10개) 성장률·종료율이 잡음에 좌우되므로 평가하지 않습니다.,2024
NAME:멘츠루@외식,멘츠루,6.0,평가 대상 아님,,,가맹점이 30개에 이른 적이 없어(최대 6개) 성장률·종료율이 잡음에 좌우되므로 평가하지 않습니다.,2024
NAME:무교동유정낙지@외식,무교동유정낙지,6.0,평가 대상 아님,,,가맹점이 30개에 이른 적이 없어(최대 11개) 성장률·종료율이 잡음에 좌우되므로 평가하지 않습니다.,2024
NAME:바담코다리네@외식,바담코다리네,6.0,평가 대상 아님,,,가맹점이 30개에 이른 적이 없어(최대 11개) 성장률·종료율이 잡음에 좌우되므로 평가하지 않습니다.,2024
BRD_20080300042,불촌두마리치킨,5.0,평가 대상 아님,,,가맹점이 30개에 이른 적이 없어(최대 22개) 성장률·종료율이 잡음에 좌우되므로 평가하지 않습니다.,2024
BRD_20090100338,마시마니매운갈비찜,5.0,평가 대상 아님,,,가맹점이 30개에 이른 적이 없어(최대 6개) 성장률·종료율이 잡음에 좌우되므로 평가하지 않습니다.,2024
BRD_20090100479,순흥골,5.0,평가 대상 아님,,,가맹점이 30개에 이른 적이 없어(최대 9개) 성장률·종료율이 잡음에 좌우되므로 평가하지 않습니다.,2024
BRD_20110100244,우박집,5.0,평가 대상 아님,,,가맹점이 30개에 이른 적이 없어(최대 13개) 성장률·종료율이 잡음에 좌우되므로 평가하지 않습니다.,2024
BRD_20120100133,청국장과보리밥,5.0,평가 대상 아님,,,가맹점이 30개에 이른 적이 없어(최대 21개) 성장률·종료율이 잡음에 좌우되므로 평가하지 않습니다.,2024
BRD_20120100669,첫번째필족사랑,5.0,평가 대상 아님,,,가맹점이 30개에 이른 적이 없어(최대 12개) 성장률·종료율이 잡음에 좌우되므로 평가하지 않습니다.,2024
BRD_20120300069,김윤미전복삼계탕,5.0,평가 대상 아님,,,가맹점이 30개에 이른 적이 없어(최대 5개) 성장률·종료율이 잡음에 좌우되므로 평가하지 않습니다.,2024
BRD_20130100082,스윗디저트카페루시카토,5.0,평가 대상 아님,,,가맹점이 30개에 이른 적이 없어(최대 5개) 성장률·종료율이 잡음에 좌우되므로 평가하지 않습니다.,2024
BRD_20130528,작업반장,5.0,평가 대상 아님,,,가맹점이 30개에 이른 적이 없어(최대 28개) 성장률·종료율이 잡음에 좌우되므로 평가하지 않습니다.,2024
BRD_20141209,"지브릭커피(G,BRICK COFFEE)",5.0,평가 대상 아님,,,가맹점이 30개에 이른 적이 없어(최대 6개) 성장률·종료율이 잡음에 좌우되므로 평가하지 않습니다.,2024
BRD_20150145,올리버브라운 카페,5.0,평가 대상 아님,,,가맹점이 30개에 이른 적이 없어(최대 5개) 성장률·종료율이 잡음에 좌우되므로 평가하지 않습니다.,2024
BRD_20150397,북앤빅뱅,5.0,평가 대상 아님,,,가맹점이 30개에 이른 적이 없어(최대 14개) 성장률·종료율이 잡음에 좌우되므로 평가하지 않습니다.,2024
BRD_20150415,고양이부엌,5.0,평가 대상 아님,,,가맹점이 30개에 이른 적이 없어(최대 13개) 성장률·종료율이 잡음에 좌우되므로 평가하지 않습니다.,2024
BRD_20150594,마리웨일237,5.0,평가 대상 아님,,,"2023년 가맹점 통계가 이 브랜드 이름으로 비어 있어, 점포 증감·계약종료율 같은 최근 변화 지표를 계산할 수 없습니다. 이 상태로 점수를 내면 위험이 낮게 나오므로 평가하지 않습니다. (같은 해 다른 기록: 2023년: 지역·직영 통계(15125490)에 가맹점 기록)",2024
BRD_20150890,닐리스(Nilli's),5.0,평가 대상 아님,,,가맹점이 30개에 이른 적이 없어(최대 11개) 성장률·종료율이 잡음에 좌우되므로 평가하지 않습니다.,2024
BRD_20150902,파파밸리피자,5.0,평가 대상 아님,,,가맹점이 30개에 이른 적이 없어(최대 11개) 성장률·종료율이 잡음에 좌우되므로 평가하지 않습니다.,2024
BRD_20150943,한와담,5.0,평가 대상 아님,,,가맹점이 30개에 이른 적이 없어(최대 6개) 성장률·종료율이 잡음에 좌우되므로 평가하지 않습니다.,2024
BRD_20160158,삼곱식당,5.0,평가 대상 아님,,,가맹점이 30개에 이른 적이 없어(최대 20개) 성장률·종료율이 잡음에 좌우되므로 평가하지 않습니다.,2024
BRD_20160236,양파이,5.0,평가 대상 아님,,,가맹점이 30개에 이른 적이 없어(최대 6개) 성장률·종료율이 잡음에 좌우되므로 평가하지 않습니다.,2024
BRD_20160457,88콩나물국밥,5.0,평가 대상 아님,,,가맹점이 30개에 이른 적이 없어(최대 7개) 성장률·종료율이 잡음에 좌우되므로 평가하지 않습니다.,2024
BRD_20160491,키햐아,5.0,평가 대상 아님,,,가맹점이 30개에 이른 적이 없어(최대 29개) 성장률·종료율이 잡음에 좌우되므로 평가하지 않습니다.,2024
BRD_20160514,어죽대부,5.0,평가 대상 아님,,,가맹점이 30개에 이른 적이 없어(최대 5개) 성장률·종료율이 잡음에 좌우되므로 평가하지 않습니다.,2024
BRD_20160524,오와스시,5.0,평가 대상 아님,,,가맹점이 30개에 이른 적이 없어(최대 13개) 성장률·종료율이 잡음에 좌우되므로 평가하지 않습니다.,2024
BRD_20160874,효형제돈까스,5.0,평가 대상 아님,,,가맹점이 30개에 이른 적이 없어(최대 12개) 성장률·종료율이 잡음에 좌우되므로 평가하지 않습니다.,2024
BRD_20160960,오공복이,5.0,평가 대상 아님,,,가맹점이 30개에 이른 적이 없어(최대 20개) 성장률·종료율이 잡음에 좌우되므로 평가하지 않습니다.,2024
BRD_20161270,진배족발,5.0,평가 대상 아님,,,가맹점이 30개에 이른 적이 없어(최대 5개) 성장률·종료율이 잡음에 좌우되므로 평가하지 않습니다.,2024
BRD_20161281,데일리에스프레소(Daily espresso),5.0,평가 대상 아님,,,가맹점이 30개에 이른 적이 없어(최대 7개) 성장률·종료율이 잡음에 좌우되므로 평가하지 않습니다.,2024
BRD_20170011,고레카레,5.0,평가 대상 아님,,,가맹점이 30개에 이른 적이 없어(최대 7개) 성장률·종료율이 잡음에 좌우되므로 평가하지 않습니다.,2024
BRD_20170284,족황상제,5.0,평가 대상 아님,,,가맹점이 30개에 이른 적이 없어(최대 8개) 성장률·종료율이 잡음에 좌우되므로 평가하지 않습니다.,2024
BRD_20170417,삼겹시대1900,5.0,평가 대상 아님,,,가맹점이 30개에 이른 적이 없어(최대 19개) 성장률·종료율이 잡음에 좌우되므로 평가하지 않습니다.,2024
BRD_20170466,아이커버거&치킨,5.0,평가 대상 아님,,,가맹점이 30개에 이른 적이 없어(최대 7개) 성장률·종료율이 잡음에 좌우되므로 평가하지 않습니다.,2024
BRD_20170503,해남김치식당,5.0,평가 대상 아님,,,가맹점이 30개에 이른 적이 없어(최대 5개) 성장률·종료율이 잡음에 좌우되므로 평가하지 않습니다.,2024
BRD_20170686,돈까스잔치,5.0,평가 대상 아님,,,가맹점이 30개에 이른 적이 없어(최대 5개) 성장률·종료율이 잡음에 좌우되므로 평가하지 않습니다.,2024
BRD_20170725,레이지모닝,5.0,평가 대상 아님,,,가맹점이 30개에 이른 적이 없어(최대 7개) 성장률·종료율이 잡음에 좌우되므로 평가하지 않습니다.,2024
BRD_20170978,열선수애호박돼지국밥,5.0,평가 대상 아님,,,가맹점이 30개에 이른 적이 없어(최대 11개) 성장률·종료율이 잡음에 좌우되므로 평가하지 않습니다.,2024
BRD_20171258,아지양,5.0,평가 대상 아님,,,가맹점이 30개에 이른 적이 없어(최대 6개) 성장률·종료율이 잡음에 좌우되므로 평가하지 않습니다.,2024
BRD_20171451,농장사람들,5.0,평가 대상 아님,,,가맹점이 30개에 이른 적이 없어(최대 7개) 성장률·종료율이 잡음에 좌우되므로 평가하지 않습니다.,2024
BRD_20171543,마중물추어탕,5.0,평가 대상 아님,,,가맹점이 30개에 이른 적이 없어(최대 7개) 성장률·종료율이 잡음에 좌우되므로 평가하지 않습니다.,2024
BRD_20180034,쏘주에삼겹살208全,5.0,평가 대상 아님,,,가맹점이 30개에 이른 적이 없어(최대 5개) 성장률·종료율이 잡음에 좌우되므로 평가하지 않습니다.,2024
BRD_20180052,하나샤브샤브,5.0,평가 대상 아님,,,가맹점이 30개에 이른 적이 없어(최대 7개) 성장률·종료율이 잡음에 좌우되므로 평가하지 않습니다.,2024
BRD_20180174,닥치고곱창,5.0,평가 대상 아님,,,가맹점이 30개에 이른 적이 없어(최대 17개) 성장률·종료율이 잡음에 좌우되므로 평가하지 않습니다.,2024
BRD_20180255,제이엠티(JMT),5.0,평가 대상 아님,,,가맹점이 30개에 이른 적이 없어(최대 9개) 성장률·종료율이 잡음에 좌우되므로 평가하지 않습니다.,2024
BRD_20180319,황금쭈꾸미집,5.0,평가 대상 아님,,,가맹점이 30개에 이른 적이 없어(최대 5개) 성장률·종료율이 잡음에 좌우되므로 평가하지 않습니다.,2024
BRD_20180355,축제갈비,5.0,평가 대상 아님,,,가맹점이 30개에 이른 적이 없어(최대 14개) 성장률·종료율이 잡음에 좌우되므로 평가하지 않습니다.,2024
BRD_20180550,팔백집,5.0,평가 대상 아님,,,가맹점이 30개에 이른 적이 없어(최대 9개) 성장률·종료율이 잡음에 좌우되므로 평가하지 않습니다.,2024
BRD_20180858,모찌모찌브레드,5.0,평가 대상 아님,,,가맹점이 30개에 이른 적이 없어(최대 5개) 성장률·종료율이 잡음에 좌우되므로 평가하지 않습니다.,2024
BRD_20180999,오호리준,5.0,평가 대상 아님,,,가맹점이 30개에 이른 적이 없어(최대 7개) 성장률·종료율이 잡음에 좌우되므로 평가하지 않습니다.,2024
BRD_20181069,신도세기,5.0,평가 대상 아님,,,가맹점이 30개에 이른 적이 없어(최대 11개) 성장률·종료율이 잡음에 좌우되므로 평가하지 않습니다.,2024
BRD_20181129,한티재,5.0,평가 대상 아님,,,가맹점이 30개에 이른 적이 없어(최대 7개) 성장률·종료율이 잡음에 좌우되므로 평가하지 않습니다.,2024
BRD_20181136,우와,5.0,평가 대상 아님,,,가맹점이 30개에 이른 적이 없어(최대 5개) 성장률·종료율이 잡음에 좌우되므로 평가하지 않습니다.,2024
BRD_20181141,한냥노가리,5.0,평가 대상 아님,,,가맹점이 30개에 이른 적이 없어(최대 8개) 성장률·종료율이 잡음에 좌우되므로 평가하지 않습니다.,2024
BRD_20181234,심야스테이크,5.0,평가 대상 아님,,,가맹점이 30개에 이른 적이 없어(최대 10개) 성장률·종료율이 잡음에 좌우되므로 평가하지 않습니다.,2024
BRD_20190210,컬러인커피,5.0,평가 대상 아님,,,가맹점이 30개에 이른 적이 없어(최대 9개) 성장률·종료율이 잡음에 좌우되므로 평가하지 않습니다.,2024
BRD_20190213,우리동네 대패집,5.0,평가 대상 아님,,,가맹점이 30개에 이른 적이 없어(최대 7개) 성장률·종료율이 잡음에 좌우되므로 평가하지 않습니다.,2024
BRD_20190252,776(칠칠육),5.0,평가 대상 아님,,,가맹점이 30개에 이른 적이 없어(최대 12개) 성장률·종료율이 잡음에 좌우되므로 평가하지 않습니다.,2024
BRD_20190321,타코락,5.0,평가 대상 아님,,,가맹점이 30개에 이른 적이 없어(최대 6개) 성장률·종료율이 잡음에 좌우되므로 평가하지 않습니다.,2024
BRD_20190361,육장장이,5.0,평가 대상 아님,,,가맹점이 30개에 이른 적이 없어(최대 17개) 성장률·종료율이 잡음에 좌우되므로 평가하지 않습니다.,2024
BRD_20190376,아트몬스터,5.0,평가 대상 아님,,,가맹점이 30개에 이른 적이 없어(최대 7개) 성장률·종료율이 잡음에 좌우되므로 평가하지 않습니다.,2024
BRD_20190408,새벽회,5.0,평가 대상 아님,,,가맹점이 30개에 이른 적이 없어(최대 13개) 성장률·종료율이 잡음에 좌우되므로 평가하지 않습니다.,2024
BRD_20190760,범천집목구이,5.0,평가 대상 아님,,,가맹점이 30개에 이른 적이 없어(최대 9개) 성장률·종료율이 잡음에 좌우되므로 평가하지 않습니다.,2024
BRD_20190806,겐코쇼쿠도,5.0,평가 대상 아님,,,가맹점이 30개에 이른 적이 없어(최대 8개) 성장률·종료율이 잡음에 좌우되므로 평가하지 않습니다.,2024
BRD_20190936,우된장,5.0,평가 대상 아님,,,가맹점이 30개에 이른 적이 없어(최대 23개) 성장률·종료율이 잡음에 좌우되므로 평가하지 않습니다.,2024
BRD_20191153,회장님댁,5.0,평가 대상 아님,,,가맹점이 30개에 이른 적이 없어(최대 22개) 성장률·종료율이 잡음에 좌우되므로 평가하지 않습니다.,2024
BRD_20191159,마라당,5.0,평가 대상 아님,,,가맹점이 30개에 이른 적이 없어(최대 14개) 성장률·종료율이 잡음에 좌우되므로 평가하지 않습니다.,2024
BRD_20200141,황금곱창,5.0,평가 대상 아님,,,가맹점이 30개에 이른 적이 없어(최대 9개) 성장률·종료율이 잡음에 좌우되므로 평가하지 않습니다.,2024
BRD_20200158,파머스빈,5.0,평가 대상 아님,,,가맹점이 30개에 이른 적이 없어(최대 13개) 성장률·종료율이 잡음에 좌우되므로 평가하지 않습니다.,2024
BRD_20200329,찜샤브,5.0,평가 대상 아님,,,가맹점이 30개에 이른 적이 없어(최대 5개) 성장률·종료율이 잡음에 좌우되므로 평가하지 않습니다.,2024
BRD_20200407,우리집팔당닭발,5.0,평가 대상 아님,,,가맹점이 30개에 이른 적이 없어(최대 15개) 성장률·종료율이 잡음에 좌우되므로 평가하지 않습니다.,2024
BRD_20200662,별미지교,5.0,평가 대상 아님,,,가맹점이 30개에 이른 적이 없어(최대 5개) 성장률·종료율이 잡음에 좌우되므로 평가하지 않습니다.,2024
BRD_20200844,괴짜쉐프파스타,5.0,평가 대상 아님,,,가맹점이 30개에 이른 적이 없어(최대 19개) 성장률·종료율이 잡음에 좌우되므로 평가하지 않습니다.,2024
BRD_20200865,성식이네매운닭발,5.0,평가 대상 아님,,,가맹점이 30개에 이른 적이 없어(최대 8개) 성장률·종료율이 잡음에 좌우되므로 평가하지 않습니다.,2024
BRD_20200869,뉴욕핫도그&치킨,5.0,평가 대상 아님,,,가맹점이 30개에 이른 적이 없어(최대 9개) 성장률·종료율이 잡음에 좌우되므로 평가하지 않습니다.,2024
BRD_20200892,부드럽소,5.0,평가 대상 아님,,,가맹점이 30개에 이른 적이 없어(최대 9개) 성장률·종료율이 잡음에 좌우되므로 평가하지 않습니다.,2024
BRD_20201041,포르타나(PORTANA),5.0,평가 대상 아님,,,가맹점이 30개에 이른 적이 없어(최대 5개) 성장률·종료율이 잡음에 좌우되므로 평가하지 않습니다.,2024
BRD_20201196,서울도넛츠,5.0,평가 대상 아님,,,가맹점이 30개에 이른 적이 없어(최대 14개) 성장률·종료율이 잡음에 좌우되므로 평가하지 않습니다.,2024
BRD_20201218,햇살치킨,5.0,평가 대상 아님,,,가맹점이 30개에 이른 적이 없어(최대 9개) 성장률·종료율이 잡음에 좌우되므로 평가하지 않습니다.,2024
BRD_20201244,족도리,5.0,평가 대상 아님,,,가맹점이 30개에 이른 적이 없어(최대 6개) 성장률·종료율이 잡음에 좌우되므로 평가하지 않습니다.,2024
BRD_20201264,빛고을닭강정,5.0,평가 대상 아님,,,가맹점이 30개에 이른 적이 없어(최대 6개) 성장률·종료율이 잡음에 좌우되므로 평가하지 않습니다.,2024
BRD_20201415,이을감자탕,5.0,평가 대상 아님,,,가맹점이 30개에 이른 적이 없어(최대 5개) 성장률·종료율이 잡음에 좌우되므로 평가하지 않습니다.,2024
BRD_20201432,안동갈비국밥,5.0,평가 대상 아님,,,가맹점이 30개에 이른 적이 없어(최대 12개) 성장률·종료율이 잡음에 좌우되므로 평가하지 않습니다.,2024
BRD_20201435,떡삼역,5.0,평가 대상 아님,,,가맹점이 30개에 이른 적이 없어(최대 15개) 성장률·종료율이 잡음에 좌우되므로 평가하지 않습니다.,2024
BRD_20201564,장모님상다리,5.0,평가 대상 아님,,,가맹점이 30개에 이른 적이 없어(최대 5개) 성장률·종료율이 잡음에 좌우되므로 평가하지 않습니다.,2024
BRD_20201623,금계통닭,5.0,평가 대상 아님,,,가맹점이 30개에 이른 적이 없어(최대 5개) 성장률·종료율이 잡음에 좌우되므로 평가하지 않습니다.,2024
BRD_20201736,야끼텐,5.0,평가 대상 아님,,,가맹점이 30개에 이른 적이 없어(최대 11개) 성장률·종료율이 잡음에 좌우되므로 평가하지 않습니다.,2024
BRD_20201737,분식제일가,5.0,평가 대상 아님,,,가맹점이 30개에 이른 적이 없어(최대 6개) 성장률·종료율이 잡음에 좌우되므로 평가하지 않습니다.,2024
BRD_20201833,헬로부찌,5.0,평가 대상 아님,,,가맹점이 30개에 이른 적이 없어(최대 9개) 성장률·종료율이 잡음에 좌우되므로 평가하지 않습니다.,2024
BRD_20201841,멕시칸요녀석,5.0,평가 대상 아님,,,가맹점이 30개에 이른 적이 없어(최대 12개) 성장률·종료율이 잡음에 좌우되므로 평가하지 않습니다.,2024
BRD_20210173,달꽃다방,5.0,평가 대상 아님,,,가맹점이 30개에 이른 적이 없어(최대 9개) 성장률·종료율이 잡음에 좌우되므로 평가하지 않습니다.,2024
BRD_20210192,남문통닭,5.0,평가 대상 아님,,,가맹점이 30개에 이른 적이 없어(최대 7개) 성장률·종료율이 잡음에 좌우되므로 평가하지 않습니다.,2024
BRD_20210299,부산댁,5.0,평가 대상 아님,,,가맹점이 30개에 이른 적이 없어(최대 5개) 성장률·종료율이 잡음에 좌우되므로 평가하지 않습니다.,2024
BRD_20210305,야채전문통닭,5.0,평가 대상 아님,,,가맹점이 30개에 이른 적이 없어(최대 5개) 성장률·종료율이 잡음에 좌우되므로 평가하지 않습니다.,2024
BRD_20210367,족9,5.0,평가 대상 아님,,,가맹점이 30개에 이른 적이 없어(최대 6개) 성장률·종료율이 잡음에 좌우되므로 평가하지 않습니다.,2024
BRD_20210493,용호동낙지한상,5.0,평가 대상 아님,,,가맹점이 30개에 이른 적이 없어(최대 5개) 성장률·종료율이 잡음에 좌우되므로 평가하지 않습니다.,2024
BRD_20210892,권사부 마약칼국수,5.0,평가 대상 아님,,,가맹점이 30개에 이른 적이 없어(최대 21개) 성장률·종료율이 잡음에 좌우되므로 평가하지 않습니다.,2024
BRD_20211170,족슐랭,5.0,평가 대상 아님,,,가맹점이 30개에 이른 적이 없어(최대 6개) 성장률·종료율이 잡음에 좌우되므로 평가하지 않습니다.,2024
BRD_20211309,옐로우팜(YELLOW FARM),5.0,평가 대상 아님,,,가맹점이 30개에 이른 적이 없어(최대 5개) 성장률·종료율이 잡음에 좌우되므로 평가하지 않습니다.,2024
BRD_20211373,포탑로제떡볶이,5.0,평가 대상 아님,,,가맹점이 30개에 이른 적이 없어(최대 5개) 성장률·종료율이 잡음에 좌우되므로 평가하지 않습니다.,2024
BRD_20211564,탐복,5.0,평가 대상 아님,,,가맹점이 30개에 이른 적이 없어(최대 5개) 성장률·종료율이 잡음에 좌우되므로 평가하지 않습니다.,2024
BRD_20211621,닭치고 낙곱새,5.0,평가 대상 아님,,,가맹점이 30개에 이른 적이 없어(최대 5개) 성장률·종료율이 잡음에 좌우되므로 평가하지 않습니다.,2024
BRD_20211628,신라식당,5.0,평가 대상 아님,,,가맹점이 30개에 이른 적이 없어(최대 5개) 성장률·종료율이 잡음에 좌우되므로 평가하지 않습니다.,2024
BRD_20211654,포케(POKE)153,5.0,평가 대상 아님,,,가맹점이 30개에 이른 적이 없어(최대 7개) 성장률·종료율이 잡음에 좌우되므로 평가하지 않습니다.,2024
BRD_20211805,마라이츠마라탕,5.0,평가 대상 아님,,,가맹점이 30개에 이른 적이 없어(최대 6개) 성장률·종료율이 잡음에 좌우되므로 평가하지 않습니다.,2024
BRD_20211867,아빠떡볶이,5.0,평가 대상 아님,,,가맹점이 30개에 이른 적이 없어(최대 5개) 성장률·종료율이 잡음에 좌우되므로 평가하지 않습니다.,2024
BRD_20211909,고창면옥,5.0,평가 대상 아님,,,가맹점이 30개에 이른 적이 없어(최대 5개) 성장률·종료율이 잡음에 좌우되므로 평가하지 않습니다.,2024
BRD_20211982,더노벰버 라운지,5.0,평가 대상 아님,,,가맹점이 30개에 이른 적이 없어(최대 5개) 성장률·종료율이 잡음에 좌우되므로 평가하지 않습니다.,2024
BRD_20211986,닭곰탱이,5.0,평가 대상 아님,,,가맹점이 30개에 이른 적이 없어(최대 5개) 성장률·종료율이 잡음에 좌우되므로 평가하지 않습니다.,2024
BRD_20212003,제이엠 수제햄 부대찌개,5.0,평가 대상 아님,,,가맹점이 30개에 이른 적이 없어(최대 6개) 성장률·종료율이 잡음에 좌우되므로 평가하지 않습니다.,2024
BRD_20212050,영도통닭,5.0,평가 대상 아님,,,가맹점이 30개에 이른 적이 없어(최대 5개) 성장률·종료율이 잡음에 좌우되므로 평가하지 않습니다.,2024
BRD_20212056,마마초밥,5.0,평가 대상 아님,,,가맹점이 30개에 이른 적이 없어(최대 9개) 성장률·종료율이 잡음에 좌우되므로 평가하지 않습니다.,2024
BRD_20212488,피카커피,5.0,평가 대상 아님,,,가맹점이 30개에 이른 적이 없어(최대 5개) 성장률·종료율이 잡음에 좌우되므로 평가하지 않습니다.,2024
BRD_20212517,집생로커피,5.0,평가 대상 아님,,,가맹점이 30개에 이른 적이 없어(최대 5개) 성장률·종료율이 잡음에 좌우되므로 평가하지 않습니다.,2024
BRD_20212541,떡가대표,5.0,평가 대상 아님,,,가맹점이 30개에 이른 적이 없어(최대 10개) 성장률·종료율이 잡음에 좌우되므로 평가하지 않습니다.,2024
BRD_20212615,고메밀면,5.0,평가 대상 아님,,,가맹점이 30개에 이른 적이 없어(최대 5개) 성장률·종료율이 잡음에 좌우되므로 평가하지 않습니다.,2024
BRD_20212737,우아한 주모국밥,5.0,평가 대상 아님,,,가맹점이 30개에 이른 적이 없어(최대 7개) 성장률·종료율이 잡음에 좌우되므로 평가하지 않습니다.,2024
BRD_20212741,가드니아,5.0,평가 대상 아님,,,가맹점이 30개에 이른 적이 없어(최대 5개) 성장률·종료율이 잡음에 좌우되므로 평가하지 않습니다.,2024
BRD_20212849,떡갈비주는 도시락,5.0,평가 대상 아님,,,가맹점이 30개에 이른 적이 없어(최대 7개) 성장률·종료율이 잡음에 좌우되므로 평가하지 않습니다.,2024
BRD_20212926,석문어,5.0,평가 대상 아님,,,가맹점이 30개에 이른 적이 없어(최대 5개) 성장률·종료율이 잡음에 좌우되므로 평가하지 않습니다.,2024
BRD_20213096,땅코참숯구이,5.0,평가 대상 아님,,,가맹점이 30개에 이른 적이 없어(최대 5개) 성장률·종료율이 잡음에 좌우되므로 평가하지 않습니다.,2024
BRD_20213140,잇와플,5.0,평가 대상 아님,,,가맹점이 30개에 이른 적이 없어(최대 8개) 성장률·종료율이 잡음에 좌우되므로 평가하지 않습니다.,2024
BRD_20213195,맵스쭈꾸미&피자,5.0,평가 대상 아님,,,가맹점이 30개에 이른 적이 없어(최대 7개) 성장률·종료율이 잡음에 좌우되므로 평가하지 않습니다.,2024
BRD_20213298,치폴리니(CIPOLLINI),5.0,평가 대상 아님,,,가맹점이 30개에 이른 적이 없어(최대 5개) 성장률·종료율이 잡음에 좌우되므로 평가하지 않습니다.,2024
BRD_20214090,장르는건어물,5.0,평가 대상 아님,,,가맹점이 30개에 이른 적이 없어(최대 6개) 성장률·종료율이 잡음에 좌우되므로 평가하지 않습니다.,2024
BRD_20214146,직화대첩,5.0,평가 대상 아님,,,가맹점이 30개에 이른 적이 없어(최대 5개) 성장률·종료율이 잡음에 좌우되므로 평가하지 않습니다.,2024
BRD_20214201,동성로왕찹쌀꽈배기,5.0,평가 대상 아님,,,가맹점이 30개에 이른 적이 없어(최대 6개) 성장률·종료율이 잡음에 좌우되므로 평가하지 않습니다.,2024
BRD_20214309|JNG_011785,마니달오,5.0,평가 대상 아님,,,가맹점이 30개에 이른 적이 없어(최대 5개) 성장률·종료율이 잡음에 좌우되므로 평가하지 않습니다.,2024
BRD_20214423,갈비찜클라쓰,5.0,평가 대상 아님,,,가맹점이 30개에 이른 적이 없어(최대 8개) 성장률·종료율이 잡음에 좌우되므로 평가하지 않습니다.,2024
BRD_20214702|JNG_010519,육도리,5.0,평가 대상 아님,,,가맹점이 30개에 이른 적이 없어(최대 5개) 성장률·종료율이 잡음에 좌우되므로 평가하지 않습니다.,2024
BRD_20215301,국제쭈꾸미1981,5.0,평가 대상 아님,,,가맹점이 30개에 이른 적이 없어(최대 5개) 성장률·종료율이 잡음에 좌우되므로 평가하지 않습니다.,2024
BRD_20215535,장독계,5.0,평가 대상 아님,,,가맹점이 30개에 이른 적이 없어(최대 8개) 성장률·종료율이 잡음에 좌우되므로 평가하지 않습니다.,2024
BRD_20215564,파스타치요,5.0,평가 대상 아님,,,가맹점이 30개에 이른 적이 없어(최대 15개) 성장률·종료율이 잡음에 좌우되므로 평가하지 않습니다.,2024
BRD_20215602,프루쉬,5.0,평가 대상 아님,,,가맹점이 30개에 이른 적이 없어(최대 5개) 성장률·종료율이 잡음에 좌우되므로 평가하지 않습니다.,2024
BRD_20215722,금각도,5.0,평가 대상 아님,,,가맹점이 30개에 이른 적이 없어(최대 9개) 성장률·종료율이 잡음에 좌우되므로 평가하지 않습니다.,2024
BRD_20220003,방방파닭,5.0,평가 대상 아님,,,가맹점이 30개에 이른 적이 없어(최대 5개) 성장률·종료율이 잡음에 좌우되므로 평가하지 않습니다.,2024
BRD_20220039,치즈웨이브,5.0,평가 대상 아님,,,가맹점이 30개에 이른 적이 없어(최대 5개) 성장률·종료율이 잡음에 좌우되므로 평가하지 않습니다.,2024
BRD_20220047,장인의 집,5.0,평가 대상 아님,,,가맹점이 30개에 이른 적이 없어(최대 5개) 성장률·종료율이 잡음에 좌우되므로 평가하지 않습니다.,2024
BRD_20220167,무다이,5.0,평가 대상 아님,,,가맹점이 30개에 이른 적이 없어(최대 6개) 성장률·종료율이 잡음에 좌우되므로 평가하지 않습니다.,2024
BRD_20220306,비래옥,5.0,평가 대상 아님,,,가맹점이 30개에 이른 적이 없어(최대 6개) 성장률·종료율이 잡음에 좌우되므로 평가하지 않습니다.,2024
BRD_20220431,더밀데이,5.0,평가 대상 아님,,,가맹점이 30개에 이른 적이 없어(최대 5개) 성장률·종료율이 잡음에 좌우되므로 평가하지 않습니다.,2024
BRD_20220672,육개장인,5.0,평가 대상 아님,,,가맹점이 30개에 이른 적이 없어(최대 5개) 성장률·종료율이 잡음에 좌우되므로 평가하지 않습니다.,2024
BRD_20220761,77년생 곱도리전골식당,5.0,평가 대상 아님,,,가맹점이 30개에 이른 적이 없어(최대 5개) 성장률·종료율이 잡음에 좌우되므로 평가하지 않습니다.,2024
BRD_20220766,구퉁이,5.0,평가 대상 아님,,,가맹점이 30개에 이른 적이 없어(최대 5개) 성장률·종료율이 잡음에 좌우되므로 평가하지 않습니다.,2024
BRD_20220805,커피라빈트,5.0,평가 대상 아님,,,가맹점이 30개에 이른 적이 없어(최대 5개) 성장률·종료율이 잡음에 좌우되므로 평가하지 않습니다.,2024
BRD_20220827,솥내음,5.0,평가 대상 아님,,,가맹점이 30개에 이른 적이 없어(최대 5개) 성장률·종료율이 잡음에 좌우되므로 평가하지 않습니다.,2024
BRD_20220869,봉수육,5.0,평가 대상 아님,,,가맹점이 30개에 이른 적이 없어(최대 5개) 성장률·종료율이 잡음에 좌우되므로 평가하지 않습니다.,2024
BRD_20220882,카린지린가네,5.0,평가 대상 아님,,,가맹점이 30개에 이른 적이 없어(최대 9개) 성장률·종료율이 잡음에 좌우되므로 평가하지 않습니다.,2024
BRD_20221057,소바카츠,5.0,평가 대상 아님,,,가맹점이 30개에 이른 적이 없어(최대 5개) 성장률·종료율이 잡음에 좌우되므로 평가하지 않습니다.,2024
BRD_20221127,오육,5.0,평가 대상 아님,,,가맹점이 30개에 이른 적이 없어(최대 5개) 성장률·종료율이 잡음에 좌우되므로 평가하지 않습니다.,2024
BRD_20221201,꼬알라파이,5.0,평가 대상 아님,,,가맹점이 30개에 이른 적이 없어(최대 9개) 성장률·종료율이 잡음에 좌우되므로 평가하지 않습니다.,2024
BRD_20221226,부엌간,5.0,평가 대상 아님,,,가맹점이 30개에 이른 적이 없어(최대 7개) 성장률·종료율이 잡음에 좌우되므로 평가하지 않습니다.,2024
BRD_20221317,챠오샤브,5.0,평가 대상 아님,,,가맹점이 30개에 이른 적이 없어(최대 5개) 성장률·종료율이 잡음에 좌우되므로 평가하지 않습니다.,2024
BRD_20221330,대담히,5.0,평가 대상 아님,,,가맹점이 30개에 이른 적이 없어(최대 5개) 성장률·종료율이 잡음에 좌우되므로 평가하지 않습니다.,2024
BRD_20221353,꿈돈168,5.0,평가 대상 아님,,,가맹점이 30개에 이른 적이 없어(최대 6개) 성장률·종료율이 잡음에 좌우되므로 평가하지 않습니다.,2024
BRD_20221361,홍콩분식,5.0,평가 대상 아님,,,가맹점이 30개에 이른 적이 없어(최대 8개) 성장률·종료율이 잡음에 좌우되므로 평가하지 않습니다.,2024
BRD_20221374,정성곱창전골,5.0,평가 대상 아님,,,가맹점이 30개에 이른 적이 없어(최대 5개) 성장률·종료율이 잡음에 좌우되므로 평가하지 않습니다.,2024
BRD_20221441,조기종의 향미각,5.0,평가 대상 아님,,,가맹점이 30개에 이른 적이 없어(최대 5개) 성장률·종료율이 잡음에 좌우되므로 평가하지 않습니다.,2024
BRD_20230004|JNG_014360,우키샌드위치,5.0,평가 대상 아님,,,가맹점이 30개에 이른 적이 없어(최대 5개) 성장률·종료율이 잡음에 좌우되므로 평가하지 않습니다.,2024
BRD_20230061,우아한과일,5.0,평가 대상 아님,,,가맹점이 30개에 이른 적이 없어(최대 5개) 성장률·종료율이 잡음에 좌우되므로 평가하지 않습니다.,2024
BRD_20230150,달다구니(DALDAGUNI),5.0,평가 대상 아님,,,가맹점이 30개에 이른 적이 없어(최대 5개) 성장률·종료율이 잡음에 좌우되므로 평가하지 않습니다.,2024
BRD_20230191,봉구상회,5.0,평가 대상 아님,,,가맹점이 30개에 이른 적이 없어(최대 5개) 성장률·종료율이 잡음에 좌우되므로 평가하지 않습니다.,2024
BRD_20230264,스시사쿠,5.0,평가 대상 아님,,,가맹점이 30개에 이른 적이 없어(최대 5개) 성장률·종료율이 잡음에 좌우되므로 평가하지 않습니다.,2024
BRD_20230319,더원커피,5.0,평가 대상 아님,,,가맹점이 30개에 이른 적이 없어(최대 5개) 성장률·종료율이 잡음에 좌우되므로 평가하지 않습니다.,2024
BRD_20230401,알라보(allavo),5.0,평가 대상 아님,,,가맹점이 30개에 이른 적이 없어(최대 6개) 성장률·종료율이 잡음에 좌우되므로 평가하지 않습니다.,2024
BRD_20230414,금사부김치찜,5.0,평가 대상 아님,,,가맹점이 30개에 이른 적이 없어(최대 6개) 성장률·종료율이 잡음에 좌우되므로 평가하지 않습니다.,2024
BRD_20230496,훈스돈까스,5.0,평가 대상 아님,,,가맹점이 30개에 이른 적이 없어(최대 6개) 성장률·종료율이 잡음에 좌우되므로 평가하지 않습니다.,2024
BRD_20230521,심도,5.0,평가 대상 아님,,,가맹점이 30개에 이른 적이 없어(최대 5개) 성장률·종료율이 잡음에 좌우되므로 평가하지 않습니다.,2024
BRD_20230585,아이에떼커피,5.0,평가 대상 아님,,,가맹점이 30개에 이른 적이 없어(최대 5개) 성장률·종료율이 잡음에 좌우되므로 평가하지 않습니다.,2024
BRD_20230595,COFFLIX(커플릭스),5.0,평가 대상 아님,,,가맹점이 30개에 이른 적이 없어(최대 10개) 성장률·종료율이 잡음에 좌우되므로 평가하지 않습니다.,2024
BRD_20230717,풀먹는호랑이,5.0,평가 대상 아님,,,가맹점이 30개에 이른 적이 없어(최대 5개) 성장률·종료율이 잡음에 좌우되므로 평가하지 않습니다.,2024
BRD_20230740,현풍닭칼국수 delivery,5.0,평가 대상 아님,,,가맹점이 30개에 이른 적이 없어(최대 5개) 성장률·종료율이 잡음에 좌우되므로 평가하지 않습니다.,2024
BRD_20230761,맛똥삼,5.0,평가 대상 아님,,,가맹점이 30개에 이른 적이 없어(최대 5개) 성장률·종료율이 잡음에 좌우되므로 평가하지 않습니다.,2024
BRD_20230843,이유있는감자탕,5.0,평가 대상 아님,,,가맹점이 30개에 이른 적이 없어(최대 5개) 성장률·종료율이 잡음에 좌우되므로 평가하지 않습니다.,2024
BRD_20230857,마라퀸,5.0,평가 대상 아님,,,가맹점이 30개에 이른 적이 없어(최대 5개) 성장률·종료율이 잡음에 좌우되므로 평가하지 않습니다.,2024
BRD_20230870,럭키족발,5.0,평가 대상 아님,,,가맹점이 30개에 이른 적이 없어(최대 5개) 성장률·종료율이 잡음에 좌우되므로 평가하지 않습니다.,2024
BRD_20230900,피자팜비어,5.0,평가 대상 아님,,,가맹점이 30개에 이른 적이 없어(최대 5개) 성장률·종료율이 잡음에 좌우되므로 평가하지 않습니다.,2024
BRD_20230915,테바나카오또상,5.0,평가 대상 아님,,,가맹점이 30개에 이른 적이 없어(최대 5개) 성장률·종료율이 잡음에 좌우되므로 평가하지 않습니다.,2024
BRD_20230978,샌치한데이,5.0,평가 대상 아님,,,가맹점이 30개에 이른 적이 없어(최대 6개) 성장률·종료율이 잡음에 좌우되므로 평가하지 않습니다.,2024
BRD_20231003,밀화당,5.0,평가 대상 아님,,,가맹점이 30개에 이른 적이 없어(최대 5개) 성장률·종료율이 잡음에 좌우되므로 평가하지 않습니다.,2024
BRD_20231023,마마구구,5.0,평가 대상 아님,,,가맹점이 30개에 이른 적이 없어(최대 5개) 성장률·종료율이 잡음에 좌우되므로 평가하지 않습니다.,2024
BRD_20231031,707COFFEE,5.0,평가 대상 아님,,,가맹점이 30개에 이른 적이 없어(최대 6개) 성장률·종료율이 잡음에 좌우되므로 평가하지 않습니다.,2024
BRD_20231039,나나방콕 (NANA BANGKOK),5.0,평가 대상 아님,,,가맹점이 30개에 이른 적이 없어(최대 5개) 성장률·종료율이 잡음에 좌우되므로 평가하지 않습니다.,2024
BRD_20231090,앞산큰골집,5.0,평가 대상 아님,,,가맹점이 30개에 이른 적이 없어(최대 5개) 성장률·종료율이 잡음에 좌우되므로 평가하지 않습니다.,2024
BRD_20231179,할로,5.0,평가 대상 아님,,,가맹점이 30개에 이른 적이 없어(최대 5개) 성장률·종료율이 잡음에 좌우되므로 평가하지 않습니다.,2024
BRD_20231182,신타코볼,5.0,평가 대상 아님,,,가맹점이 30개에 이른 적이 없어(최대 5개) 성장률·종료율이 잡음에 좌우되므로 평가하지 않습니다.,2024
BRD_20231196,브루잉토트,5.0,평가 대상 아님,,,가맹점이 30개에 이른 적이 없어(최대 5개) 성장률·종료율이 잡음에 좌우되므로 평가하지 않습니다.,2024
BRD_20231200,샤브몰,5.0,평가 대상 아님,,,가맹점이 30개에 이른 적이 없어(최대 5개) 성장률·종료율이 잡음에 좌우되므로 평가하지 않습니다.,2024
BRD_20231220,모모한우진갈비,5.0,평가 대상 아님,,,가맹점이 30개에 이른 적이 없어(최대 5개) 성장률·종료율이 잡음에 좌우되므로 평가하지 않습니다.,2024
BRD_20231249,목천 해물화짬뽕,5.0,평가 대상 아님,,,가맹점이 30개에 이른 적이 없어(최대 5개) 성장률·종료율이 잡음에 좌우되므로 평가하지 않습니다.,2024
BRD_20231269,지티(GT)커피,5.0,평가 대상 아님,,,가맹점이 30개에 이른 적이 없어(최대 5개) 성장률·종료율이 잡음에 좌우되므로 평가하지 않습니다.,2024
BRD_20231276,수라전통육개장,5.0,평가 대상 아님,,,가맹점이 30개에 이른 적이 없어(최대 5개) 성장률·종료율이 잡음에 좌우되므로 평가하지 않습니다.,2024
BRD_20231305,셀렉커피랩(SELECT),5.0,평가 대상 아님,,,가맹점이 30개에 이른 적이 없어(최대 5개) 성장률·종료율이 잡음에 좌우되므로 평가하지 않습니다.,2024
BRD_20231360,구스켓 인 더 크로플,5.0,평가 대상 아님,,,가맹점이 30개에 이른 적이 없어(최대 6개) 성장률·종료율이 잡음에 좌우되므로 평가하지 않습니다.,2024
BRD_20231393,주신당,5.0,평가 대상 아님,,,가맹점이 30개에 이른 적이 없어(최대 5개) 성장률·종료율이 잡음에 좌우되므로 평가하지 않습니다.,2024
BRD_20231405,덮밥하우스,5.0,평가 대상 아님,,,가맹점이 30개에 이른 적이 없어(최대 5개) 성장률·종료율이 잡음에 좌우되므로 평가하지 않습니다.,2024
BRD_20231443,배대감갈비촌,5.0,평가 대상 아님,,,가맹점이 30개에 이른 적이 없어(최대 5개) 성장률·종료율이 잡음에 좌우되므로 평가하지 않습니다.,2024
BRD_20231477,흰고래연어육회&돌섬미역국,5.0,평가 대상 아님,,,가맹점이 30개에 이른 적이 없어(최대 6개) 성장률·종료율이 잡음에 좌우되므로 평가하지 않습니다.,2024
BRD_20231515,삼삼마라,5.0,평가 대상 아님,,,가맹점이 30개에 이른 적이 없어(최대 5개) 성장률·종료율이 잡음에 좌우되므로 평가하지 않습니다.,2024
BRD_20231536,본맛송탄부대찌개,5.0,평가 대상 아님,,,가맹점이 30개에 이른 적이 없어(최대 5개) 성장률·종료율이 잡음에 좌우되므로 평가하지 않습니다.,2024
BRD_20231569,국밥의 한수,5.0,평가 대상 아님,,,가맹점이 30개에 이른 적이 없어(최대 8개) 성장률·종료율이 잡음에 좌우되므로 평가하지 않습니다.,2024
BRD_20231665,수상한맥주&치킨,5.0,평가 대상 아님,,,가맹점이 30개에 이른 적이 없어(최대 5개) 성장률·종료율이 잡음에 좌우되므로 평가하지 않습니다.,2024
BRD_20231715,양푼갈비스토리,5.0,평가 대상 아님,,,가맹점이 30개에 이른 적이 없어(최대 5개) 성장률·종료율이 잡음에 좌우되므로 평가하지 않습니다.,2024
BRD_20231718,타코로와,5.0,평가 대상 아님,,,가맹점이 30개에 이른 적이 없어(최대 5개) 성장률·종료율이 잡음에 좌우되므로 평가하지 않습니다.,2024
BRD_20231728,백정가LC,5.0,평가 대상 아님,,,가맹점이 30개에 이른 적이 없어(최대 5개) 성장률·종료율이 잡음에 좌우되므로 평가하지 않습니다.,2024
BRD_20231732,효자오리바베큐,5.0,평가 대상 아님,,,가맹점이 30개에 이른 적이 없어(최대 5개) 성장률·종료율이 잡음에 좌우되므로 평가하지 않습니다.,2024
BRD_20231797,유달회관,5.0,평가 대상 아님,,,가맹점이 30개에 이른 적이 없어(최대 5개) 성장률·종료율이 잡음에 좌우되므로 평가하지 않습니다.,2024
BRD_20231825,이수쭈꾸미,5.0,평가 대상 아님,,,가맹점이 30개에 이른 적이 없어(최대 5개) 성장률·종료율이 잡음에 좌우되므로 평가하지 않습니다.,2024
BRD_20231865,죽을담다,5.0,평가 대상 아님,,,가맹점이 30개에 이른 적이 없어(최대 5개) 성장률·종료율이 잡음에 좌우되므로 평가하지 않습니다.,2024
BRD_20231875,화담원,5.0,평가 대상 아님,,,가맹점이 30개에 이른 적이 없어(최대 5개) 성장률·종료율이 잡음에 좌우되므로 평가하지 않습니다.,2024
BRD_20231878,스토리오브라망,5.0,평가 대상 아님,,,가맹점이 30개에 이른 적이 없어(최대 5개) 성장률·종료율이 잡음에 좌우되므로 평가하지 않습니다.,2024
BRD_20231920,능두네,5.0,평가 대상 아님,,,가맹점이 30개에 이른 적이 없어(최대 5개) 성장률·종료율이 잡음에 좌우되므로 평가하지 않습니다.,2024
BRD_20240033,감성쪽갈비,5.0,평가 대상 아님,,,가맹점이 30개에 이른 적이 없어(최대 5개) 성장률·종료율이 잡음에 좌우되므로 평가하지 않습니다.,2024
BRD_20240166,참다루,5.0,평가 대상 아님,,,가맹점이 30개에 이른 적이 없어(최대 5개) 성장률·종료율이 잡음에 좌우되므로 평가하지 않습니다.,2024
BRD_20240178,바칼,5.0,평가 대상 아님,,,가맹점이 30개에 이른 적이 없어(최대 5개) 성장률·종료율이 잡음에 좌우되므로 평가하지 않습니다.,2024
BRD_20240190,STACKBEAN,5.0,평가 대상 아님,,,가맹점이 30개에 이른 적이 없어(최대 5개) 성장률·종료율이 잡음에 좌우되므로 평가하지 않습니다.,2024
BRD_20240305,박돼장,5.0,평가 대상 아님,,,가맹점이 30개에 이른 적이 없어(최대 5개) 성장률·종료율이 잡음에 좌우되므로 평가하지 않습니다.,2024
BRD_20240335,다복식당,5.0,평가 대상 아님,,,가맹점이 30개에 이른 적이 없어(최대 5개) 성장률·종료율이 잡음에 좌우되므로 평가하지 않습니다.,2024
BRD_20240470,규슈샤브,5.0,평가 대상 아님,,,가맹점이 30개에 이른 적이 없어(최대 5개) 성장률·종료율이 잡음에 좌우되므로 평가하지 않습니다.,2024
BRD_20240537,마장동생고기,5.0,평가 대상 아님,,,가맹점이 30개에 이른 적이 없어(최대 5개) 성장률·종료율이 잡음에 좌우되므로 평가하지 않습니다.,2024
BRD_20240574,서교동닭강정,5.0,평가 대상 아님,,,가맹점이 30개에 이른 적이 없어(최대 5개) 성장률·종료율이 잡음에 좌우되므로 평가하지 않습니다.,2024
BRD_20240620,얼죽냉,5.0,평가 대상 아님,,,가맹점이 30개에 이른 적이 없어(최대 5개) 성장률·종료율이 잡음에 좌우되므로 평가하지 않습니다.,2024
BRD_20240676,번양집,5.0,평가 대상 아님,,,가맹점이 30개에 이른 적이 없어(최대 6개) 성장률·종료율이 잡음에 좌우되므로 평가하지 않습니다.,2024
BRD_20240737,연탄구이 갈빗,5.0,평가 대상 아님,,,가맹점이 30개에 이른 적이 없어(최대 5개) 성장률·종료율이 잡음에 좌우되므로 평가하지 않습니다.,2024
BRD_20240772,텐버거(TENBURGER),5.0,평가 대상 아님,,,가맹점이 30개에 이른 적이 없어(최대 5개) 성장률·종료율이 잡음에 좌우되므로 평가하지 않습니다.,2024
BRD_20240789,김선돼지국밥,5.0,평가 대상 아님,,,가맹점이 30개에 이른 적이 없어(최대 5개) 성장률·종료율이 잡음에 좌우되므로 평가하지 않습니다.,2024
BRD_20240802,한식교,5.0,평가 대상 아님,,,가맹점이 30개에 이른 적이 없어(최대 5개) 성장률·종료율이 잡음에 좌우되므로 평가하지 않습니다.,2024
BRD_20240874,쌍팔련도,5.0,평가 대상 아님,,,가맹점이 30개에 이른 적이 없어(최대 5개) 성장률·종료율이 잡음에 좌우되므로 평가하지 않습니다.,2024
BRD_20240896,도깨비꼬마김밥,5.0,평가 대상 아님,,,가맹점이 30개에 이른 적이 없어(최대 5개) 성장률·종료율이 잡음에 좌우되므로 평가하지 않습니다.,2024
BRD_20241108,킹성비,5.0,평가 대상 아님,,,가맹점이 30개에 이른 적이 없어(최대 5개) 성장률·종료율이 잡음에 좌우되므로 평가하지 않습니다.,2024
BRD_20241121,우동 키노야,5.0,평가 대상 아님,,,가맹점이 30개에 이른 적이 없어(최대 5개) 성장률·종료율이 잡음에 좌우되므로 평가하지 않습니다.,2024
BRD_20241171,INEAT(인잇),5.0,평가 대상 아님,,,가맹점이 30개에 이른 적이 없어(최대 5개) 성장률·종료율이 잡음에 좌우되므로 평가하지 않습니다.,2024
BRD_20241327,돈,5.0,평가 대상 아님,,,가맹점이 30개에 이른 적이 없어(최대 5개) 성장률·종료율이 잡음에 좌우되므로 평가하지 않습니다.,2024
BRD_20241395,점보파스타,5.0,평가 대상 아님,,,가맹점이 30개에 이른 적이 없어(최대 5개) 성장률·종료율이 잡음에 좌우되므로 평가하지 않습니다.,2024
BRD_20241399,뉴욕스테이크,5.0,평가 대상 아님,,,가맹점이 30개에 이른 적이 없어(최대 5개) 성장률·종료율이 잡음에 좌우되므로 평가하지 않습니다.,2024
BRD_20241428,무근지김치찜,5.0,평가 대상 아님,,,가맹점이 30개에 이른 적이 없어(최대 5개) 성장률·종료율이 잡음에 좌우되므로 평가하지 않습니다.,2024
BRD_20241612,하이탠탠,5.0,평가 대상 아님,,,가맹점이 30개에 이른 적이 없어(최대 5개) 성장률·종료율이 잡음에 좌우되므로 평가하지 않습니다.,2024
BRD_20250292,우물안의숙성돼지돈꿉자,5.0,평가 대상 아님,,,가맹점이 30개에 이른 적이 없어(최대 5개) 성장률·종료율이 잡음에 좌우되므로 평가하지 않습니다.,2024
BRD_20250560,요거트 여왕,5.0,평가 대상 아님,,,가맹점이 30개에 이른 적이 없어(최대 5개) 성장률·종료율이 잡음에 좌우되므로 평가하지 않습니다.,2024
BRD_20250635,유씨네본가누룽지삼계탕,5.0,평가 대상 아님,,,가맹점이 30개에 이른 적이 없어(최대 5개) 성장률·종료율이 잡음에 좌우되므로 평가하지 않습니다.,2024
BRD_20251005,곱창119,5.0,평가 대상 아님,,,가맹점이 30개에 이른 적이 없어(최대 5개) 성장률·종료율이 잡음에 좌우되므로 평가하지 않습니다.,2024
BRD_20251230,회뜨는중,5.0,평가 대상 아님,,,가맹점이 30개에 이른 적이 없어(최대 5개) 성장률·종료율이 잡음에 좌우되므로 평가하지 않습니다.,2024
BRD_20251240,구포촌국수가락,5.0,평가 대상 아님,,,가맹점이 30개에 이른 적이 없어(최대 5개) 성장률·종료율이 잡음에 좌우되므로 평가하지 않습니다.,2024
BRD_20251451,공시우육면,5.0,평가 대상 아님,,,가맹점이 30개에 이른 적이 없어(최대 5개) 성장률·종료율이 잡음에 좌우되므로 평가하지 않습니다.,2024
BRD_20251541,빅웨이브(BIG WAVE),5.0,평가 대상 아님,,,가맹점이 30개에 이른 적이 없어(최대 5개) 성장률·종료율이 잡음에 좌우되므로 평가하지 않습니다.,2024
NAME:마일리miley@외식,마일리(miley),5.0,평가 대상 아님,,,가맹점이 30개에 이른 적이 없어(최대 5개) 성장률·종료율이 잡음에 좌우되므로 평가하지 않습니다.,2024
NAME:빅찹핫도그@외식,빅찹핫도그,5.0,평가 대상 아님,,,가맹점이 30개에 이른 적이 없어(최대 7개) 성장률·종료율이 잡음에 좌우되므로 평가하지 않습니다.,2024
NAME:어두리@외식,어두리,5.0,평가 대상 아님,,,가맹점이 30개에 이른 적이 없어(최대 5개) 성장률·종료율이 잡음에 좌우되므로 평가하지 않습니다.,2024
NAME:하겐다즈@외식,하겐다즈,5.0,평가 대상 아님,,,가맹점이 30개에 이른 적이 없어(최대 13개) 성장률·종료율이 잡음에 좌우되므로 평가하지 않습니다.,2024
NAME:화봉동총각포차@외식,화봉동총각포차,5.0,평가 대상 아님,,,가맹점이 30개에 이른 적이 없어(최대 5개) 성장률·종료율이 잡음에 좌우되므로 평가하지 않습니다.,2024
BRD_20080100195,놀란곱창,4.0,평가 대상 아님,,,가맹점이 30개에 이른 적이 없어(최대 17개) 성장률·종료율이 잡음에 좌우되므로 평가하지 않습니다.,2024
BRD_20080100366,짚동가리쌩주,4.0,평가 대상 아님,,,가맹점이 30개에 이른 적이 없어(최대 24개) 성장률·종료율이 잡음에 좌우되므로 평가하지 않습니다.,2024
BRD_20100100383,가인채,4.0,평가 대상 아님,,,가맹점이 30개에 이른 적이 없어(최대 18개) 성장률·종료율이 잡음에 좌우되므로 평가하지 않습니다.,2024
BRD_20110100487,화사랑화로구이,4.0,평가 대상 아님,,,가맹점이 30개에 이른 적이 없어(최대 9개) 성장률·종료율이 잡음에 좌우되므로 평가하지 않습니다.,2024
BRD_20110100568,스쿨스토어,4.0,평가 대상 아님,,,가맹점이 30개에 이른 적이 없어(최대 23개) 성장률·종료율이 잡음에 좌우되므로 평가하지 않습니다.,2024
BRD_20110300048,꾼닭&꾼덕(Koondak&Koonduck),4.0,평가 대상 아님,,,가맹점이 30개에 이른 적이 없어(최대 7개) 성장률·종료율이 잡음에 좌우되므로 평가하지 않습니다.,2024
BRD_20120100109,쉐프밀(chefmeal),4.0,평가 대상 아님,,,가맹점이 30개에 이른 적이 없어(최대 4개) 성장률·종료율이 잡음에 좌우되므로 평가하지 않습니다.,2024
BRD_20120100551,포로이,4.0,평가 대상 아님,,,가맹점이 30개에 이른 적이 없어(최대 13개) 성장률·종료율이 잡음에 좌우되므로 평가하지 않습니다.,2024
BRD_20120500063,다시오고싶은집 이명숙 양평해장국,4.0,평가 대상 아님,,,가맹점이 30개에 이른 적이 없어(최대 8개) 성장률·종료율이 잡음에 좌우되므로 평가하지 않습니다.,2024
BRD_20120500064,설화참숯닭갈비,4.0,평가 대상 아님,,,가맹점이 30개에 이른 적이 없어(최대 7개) 성장률·종료율이 잡음에 좌우되므로 평가하지 않습니다.,2024
BRD_20130100131,배불뚝집,4.0,평가 대상 아님,,,가맹점이 30개에 이른 적이 없어(최대 5개) 성장률·종료율이 잡음에 좌우되므로 평가하지 않습니다.,2024
BRD_20130107,코다차야,4.0,평가 대상 아님,,,가맹점이 30개에 이른 적이 없어(최대 15개) 성장률·종료율이 잡음에 좌우되므로 평가하지 않습니다.,2024
BRD_20130195,스시오블랙컨테이너,4.0,평가 대상 아님,,,가맹점이 30개에 이른 적이 없어(최대 24개) 성장률·종료율이 잡음에 좌우되므로 평가하지 않습니다.,2024
BRD_20130304,제주도야지판,4.0,평가 대상 아님,,,가맹점이 30개에 이른 적이 없어(최대 11개) 성장률·종료율이 잡음에 좌우되므로 평가하지 않습니다.,2024
BRD_20130361,영동족발,4.0,평가 대상 아님,,,가맹점이 30개에 이른 적이 없어(최대 4개) 성장률·종료율이 잡음에 좌우되므로 평가하지 않습니다.,2024
BRD_20130422,단물곤물,4.0,평가 대상 아님,,,가맹점이 30개에 이른 적이 없어(최대 23개) 성장률·종료율이 잡음에 좌우되므로 평가하지 않습니다.,2024
BRD_20140032,해뜰닭,4.0,평가 대상 아님,,,가맹점이 30개에 이른 적이 없어(최대 7개) 성장률·종료율이 잡음에 좌우되므로 평가하지 않습니다.,2024
BRD_20140230,짬뽕타운,4.0,평가 대상 아님,,,가맹점이 30개에 이른 적이 없어(최대 7개) 성장률·종료율이 잡음에 좌우되므로 평가하지 않습니다.,2024
BRD_20140680,도리명가,4.0,평가 대상 아님,,,가맹점이 30개에 이른 적이 없어(최대 8개) 성장률·종료율이 잡음에 좌우되므로 평가하지 않습니다.,2024
BRD_20140822,밥엔청국장,4.0,평가 대상 아님,,,가맹점이 30개에 이른 적이 없어(최대 4개) 성장률·종료율이 잡음에 좌우되므로 평가하지 않습니다.,2024
BRD_20140982,꼬기냉면,4.0,평가 대상 아님,,,가맹점이 30개에 이른 적이 없어(최대 13개) 성장률·종료율이 잡음에 좌우되므로 평가하지 않습니다.,2024
BRD_20141252,복어잡는사람들,4.0,평가 대상 아님,,,가맹점이 30개에 이른 적이 없어(최대 8개) 성장률·종료율이 잡음에 좌우되므로 평가하지 않습니다.,2024
BRD_20150049,웰미가,4.0,평가 대상 아님,,,가맹점이 30개에 이른 적이 없어(최대 11개) 성장률·종료율이 잡음에 좌우되므로 평가하지 않습니다.,2024
BRD_20150177,최동민양푼갈비,4.0,평가 대상 아님,,,가맹점이 30개에 이른 적이 없어(최대 14개) 성장률·종료율이 잡음에 좌우되므로 평가하지 않습니다.,2024
BRD_20150181,지구당,4.0,평가 대상 아님,,,가맹점이 30개에 이른 적이 없어(최대 10개) 성장률·종료율이 잡음에 좌우되므로 평가하지 않습니다.,2024
BRD_20150358,경성함바그,4.0,평가 대상 아님,,,가맹점이 30개에 이른 적이 없어(최대 25개) 성장률·종료율이 잡음에 좌우되므로 평가하지 않습니다.,2024
BRD_20150515,카페코나퀸즈,4.0,평가 대상 아님,,,가맹점이 30개에 이른 적이 없어(최대 15개) 성장률·종료율이 잡음에 좌우되므로 평가하지 않습니다.,2024
BRD_20150593,해빔,4.0,평가 대상 아님,,,가맹점이 30개에 이른 적이 없어(최대 6개) 성장률·종료율이 잡음에 좌우되므로 평가하지 않습니다.,2024
BRD_20150895,후쿠오카함바그익스프레스,4.0,평가 대상 아님,,,가맹점이 30개에 이른 적이 없어(최대 12개) 성장률·종료율이 잡음에 좌우되므로 평가하지 않습니다.,2024
BRD_20160009,코다리밥상,4.0,평가 대상 아님,,,가맹점이 30개에 이른 적이 없어(최대 21개) 성장률·종료율이 잡음에 좌우되므로 평가하지 않습니다.,2024
BRD_20160062,밤새우는 닭,4.0,평가 대상 아님,,,가맹점이 30개에 이른 적이 없어(최대 5개) 성장률·종료율이 잡음에 좌우되므로 평가하지 않습니다.,2024
BRD_20160272,카페도헤이왕의커피,4.0,평가 대상 아님,,,가맹점이 30개에 이른 적이 없어(최대 17개) 성장률·종료율이 잡음에 좌우되므로 평가하지 않습니다.,2024
BRD_20160417,핵스테이크,4.0,평가 대상 아님,,,가맹점이 30개에 이른 적이 없어(최대 23개) 성장률·종료율이 잡음에 좌우되므로 평가하지 않습니다.,2024
BRD_20160428,토리고야,4.0,평가 대상 아님,,,가맹점이 30개에 이른 적이 없어(최대 22개) 성장률·종료율이 잡음에 좌우되므로 평가하지 않습니다.,2024
BRD_20160538,모범떡볶이1976,4.0,평가 대상 아님,,,가맹점이 30개에 이른 적이 없어(최대 21개) 성장률·종료율이 잡음에 좌우되므로 평가하지 않습니다.,2024
BRD_20160622,티블랙,4.0,평가 대상 아님,,,가맹점이 30개에 이른 적이 없어(최대 6개) 성장률·종료율이 잡음에 좌우되므로 평가하지 않습니다.,2024
BRD_20160754,알로하포케,4.0,평가 대상 아님,,,가맹점이 30개에 이른 적이 없어(최대 4개) 성장률·종료율이 잡음에 좌우되므로 평가하지 않습니다.,2024
BRD_20161048,울통치킨,4.0,평가 대상 아님,,,가맹점이 30개에 이른 적이 없어(최대 7개) 성장률·종료율이 잡음에 좌우되므로 평가하지 않습니다.,2024
BRD_20161138,반반식당,4.0,평가 대상 아님,,,가맹점이 30개에 이른 적이 없어(최대 13개) 성장률·종료율이 잡음에 좌우되므로 평가하지 않습니다.,2024
BRD_20161154,836숯불바베큐치킨,4.0,평가 대상 아님,,,가맹점이 30개에 이른 적이 없어(최대 28개) 성장률·종료율이 잡음에 좌우되므로 평가하지 않습니다.,2024
BRD_20161231,토스트앤후르츠,4.0,평가 대상 아님,,,가맹점이 30개에 이른 적이 없어(최대 4개) 성장률·종료율이 잡음에 좌우되므로 평가하지 않습니다.,2024
BRD_20161238,밀겨울,4.0,평가 대상 아님,,,가맹점이 30개에 이른 적이 없어(최대 23개) 성장률·종료율이 잡음에 좌우되므로 평가하지 않습니다.,2024
BRD_20170237,전주팔미콩나물국밥,4.0,평가 대상 아님,,,가맹점이 30개에 이른 적이 없어(최대 27개) 성장률·종료율이 잡음에 좌우되므로 평가하지 않습니다.,2024
BRD_20170280,베브릿지,4.0,평가 대상 아님,,,가맹점이 30개에 이른 적이 없어(최대 16개) 성장률·종료율이 잡음에 좌우되므로 평가하지 않습니다.,2024
BRD_20170313,너티차일드,4.0,평가 대상 아님,,,가맹점이 30개에 이른 적이 없어(최대 5개) 성장률·종료율이 잡음에 좌우되므로 평가하지 않습니다.,2024
BRD_20170550,그시절옛날통닭,4.0,평가 대상 아님,,,가맹점이 30개에 이른 적이 없어(최대 12개) 성장률·종료율이 잡음에 좌우되므로 평가하지 않습니다.,2024
BRD_20170554,부타(BUTA)웅,4.0,평가 대상 아님,,,가맹점이 30개에 이른 적이 없어(최대 6개) 성장률·종료율이 잡음에 좌우되므로 평가하지 않습니다.,2024
BRD_20170585,화성옥,4.0,평가 대상 아님,,,가맹점이 30개에 이른 적이 없어(최대 10개) 성장률·종료율이 잡음에 좌우되므로 평가하지 않습니다.,2024
BRD_20170623,목연식당,4.0,평가 대상 아님,,,가맹점이 30개에 이른 적이 없어(최대 5개) 성장률·종료율이 잡음에 좌우되므로 평가하지 않습니다.,2024
BRD_20170671,쿠카쿠,4.0,평가 대상 아님,,,가맹점이 30개에 이른 적이 없어(최대 12개) 성장률·종료율이 잡음에 좌우되므로 평가하지 않습니다.,2024
BRD_20170875,분짜라붐,4.0,평가 대상 아님,,,가맹점이 30개에 이른 적이 없어(최대 21개) 성장률·종료율이 잡음에 좌우되므로 평가하지 않습니다.,2024
BRD_20171305,오장동흥남집,4.0,평가 대상 아님,,,가맹점이 30개에 이른 적이 없어(최대 6개) 성장률·종료율이 잡음에 좌우되므로 평가하지 않습니다.,2024
BRD_20171437,칼리가리 박사의 밀실,4.0,평가 대상 아님,,,가맹점이 30개에 이른 적이 없어(최대 14개) 성장률·종료율이 잡음에 좌우되므로 평가하지 않습니다.,2024
BRD_20171529,떡미당,4.0,평가 대상 아님,,,가맹점이 30개에 이른 적이 없어(최대 7개) 성장률·종료율이 잡음에 좌우되므로 평가하지 않습니다.,2024
BRD_20180006,해논미역,4.0,평가 대상 아님,,,가맹점이 30개에 이른 적이 없어(최대 4개) 성장률·종료율이 잡음에 좌우되므로 평가하지 않습니다.,2024
BRD_20180056,정성으로 빚은 만두고을,4.0,평가 대상 아님,,,가맹점이 30개에 이른 적이 없어(최대 4개) 성장률·종료율이 잡음에 좌우되므로 평가하지 않습니다.,2024
BRD_20180173,아맛나&연차돈,4.0,평가 대상 아님,,,가맹점이 30개에 이른 적이 없어(최대 7개) 성장률·종료율이 잡음에 좌우되므로 평가하지 않습니다.,2024
BRD_20180271,사람사는 고깃집 김일도,4.0,평가 대상 아님,,,가맹점이 30개에 이른 적이 없어(최대 14개) 성장률·종료율이 잡음에 좌우되므로 평가하지 않습니다.,2024
BRD_20180522,남도연,4.0,평가 대상 아님,,,가맹점이 30개에 이른 적이 없어(최대 4개) 성장률·종료율이 잡음에 좌우되므로 평가하지 않습니다.,2024
BRD_20180587,연희옥,4.0,평가 대상 아님,,,가맹점이 30개에 이른 적이 없어(최대 10개) 성장률·종료율이 잡음에 좌우되므로 평가하지 않습니다.,2024
BRD_20180598,송기원진주냉면,4.0,평가 대상 아님,,,가맹점이 30개에 이른 적이 없어(최대 4개) 성장률·종료율이 잡음에 좌우되므로 평가하지 않습니다.,2024
BRD_20180656,문's 빨간떡볶이&빨간김밥,4.0,평가 대상 아님,,,가맹점이 30개에 이른 적이 없어(최대 11개) 성장률·종료율이 잡음에 좌우되므로 평가하지 않습니다.,2024
BRD_20180760,신대장 떡볶이,4.0,평가 대상 아님,,,가맹점이 30개에 이른 적이 없어(최대 17개) 성장률·종료율이 잡음에 좌우되므로 평가하지 않습니다.,2024
BRD_20180898,가마솥옛날시골통닭,4.0,평가 대상 아님,,,가맹점이 30개에 이른 적이 없어(최대 4개) 성장률·종료율이 잡음에 좌우되므로 평가하지 않습니다.,2024
BRD_20180927,아비아채,4.0,평가 대상 아님,,,가맹점이 30개에 이른 적이 없어(최대 4개) 성장률·종료율이 잡음에 좌우되므로 평가하지 않습니다.,2024
BRD_20180955,본구이,4.0,평가 대상 아님,,,가맹점이 30개에 이른 적이 없어(최대 8개) 성장률·종료율이 잡음에 좌우되므로 평가하지 않습니다.,2024
BRD_20180960,끝돈,4.0,평가 대상 아님,,,가맹점이 30개에 이른 적이 없어(최대 10개) 성장률·종료율이 잡음에 좌우되므로 평가하지 않습니다.,2024
BRD_20181350,해안식당,4.0,평가 대상 아님,,,가맹점이 30개에 이른 적이 없어(최대 4개) 성장률·종료율이 잡음에 좌우되므로 평가하지 않습니다.,2024
BRD_20190147,빨간자전거,4.0,평가 대상 아님,,,가맹점이 30개에 이른 적이 없어(최대 7개) 성장률·종료율이 잡음에 좌우되므로 평가하지 않습니다.,2024
BRD_20190238,엉클인더키친,4.0,평가 대상 아님,,,가맹점이 30개에 이른 적이 없어(최대 5개) 성장률·종료율이 잡음에 좌우되므로 평가하지 않습니다.,2024
BRD_20190399,정대박나주곰탕,4.0,평가 대상 아님,,,가맹점이 30개에 이른 적이 없어(최대 10개) 성장률·종료율이 잡음에 좌우되므로 평가하지 않습니다.,2024
BRD_20190426,코&타베,4.0,평가 대상 아님,,,가맹점이 30개에 이른 적이 없어(최대 18개) 성장률·종료율이 잡음에 좌우되므로 평가하지 않습니다.,2024
BRD_20190484,호이차,4.0,평가 대상 아님,,,가맹점이 30개에 이른 적이 없어(최대 29개) 성장률·종료율이 잡음에 좌우되므로 평가하지 않습니다.,2024
BRD_20190494,무근본다방,4.0,평가 대상 아님,,,가맹점이 30개에 이른 적이 없어(최대 12개) 성장률·종료율이 잡음에 좌우되므로 평가하지 않습니다.,2024
BRD_20190590,이천가든,4.0,평가 대상 아님,,,가맹점이 30개에 이른 적이 없어(최대 4개) 성장률·종료율이 잡음에 좌우되므로 평가하지 않습니다.,2024
BRD_20190695,왕뼈사랑,4.0,평가 대상 아님,,,가맹점이 30개에 이른 적이 없어(최대 4개) 성장률·종료율이 잡음에 좌우되므로 평가하지 않습니다.,2024
BRD_20190724,알찬하루,4.0,평가 대상 아님,,,가맹점이 30개에 이른 적이 없어(최대 6개) 성장률·종료율이 잡음에 좌우되므로 평가하지 않습니다.,2024
BRD_20190903,이찌방이야기,4.0,평가 대상 아님,,,가맹점이 30개에 이른 적이 없어(최대 4개) 성장률·종료율이 잡음에 좌우되므로 평가하지 않습니다.,2024
BRD_20191158,조명탄,4.0,평가 대상 아님,,,가맹점이 30개에 이른 적이 없어(최대 7개) 성장률·종료율이 잡음에 좌우되므로 평가하지 않습니다.,2024
BRD_20191384,플레어비,4.0,평가 대상 아님,,,가맹점이 30개에 이른 적이 없어(최대 6개) 성장률·종료율이 잡음에 좌우되므로 평가하지 않습니다.,2024
BRD_20191431,올스타피자,4.0,평가 대상 아님,,,가맹점이 30개에 이른 적이 없어(최대 9개) 성장률·종료율이 잡음에 좌우되므로 평가하지 않습니다.,2024
BRD_20200004,저스트마라,4.0,평가 대상 아님,,,가맹점이 30개에 이른 적이 없어(최대 6개) 성장률·종료율이 잡음에 좌우되므로 평가하지 않습니다.,2024
BRD_20200114,싸와디식당,4.0,평가 대상 아님,,,가맹점이 30개에 이른 적이 없어(최대 6개) 성장률·종료율이 잡음에 좌우되므로 평가하지 않습니다.,2024
BRD_20200117,황금명태본가,4.0,평가 대상 아님,,,가맹점이 30개에 이른 적이 없어(최대 4개) 성장률·종료율이 잡음에 좌우되므로 평가하지 않습니다.,2024
BRD_20200120,클로리스(CHLORIS),4.0,평가 대상 아님,,,가맹점이 30개에 이른 적이 없어(최대 4개) 성장률·종료율이 잡음에 좌우되므로 평가하지 않습니다.,2024
BRD_20200235,마포선장,4.0,평가 대상 아님,,,가맹점이 30개에 이른 적이 없어(최대 9개) 성장률·종료율이 잡음에 좌우되므로 평가하지 않습니다.,2024
BRD_20200382,미미당,4.0,평가 대상 아님,,,가맹점이 30개에 이른 적이 없어(최대 9개) 성장률·종료율이 잡음에 좌우되므로 평가하지 않습니다.,2024
BRD_20200447,경성키친,4.0,평가 대상 아님,,,"2022년 가맹점 통계가 비어 있고 다른 공식 기록으로도 확인되지 않아, '3년 연속 공시' 조건을 채우지 못했습니다.",2024
BRD_20200512,두부품은육개장,4.0,평가 대상 아님,,,가맹점이 30개에 이른 적이 없어(최대 4개) 성장률·종료율이 잡음에 좌우되므로 평가하지 않습니다.,2024
BRD_20200523,엠머그링,4.0,평가 대상 아님,,,가맹점이 30개에 이른 적이 없어(최대 4개) 성장률·종료율이 잡음에 좌우되므로 평가하지 않습니다.,2024
BRD_20200566,쪽쪽갈비,4.0,평가 대상 아님,,,가맹점이 30개에 이른 적이 없어(최대 4개) 성장률·종료율이 잡음에 좌우되므로 평가하지 않습니다.,2024
BRD_20200780,카페더치즈케익,4.0,평가 대상 아님,,,가맹점이 30개에 이른 적이 없어(최대 9개) 성장률·종료율이 잡음에 좌우되므로 평가하지 않습니다.,2024
BRD_20200804,유온달포장,4.0,평가 대상 아님,,,가맹점이 30개에 이른 적이 없어(최대 4개) 성장률·종료율이 잡음에 좌우되므로 평가하지 않습니다.,2024
BRD_20200912,올바른 닭강정,4.0,평가 대상 아님,,,가맹점이 30개에 이른 적이 없어(최대 4개) 성장률·종료율이 잡음에 좌우되므로 평가하지 않습니다.,2024
BRD_20200938,다코기,4.0,평가 대상 아님,,,가맹점이 30개에 이른 적이 없어(최대 7개) 성장률·종료율이 잡음에 좌우되므로 평가하지 않습니다.,2024
BRD_20201068,38선넘은짱닭,4.0,평가 대상 아님,,,가맹점이 30개에 이른 적이 없어(최대 4개) 성장률·종료율이 잡음에 좌우되므로 평가하지 않습니다.,2024
BRD_20201111,치칵치칵,4.0,평가 대상 아님,,,가맹점이 30개에 이른 적이 없어(최대 10개) 성장률·종료율이 잡음에 좌우되므로 평가하지 않습니다.,2024
BRD_20201315,신선식탁,4.0,평가 대상 아님,,,가맹점이 30개에 이른 적이 없어(최대 5개) 성장률·종료율이 잡음에 좌우되므로 평가하지 않습니다.,2024
BRD_20201342,남쑨이포차,4.0,평가 대상 아님,,,가맹점이 30개에 이른 적이 없어(최대 4개) 성장률·종료율이 잡음에 좌우되므로 평가하지 않습니다.,2024
BRD_20201491,서울미나리,4.0,평가 대상 아님,,,가맹점이 30개에 이른 적이 없어(최대 4개) 성장률·종료율이 잡음에 좌우되므로 평가하지 않습니다.,2024
BRD_20201554,고기이불볶음밥,4.0,평가 대상 아님,,,가맹점이 30개에 이른 적이 없어(최대 7개) 성장률·종료율이 잡음에 좌우되므로 평가하지 않습니다.,2024
BRD_20201562,호랭이 곳간,4.0,평가 대상 아님,,,가맹점이 30개에 이른 적이 없어(최대 4개) 성장률·종료율이 잡음에 좌우되므로 평가하지 않습니다.,2024
BRD_20201594,구공족발,4.0,평가 대상 아님,,,가맹점이 30개에 이른 적이 없어(최대 11개) 성장률·종료율이 잡음에 좌우되므로 평가하지 않습니다.,2024
BRD_20201658,털보고된이,4.0,평가 대상 아님,,,가맹점이 30개에 이른 적이 없어(최대 4개) 성장률·종료율이 잡음에 좌우되므로 평가하지 않습니다.,2024
BRD_20201725,호호반점,4.0,평가 대상 아님,,,가맹점이 30개에 이른 적이 없어(최대 4개) 성장률·종료율이 잡음에 좌우되므로 평가하지 않습니다.,2024
BRD_20201888,고향카츠,4.0,평가 대상 아님,,,가맹점이 30개에 이른 적이 없어(최대 4개) 성장률·종료율이 잡음에 좌우되므로 평가하지 않습니다.,2024
BRD_20210016,렛츠 와코타코,4.0,평가 대상 아님,,,가맹점이 30개에 이른 적이 없어(최대 4개) 성장률·종료율이 잡음에 좌우되므로 평가하지 않습니다.,2024
BRD_20210046,火남촌쭈꾸미,4.0,평가 대상 아님,,,가맹점이 30개에 이른 적이 없어(최대 4개) 성장률·종료율이 잡음에 좌우되므로 평가하지 않습니다.,2024
BRD_20210082,분식문방구,4.0,평가 대상 아님,,,가맹점이 30개에 이른 적이 없어(최대 18개) 성장률·종료율이 잡음에 좌우되므로 평가하지 않습니다.,2024
BRD_20210206,황제돈,4.0,평가 대상 아님,,,가맹점이 30개에 이른 적이 없어(최대 15개) 성장률·종료율이 잡음에 좌우되므로 평가하지 않습니다.,2024
BRD_20210208,아아수혈,4.0,평가 대상 아님,,,가맹점이 30개에 이른 적이 없어(최대 8개) 성장률·종료율이 잡음에 좌우되므로 평가하지 않습니다.,2024
BRD_20210394,카페70도씨,4.0,평가 대상 아님,,,가맹점이 30개에 이른 적이 없어(최대 4개) 성장률·종료율이 잡음에 좌우되므로 평가하지 않습니다.,2024
BRD_20210661,강촌닭멱살,4.0,평가 대상 아님,,,가맹점이 30개에 이른 적이 없어(최대 5개) 성장률·종료율이 잡음에 좌우되므로 평가하지 않습니다.,2024
BRD_20210720,커스텀샐러드(CUSTOM SALAD),4.0,평가 대상 아님,,,가맹점이 30개에 이른 적이 없어(최대 6개) 성장률·종료율이 잡음에 좌우되므로 평가하지 않습니다.,2024
BRD_20210821,수만돈돈카츠,4.0,평가 대상 아님,,,가맹점이 30개에 이른 적이 없어(최대 11개) 성장률·종료율이 잡음에 좌우되므로 평가하지 않습니다.,2024
BRD_20210898,사미반점,4.0,평가 대상 아님,,,가맹점이 30개에 이른 적이 없어(최대 11개) 성장률·종료율이 잡음에 좌우되므로 평가하지 않습니다.,2024
BRD_20211030,마라집,4.0,평가 대상 아님,,,가맹점이 30개에 이른 적이 없어(최대 12개) 성장률·종료율이 잡음에 좌우되므로 평가하지 않습니다.,2024
BRD_20211097,히동이치킨,4.0,평가 대상 아님,,,가맹점이 30개에 이른 적이 없어(최대 4개) 성장률·종료율이 잡음에 좌우되므로 평가하지 않습니다.,2024
BRD_20211127,투엑스피자,4.0,평가 대상 아님,,,가맹점이 30개에 이른 적이 없어(최대 4개) 성장률·종료율이 잡음에 좌우되므로 평가하지 않습니다.,2024
BRD_20211219,훠룽쿵부,4.0,평가 대상 아님,,,가맹점이 30개에 이른 적이 없어(최대 4개) 성장률·종료율이 잡음에 좌우되므로 평가하지 않습니다.,2024
BRD_20211297,마성면우동리,4.0,평가 대상 아님,,,가맹점이 30개에 이른 적이 없어(최대 4개) 성장률·종료율이 잡음에 좌우되므로 평가하지 않습니다.,2024
BRD_20211298,토리만쥬,4.0,평가 대상 아님,,,가맹점이 30개에 이른 적이 없어(최대 7개) 성장률·종료율이 잡음에 좌우되므로 평가하지 않습니다.,2024
BRD_20211362,와필레(WAFILLE),4.0,평가 대상 아님,,,가맹점이 30개에 이른 적이 없어(최대 4개) 성장률·종료율이 잡음에 좌우되므로 평가하지 않습니다.,2024
BRD_20211370,싹쓰리냉면,4.0,평가 대상 아님,,,가맹점이 30개에 이른 적이 없어(최대 14개) 성장률·종료율이 잡음에 좌우되므로 평가하지 않습니다.,2024
BRD_20211524,계륵사지,4.0,평가 대상 아님,,,가맹점이 30개에 이른 적이 없어(최대 5개) 성장률·종료율이 잡음에 좌우되므로 평가하지 않습니다.,2024
BRD_20211581,서귀포로맨스,4.0,평가 대상 아님,,,가맹점이 30개에 이른 적이 없어(최대 29개) 성장률·종료율이 잡음에 좌우되므로 평가하지 않습니다.,2024
BRD_20211588,장모님이떴다,4.0,평가 대상 아님,,,가맹점이 30개에 이른 적이 없어(최대 8개) 성장률·종료율이 잡음에 좌우되므로 평가하지 않습니다.,2024
BRD_20211633,덮음밥,4.0,평가 대상 아님,,,가맹점이 30개에 이른 적이 없어(최대 4개) 성장률·종료율이 잡음에 좌우되므로 평가하지 않습니다.,2024
BRD_20211661,광선집,4.0,평가 대상 아님,,,가맹점이 30개에 이른 적이 없어(최대 4개) 성장률·종료율이 잡음에 좌우되므로 평가하지 않습니다.,2024
BRD_20211735,제육제황,4.0,평가 대상 아님,,,가맹점이 30개에 이른 적이 없어(최대 18개) 성장률·종료율이 잡음에 좌우되므로 평가하지 않습니다.,2024
BRD_20211757,SUDDEN STEAK(써든스테이크),4.0,평가 대상 아님,,,가맹점이 30개에 이른 적이 없어(최대 5개) 성장률·종료율이 잡음에 좌우되므로 평가하지 않습니다.,2024
BRD_20211802,채육식당,4.0,평가 대상 아님,,,가맹점이 30개에 이른 적이 없어(최대 9개) 성장률·종료율이 잡음에 좌우되므로 평가하지 않습니다.,2024
BRD_20211862,꽈페,4.0,평가 대상 아님,,,가맹점이 30개에 이른 적이 없어(최대 17개) 성장률·종료율이 잡음에 좌우되므로 평가하지 않습니다.,2024
BRD_20211957,윤초밥,4.0,평가 대상 아님,,,가맹점이 30개에 이른 적이 없어(최대 8개) 성장률·종료율이 잡음에 좌우되므로 평가하지 않습니다.,2024
BRD_20211964,인생찜닭,4.0,평가 대상 아님,,,가맹점이 30개에 이른 적이 없어(최대 4개) 성장률·종료율이 잡음에 좌우되므로 평가하지 않습니다.,2024
BRD_20212106,캐롤커피,4.0,평가 대상 아님,,,가맹점이 30개에 이른 적이 없어(최대 4개) 성장률·종료율이 잡음에 좌우되므로 평가하지 않습니다.,2024
BRD_20212150,서민제육,4.0,평가 대상 아님,,,가맹점이 30개에 이른 적이 없어(최대 4개) 성장률·종료율이 잡음에 좌우되므로 평가하지 않습니다.,2024
BRD_20212181,마미떡,4.0,평가 대상 아님,,,가맹점이 30개에 이른 적이 없어(최대 7개) 성장률·종료율이 잡음에 좌우되므로 평가하지 않습니다.,2024
BRD_20212255,미상주먹김밥,4.0,평가 대상 아님,,,가맹점이 30개에 이른 적이 없어(최대 11개) 성장률·종료율이 잡음에 좌우되므로 평가하지 않습니다.,2024
BRD_20212471,와로샐러드,4.0,평가 대상 아님,,,가맹점이 30개에 이른 적이 없어(최대 5개) 성장률·종료율이 잡음에 좌우되므로 평가하지 않습니다.,2024
BRD_20212473,누를황떡볶이,4.0,평가 대상 아님,,,가맹점이 30개에 이른 적이 없어(최대 6개) 성장률·종료율이 잡음에 좌우되므로 평가하지 않습니다.,2024
BRD_20212563,족발사관학교,4.0,평가 대상 아님,,,가맹점이 30개에 이른 적이 없어(최대 4개) 성장률·종료율이 잡음에 좌우되므로 평가하지 않습니다.,2024
BRD_20212565,소곱녀,4.0,평가 대상 아님,,,가맹점이 30개에 이른 적이 없어(최대 4개) 성장률·종료율이 잡음에 좌우되므로 평가하지 않습니다.,2024
BRD_20212627,버거베어,4.0,평가 대상 아님,,,가맹점이 30개에 이른 적이 없어(최대 7개) 성장률·종료율이 잡음에 좌우되므로 평가하지 않습니다.,2024
BRD_20212724,도른계,4.0,평가 대상 아님,,,가맹점이 30개에 이른 적이 없어(최대 4개) 성장률·종료율이 잡음에 좌우되므로 평가하지 않습니다.,2024
BRD_20212756,우오동뎅,4.0,평가 대상 아님,,,가맹점이 30개에 이른 적이 없어(최대 4개) 성장률·종료율이 잡음에 좌우되므로 평가하지 않습니다.,2024
BRD_20212766,리에또젤라또,4.0,평가 대상 아님,,,가맹점이 30개에 이른 적이 없어(최대 4개) 성장률·종료율이 잡음에 좌우되므로 평가하지 않습니다.,2024
BRD_20212808,두공기김치찜,4.0,평가 대상 아님,,,가맹점이 30개에 이른 적이 없어(최대 4개) 성장률·종료율이 잡음에 좌우되므로 평가하지 않습니다.,2024
BRD_20213002,운커피(雲커피),4.0,평가 대상 아님,,,가맹점이 30개에 이른 적이 없어(최대 6개) 성장률·종료율이 잡음에 좌우되므로 평가하지 않습니다.,2024
BRD_20213021,32커피,4.0,평가 대상 아님,,,가맹점이 30개에 이른 적이 없어(최대 4개) 성장률·종료율이 잡음에 좌우되므로 평가하지 않습니다.,2024
BRD_20213291,밀머리칼국수&냉면,4.0,평가 대상 아님,,,가맹점이 30개에 이른 적이 없어(최대 4개) 성장률·종료율이 잡음에 좌우되므로 평가하지 않습니다.,2024
BRD_20213295,배키욘방,4.0,평가 대상 아님,,,가맹점이 30개에 이른 적이 없어(최대 10개) 성장률·종료율이 잡음에 좌우되므로 평가하지 않습니다.,2024
BRD_20213349,브런치가든,4.0,평가 대상 아님,,,가맹점이 30개에 이른 적이 없어(최대 4개) 성장률·종료율이 잡음에 좌우되므로 평가하지 않습니다.,2024
BRD_20213791|JNG_016748,신세대맥주,4.0,평가 대상 아님,,,가맹점이 30개에 이른 적이 없어(최대 4개) 성장률·종료율이 잡음에 좌우되므로 평가하지 않습니다.,2024
BRD_20214277,맥썸,4.0,평가 대상 아님,,,가맹점이 30개에 이른 적이 없어(최대 7개) 성장률·종료율이 잡음에 좌우되므로 평가하지 않습니다.,2024
BRD_20214607,청년수산,4.0,평가 대상 아님,,,가맹점이 30개에 이른 적이 없어(최대 8개) 성장률·종료율이 잡음에 좌우되므로 평가하지 않습니다.,2024
BRD_20214632,김장하는 고깃집 향산리,4.0,평가 대상 아님,,,가맹점이 30개에 이른 적이 없어(최대 5개) 성장률·종료율이 잡음에 좌우되므로 평가하지 않습니다.,2024
BRD_20214700,까망종이밥,4.0,평가 대상 아님,,,가맹점이 30개에 이른 적이 없어(최대 4개) 성장률·종료율이 잡음에 좌우되므로 평가하지 않습니다.,2024
BRD_20214729,코찜코찜,4.0,평가 대상 아님,,,가맹점이 30개에 이른 적이 없어(최대 4개) 성장률·종료율이 잡음에 좌우되므로 평가하지 않습니다.,2024
BRD_20214736,마라도 아구찜,4.0,평가 대상 아님,,,가맹점이 30개에 이른 적이 없어(최대 5개) 성장률·종료율이 잡음에 좌우되므로 평가하지 않습니다.,2024
BRD_20214810,브런치앤디너테라비,4.0,평가 대상 아님,,,가맹점이 30개에 이른 적이 없어(최대 4개) 성장률·종료율이 잡음에 좌우되므로 평가하지 않습니다.,2024
BRD_20215361,마라의신,4.0,평가 대상 아님,,,가맹점이 30개에 이른 적이 없어(최대 5개) 성장률·종료율이 잡음에 좌우되므로 평가하지 않습니다.,2024
BRD_20215467,제비집,4.0,평가 대상 아님,,,가맹점이 30개에 이른 적이 없어(최대 4개) 성장률·종료율이 잡음에 좌우되므로 평가하지 않습니다.,2024
BRD_20215502,하이하이,4.0,평가 대상 아님,,,가맹점이 30개에 이른 적이 없어(최대 4개) 성장률·종료율이 잡음에 좌우되므로 평가하지 않습니다.,2024
BRD_20215672,삼억닭강정,4.0,평가 대상 아님,,,가맹점이 30개에 이른 적이 없어(최대 4개) 성장률·종료율이 잡음에 좌우되므로 평가하지 않습니다.,2024
BRD_20215736,팔당육칼동동국수,4.0,평가 대상 아님,,,가맹점이 30개에 이른 적이 없어(최대 4개) 성장률·종료율이 잡음에 좌우되므로 평가하지 않습니다.,2024
BRD_20220025,간장삼겹살 동방생고기,4.0,평가 대상 아님,,,가맹점이 30개에 이른 적이 없어(최대 7개) 성장률·종료율이 잡음에 좌우되므로 평가하지 않습니다.,2024
BRD_20220077,용감한식당,4.0,평가 대상 아님,,,가맹점이 30개에 이른 적이 없어(최대 4개) 성장률·종료율이 잡음에 좌우되므로 평가하지 않습니다.,2024
BRD_20220111,스시신조,4.0,평가 대상 아님,,,가맹점이 30개에 이른 적이 없어(최대 4개) 성장률·종료율이 잡음에 좌우되므로 평가하지 않습니다.,2024
BRD_20220142,돼지곱닭,4.0,평가 대상 아님,,,가맹점이 30개에 이른 적이 없어(최대 7개) 성장률·종료율이 잡음에 좌우되므로 평가하지 않습니다.,2024
BRD_20220183,막장집,4.0,평가 대상 아님,,,가맹점이 30개에 이른 적이 없어(최대 4개) 성장률·종료율이 잡음에 좌우되므로 평가하지 않습니다.,2024
BRD_20220349,리수스과수원,4.0,평가 대상 아님,,,가맹점이 30개에 이른 적이 없어(최대 6개) 성장률·종료율이 잡음에 좌우되므로 평가하지 않습니다.,2024
BRD_20220352,슈퍼브커피로스터스,4.0,평가 대상 아님,,,가맹점이 30개에 이른 적이 없어(최대 4개) 성장률·종료율이 잡음에 좌우되므로 평가하지 않습니다.,2024
BRD_20220388,성수완당,4.0,평가 대상 아님,,,가맹점이 30개에 이른 적이 없어(최대 4개) 성장률·종료율이 잡음에 좌우되므로 평가하지 않습니다.,2024
BRD_20220390,아스라이(Asrai),4.0,평가 대상 아님,,,가맹점이 30개에 이른 적이 없어(최대 5개) 성장률·종료율이 잡음에 좌우되므로 평가하지 않습니다.,2024
BRD_20220424,한끼닭칼국수,4.0,평가 대상 아님,,,가맹점이 30개에 이른 적이 없어(최대 4개) 성장률·종료율이 잡음에 좌우되므로 평가하지 않습니다.,2024
BRD_20220505,TESTER COFFEE(테스터커피),4.0,평가 대상 아님,,,가맹점이 30개에 이른 적이 없어(최대 4개) 성장률·종료율이 잡음에 좌우되므로 평가하지 않습니다.,2024
BRD_20220578,왕새우직판장,4.0,평가 대상 아님,,,가맹점이 30개에 이른 적이 없어(최대 4개) 성장률·종료율이 잡음에 좌우되므로 평가하지 않습니다.,2024
BRD_20220589|JNG_013305,황토화로,4.0,평가 대상 아님,,,가맹점이 30개에 이른 적이 없어(최대 4개) 성장률·종료율이 잡음에 좌우되므로 평가하지 않습니다.,2024
BRD_20220592,삼척오란다,4.0,평가 대상 아님,,,가맹점이 30개에 이른 적이 없어(최대 4개) 성장률·종료율이 잡음에 좌우되므로 평가하지 않습니다.,2024
BRD_20220603,에스이커피(SE COFFEE),4.0,평가 대상 아님,,,가맹점이 30개에 이른 적이 없어(최대 4개) 성장률·종료율이 잡음에 좌우되므로 평가하지 않습니다.,2024
BRD_20220632,보태닉마켓,4.0,평가 대상 아님,,,가맹점이 30개에 이른 적이 없어(최대 4개) 성장률·종료율이 잡음에 좌우되므로 평가하지 않습니다.,2024
BRD_20220697,솔리드웍스아이스크림,4.0,평가 대상 아님,,,가맹점이 30개에 이른 적이 없어(최대 4개) 성장률·종료율이 잡음에 좌우되므로 평가하지 않습니다.,2024
BRD_20220760,찐한순대국밥,4.0,평가 대상 아님,,,가맹점이 30개에 이른 적이 없어(최대 11개) 성장률·종료율이 잡음에 좌우되므로 평가하지 않습니다.,2024
BRD_20220784,겸손돈가스,4.0,평가 대상 아님,,,가맹점이 30개에 이른 적이 없어(최대 4개) 성장률·종료율이 잡음에 좌우되므로 평가하지 않습니다.,2024
BRD_20220853,어니스트(Honest),4.0,평가 대상 아님,,,가맹점이 30개에 이른 적이 없어(최대 4개) 성장률·종료율이 잡음에 좌우되므로 평가하지 않습니다.,2024
BRD_20220877,독수리오형제,4.0,평가 대상 아님,,,가맹점이 30개에 이른 적이 없어(최대 4개) 성장률·종료율이 잡음에 좌우되므로 평가하지 않습니다.,2024
BRD_20220881,팔호통닭,4.0,평가 대상 아님,,,가맹점이 30개에 이른 적이 없어(최대 4개) 성장률·종료율이 잡음에 좌우되므로 평가하지 않습니다.,2024
BRD_20220886,유로스커피 로스터스,4.0,평가 대상 아님,,,가맹점이 30개에 이른 적이 없어(최대 4개) 성장률·종료율이 잡음에 좌우되므로 평가하지 않습니다.,2024
BRD_20221026,해목정,4.0,평가 대상 아님,,,가맹점이 30개에 이른 적이 없어(최대 4개) 성장률·종료율이 잡음에 좌우되므로 평가하지 않습니다.,2024
BRD_20221040,원조개금밀면,4.0,평가 대상 아님,,,가맹점이 30개에 이른 적이 없어(최대 4개) 성장률·종료율이 잡음에 좌우되므로 평가하지 않습니다.,2024
BRD_20221109,류창희국수人(인),4.0,평가 대상 아님,,,가맹점이 30개에 이른 적이 없어(최대 4개) 성장률·종료율이 잡음에 좌우되므로 평가하지 않습니다.,2024
BRD_20221278,경자국밥,4.0,평가 대상 아님,,,가맹점이 30개에 이른 적이 없어(최대 4개) 성장률·종료율이 잡음에 좌우되므로 평가하지 않습니다.,2024
BRD_20221292,도케비커피(DoKKeB Coffee),4.0,평가 대상 아님,,,가맹점이 30개에 이른 적이 없어(최대 4개) 성장률·종료율이 잡음에 좌우되므로 평가하지 않습니다.,2024
BRD_20221307,카페 콘크리트,4.0,평가 대상 아님,,,가맹점이 30개에 이른 적이 없어(최대 4개) 성장률·종료율이 잡음에 좌우되므로 평가하지 않습니다.,2024
BRD_20221316,미락육회막국수,4.0,평가 대상 아님,,,가맹점이 30개에 이른 적이 없어(최대 4개) 성장률·종료율이 잡음에 좌우되므로 평가하지 않습니다.,2024
BRD_20221332,돈푸,4.0,평가 대상 아님,,,가맹점이 30개에 이른 적이 없어(최대 5개) 성장률·종료율이 잡음에 좌우되므로 평가하지 않습니다.,2024
BRD_20221354,기프트버거,4.0,평가 대상 아님,,,가맹점이 30개에 이른 적이 없어(최대 4개) 성장률·종료율이 잡음에 좌우되므로 평가하지 않습니다.,2024
BRD_20230050,청춘면가,4.0,평가 대상 아님,,,가맹점이 30개에 이른 적이 없어(최대 4개) 성장률·종료율이 잡음에 좌우되므로 평가하지 않습니다.,2024
BRD_20230136,피오름 피자,4.0,평가 대상 아님,,,가맹점이 30개에 이른 적이 없어(최대 4개) 성장률·종료율이 잡음에 좌우되므로 평가하지 않습니다.,2024
BRD_20230154,진전복삼계탕,4.0,평가 대상 아님,,,가맹점이 30개에 이른 적이 없어(최대 4개) 성장률·종료율이 잡음에 좌우되므로 평가하지 않습니다.,2024
BRD_20230166,이유피자&파스타(EU피자&파스타),4.0,평가 대상 아님,,,가맹점이 30개에 이른 적이 없어(최대 4개) 성장률·종료율이 잡음에 좌우되므로 평가하지 않습니다.,2024
BRD_20230168,짹슨커피,4.0,평가 대상 아님,,,가맹점이 30개에 이른 적이 없어(최대 7개) 성장률·종료율이 잡음에 좌우되므로 평가하지 않습니다.,2024
BRD_20230169,황남옼수수,4.0,평가 대상 아님,,,가맹점이 30개에 이른 적이 없어(최대 4개) 성장률·종료율이 잡음에 좌우되므로 평가하지 않습니다.,2024
BRD_20230207,온담 순대국,4.0,평가 대상 아님,,,가맹점이 30개에 이른 적이 없어(최대 4개) 성장률·종료율이 잡음에 좌우되므로 평가하지 않습니다.,2024
BRD_20230238,국밥의 민족,4.0,평가 대상 아님,,,가맹점이 30개에 이른 적이 없어(최대 5개) 성장률·종료율이 잡음에 좌우되므로 평가하지 않습니다.,2024
BRD_20230333,if coffee,4.0,평가 대상 아님,,,가맹점이 30개에 이른 적이 없어(최대 4개) 성장률·종료율이 잡음에 좌우되므로 평가하지 않습니다.,2024
BRD_20230335,고래부대찌개,4.0,평가 대상 아님,,,가맹점이 30개에 이른 적이 없어(최대 4개) 성장률·종료율이 잡음에 좌우되므로 평가하지 않습니다.,2024
BRD_20230343,야키토리 동작,4.0,평가 대상 아님,,,가맹점이 30개에 이른 적이 없어(최대 4개) 성장률·종료율이 잡음에 좌우되므로 평가하지 않습니다.,2024
BRD_20230404,카산도,4.0,평가 대상 아님,,,가맹점이 30개에 이른 적이 없어(최대 4개) 성장률·종료율이 잡음에 좌우되므로 평가하지 않습니다.,2024
BRD_20230435,일단마포,4.0,평가 대상 아님,,,가맹점이 30개에 이른 적이 없어(최대 4개) 성장률·종료율이 잡음에 좌우되므로 평가하지 않습니다.,2024
BRD_20230480,그린그린,4.0,평가 대상 아님,,,가맹점이 30개에 이른 적이 없어(최대 6개) 성장률·종료율이 잡음에 좌우되므로 평가하지 않습니다.,2024
BRD_20230488,Freshsal,4.0,평가 대상 아님,,,가맹점이 30개에 이른 적이 없어(최대 4개) 성장률·종료율이 잡음에 좌우되므로 평가하지 않습니다.,2024
BRD_20230491,청반도,4.0,평가 대상 아님,,,가맹점이 30개에 이른 적이 없어(최대 4개) 성장률·종료율이 잡음에 좌우되므로 평가하지 않습니다.,2024
BRD_20230570,도시농원,4.0,평가 대상 아님,,,가맹점이 30개에 이른 적이 없어(최대 4개) 성장률·종료율이 잡음에 좌우되므로 평가하지 않습니다.,2024
BRD_20230591,삼진어묵,4.0,평가 대상 아님,,,가맹점이 30개에 이른 적이 없어(최대 4개) 성장률·종료율이 잡음에 좌우되므로 평가하지 않습니다.,2024
BRD_20230667,대게좋은집,4.0,평가 대상 아님,,,가맹점이 30개에 이른 적이 없어(최대 4개) 성장률·종료율이 잡음에 좌우되므로 평가하지 않습니다.,2024
BRD_20230672,연리희재,4.0,평가 대상 아님,,,가맹점이 30개에 이른 적이 없어(최대 4개) 성장률·종료율이 잡음에 좌우되므로 평가하지 않습니다.,2024
BRD_20230704,강연우동태찌개,4.0,평가 대상 아님,,,가맹점이 30개에 이른 적이 없어(최대 4개) 성장률·종료율이 잡음에 좌우되므로 평가하지 않습니다.,2024
BRD_20230735,합(合),4.0,평가 대상 아님,,,가맹점이 30개에 이른 적이 없어(최대 4개) 성장률·종료율이 잡음에 좌우되므로 평가하지 않습니다.,2024
BRD_20230747,찐한부산돼지국밥,4.0,평가 대상 아님,,,가맹점이 30개에 이른 적이 없어(최대 4개) 성장률·종료율이 잡음에 좌우되므로 평가하지 않습니다.,2024
BRD_20230765,가마솥골목통닭,4.0,평가 대상 아님,,,가맹점이 30개에 이른 적이 없어(최대 4개) 성장률·종료율이 잡음에 좌우되므로 평가하지 않습니다.,2024
BRD_20230823,#커피플라잉스콘,4.0,평가 대상 아님,,,가맹점이 30개에 이른 적이 없어(최대 4개) 성장률·종료율이 잡음에 좌우되므로 평가하지 않습니다.,2024
BRD_20230856,무이공간,4.0,평가 대상 아님,,,가맹점이 30개에 이른 적이 없어(최대 4개) 성장률·종료율이 잡음에 좌우되므로 평가하지 않습니다.,2024
BRD_20230862,구스카토,4.0,평가 대상 아님,,,가맹점이 30개에 이른 적이 없어(최대 4개) 성장률·종료율이 잡음에 좌우되므로 평가하지 않습니다.,2024
BRD_20230898,달달한밤부엌,4.0,평가 대상 아님,,,가맹점이 30개에 이른 적이 없어(최대 4개) 성장률·종료율이 잡음에 좌우되므로 평가하지 않습니다.,2024
BRD_20230916,지하102호,4.0,평가 대상 아님,,,가맹점이 30개에 이른 적이 없어(최대 6개) 성장률·종료율이 잡음에 좌우되므로 평가하지 않습니다.,2024
BRD_20230929,버터북(Butter Book),4.0,평가 대상 아님,,,가맹점이 30개에 이른 적이 없어(최대 4개) 성장률·종료율이 잡음에 좌우되므로 평가하지 않습니다.,2024
BRD_20231066,907육식당,4.0,평가 대상 아님,,,가맹점이 30개에 이른 적이 없어(최대 4개) 성장률·종료율이 잡음에 좌우되므로 평가하지 않습니다.,2024
BRD_20231072,"ONCE, TIME OFF",4.0,평가 대상 아님,,,가맹점이 30개에 이른 적이 없어(최대 4개) 성장률·종료율이 잡음에 좌우되므로 평가하지 않습니다.,2024
BRD_20231075,코코케이크,4.0,평가 대상 아님,,,가맹점이 30개에 이른 적이 없어(최대 4개) 성장률·종료율이 잡음에 좌우되므로 평가하지 않습니다.,2024
BRD_20231113,명현만의 간장게장,4.0,평가 대상 아님,,,가맹점이 30개에 이른 적이 없어(최대 4개) 성장률·종료율이 잡음에 좌우되므로 평가하지 않습니다.,2024
BRD_20231159,아빠찜 APAZZIM (찜잘하는 집),4.0,평가 대상 아님,,,가맹점이 30개에 이른 적이 없어(최대 4개) 성장률·종료율이 잡음에 좌우되므로 평가하지 않습니다.,2024
BRD_20231177,그래요거,4.0,평가 대상 아님,,,가맹점이 30개에 이른 적이 없어(최대 4개) 성장률·종료율이 잡음에 좌우되므로 평가하지 않습니다.,2024
BRD_20231197,신북새통,4.0,평가 대상 아님,,,가맹점이 30개에 이른 적이 없어(최대 4개) 성장률·종료율이 잡음에 좌우되므로 평가하지 않습니다.,2024
BRD_20231214,카페316,4.0,평가 대상 아님,,,가맹점이 30개에 이른 적이 없어(최대 4개) 성장률·종료율이 잡음에 좌우되므로 평가하지 않습니다.,2024
BRD_20231253,오츠카레하우스,4.0,평가 대상 아님,,,가맹점이 30개에 이른 적이 없어(최대 6개) 성장률·종료율이 잡음에 좌우되므로 평가하지 않습니다.,2024
BRD_20231255,1리터셀(SELL)&디저트와플,4.0,평가 대상 아님,,,가맹점이 30개에 이른 적이 없어(최대 4개) 성장률·종료율이 잡음에 좌우되므로 평가하지 않습니다.,2024
BRD_20231288,미스타쌀국수,4.0,평가 대상 아님,,,가맹점이 30개에 이른 적이 없어(최대 4개) 성장률·종료율이 잡음에 좌우되므로 평가하지 않습니다.,2024
BRD_20231296,빔빔,4.0,평가 대상 아님,,,가맹점이 30개에 이른 적이 없어(최대 4개) 성장률·종료율이 잡음에 좌우되므로 평가하지 않습니다.,2024
BRD_20231299,참솥,4.0,평가 대상 아님,,,가맹점이 30개에 이른 적이 없어(최대 4개) 성장률·종료율이 잡음에 좌우되므로 평가하지 않습니다.,2024
BRD_20231378,우수갈비찜,4.0,평가 대상 아님,,,가맹점이 30개에 이른 적이 없어(최대 4개) 성장률·종료율이 잡음에 좌우되므로 평가하지 않습니다.,2024
BRD_20231395,고기에서고기까지,4.0,평가 대상 아님,,,가맹점이 30개에 이른 적이 없어(최대 4개) 성장률·종료율이 잡음에 좌우되므로 평가하지 않습니다.,2024
BRD_20231482,아임국민커피,4.0,평가 대상 아님,,,가맹점이 30개에 이른 적이 없어(최대 4개) 성장률·종료율이 잡음에 좌우되므로 평가하지 않습니다.,2024
BRD_20231540,도나스데이,4.0,평가 대상 아님,,,가맹점이 30개에 이른 적이 없어(최대 4개) 성장률·종료율이 잡음에 좌우되므로 평가하지 않습니다.,2024
BRD_20231586,노곡회관,4.0,평가 대상 아님,,,가맹점이 30개에 이른 적이 없어(최대 4개) 성장률·종료율이 잡음에 좌우되므로 평가하지 않습니다.,2024
BRD_20231596,계화동,4.0,평가 대상 아님,,,가맹점이 30개에 이른 적이 없어(최대 4개) 성장률·종료율이 잡음에 좌우되므로 평가하지 않습니다.,2024
BRD_20231597,블루 웨이브 커피,4.0,평가 대상 아님,,,가맹점이 30개에 이른 적이 없어(최대 4개) 성장률·종료율이 잡음에 좌우되므로 평가하지 않습니다.,2024
BRD_20231630,원시다자,4.0,평가 대상 아님,,,가맹점이 30개에 이른 적이 없어(최대 4개) 성장률·종료율이 잡음에 좌우되므로 평가하지 않습니다.,2024
BRD_20231680,쌍도커피,4.0,평가 대상 아님,,,가맹점이 30개에 이른 적이 없어(최대 4개) 성장률·종료율이 잡음에 좌우되므로 평가하지 않습니다.,2024
BRD_20231684,인생숯불구이,4.0,평가 대상 아님,,,가맹점이 30개에 이른 적이 없어(최대 4개) 성장률·종료율이 잡음에 좌우되므로 평가하지 않습니다.,2024
BRD_20231702,사고네연탄불고기,4.0,평가 대상 아님,,,가맹점이 30개에 이른 적이 없어(최대 4개) 성장률·종료율이 잡음에 좌우되므로 평가하지 않습니다.,2024
BRD_20231772,하양끝집,4.0,평가 대상 아님,,,가맹점이 30개에 이른 적이 없어(최대 4개) 성장률·종료율이 잡음에 좌우되므로 평가하지 않습니다.,2024
BRD_20231790,솥밥예찬,4.0,평가 대상 아님,,,가맹점이 30개에 이른 적이 없어(최대 4개) 성장률·종료율이 잡음에 좌우되므로 평가하지 않습니다.,2024
BRD_20231792,오리덕애,4.0,평가 대상 아님,,,가맹점이 30개에 이른 적이 없어(최대 4개) 성장률·종료율이 잡음에 좌우되므로 평가하지 않습니다.,2024
BRD_20231816,똘이장군돼지부속,4.0,평가 대상 아님,,,가맹점이 30개에 이른 적이 없어(최대 4개) 성장률·종료율이 잡음에 좌우되므로 평가하지 않습니다.,2024
BRD_20231828,금수저삼겹679,4.0,평가 대상 아님,,,가맹점이 30개에 이른 적이 없어(최대 4개) 성장률·종료율이 잡음에 좌우되므로 평가하지 않습니다.,2024
BRD_20231883,심플레이스(simplace),4.0,평가 대상 아님,,,가맹점이 30개에 이른 적이 없어(최대 4개) 성장률·종료율이 잡음에 좌우되므로 평가하지 않습니다.,2024
BRD_20240001,권이최GO 무학산오리하우스,4.0,평가 대상 아님,,,가맹점이 30개에 이른 적이 없어(최대 4개) 성장률·종료율이 잡음에 좌우되므로 평가하지 않습니다.,2024
BRD_20240039,베이크아웃,4.0,평가 대상 아님,,,가맹점이 30개에 이른 적이 없어(최대 4개) 성장률·종료율이 잡음에 좌우되므로 평가하지 않습니다.,2024
BRD_20240181,순살생선조림연구소,4.0,평가 대상 아님,,,가맹점이 30개에 이른 적이 없어(최대 4개) 성장률·종료율이 잡음에 좌우되므로 평가하지 않습니다.,2024
BRD_20240188|JNG_016813,성북돈까스,4.0,평가 대상 아님,,,가맹점이 30개에 이른 적이 없어(최대 4개) 성장률·종료율이 잡음에 좌우되므로 평가하지 않습니다.,2024
BRD_20240211,갈속집,4.0,평가 대상 아님,,,가맹점이 30개에 이른 적이 없어(최대 4개) 성장률·종료율이 잡음에 좌우되므로 평가하지 않습니다.,2024
BRD_20240232,로우냅커피하우스(RAW NAP COFFEE HAUS),4.0,평가 대상 아님,,,가맹점이 30개에 이른 적이 없어(최대 4개) 성장률·종료율이 잡음에 좌우되므로 평가하지 않습니다.,2024
BRD_20240252,해양산,4.0,평가 대상 아님,,,가맹점이 30개에 이른 적이 없어(최대 4개) 성장률·종료율이 잡음에 좌우되므로 평가하지 않습니다.,2024
BRD_20240255,먹음직뼈 감자탕,4.0,평가 대상 아님,,,가맹점이 30개에 이른 적이 없어(최대 6개) 성장률·종료율이 잡음에 좌우되므로 평가하지 않습니다.,2024
BRD_20240269,전국대패,4.0,평가 대상 아님,,,가맹점이 30개에 이른 적이 없어(최대 4개) 성장률·종료율이 잡음에 좌우되므로 평가하지 않습니다.,2024
BRD_20240270,오아시스조개,4.0,평가 대상 아님,,,가맹점이 30개에 이른 적이 없어(최대 4개) 성장률·종료율이 잡음에 좌우되므로 평가하지 않습니다.,2024
BRD_20240372,카츠헤세드,4.0,평가 대상 아님,,,가맹점이 30개에 이른 적이 없어(최대 4개) 성장률·종료율이 잡음에 좌우되므로 평가하지 않습니다.,2024
BRD_20240383,블랙루머 다이오트,4.0,평가 대상 아님,,,가맹점이 30개에 이른 적이 없어(최대 4개) 성장률·종료율이 잡음에 좌우되므로 평가하지 않습니다.,2024
BRD_20240420,편백연가,4.0,평가 대상 아님,,,가맹점이 30개에 이른 적이 없어(최대 4개) 성장률·종료율이 잡음에 좌우되므로 평가하지 않습니다.,2024
BRD_20240442,범벅떡볶이,4.0,평가 대상 아님,,,가맹점이 30개에 이른 적이 없어(최대 4개) 성장률·종료율이 잡음에 좌우되므로 평가하지 않습니다.,2024
BRD_20240469,직화장인,4.0,평가 대상 아님,,,가맹점이 30개에 이른 적이 없어(최대 4개) 성장률·종료율이 잡음에 좌우되므로 평가하지 않습니다.,2024
BRD_20240476,하프커피(HALFF COFFEE),4.0,평가 대상 아님,,,가맹점이 30개에 이른 적이 없어(최대 4개) 성장률·종료율이 잡음에 좌우되므로 평가하지 않습니다.,2024
BRD_20240510,부막숯불닭갈비,4.0,평가 대상 아님,,,가맹점이 30개에 이른 적이 없어(최대 4개) 성장률·종료율이 잡음에 좌우되므로 평가하지 않습니다.,2024
BRD_20240548,월하주,4.0,평가 대상 아님,,,가맹점이 30개에 이른 적이 없어(최대 4개) 성장률·종료율이 잡음에 좌우되므로 평가하지 않습니다.,2024
BRD_20240551,김기룽쟝족발덮밥,4.0,평가 대상 아님,,,가맹점이 30개에 이른 적이 없어(최대 4개) 성장률·종료율이 잡음에 좌우되므로 평가하지 않습니다.,2024
BRD_20240591,라라드래곤반점,4.0,평가 대상 아님,,,가맹점이 30개에 이른 적이 없어(최대 4개) 성장률·종료율이 잡음에 좌우되므로 평가하지 않습니다.,2024
BRD_20240660,힙포,4.0,평가 대상 아님,,,가맹점이 30개에 이른 적이 없어(최대 4개) 성장률·종료율이 잡음에 좌우되므로 평가하지 않습니다.,2024
BRD_20240675,그로어스,4.0,평가 대상 아님,,,가맹점이 30개에 이른 적이 없어(최대 4개) 성장률·종료율이 잡음에 좌우되므로 평가하지 않습니다.,2024
BRD_20240680,곱집사,4.0,평가 대상 아님,,,가맹점이 30개에 이른 적이 없어(최대 4개) 성장률·종료율이 잡음에 좌우되므로 평가하지 않습니다.,2024
BRD_20240718,그린앤피니,4.0,평가 대상 아님,,,가맹점이 30개에 이른 적이 없어(최대 4개) 성장률·종료율이 잡음에 좌우되므로 평가하지 않습니다.,2024
BRD_20240726,엄마한우소머리국밥,4.0,평가 대상 아님,,,가맹점이 30개에 이른 적이 없어(최대 4개) 성장률·종료율이 잡음에 좌우되므로 평가하지 않습니다.,2024
BRD_20240731,바이러닉 에스프레소 바,4.0,평가 대상 아님,,,가맹점이 30개에 이른 적이 없어(최대 4개) 성장률·종료율이 잡음에 좌우되므로 평가하지 않습니다.,2024
BRD_20240770,회풍,4.0,평가 대상 아님,,,가맹점이 30개에 이른 적이 없어(최대 4개) 성장률·종료율이 잡음에 좌우되므로 평가하지 않습니다.,2024
BRD_20240859,꿈의농장정육식당,4.0,평가 대상 아님,,,가맹점이 30개에 이른 적이 없어(최대 4개) 성장률·종료율이 잡음에 좌우되므로 평가하지 않습니다.,2024
BRD_20240887,오늘도김볶만,4.0,평가 대상 아님,,,가맹점이 30개에 이른 적이 없어(최대 4개) 성장률·종료율이 잡음에 좌우되므로 평가하지 않습니다.,2024
BRD_20240929,청춘왕뼈,4.0,평가 대상 아님,,,가맹점이 30개에 이른 적이 없어(최대 4개) 성장률·종료율이 잡음에 좌우되므로 평가하지 않습니다.,2024
BRD_20240965,파닭참잘하는집,4.0,평가 대상 아님,,,가맹점이 30개에 이른 적이 없어(최대 4개) 성장률·종료율이 잡음에 좌우되므로 평가하지 않습니다.,2024
BRD_20240968,야한곱창,4.0,평가 대상 아님,,,가맹점이 30개에 이른 적이 없어(최대 4개) 성장률·종료율이 잡음에 좌우되므로 평가하지 않습니다.,2024
BRD_20241007,솔티라이엇,4.0,평가 대상 아님,,,가맹점이 30개에 이른 적이 없어(최대 4개) 성장률·종료율이 잡음에 좌우되므로 평가하지 않습니다.,2024
BRD_20241045,가마솥 닭한마리,4.0,평가 대상 아님,,,가맹점이 30개에 이른 적이 없어(최대 4개) 성장률·종료율이 잡음에 좌우되므로 평가하지 않습니다.,2024
BRD_20241062,막창덕후,4.0,평가 대상 아님,,,가맹점이 30개에 이른 적이 없어(최대 4개) 성장률·종료율이 잡음에 좌우되므로 평가하지 않습니다.,2024
BRD_20241081,야생맥주,4.0,평가 대상 아님,,,가맹점이 30개에 이른 적이 없어(최대 4개) 성장률·종료율이 잡음에 좌우되므로 평가하지 않습니다.,2024
BRD_20241088,삼일보신 어탕어국수,4.0,평가 대상 아님,,,가맹점이 30개에 이른 적이 없어(최대 4개) 성장률·종료율이 잡음에 좌우되므로 평가하지 않습니다.,2024
BRD_20241111,팔공 큰 돼지찌개,4.0,평가 대상 아님,,,가맹점이 30개에 이른 적이 없어(최대 4개) 성장률·종료율이 잡음에 좌우되므로 평가하지 않습니다.,2024
BRD_20241126,부대찌개대사관,4.0,평가 대상 아님,,,가맹점이 30개에 이른 적이 없어(최대 4개) 성장률·종료율이 잡음에 좌우되므로 평가하지 않습니다.,2024
BRD_20241138,만계치킨,4.0,평가 대상 아님,,,가맹점이 30개에 이른 적이 없어(최대 4개) 성장률·종료율이 잡음에 좌우되므로 평가하지 않습니다.,2024
BRD_20241149,뼈앓이감자탕,4.0,평가 대상 아님,,,가맹점이 30개에 이른 적이 없어(최대 4개) 성장률·종료율이 잡음에 좌우되므로 평가하지 않습니다.,2024
BRD_20241183,오빠곱창,4.0,평가 대상 아님,,,가맹점이 30개에 이른 적이 없어(최대 4개) 성장률·종료율이 잡음에 좌우되므로 평가하지 않습니다.,2024
BRD_20241220,아싸족발,4.0,평가 대상 아님,,,가맹점이 30개에 이른 적이 없어(최대 4개) 성장률·종료율이 잡음에 좌우되므로 평가하지 않습니다.,2024
BRD_20241240,푸푸커피(fufu coffee),4.0,평가 대상 아님,,,가맹점이 30개에 이른 적이 없어(최대 7개) 성장률·종료율이 잡음에 좌우되므로 평가하지 않습니다.,2024
BRD_20241245,베어글스,4.0,평가 대상 아님,,,가맹점이 30개에 이른 적이 없어(최대 4개) 성장률·종료율이 잡음에 좌우되므로 평가하지 않습니다.,2024
BRD_20241273,달콤스토어,4.0,평가 대상 아님,,,가맹점이 30개에 이른 적이 없어(최대 9개) 성장률·종료율이 잡음에 좌우되므로 평가하지 않습니다.,2024
BRD_20241290,양인환대(羊人歡待),4.0,평가 대상 아님,,,가맹점이 30개에 이른 적이 없어(최대 4개) 성장률·종료율이 잡음에 좌우되므로 평가하지 않습니다.,2024
BRD_20241305,삼삼오오,4.0,평가 대상 아님,,,가맹점이 30개에 이른 적이 없어(최대 4개) 성장률·종료율이 잡음에 좌우되므로 평가하지 않습니다.,2024
BRD_20241384,두시야들 조선족발,4.0,평가 대상 아님,,,가맹점이 30개에 이른 적이 없어(최대 4개) 성장률·종료율이 잡음에 좌우되므로 평가하지 않습니다.,2024
BRD_20241448,카페동이,4.0,평가 대상 아님,,,가맹점이 30개에 이른 적이 없어(최대 4개) 성장률·종료율이 잡음에 좌우되므로 평가하지 않습니다.,2024
BRD_20241485,족부심,4.0,평가 대상 아님,,,가맹점이 30개에 이른 적이 없어(최대 4개) 성장률·종료율이 잡음에 좌우되므로 평가하지 않습니다.,2024
BRD_20241547,밥한민국,4.0,평가 대상 아님,,,가맹점이 30개에 이른 적이 없어(최대 4개) 성장률·종료율이 잡음에 좌우되므로 평가하지 않습니다.,2024
BRD_20241550,초선마라,4.0,평가 대상 아님,,,가맹점이 30개에 이른 적이 없어(최대 4개) 성장률·종료율이 잡음에 좌우되므로 평가하지 않습니다.,2024
BRD_20241555,포차중문,4.0,평가 대상 아님,,,가맹점이 30개에 이른 적이 없어(최대 4개) 성장률·종료율이 잡음에 좌우되므로 평가하지 않습니다.,2024
BRD_20250279,죽생죽사,4.0,평가 대상 아님,,,가맹점이 30개에 이른 적이 없어(최대 4개) 성장률·종료율이 잡음에 좌우되므로 평가하지 않습니다.,2024
BRD_20250406,만월 월랑,4.0,평가 대상 아님,,,가맹점이 30개에 이른 적이 없어(최대 4개) 성장률·종료율이 잡음에 좌우되므로 평가하지 않습니다.,2024
BRD_20250433,맛디댜피자,4.0,평가 대상 아님,,,가맹점이 30개에 이른 적이 없어(최대 4개) 성장률·종료율이 잡음에 좌우되므로 평가하지 않습니다.,2024
BRD_20250530,냉면끝집,4.0,평가 대상 아님,,,가맹점이 30개에 이른 적이 없어(최대 4개) 성장률·종료율이 잡음에 좌우되므로 평가하지 않습니다.,2024
BRD_20250538,해품장 팔팔장어,4.0,평가 대상 아님,,,가맹점이 30개에 이른 적이 없어(최대 4개) 성장률·종료율이 잡음에 좌우되므로 평가하지 않습니다.,2024
BRD_20250675,품다올밥상,4.0,평가 대상 아님,,,가맹점이 30개에 이른 적이 없어(최대 4개) 성장률·종료율이 잡음에 좌우되므로 평가하지 않습니다.,2024
BRD_20250705,꼬목살,4.0,평가 대상 아님,,,가맹점이 30개에 이른 적이 없어(최대 4개) 성장률·종료율이 잡음에 좌우되므로 평가하지 않습니다.,2024
BRD_20250861,정원오리촌,4.0,평가 대상 아님,,,가맹점이 30개에 이른 적이 없어(최대 4개) 성장률·종료율이 잡음에 좌우되므로 평가하지 않습니다.,2024
BRD_20250988,카페드리옹,4.0,평가 대상 아님,,,가맹점이 30개에 이른 적이 없어(최대 4개) 성장률·종료율이 잡음에 좌우되므로 평가하지 않습니다.,2024
BRD_20250998,마시쏘부대찌개,4.0,평가 대상 아님,,,가맹점이 30개에 이른 적이 없어(최대 4개) 성장률·종료율이 잡음에 좌우되므로 평가하지 않습니다.,2024
NAME:감성카츠@외식,감성카츠,4.0,평가 대상 아님,,,가맹점이 30개에 이른 적이 없어(최대 4개) 성장률·종료율이 잡음에 좌우되므로 평가하지 않습니다.,2024
NAME:고기굽는방앗간@외식,고기굽는방앗간,4.0,평가 대상 아님,,,가맹점이 30개에 이른 적이 없어(최대 4개) 성장률·종료율이 잡음에 좌우되므로 평가하지 않습니다.,2024
NAME:돈페@외식,돈페,4.0,평가 대상 아님,,,가맹점이 30개에 이른 적이 없어(최대 4개) 성장률·종료율이 잡음에 좌우되므로 평가하지 않습니다.,2024
NAME:땡큐맘치킨@외식,땡큐맘치킨,4.0,평가 대상 아님,,,가맹점이 30개에 이른 적이 없어(최대 27개) 성장률·종료율이 잡음에 좌우되므로 평가하지 않습니다.,2024
NAME:또이스치킨찜닭@외식,또이스치킨찜닭,4.0,평가 대상 아님,,,가맹점이 30개에 이른 적이 없어(최대 4개) 성장률·종료율이 잡음에 좌우되므로 평가하지 않습니다.,2024
NAME:삼시세끼꼬마김밥@외식,삼시세끼 꼬마김밥,4.0,평가 대상 아님,,,가맹점이 30개에 이른 적이 없어(최대 6개) 성장률·종료율이 잡음에 좌우되므로 평가하지 않습니다.,2024
NAME:연탄등불회관@외식,연탄등불회관,4.0,평가 대상 아님,,,가맹점이 30개에 이른 적이 없어(최대 4개) 성장률·종료율이 잡음에 좌우되므로 평가하지 않습니다.,2024
NAME:하즈벤hazben@외식,하즈벤(HAZBEN),4.0,평가 대상 아님,,,가맹점이 30개에 이른 적이 없어(최대 8개) 성장률·종료율이 잡음에 좌우되므로 평가하지 않습니다.,2024
BRD_20080100057,화평동왕냉면,3.0,평가 대상 아님,,,가맹점이 30개에 이른 적이 없어(최대 28개) 성장률·종료율이 잡음에 좌우되므로 평가하지 않습니다.,2024
BRD_20080100250,Port' Albs 피자굼터,3.0,평가 대상 아님,,,가맹점이 30개에 이른 적이 없어(최대 12개) 성장률·종료율이 잡음에 좌우되므로 평가하지 않습니다.,2024
BRD_20080100399,더후라이팬 후라이드 치킨,3.0,평가 대상 아님,,,가맹점이 30개에 이른 적이 없어(최대 28개) 성장률·종료율이 잡음에 좌우되므로 평가하지 않습니다.,2024
BRD_20080100532,우마루,3.0,평가 대상 아님,,,가맹점이 30개에 이른 적이 없어(최대 18개) 성장률·종료율이 잡음에 좌우되므로 평가하지 않습니다.,2024
BRD_20090100484,오래오래장충동왕족발보쌈,3.0,평가 대상 아님,,,가맹점이 30개에 이른 적이 없어(최대 12개) 성장률·종료율이 잡음에 좌우되므로 평가하지 않습니다.,2024
BRD_20100100158,멘타로,3.0,평가 대상 아님,,,가맹점이 30개에 이른 적이 없어(최대 7개) 성장률·종료율이 잡음에 좌우되므로 평가하지 않습니다.,2024
BRD_20100100171,이태원천상,3.0,평가 대상 아님,,,가맹점이 30개에 이른 적이 없어(최대 11개) 성장률·종료율이 잡음에 좌우되므로 평가하지 않습니다.,2024
BRD_20100100304,오라이 숯불닭갈비,3.0,평가 대상 아님,,,가맹점이 30개에 이른 적이 없어(최대 7개) 성장률·종료율이 잡음에 좌우되므로 평가하지 않습니다.,2024
BRD_20100100550,서병장 대 김이병,3.0,평가 대상 아님,,,가맹점이 30개에 이른 적이 없어(최대 10개) 성장률·종료율이 잡음에 좌우되므로 평가하지 않습니다.,2024
BRD_20100300053,나베야,3.0,평가 대상 아님,,,가맹점이 30개에 이른 적이 없어(최대 3개) 성장률·종료율이 잡음에 좌우되므로 평가하지 않습니다.,2024
BRD_20110100389,제퍼빈스(Zephyr Beans),3.0,평가 대상 아님,,,가맹점이 30개에 이른 적이 없어(최대 19개) 성장률·종료율이 잡음에 좌우되므로 평가하지 않습니다.,2024
BRD_20110100590,윤가네오리구이전문점,3.0,평가 대상 아님,,,가맹점이 30개에 이른 적이 없어(최대 7개) 성장률·종료율이 잡음에 좌우되므로 평가하지 않습니다.,2024
BRD_20110100606,춘천꼬꼬닭갈비,3.0,평가 대상 아님,,,가맹점이 30개에 이른 적이 없어(최대 13개) 성장률·종료율이 잡음에 좌우되므로 평가하지 않습니다.,2024
BRD_20110300063,오이시라멘,3.0,평가 대상 아님,,,가맹점이 30개에 이른 적이 없어(최대 7개) 성장률·종료율이 잡음에 좌우되므로 평가하지 않습니다.,2024
BRD_20120100188,바른식 시골보쌈&감자옹심이,3.0,평가 대상 아님,,,가맹점이 30개에 이른 적이 없어(최대 6개) 성장률·종료율이 잡음에 좌우되므로 평가하지 않습니다.,2024
BRD_20120100347,또뽀끼야,3.0,평가 대상 아님,,,가맹점이 30개에 이른 적이 없어(최대 8개) 성장률·종료율이 잡음에 좌우되므로 평가하지 않습니다.,2024
BRD_20120100499,봄채향,3.0,평가 대상 아님,,,가맹점이 30개에 이른 적이 없어(최대 3개) 성장률·종료율이 잡음에 좌우되므로 평가하지 않습니다.,2024
BRD_20120100532,드립앤더치,3.0,평가 대상 아님,,,가맹점이 30개에 이른 적이 없어(최대 6개) 성장률·종료율이 잡음에 좌우되므로 평가하지 않습니다.,2024
BRD_20130100333,브라우니70,3.0,평가 대상 아님,,,가맹점이 30개에 이른 적이 없어(최대 15개) 성장률·종료율이 잡음에 좌우되므로 평가하지 않습니다.,2024
BRD_20130395,놀부화덕족발,3.0,평가 대상 아님,,,가맹점이 30개에 이른 적이 없어(최대 26개) 성장률·종료율이 잡음에 좌우되므로 평가하지 않습니다.,2024
BRD_20140104,삼육오 족발찜닭,3.0,평가 대상 아님,,,가맹점이 30개에 이른 적이 없어(최대 16개) 성장률·종료율이 잡음에 좌우되므로 평가하지 않습니다.,2024
BRD_20140380,호호닭발,3.0,평가 대상 아님,,,가맹점이 30개에 이른 적이 없어(최대 10개) 성장률·종료율이 잡음에 좌우되므로 평가하지 않습니다.,2024
BRD_20140383,피제리아 나인로드,3.0,평가 대상 아님,,,가맹점이 30개에 이른 적이 없어(최대 19개) 성장률·종료율이 잡음에 좌우되므로 평가하지 않습니다.,2024
BRD_20140390,겐돈소바,3.0,평가 대상 아님,,,가맹점이 30개에 이른 적이 없어(최대 4개) 성장률·종료율이 잡음에 좌우되므로 평가하지 않습니다.,2024
BRD_20140468,파육장,3.0,평가 대상 아님,,,가맹점이 30개에 이른 적이 없어(최대 6개) 성장률·종료율이 잡음에 좌우되므로 평가하지 않습니다.,2024
BRD_20140505,찜다해,3.0,평가 대상 아님,,,가맹점이 30개에 이른 적이 없어(최대 3개) 성장률·종료율이 잡음에 좌우되므로 평가하지 않습니다.,2024
BRD_20140556,후쿠오카함바그,3.0,평가 대상 아님,,,가맹점이 30개에 이른 적이 없어(최대 27개) 성장률·종료율이 잡음에 좌우되므로 평가하지 않습니다.,2024
BRD_20140790,장상궁(미니)김밥,3.0,평가 대상 아님,,,가맹점이 30개에 이른 적이 없어(최대 7개) 성장률·종료율이 잡음에 좌우되므로 평가하지 않습니다.,2024
BRD_20140859,김밥의진수,3.0,평가 대상 아님,,,가맹점이 30개에 이른 적이 없어(최대 5개) 성장률·종료율이 잡음에 좌우되므로 평가하지 않습니다.,2024
BRD_20141253,빛가람국밥,3.0,평가 대상 아님,,,가맹점이 30개에 이른 적이 없어(최대 7개) 성장률·종료율이 잡음에 좌우되므로 평가하지 않습니다.,2024
BRD_20150048,리골레토시카고피자,3.0,평가 대상 아님,,,가맹점이 30개에 이른 적이 없어(최대 28개) 성장률·종료율이 잡음에 좌우되므로 평가하지 않습니다.,2024
BRD_20150060,매반생면,3.0,평가 대상 아님,,,가맹점이 30개에 이른 적이 없어(최대 13개) 성장률·종료율이 잡음에 좌우되므로 평가하지 않습니다.,2024
BRD_20150421,몽뜨레셰프 인더키친 패밀리레스토랑,3.0,평가 대상 아님,,,가맹점이 30개에 이른 적이 없어(최대 7개) 성장률·종료율이 잡음에 좌우되므로 평가하지 않습니다.,2024
BRD_20150888,비어드파파,3.0,평가 대상 아님,,,가맹점이 30개에 이른 적이 없어(최대 13개) 성장률·종료율이 잡음에 좌우되므로 평가하지 않습니다.,2024
BRD_20160284,청춘문방구,3.0,평가 대상 아님,,,가맹점이 30개에 이른 적이 없어(최대 10개) 성장률·종료율이 잡음에 좌우되므로 평가하지 않습니다.,2024
BRD_20160543,김밥제일가,3.0,평가 대상 아님,,,가맹점이 30개에 이른 적이 없어(최대 11개) 성장률·종료율이 잡음에 좌우되므로 평가하지 않습니다.,2024
BRD_20160547,포삼팔,3.0,평가 대상 아님,,,가맹점이 30개에 이른 적이 없어(최대 9개) 성장률·종료율이 잡음에 좌우되므로 평가하지 않습니다.,2024
BRD_20160608,jay coffee,3.0,평가 대상 아님,,,가맹점이 30개에 이른 적이 없어(최대 8개) 성장률·종료율이 잡음에 좌우되므로 평가하지 않습니다.,2024
BRD_20160699,농부치킨,3.0,평가 대상 아님,,,가맹점이 30개에 이른 적이 없어(최대 13개) 성장률·종료율이 잡음에 좌우되므로 평가하지 않습니다.,2024
BRD_20160975,먼투썬 피자,3.0,평가 대상 아님,,,가맹점이 30개에 이른 적이 없어(최대 7개) 성장률·종료율이 잡음에 좌우되므로 평가하지 않습니다.,2024
BRD_20160998,쟈빠따,3.0,평가 대상 아님,,,가맹점이 30개에 이른 적이 없어(최대 7개) 성장률·종료율이 잡음에 좌우되므로 평가하지 않습니다.,2024
BRD_20170187,풍년인카페,3.0,평가 대상 아님,,,가맹점이 30개에 이른 적이 없어(최대 3개) 성장률·종료율이 잡음에 좌우되므로 평가하지 않습니다.,2024
BRD_20170266,두레마을우동집,3.0,평가 대상 아님,,,가맹점이 30개에 이른 적이 없어(최대 8개) 성장률·종료율이 잡음에 좌우되므로 평가하지 않습니다.,2024
BRD_20170364,원흥닭발통닭,3.0,평가 대상 아님,,,가맹점이 30개에 이른 적이 없어(최대 3개) 성장률·종료율이 잡음에 좌우되므로 평가하지 않습니다.,2024
BRD_20170453,무국식탁편백집,3.0,평가 대상 아님,,,가맹점이 30개에 이른 적이 없어(최대 5개) 성장률·종료율이 잡음에 좌우되므로 평가하지 않습니다.,2024
BRD_20170524,북경짜장,3.0,평가 대상 아님,,,가맹점이 30개에 이른 적이 없어(최대 12개) 성장률·종료율이 잡음에 좌우되므로 평가하지 않습니다.,2024
BRD_20170936,항방양육관,3.0,평가 대상 아님,,,가맹점이 30개에 이른 적이 없어(최대 4개) 성장률·종료율이 잡음에 좌우되므로 평가하지 않습니다.,2024
BRD_20170958,키무카츠,3.0,평가 대상 아님,,,가맹점이 30개에 이른 적이 없어(최대 19개) 성장률·종료율이 잡음에 좌우되므로 평가하지 않습니다.,2024
BRD_20171213,동수네통닭,3.0,평가 대상 아님,,,가맹점이 30개에 이른 적이 없어(최대 3개) 성장률·종료율이 잡음에 좌우되므로 평가하지 않습니다.,2024
BRD_20171279,진장수 미역,3.0,평가 대상 아님,,,가맹점이 30개에 이른 적이 없어(최대 12개) 성장률·종료율이 잡음에 좌우되므로 평가하지 않습니다.,2024
BRD_20171355,모두순대국감자탕,3.0,평가 대상 아님,,,가맹점이 30개에 이른 적이 없어(최대 5개) 성장률·종료율이 잡음에 좌우되므로 평가하지 않습니다.,2024
BRD_20171534,홍스떡,3.0,평가 대상 아님,,,가맹점이 30개에 이른 적이 없어(최대 15개) 성장률·종료율이 잡음에 좌우되므로 평가하지 않습니다.,2024
BRD_20180003,조선갈비실록,3.0,평가 대상 아님,,,가맹점이 30개에 이른 적이 없어(최대 3개) 성장률·종료율이 잡음에 좌우되므로 평가하지 않습니다.,2024
BRD_20180015,라벨스하이디,3.0,평가 대상 아님,,,가맹점이 30개에 이른 적이 없어(최대 9개) 성장률·종료율이 잡음에 좌우되므로 평가하지 않습니다.,2024
BRD_20180087,화를품은닭,3.0,평가 대상 아님,,,가맹점이 30개에 이른 적이 없어(최대 4개) 성장률·종료율이 잡음에 좌우되므로 평가하지 않습니다.,2024
BRD_20180295,킹스빈,3.0,평가 대상 아님,,,가맹점이 30개에 이른 적이 없어(최대 13개) 성장률·종료율이 잡음에 좌우되므로 평가하지 않습니다.,2024
BRD_20180300,우텐더,3.0,평가 대상 아님,,,가맹점이 30개에 이른 적이 없어(최대 4개) 성장률·종료율이 잡음에 좌우되므로 평가하지 않습니다.,2024
BRD_20180390,홍미당,3.0,평가 대상 아님,,,가맹점이 30개에 이른 적이 없어(최대 4개) 성장률·종료율이 잡음에 좌우되므로 평가하지 않습니다.,2024
BRD_20180459,삼육가珍,3.0,평가 대상 아님,,,가맹점이 30개에 이른 적이 없어(최대 7개) 성장률·종료율이 잡음에 좌우되므로 평가하지 않습니다.,2024
BRD_20180568,떡볶이몽테이너,3.0,평가 대상 아님,,,가맹점이 30개에 이른 적이 없어(최대 6개) 성장률·종료율이 잡음에 좌우되므로 평가하지 않습니다.,2024
BRD_20180614,엠에프씨 멕시칸치킨(MFC 멕시칸치킨),3.0,평가 대상 아님,,,가맹점이 30개에 이른 적이 없어(최대 7개) 성장률·종료율이 잡음에 좌우되므로 평가하지 않습니다.,2024
BRD_20180678,닭깡,3.0,평가 대상 아님,,,가맹점이 30개에 이른 적이 없어(최대 10개) 성장률·종료율이 잡음에 좌우되므로 평가하지 않습니다.,2024
BRD_20180850,데블스램&펍,3.0,평가 대상 아님,,,가맹점이 30개에 이른 적이 없어(최대 4개) 성장률·종료율이 잡음에 좌우되므로 평가하지 않습니다.,2024
BRD_20181001,쥬청과,3.0,평가 대상 아님,,,가맹점이 30개에 이른 적이 없어(최대 7개) 성장률·종료율이 잡음에 좌우되므로 평가하지 않습니다.,2024
BRD_20181036,샤브정,3.0,평가 대상 아님,,,가맹점이 30개에 이른 적이 없어(최대 8개) 성장률·종료율이 잡음에 좌우되므로 평가하지 않습니다.,2024
BRD_20181119,하남닭뽂상회,3.0,평가 대상 아님,,,가맹점이 30개에 이른 적이 없어(최대 8개) 성장률·종료율이 잡음에 좌우되므로 평가하지 않습니다.,2024
BRD_20181177,오늘도꽈배기,3.0,평가 대상 아님,,,가맹점이 30개에 이른 적이 없어(최대 6개) 성장률·종료율이 잡음에 좌우되므로 평가하지 않습니다.,2024
BRD_20181183,일커피(iL COFFEE),3.0,평가 대상 아님,,,가맹점이 30개에 이른 적이 없어(최대 5개) 성장률·종료율이 잡음에 좌우되므로 평가하지 않습니다.,2024
BRD_20181239,브럭시,3.0,평가 대상 아님,,,가맹점이 30개에 이른 적이 없어(최대 3개) 성장률·종료율이 잡음에 좌우되므로 평가하지 않습니다.,2024
BRD_20190101,사담손만두,3.0,평가 대상 아님,,,가맹점이 30개에 이른 적이 없어(최대 8개) 성장률·종료율이 잡음에 좌우되므로 평가하지 않습니다.,2024
BRD_20190172,꺼먹지명태조림,3.0,평가 대상 아님,,,가맹점이 30개에 이른 적이 없어(최대 3개) 성장률·종료율이 잡음에 좌우되므로 평가하지 않습니다.,2024
BRD_20190329,오늘은쭈꾸미,3.0,평가 대상 아님,,,가맹점이 30개에 이른 적이 없어(최대 5개) 성장률·종료율이 잡음에 좌우되므로 평가하지 않습니다.,2024
BRD_20190467,감성대패,3.0,평가 대상 아님,,,가맹점이 30개에 이른 적이 없어(최대 8개) 성장률·종료율이 잡음에 좌우되므로 평가하지 않습니다.,2024
BRD_20190506,오늘도찜닭&삼겹&파스타,3.0,평가 대상 아님,,,가맹점이 30개에 이른 적이 없어(최대 13개) 성장률·종료율이 잡음에 좌우되므로 평가하지 않습니다.,2024
BRD_20190516,로반스윗,3.0,평가 대상 아님,,,가맹점이 30개에 이른 적이 없어(최대 10개) 성장률·종료율이 잡음에 좌우되므로 평가하지 않습니다.,2024
BRD_20190584,띤띤,3.0,평가 대상 아님,,,가맹점이 30개에 이른 적이 없어(최대 3개) 성장률·종료율이 잡음에 좌우되므로 평가하지 않습니다.,2024
BRD_20190607,꼬치공방,3.0,평가 대상 아님,,,가맹점이 30개에 이른 적이 없어(최대 3개) 성장률·종료율이 잡음에 좌우되므로 평가하지 않습니다.,2024
BRD_20190691,피자아이씨,3.0,평가 대상 아님,,,가맹점이 30개에 이른 적이 없어(최대 9개) 성장률·종료율이 잡음에 좌우되므로 평가하지 않습니다.,2024
BRD_20190729,정씨함박,3.0,평가 대상 아님,,,가맹점이 30개에 이른 적이 없어(최대 5개) 성장률·종료율이 잡음에 좌우되므로 평가하지 않습니다.,2024
BRD_20190799,돼지갈비 튀기는 남자,3.0,평가 대상 아님,,,가맹점이 30개에 이른 적이 없어(최대 3개) 성장률·종료율이 잡음에 좌우되므로 평가하지 않습니다.,2024
BRD_20190815,사골먹은감자탕,3.0,평가 대상 아님,,,가맹점이 30개에 이른 적이 없어(최대 16개) 성장률·종료율이 잡음에 좌우되므로 평가하지 않습니다.,2024
BRD_20190818,때깔,3.0,평가 대상 아님,,,가맹점이 30개에 이른 적이 없어(최대 4개) 성장률·종료율이 잡음에 좌우되므로 평가하지 않습니다.,2024
BRD_20190869,하솜면가육전메밀,3.0,평가 대상 아님,,,가맹점이 30개에 이른 적이 없어(최대 4개) 성장률·종료율이 잡음에 좌우되므로 평가하지 않습니다.,2024
BRD_20190901,삼미대포,3.0,평가 대상 아님,,,가맹점이 30개에 이른 적이 없어(최대 4개) 성장률·종료율이 잡음에 좌우되므로 평가하지 않습니다.,2024
BRD_20190939,간코,3.0,평가 대상 아님,,,가맹점이 30개에 이른 적이 없어(최대 3개) 성장률·종료율이 잡음에 좌우되므로 평가하지 않습니다.,2024
BRD_20191017,맨하탄슈퍼(MANHATTAN SUPERMARKET),3.0,평가 대상 아님,,,가맹점이 30개에 이른 적이 없어(최대 3개) 성장률·종료율이 잡음에 좌우되므로 평가하지 않습니다.,2024
BRD_20191043,더짱터,3.0,평가 대상 아님,,,가맹점이 30개에 이른 적이 없어(최대 3개) 성장률·종료율이 잡음에 좌우되므로 평가하지 않습니다.,2024
BRD_20191067,찜닭에 꽂힌 닭집애,3.0,평가 대상 아님,,,가맹점이 30개에 이른 적이 없어(최대 20개) 성장률·종료율이 잡음에 좌우되므로 평가하지 않습니다.,2024
BRD_20191106,미친돈까스,3.0,평가 대상 아님,,,가맹점이 30개에 이른 적이 없어(최대 4개) 성장률·종료율이 잡음에 좌우되므로 평가하지 않습니다.,2024
BRD_20191220,국제갈비,3.0,평가 대상 아님,,,가맹점이 30개에 이른 적이 없어(최대 4개) 성장률·종료율이 잡음에 좌우되므로 평가하지 않습니다.,2024
BRD_20191327,동양백반,3.0,평가 대상 아님,,,가맹점이 30개에 이른 적이 없어(최대 3개) 성장률·종료율이 잡음에 좌우되므로 평가하지 않습니다.,2024
BRD_20191337,종가삼대화로집,3.0,평가 대상 아님,,,가맹점이 30개에 이른 적이 없어(최대 6개) 성장률·종료율이 잡음에 좌우되므로 평가하지 않습니다.,2024
BRD_20200025,도쿠베츠,3.0,평가 대상 아님,,,가맹점이 30개에 이른 적이 없어(최대 3개) 성장률·종료율이 잡음에 좌우되므로 평가하지 않습니다.,2024
BRD_20200108,고씨네고추장찌개,3.0,평가 대상 아님,,,가맹점이 30개에 이른 적이 없어(최대 3개) 성장률·종료율이 잡음에 좌우되므로 평가하지 않습니다.,2024
BRD_20200123,9라파 부대찌개,3.0,평가 대상 아님,,,가맹점이 30개에 이른 적이 없어(최대 8개) 성장률·종료율이 잡음에 좌우되므로 평가하지 않습니다.,2024
BRD_20200156,명장반점,3.0,평가 대상 아님,,,가맹점이 30개에 이른 적이 없어(최대 4개) 성장률·종료율이 잡음에 좌우되므로 평가하지 않습니다.,2024
BRD_20200346,마뇨떡볶이,3.0,평가 대상 아님,,,가맹점이 30개에 이른 적이 없어(최대 7개) 성장률·종료율이 잡음에 좌우되므로 평가하지 않습니다.,2024
BRD_20200438,오마이양대창,3.0,평가 대상 아님,,,가맹점이 30개에 이른 적이 없어(최대 7개) 성장률·종료율이 잡음에 좌우되므로 평가하지 않습니다.,2024
BRD_20200558,완뽕,3.0,평가 대상 아님,,,가맹점이 30개에 이른 적이 없어(최대 7개) 성장률·종료율이 잡음에 좌우되므로 평가하지 않습니다.,2024
BRD_20200565,출근길 생고기,3.0,평가 대상 아님,,,가맹점이 30개에 이른 적이 없어(최대 4개) 성장률·종료율이 잡음에 좌우되므로 평가하지 않습니다.,2024
BRD_20200708,9 BLOCK (나인블럭),3.0,평가 대상 아님,,,가맹점이 30개에 이른 적이 없어(최대 3개) 성장률·종료율이 잡음에 좌우되므로 평가하지 않습니다.,2024
BRD_20200716,레트로지,3.0,평가 대상 아님,,,가맹점이 30개에 이른 적이 없어(최대 4개) 성장률·종료율이 잡음에 좌우되므로 평가하지 않습니다.,2024
BRD_20200742,손에손잡고,3.0,평가 대상 아님,,,가맹점이 30개에 이른 적이 없어(최대 4개) 성장률·종료율이 잡음에 좌우되므로 평가하지 않습니다.,2024
BRD_20200824,아싸라비야 매운떡볶이,3.0,평가 대상 아님,,,가맹점이 30개에 이른 적이 없어(최대 5개) 성장률·종료율이 잡음에 좌우되므로 평가하지 않습니다.,2024
BRD_20200916,핫게이트99치킨,3.0,평가 대상 아님,,,가맹점이 30개에 이른 적이 없어(최대 10개) 성장률·종료율이 잡음에 좌우되므로 평가하지 않습니다.,2024
BRD_20200953,훈민정음 한식주점,3.0,평가 대상 아님,,,가맹점이 30개에 이른 적이 없어(최대 10개) 성장률·종료율이 잡음에 좌우되므로 평가하지 않습니다.,2024
BRD_20201080,더고봉냉면앤만두,3.0,평가 대상 아님,,,가맹점이 30개에 이른 적이 없어(최대 3개) 성장률·종료율이 잡음에 좌우되므로 평가하지 않습니다.,2024
BRD_20201136,최정규 팔당 원조 칼제비 보쌈,3.0,평가 대상 아님,,,가맹점이 30개에 이른 적이 없어(최대 6개) 성장률·종료율이 잡음에 좌우되므로 평가하지 않습니다.,2024
BRD_20201170,찜닭영웅 일찜애,3.0,평가 대상 아님,,,가맹점이 30개에 이른 적이 없어(최대 8개) 성장률·종료율이 잡음에 좌우되므로 평가하지 않습니다.,2024
BRD_20201221,하늘돼지,3.0,평가 대상 아님,,,가맹점이 30개에 이른 적이 없어(최대 3개) 성장률·종료율이 잡음에 좌우되므로 평가하지 않습니다.,2024
BRD_20201303,소제이,3.0,평가 대상 아님,,,가맹점이 30개에 이른 적이 없어(최대 3개) 성장률·종료율이 잡음에 좌우되므로 평가하지 않습니다.,2024
BRD_20201454,황소알곱창,3.0,평가 대상 아님,,,가맹점이 30개에 이른 적이 없어(최대 4개) 성장률·종료율이 잡음에 좌우되므로 평가하지 않습니다.,2024
BRD_20201476,삼겹식당,3.0,평가 대상 아님,,,가맹점이 30개에 이른 적이 없어(최대 4개) 성장률·종료율이 잡음에 좌우되므로 평가하지 않습니다.,2024
BRD_20201502,설어정,3.0,평가 대상 아님,,,가맹점이 30개에 이른 적이 없어(최대 6개) 성장률·종료율이 잡음에 좌우되므로 평가하지 않습니다.,2024
BRD_20201552,만고쿠,3.0,평가 대상 아님,,,가맹점이 30개에 이른 적이 없어(최대 4개) 성장률·종료율이 잡음에 좌우되므로 평가하지 않습니다.,2024
BRD_20201597,돈애반해,3.0,평가 대상 아님,,,가맹점이 30개에 이른 적이 없어(최대 4개) 성장률·종료율이 잡음에 좌우되므로 평가하지 않습니다.,2024
BRD_20201641,똥집이야기,3.0,평가 대상 아님,,,가맹점이 30개에 이른 적이 없어(최대 3개) 성장률·종료율이 잡음에 좌우되므로 평가하지 않습니다.,2024
BRD_20201659,치마이생,3.0,평가 대상 아님,,,가맹점이 30개에 이른 적이 없어(최대 3개) 성장률·종료율이 잡음에 좌우되므로 평가하지 않습니다.,2024
BRD_20201718,큰바우국밥,3.0,평가 대상 아님,,,가맹점이 30개에 이른 적이 없어(최대 15개) 성장률·종료율이 잡음에 좌우되므로 평가하지 않습니다.,2024
BRD_20201777,아침산저녁바다,3.0,평가 대상 아님,,,가맹점이 30개에 이른 적이 없어(최대 17개) 성장률·종료율이 잡음에 좌우되므로 평가하지 않습니다.,2024
BRD_20201856,몽담(MONGDAM),3.0,평가 대상 아님,,,가맹점이 30개에 이른 적이 없어(최대 3개) 성장률·종료율이 잡음에 좌우되므로 평가하지 않습니다.,2024
BRD_20210009,푸른술집 할라,3.0,평가 대상 아님,,,가맹점이 30개에 이른 적이 없어(최대 24개) 성장률·종료율이 잡음에 좌우되므로 평가하지 않습니다.,2024
BRD_20210029,팔도돼지,3.0,평가 대상 아님,,,가맹점이 30개에 이른 적이 없어(최대 4개) 성장률·종료율이 잡음에 좌우되므로 평가하지 않습니다.,2024
BRD_20210182,주해장집,3.0,평가 대상 아님,,,가맹점이 30개에 이른 적이 없어(최대 3개) 성장률·종료율이 잡음에 좌우되므로 평가하지 않습니다.,2024
BRD_20210339,두레숯불갈비,3.0,평가 대상 아님,,,가맹점이 30개에 이른 적이 없어(최대 3개) 성장률·종료율이 잡음에 좌우되므로 평가하지 않습니다.,2024
BRD_20210385,406고깃집,3.0,평가 대상 아님,,,가맹점이 30개에 이른 적이 없어(최대 3개) 성장률·종료율이 잡음에 좌우되므로 평가하지 않습니다.,2024
BRD_20210597,집으로간참치,3.0,평가 대상 아님,,,가맹점이 30개에 이른 적이 없어(최대 8개) 성장률·종료율이 잡음에 좌우되므로 평가하지 않습니다.,2024
BRD_20210689,안서동 야곱집,3.0,평가 대상 아님,,,가맹점이 30개에 이른 적이 없어(최대 7개) 성장률·종료율이 잡음에 좌우되므로 평가하지 않습니다.,2024
BRD_20210753,어부네꽃게&순살게장비빔밥,3.0,평가 대상 아님,,,가맹점이 30개에 이른 적이 없어(최대 15개) 성장률·종료율이 잡음에 좌우되므로 평가하지 않습니다.,2024
BRD_20210782,혁계치킨,3.0,평가 대상 아님,,,가맹점이 30개에 이른 적이 없어(최대 4개) 성장률·종료율이 잡음에 좌우되므로 평가하지 않습니다.,2024
BRD_20210793,채우다,3.0,평가 대상 아님,,,가맹점이 30개에 이른 적이 없어(최대 9개) 성장률·종료율이 잡음에 좌우되므로 평가하지 않습니다.,2024
BRD_20210971,직접구운족발,3.0,평가 대상 아님,,,가맹점이 30개에 이른 적이 없어(최대 3개) 성장률·종료율이 잡음에 좌우되므로 평가하지 않습니다.,2024
BRD_20210988,어니스트식스티(HONEST 6T),3.0,평가 대상 아님,,,가맹점이 30개에 이른 적이 없어(최대 3개) 성장률·종료율이 잡음에 좌우되므로 평가하지 않습니다.,2024
BRD_20211036,리굼숯불치킨,3.0,평가 대상 아님,,,가맹점이 30개에 이른 적이 없어(최대 6개) 성장률·종료율이 잡음에 좌우되므로 평가하지 않습니다.,2024
BRD_20211052,스시벅스,3.0,평가 대상 아님,,,가맹점이 30개에 이른 적이 없어(최대 6개) 성장률·종료율이 잡음에 좌우되므로 평가하지 않습니다.,2024
BRD_20211326,그림카페,3.0,평가 대상 아님,,,가맹점이 30개에 이른 적이 없어(최대 4개) 성장률·종료율이 잡음에 좌우되므로 평가하지 않습니다.,2024
BRD_20211403,호사양곱창,3.0,평가 대상 아님,,,가맹점이 30개에 이른 적이 없어(최대 3개) 성장률·종료율이 잡음에 좌우되므로 평가하지 않습니다.,2024
BRD_20211422,그릭데이,3.0,평가 대상 아님,,,가맹점이 30개에 이른 적이 없어(최대 5개) 성장률·종료율이 잡음에 좌우되므로 평가하지 않습니다.,2024
BRD_20211446,벤베커(Ben Backer),3.0,평가 대상 아님,,,가맹점이 30개에 이른 적이 없어(최대 3개) 성장률·종료율이 잡음에 좌우되므로 평가하지 않습니다.,2024
BRD_20211488,넝쿨째오이소박이냉국수,3.0,평가 대상 아님,,,가맹점이 30개에 이른 적이 없어(최대 4개) 성장률·종료율이 잡음에 좌우되므로 평가하지 않습니다.,2024
BRD_20211525,뚱채김밥,3.0,평가 대상 아님,,,가맹점이 30개에 이른 적이 없어(최대 3개) 성장률·종료율이 잡음에 좌우되므로 평가하지 않습니다.,2024
BRD_20211595,노가리타운,3.0,평가 대상 아님,,,가맹점이 30개에 이른 적이 없어(최대 4개) 성장률·종료율이 잡음에 좌우되므로 평가하지 않습니다.,2024
BRD_20211632,부리또리(Burrito Lee),3.0,평가 대상 아님,,,가맹점이 30개에 이른 적이 없어(최대 4개) 성장률·종료율이 잡음에 좌우되므로 평가하지 않습니다.,2024
BRD_20211719,참치마찌,3.0,평가 대상 아님,,,가맹점이 30개에 이른 적이 없어(최대 3개) 성장률·종료율이 잡음에 좌우되므로 평가하지 않습니다.,2024
BRD_20211864,OCIC네호호감자탕,3.0,평가 대상 아님,,,가맹점이 30개에 이른 적이 없어(최대 4개) 성장률·종료율이 잡음에 좌우되므로 평가하지 않습니다.,2024
BRD_20211893,진진밥고리,3.0,평가 대상 아님,,,가맹점이 30개에 이른 적이 없어(최대 12개) 성장률·종료율이 잡음에 좌우되므로 평가하지 않습니다.,2024
BRD_20212059,철자구자갈구이,3.0,평가 대상 아님,,,가맹점이 30개에 이른 적이 없어(최대 3개) 성장률·종료율이 잡음에 좌우되므로 평가하지 않습니다.,2024
BRD_20212112,라온수제돈가스,3.0,평가 대상 아님,,,가맹점이 30개에 이른 적이 없어(최대 5개) 성장률·종료율이 잡음에 좌우되므로 평가하지 않습니다.,2024
BRD_20212114,샤브올,3.0,평가 대상 아님,,,가맹점이 30개에 이른 적이 없어(최대 4개) 성장률·종료율이 잡음에 좌우되므로 평가하지 않습니다.,2024
BRD_20212121,용덕장코다리,3.0,평가 대상 아님,,,가맹점이 30개에 이른 적이 없어(최대 3개) 성장률·종료율이 잡음에 좌우되므로 평가하지 않습니다.,2024
BRD_20212226,얼 오브 샌드위치(Earl Of Sandwich),3.0,평가 대상 아님,,,가맹점이 30개에 이른 적이 없어(최대 5개) 성장률·종료율이 잡음에 좌우되므로 평가하지 않습니다.,2024
BRD_20212371,빵빵한 슈퍼삼겹살,3.0,평가 대상 아님,,,가맹점이 30개에 이른 적이 없어(최대 4개) 성장률·종료율이 잡음에 좌우되므로 평가하지 않습니다.,2024
BRD_20212411,오성족발,3.0,평가 대상 아님,,,가맹점이 30개에 이른 적이 없어(최대 3개) 성장률·종료율이 잡음에 좌우되므로 평가하지 않습니다.,2024
BRD_20212413,웨인스베이글스(Wayne’s Bagels),3.0,평가 대상 아님,,,가맹점이 30개에 이른 적이 없어(최대 3개) 성장률·종료율이 잡음에 좌우되므로 평가하지 않습니다.,2024
BRD_20212414,포옵,3.0,평가 대상 아님,,,가맹점이 30개에 이른 적이 없어(최대 18개) 성장률·종료율이 잡음에 좌우되므로 평가하지 않습니다.,2024
BRD_20212527|JNG_010321,케이시켈리,3.0,평가 대상 아님,,,가맹점이 30개에 이른 적이 없어(최대 3개) 성장률·종료율이 잡음에 좌우되므로 평가하지 않습니다.,2024
BRD_20212630,남부,3.0,평가 대상 아님,,,가맹점이 30개에 이른 적이 없어(최대 6개) 성장률·종료율이 잡음에 좌우되므로 평가하지 않습니다.,2024
BRD_20212802,울동네꾸이집,3.0,평가 대상 아님,,,가맹점이 30개에 이른 적이 없어(최대 7개) 성장률·종료율이 잡음에 좌우되므로 평가하지 않습니다.,2024
BRD_20212854,명자네 매콤 명태조림,3.0,평가 대상 아님,,,가맹점이 30개에 이른 적이 없어(최대 3개) 성장률·종료율이 잡음에 좌우되므로 평가하지 않습니다.,2024
BRD_20212952,링링마라꼬치,3.0,평가 대상 아님,,,가맹점이 30개에 이른 적이 없어(최대 20개) 성장률·종료율이 잡음에 좌우되므로 평가하지 않습니다.,2024
BRD_20212958,마라롱,3.0,평가 대상 아님,,,가맹점이 30개에 이른 적이 없어(최대 3개) 성장률·종료율이 잡음에 좌우되므로 평가하지 않습니다.,2024
BRD_20212978,끌,3.0,평가 대상 아님,,,가맹점이 30개에 이른 적이 없어(최대 3개) 성장률·종료율이 잡음에 좌우되므로 평가하지 않습니다.,2024
BRD_20213046,현방오백소한판,3.0,평가 대상 아님,,,가맹점이 30개에 이른 적이 없어(최대 3개) 성장률·종료율이 잡음에 좌우되므로 평가하지 않습니다.,2024
BRD_20213074,본호두(BON HODU),3.0,평가 대상 아님,,,가맹점이 30개에 이른 적이 없어(최대 3개) 성장률·종료율이 잡음에 좌우되므로 평가하지 않습니다.,2024
BRD_20213102,밥줄(BAB JOULE),3.0,평가 대상 아님,,,가맹점이 30개에 이른 적이 없어(최대 3개) 성장률·종료율이 잡음에 좌우되므로 평가하지 않습니다.,2024
BRD_20213123,칠우,3.0,평가 대상 아님,,,가맹점이 30개에 이른 적이 없어(최대 3개) 성장률·종료율이 잡음에 좌우되므로 평가하지 않습니다.,2024
BRD_20213194,홍시궁,3.0,평가 대상 아님,,,가맹점이 30개에 이른 적이 없어(최대 3개) 성장률·종료율이 잡음에 좌우되므로 평가하지 않습니다.,2024
BRD_20213199,쌍팔통닭,3.0,평가 대상 아님,,,가맹점이 30개에 이른 적이 없어(최대 3개) 성장률·종료율이 잡음에 좌우되므로 평가하지 않습니다.,2024
BRD_20213363,김밥장수,3.0,평가 대상 아님,,,가맹점이 30개에 이른 적이 없어(최대 3개) 성장률·종료율이 잡음에 좌우되므로 평가하지 않습니다.,2024
BRD_20213581,햄찌와 베찌,3.0,평가 대상 아님,,,가맹점이 30개에 이른 적이 없어(최대 4개) 성장률·종료율이 잡음에 좌우되므로 평가하지 않습니다.,2024
BRD_20213670,카페홍(CAPHE HOANG),3.0,평가 대상 아님,,,가맹점이 30개에 이른 적이 없어(최대 6개) 성장률·종료율이 잡음에 좌우되므로 평가하지 않습니다.,2024
BRD_20213835,제육제왕,3.0,평가 대상 아님,,,가맹점이 30개에 이른 적이 없어(최대 11개) 성장률·종료율이 잡음에 좌우되므로 평가하지 않습니다.,2024
BRD_20213843,삼계꿀치킨,3.0,평가 대상 아님,,,가맹점이 30개에 이른 적이 없어(최대 3개) 성장률·종료율이 잡음에 좌우되므로 평가하지 않습니다.,2024
BRD_20213985,냉면의 신,3.0,평가 대상 아님,,,가맹점이 30개에 이른 적이 없어(최대 5개) 성장률·종료율이 잡음에 좌우되므로 평가하지 않습니다.,2024
BRD_20214170,먹성집,3.0,평가 대상 아님,,,가맹점이 30개에 이른 적이 없어(최대 4개) 성장률·종료율이 잡음에 좌우되므로 평가하지 않습니다.,2024
BRD_20214508,정백정 참숯구이,3.0,평가 대상 아님,,,가맹점이 30개에 이른 적이 없어(최대 3개) 성장률·종료율이 잡음에 좌우되므로 평가하지 않습니다.,2024
BRD_20214616,굿손(GOODSON),3.0,평가 대상 아님,,,가맹점이 30개에 이른 적이 없어(최대 8개) 성장률·종료율이 잡음에 좌우되므로 평가하지 않습니다.,2024
BRD_20215071,라부파마라탕,3.0,평가 대상 아님,,,가맹점이 30개에 이른 적이 없어(최대 5개) 성장률·종료율이 잡음에 좌우되므로 평가하지 않습니다.,2024
BRD_20215304,쇼넨,3.0,평가 대상 아님,,,가맹점이 30개에 이른 적이 없어(최대 4개) 성장률·종료율이 잡음에 좌우되므로 평가하지 않습니다.,2024
BRD_20215404,타래커피1998,3.0,평가 대상 아님,,,가맹점이 30개에 이른 적이 없어(최대 4개) 성장률·종료율이 잡음에 좌우되므로 평가하지 않습니다.,2024
BRD_20215428,내가이나라의국수다,3.0,평가 대상 아님,,,가맹점이 30개에 이른 적이 없어(최대 7개) 성장률·종료율이 잡음에 좌우되므로 평가하지 않습니다.,2024
BRD_20215442,미스터낙곱새,3.0,평가 대상 아님,,,가맹점이 30개에 이른 적이 없어(최대 4개) 성장률·종료율이 잡음에 좌우되므로 평가하지 않습니다.,2024
BRD_20215628,불나는쭈꾸미,3.0,평가 대상 아님,,,가맹점이 30개에 이른 적이 없어(최대 3개) 성장률·종료율이 잡음에 좌우되므로 평가하지 않습니다.,2024
BRD_20220020,꿈떡꿈떡,3.0,평가 대상 아님,,,가맹점이 30개에 이른 적이 없어(최대 4개) 성장률·종료율이 잡음에 좌우되므로 평가하지 않습니다.,2024
BRD_20220058,마시코,3.0,평가 대상 아님,,,가맹점이 30개에 이른 적이 없어(최대 4개) 성장률·종료율이 잡음에 좌우되므로 평가하지 않습니다.,2024
BRD_20220211,블루포트(BLUEPOT),3.0,평가 대상 아님,,,가맹점이 30개에 이른 적이 없어(최대 3개) 성장률·종료율이 잡음에 좌우되므로 평가하지 않습니다.,2024
BRD_20220213,갈치왕,3.0,평가 대상 아님,,,가맹점이 30개에 이른 적이 없어(최대 3개) 성장률·종료율이 잡음에 좌우되므로 평가하지 않습니다.,2024
BRD_20220238|JNG_012876,소고기집박군네,3.0,평가 대상 아님,,,가맹점이 30개에 이른 적이 없어(최대 4개) 성장률·종료율이 잡음에 좌우되므로 평가하지 않습니다.,2024
BRD_20220249,자마버거,3.0,평가 대상 아님,,,가맹점이 30개에 이른 적이 없어(최대 4개) 성장률·종료율이 잡음에 좌우되므로 평가하지 않습니다.,2024
BRD_20220435,창심관,3.0,평가 대상 아님,,,가맹점이 30개에 이른 적이 없어(최대 3개) 성장률·종료율이 잡음에 좌우되므로 평가하지 않습니다.,2024
BRD_20220437,돈카츠식탁,3.0,평가 대상 아님,,,가맹점이 30개에 이른 적이 없어(최대 3개) 성장률·종료율이 잡음에 좌우되므로 평가하지 않습니다.,2024
BRD_20220495,삼평식당,3.0,평가 대상 아님,,,가맹점이 30개에 이른 적이 없어(최대 6개) 성장률·종료율이 잡음에 좌우되므로 평가하지 않습니다.,2024
BRD_20220535,봉이밥,3.0,평가 대상 아님,,,가맹점이 30개에 이른 적이 없어(최대 5개) 성장률·종료율이 잡음에 좌우되므로 평가하지 않습니다.,2024
BRD_20220594,멘야카오리,3.0,평가 대상 아님,,,가맹점이 30개에 이른 적이 없어(최대 3개) 성장률·종료율이 잡음에 좌우되므로 평가하지 않습니다.,2024
BRD_20220611,은근바베큐 와!9이닭,3.0,평가 대상 아님,,,가맹점이 30개에 이른 적이 없어(최대 4개) 성장률·종료율이 잡음에 좌우되므로 평가하지 않습니다.,2024
BRD_20220680,떡볶이농장,3.0,평가 대상 아님,,,가맹점이 30개에 이른 적이 없어(최대 3개) 성장률·종료율이 잡음에 좌우되므로 평가하지 않습니다.,2024
BRD_20220739,대청얼큰오징어찌개,3.0,평가 대상 아님,,,가맹점이 30개에 이른 적이 없어(최대 3개) 성장률·종료율이 잡음에 좌우되므로 평가하지 않습니다.,2024
BRD_20220764,모센즈스위트,3.0,평가 대상 아님,,,가맹점이 30개에 이른 적이 없어(최대 3개) 성장률·종료율이 잡음에 좌우되므로 평가하지 않습니다.,2024
BRD_20220783,마라365,3.0,평가 대상 아님,,,가맹점이 30개에 이른 적이 없어(최대 4개) 성장률·종료율이 잡음에 좌우되므로 평가하지 않습니다.,2024
BRD_20220808,브리즈번버거앤비어,3.0,평가 대상 아님,,,가맹점이 30개에 이른 적이 없어(최대 3개) 성장률·종료율이 잡음에 좌우되므로 평가하지 않습니다.,2024
BRD_20220860,송원스키야키샤브샤브,3.0,평가 대상 아님,,,가맹점이 30개에 이른 적이 없어(최대 3개) 성장률·종료율이 잡음에 좌우되므로 평가하지 않습니다.,2024
BRD_20220883,치킨에꼬치다,3.0,평가 대상 아님,,,가맹점이 30개에 이른 적이 없어(최대 3개) 성장률·종료율이 잡음에 좌우되므로 평가하지 않습니다.,2024
BRD_20220944,서울바나나커피,3.0,평가 대상 아님,,,가맹점이 30개에 이른 적이 없어(최대 7개) 성장률·종료율이 잡음에 좌우되므로 평가하지 않습니다.,2024
BRD_20220978,보쌈백프로,3.0,평가 대상 아님,,,가맹점이 30개에 이른 적이 없어(최대 3개) 성장률·종료율이 잡음에 좌우되므로 평가하지 않습니다.,2024
BRD_20221095,맘스츄러스,3.0,평가 대상 아님,,,가맹점이 30개에 이른 적이 없어(최대 3개) 성장률·종료율이 잡음에 좌우되므로 평가하지 않습니다.,2024
BRD_20221101,히츠지,3.0,평가 대상 아님,,,가맹점이 30개에 이른 적이 없어(최대 3개) 성장률·종료율이 잡음에 좌우되므로 평가하지 않습니다.,2024
BRD_20221118,미스터봉막창,3.0,평가 대상 아님,,,가맹점이 30개에 이른 적이 없어(최대 3개) 성장률·종료율이 잡음에 좌우되므로 평가하지 않습니다.,2024
BRD_20221131,한상바오 와갈비,3.0,평가 대상 아님,,,가맹점이 30개에 이른 적이 없어(최대 3개) 성장률·종료율이 잡음에 좌우되므로 평가하지 않습니다.,2024
BRD_20221183,바이웨이(BYWAY),3.0,평가 대상 아님,,,가맹점이 30개에 이른 적이 없어(최대 6개) 성장률·종료율이 잡음에 좌우되므로 평가하지 않습니다.,2024
BRD_20221217,코코로라멘,3.0,평가 대상 아님,,,가맹점이 30개에 이른 적이 없어(최대 4개) 성장률·종료율이 잡음에 좌우되므로 평가하지 않습니다.,2024
BRD_20221222,카츠업,3.0,평가 대상 아님,,,가맹점이 30개에 이른 적이 없어(최대 3개) 성장률·종료율이 잡음에 좌우되므로 평가하지 않습니다.,2024
BRD_20221269,만족커피,3.0,평가 대상 아님,,,가맹점이 30개에 이른 적이 없어(최대 3개) 성장률·종료율이 잡음에 좌우되므로 평가하지 않습니다.,2024
BRD_20221319,오늘도웃자,3.0,평가 대상 아님,,,가맹점이 30개에 이른 적이 없어(최대 3개) 성장률·종료율이 잡음에 좌우되므로 평가하지 않습니다.,2024
BRD_20221333,뽀까슈,3.0,평가 대상 아님,,,가맹점이 30개에 이른 적이 없어(최대 3개) 성장률·종료율이 잡음에 좌우되므로 평가하지 않습니다.,2024
BRD_20221363,몬안베띠,3.0,평가 대상 아님,,,가맹점이 30개에 이른 적이 없어(최대 3개) 성장률·종료율이 잡음에 좌우되므로 평가하지 않습니다.,2024
BRD_20221376,초술당,3.0,평가 대상 아님,,,가맹점이 30개에 이른 적이 없어(최대 4개) 성장률·종료율이 잡음에 좌우되므로 평가하지 않습니다.,2024
BRD_20221379,쿠라쿠라,3.0,평가 대상 아님,,,가맹점이 30개에 이른 적이 없어(최대 4개) 성장률·종료율이 잡음에 좌우되므로 평가하지 않습니다.,2024
BRD_20221409,어물전,3.0,평가 대상 아님,,,가맹점이 30개에 이른 적이 없어(최대 3개) 성장률·종료율이 잡음에 좌우되므로 평가하지 않습니다.,2024
BRD_20221415,라라맨숀,3.0,평가 대상 아님,,,가맹점이 30개에 이른 적이 없어(최대 3개) 성장률·종료율이 잡음에 좌우되므로 평가하지 않습니다.,2024
BRD_20221431,아가젤라또(a.ga gelato),3.0,평가 대상 아님,,,가맹점이 30개에 이른 적이 없어(최대 3개) 성장률·종료율이 잡음에 좌우되므로 평가하지 않습니다.,2024
BRD_20221463,수경수제만두,3.0,평가 대상 아님,,,가맹점이 30개에 이른 적이 없어(최대 3개) 성장률·종료율이 잡음에 좌우되므로 평가하지 않습니다.,2024
BRD_20230016,꿀때기,3.0,평가 대상 아님,,,가맹점이 30개에 이른 적이 없어(최대 3개) 성장률·종료율이 잡음에 좌우되므로 평가하지 않습니다.,2024
BRD_20230059,궁민정음,3.0,평가 대상 아님,,,가맹점이 30개에 이른 적이 없어(최대 3개) 성장률·종료율이 잡음에 좌우되므로 평가하지 않습니다.,2024
BRD_20230104,태향원,3.0,평가 대상 아님,,,가맹점이 30개에 이른 적이 없어(최대 6개) 성장률·종료율이 잡음에 좌우되므로 평가하지 않습니다.,2024
BRD_20230130,치타커피,3.0,평가 대상 아님,,,가맹점이 30개에 이른 적이 없어(최대 4개) 성장률·종료율이 잡음에 좌우되므로 평가하지 않습니다.,2024
BRD_20230148,마숑,3.0,평가 대상 아님,,,가맹점이 30개에 이른 적이 없어(최대 3개) 성장률·종료율이 잡음에 좌우되므로 평가하지 않습니다.,2024
BRD_20230170,스컹크웍스,3.0,평가 대상 아님,,,가맹점이 30개에 이른 적이 없어(최대 5개) 성장률·종료율이 잡음에 좌우되므로 평가하지 않습니다.,2024
BRD_20230214,제육천하,3.0,평가 대상 아님,,,가맹점이 30개에 이른 적이 없어(최대 4개) 성장률·종료율이 잡음에 좌우되므로 평가하지 않습니다.,2024
BRD_20230228,떠기다방,3.0,평가 대상 아님,,,가맹점이 30개에 이른 적이 없어(최대 3개) 성장률·종료율이 잡음에 좌우되므로 평가하지 않습니다.,2024
BRD_20230247,승천냉면,3.0,평가 대상 아님,,,가맹점이 30개에 이른 적이 없어(최대 3개) 성장률·종료율이 잡음에 좌우되므로 평가하지 않습니다.,2024
BRD_20230251,국수역(驛),3.0,평가 대상 아님,,,가맹점이 30개에 이른 적이 없어(최대 3개) 성장률·종료율이 잡음에 좌우되므로 평가하지 않습니다.,2024
BRD_20230276,TSG패스트그릴(TSG fastgrill),3.0,평가 대상 아님,,,가맹점이 30개에 이른 적이 없어(최대 3개) 성장률·종료율이 잡음에 좌우되므로 평가하지 않습니다.,2024
BRD_20230299,파앤피파스타하우스,3.0,평가 대상 아님,,,가맹점이 30개에 이른 적이 없어(최대 3개) 성장률·종료율이 잡음에 좌우되므로 평가하지 않습니다.,2024
BRD_20230315,고래오뎅,3.0,평가 대상 아님,,,가맹점이 30개에 이른 적이 없어(최대 3개) 성장률·종료율이 잡음에 좌우되므로 평가하지 않습니다.,2024
BRD_20230355,스테이크의 정석,3.0,평가 대상 아님,,,가맹점이 30개에 이른 적이 없어(최대 3개) 성장률·종료율이 잡음에 좌우되므로 평가하지 않습니다.,2024
BRD_20230356,포인비에트,3.0,평가 대상 아님,,,가맹점이 30개에 이른 적이 없어(최대 3개) 성장률·종료율이 잡음에 좌우되므로 평가하지 않습니다.,2024
BRD_20230370,1번지 화로,3.0,평가 대상 아님,,,가맹점이 30개에 이른 적이 없어(최대 3개) 성장률·종료율이 잡음에 좌우되므로 평가하지 않습니다.,2024
BRD_20230386,양기와,3.0,평가 대상 아님,,,가맹점이 30개에 이른 적이 없어(최대 3개) 성장률·종료율이 잡음에 좌우되므로 평가하지 않습니다.,2024
BRD_20230502,찬미돼지,3.0,평가 대상 아님,,,가맹점이 30개에 이른 적이 없어(최대 4개) 성장률·종료율이 잡음에 좌우되므로 평가하지 않습니다.,2024
BRD_20230511,달래고통닭 을지로골뱅이,3.0,평가 대상 아님,,,가맹점이 30개에 이른 적이 없어(최대 3개) 성장률·종료율이 잡음에 좌우되므로 평가하지 않습니다.,2024
BRD_20230589,맛초화닭,3.0,평가 대상 아님,,,가맹점이 30개에 이른 적이 없어(최대 3개) 성장률·종료율이 잡음에 좌우되므로 평가하지 않습니다.,2024
BRD_20230593,대박꽃돼지 정육식당,3.0,평가 대상 아님,,,가맹점이 30개에 이른 적이 없어(최대 3개) 성장률·종료율이 잡음에 좌우되므로 평가하지 않습니다.,2024
BRD_20230610,애월더선셋,3.0,평가 대상 아님,,,가맹점이 30개에 이른 적이 없어(최대 3개) 성장률·종료율이 잡음에 좌우되므로 평가하지 않습니다.,2024
BRD_20230659,직화쭈꾸미&덮밥쭈천,3.0,평가 대상 아님,,,가맹점이 30개에 이른 적이 없어(최대 3개) 성장률·종료율이 잡음에 좌우되므로 평가하지 않습니다.,2024
BRD_20230716,고파(高波),3.0,평가 대상 아님,,,가맹점이 30개에 이른 적이 없어(최대 3개) 성장률·종료율이 잡음에 좌우되므로 평가하지 않습니다.,2024
BRD_20230741,멘츠루,3.0,평가 대상 아님,,,가맹점이 30개에 이른 적이 없어(최대 3개) 성장률·종료율이 잡음에 좌우되므로 평가하지 않습니다.,2024
BRD_20230752,남대문커피,3.0,평가 대상 아님,,,가맹점이 30개에 이른 적이 없어(최대 3개) 성장률·종료율이 잡음에 좌우되므로 평가하지 않습니다.,2024
BRD_20230777,보스짬뽕,3.0,평가 대상 아님,,,가맹점이 30개에 이른 적이 없어(최대 3개) 성장률·종료율이 잡음에 좌우되므로 평가하지 않습니다.,2024
BRD_20230819,GOC COFFEE(고씨커피),3.0,평가 대상 아님,,,가맹점이 30개에 이른 적이 없어(최대 3개) 성장률·종료율이 잡음에 좌우되므로 평가하지 않습니다.,2024
BRD_20230824,야키토리소비,3.0,평가 대상 아님,,,가맹점이 30개에 이른 적이 없어(최대 3개) 성장률·종료율이 잡음에 좌우되므로 평가하지 않습니다.,2024
BRD_20230832,국밥집 막내아들,3.0,평가 대상 아님,,,가맹점이 30개에 이른 적이 없어(최대 3개) 성장률·종료율이 잡음에 좌우되므로 평가하지 않습니다.,2024
BRD_20230839,알리베르티(AL LIBERTÉ),3.0,평가 대상 아님,,,가맹점이 30개에 이른 적이 없어(최대 3개) 성장률·종료율이 잡음에 좌우되므로 평가하지 않습니다.,2024
BRD_20230848,민병선식당,3.0,평가 대상 아님,,,가맹점이 30개에 이른 적이 없어(최대 3개) 성장률·종료율이 잡음에 좌우되므로 평가하지 않습니다.,2024
BRD_202308571,깨꼬닭,3.0,평가 대상 아님,,,가맹점이 30개에 이른 적이 없어(최대 4개) 성장률·종료율이 잡음에 좌우되므로 평가하지 않습니다.,2024
BRD_20230882,아덴플러스,3.0,평가 대상 아님,,,가맹점이 30개에 이른 적이 없어(최대 3개) 성장률·종료율이 잡음에 좌우되므로 평가하지 않습니다.,2024
BRD_20230899,라이첸,3.0,평가 대상 아님,,,가맹점이 30개에 이른 적이 없어(최대 3개) 성장률·종료율이 잡음에 좌우되므로 평가하지 않습니다.,2024
BRD_20230906,우동가조쿠,3.0,평가 대상 아님,,,가맹점이 30개에 이른 적이 없어(최대 5개) 성장률·종료율이 잡음에 좌우되므로 평가하지 않습니다.,2024
BRD_20230935,밀키(milky),3.0,평가 대상 아님,,,가맹점이 30개에 이른 적이 없어(최대 3개) 성장률·종료율이 잡음에 좌우되므로 평가하지 않습니다.,2024
BRD_20230996,구구포차,3.0,평가 대상 아님,,,가맹점이 30개에 이른 적이 없어(최대 3개) 성장률·종료율이 잡음에 좌우되므로 평가하지 않습니다.,2024
BRD_20231021,희양양,3.0,평가 대상 아님,,,가맹점이 30개에 이른 적이 없어(최대 3개) 성장률·종료율이 잡음에 좌우되므로 평가하지 않습니다.,2024
BRD_20231048,두툼한가(家),3.0,평가 대상 아님,,,가맹점이 30개에 이른 적이 없어(최대 3개) 성장률·종료율이 잡음에 좌우되므로 평가하지 않습니다.,2024
BRD_20231061,크로앤피,3.0,평가 대상 아님,,,가맹점이 30개에 이른 적이 없어(최대 3개) 성장률·종료율이 잡음에 좌우되므로 평가하지 않습니다.,2024
BRD_20231062,한술식당,3.0,평가 대상 아님,,,가맹점이 30개에 이른 적이 없어(최대 3개) 성장률·종료율이 잡음에 좌우되므로 평가하지 않습니다.,2024
BRD_20231091,이순신소국밥,3.0,평가 대상 아님,,,가맹점이 30개에 이른 적이 없어(최대 3개) 성장률·종료율이 잡음에 좌우되므로 평가하지 않습니다.,2024
BRD_20231144,대한감자탕,3.0,평가 대상 아님,,,가맹점이 30개에 이른 적이 없어(최대 3개) 성장률·종료율이 잡음에 좌우되므로 평가하지 않습니다.,2024
BRD_20231146,슈팅맨,3.0,평가 대상 아님,,,가맹점이 30개에 이른 적이 없어(최대 3개) 성장률·종료율이 잡음에 좌우되므로 평가하지 않습니다.,2024
BRD_20231151,까치식당,3.0,평가 대상 아님,,,가맹점이 30개에 이른 적이 없어(최대 3개) 성장률·종료율이 잡음에 좌우되므로 평가하지 않습니다.,2024
BRD_20231175,김치찜 참 잘하는 집,3.0,평가 대상 아님,,,가맹점이 30개에 이른 적이 없어(최대 3개) 성장률·종료율이 잡음에 좌우되므로 평가하지 않습니다.,2024
BRD_20231195,프린샌드위치,3.0,평가 대상 아님,,,가맹점이 30개에 이른 적이 없어(최대 3개) 성장률·종료율이 잡음에 좌우되므로 평가하지 않습니다.,2024
BRD_20231239,가야왕족,3.0,평가 대상 아님,,,가맹점이 30개에 이른 적이 없어(최대 3개) 성장률·종료율이 잡음에 좌우되므로 평가하지 않습니다.,2024
BRD_20231241,혼미HONMI,3.0,평가 대상 아님,,,가맹점이 30개에 이른 적이 없어(최대 3개) 성장률·종료율이 잡음에 좌우되므로 평가하지 않습니다.,2024
BRD_20231284,설램,3.0,평가 대상 아님,,,가맹점이 30개에 이른 적이 없어(최대 4개) 성장률·종료율이 잡음에 좌우되므로 평가하지 않습니다.,2024
BRD_20231324,잇츠베이글,3.0,평가 대상 아님,,,가맹점이 30개에 이른 적이 없어(최대 3개) 성장률·종료율이 잡음에 좌우되므로 평가하지 않습니다.,2024
BRD_20231325,에낭,3.0,평가 대상 아님,,,가맹점이 30개에 이른 적이 없어(최대 3개) 성장률·종료율이 잡음에 좌우되므로 평가하지 않습니다.,2024
BRD_20231333,전민 엄마김밥,3.0,평가 대상 아님,,,가맹점이 30개에 이른 적이 없어(최대 3개) 성장률·종료율이 잡음에 좌우되므로 평가하지 않습니다.,2024
BRD_20231347,녹지,3.0,평가 대상 아님,,,가맹점이 30개에 이른 적이 없어(최대 3개) 성장률·종료율이 잡음에 좌우되므로 평가하지 않습니다.,2024
BRD_20231363,스윗다이노,3.0,평가 대상 아님,,,가맹점이 30개에 이른 적이 없어(최대 3개) 성장률·종료율이 잡음에 좌우되므로 평가하지 않습니다.,2024
BRD_20231449,만평우동,3.0,평가 대상 아님,,,가맹점이 30개에 이른 적이 없어(최대 3개) 성장률·종료율이 잡음에 좌우되므로 평가하지 않습니다.,2024
BRD_20231456,우나기칸 (UNAGI KHAN),3.0,평가 대상 아님,,,가맹점이 30개에 이른 적이 없어(최대 3개) 성장률·종료율이 잡음에 좌우되므로 평가하지 않습니다.,2024
BRD_20231459,당신이선택한인생치킨,3.0,평가 대상 아님,,,가맹점이 30개에 이른 적이 없어(최대 6개) 성장률·종료율이 잡음에 좌우되므로 평가하지 않습니다.,2024
BRD_20231480,황태풍경,3.0,평가 대상 아님,,,가맹점이 30개에 이른 적이 없어(최대 3개) 성장률·종료율이 잡음에 좌우되므로 평가하지 않습니다.,2024
BRD_20231481,집밥밥을공부하다,3.0,평가 대상 아님,,,가맹점이 30개에 이른 적이 없어(최대 3개) 성장률·종료율이 잡음에 좌우되므로 평가하지 않습니다.,2024
BRD_20231535,오덴,3.0,평가 대상 아님,,,가맹점이 30개에 이른 적이 없어(최대 3개) 성장률·종료율이 잡음에 좌우되므로 평가하지 않습니다.,2024
BRD_20231547,브레드코코,3.0,평가 대상 아님,,,가맹점이 30개에 이른 적이 없어(최대 3개) 성장률·종료율이 잡음에 좌우되므로 평가하지 않습니다.,2024
BRD_20231610,멘모찌,3.0,평가 대상 아님,,,가맹점이 30개에 이른 적이 없어(최대 3개) 성장률·종료율이 잡음에 좌우되므로 평가하지 않습니다.,2024
BRD_20231614,좋은국밥,3.0,평가 대상 아님,,,가맹점이 30개에 이른 적이 없어(최대 3개) 성장률·종료율이 잡음에 좌우되므로 평가하지 않습니다.,2024
BRD_20231625,오! 커피랩,3.0,평가 대상 아님,,,가맹점이 30개에 이른 적이 없어(최대 3개) 성장률·종료율이 잡음에 좌우되므로 평가하지 않습니다.,2024
BRD_20231632,멀티커피,3.0,평가 대상 아님,,,가맹점이 30개에 이른 적이 없어(최대 3개) 성장률·종료율이 잡음에 좌우되므로 평가하지 않습니다.,2024
BRD_20231637,로망스아구찜,3.0,평가 대상 아님,,,가맹점이 30개에 이른 적이 없어(최대 3개) 성장률·종료율이 잡음에 좌우되므로 평가하지 않습니다.,2024
BRD_20231652,1990야끼니꾸도쿄화로,3.0,평가 대상 아님,,,가맹점이 30개에 이른 적이 없어(최대 3개) 성장률·종료율이 잡음에 좌우되므로 평가하지 않습니다.,2024
BRD_20231705,재리스 토스트&츄러스,3.0,평가 대상 아님,,,가맹점이 30개에 이른 적이 없어(최대 3개) 성장률·종료율이 잡음에 좌우되므로 평가하지 않습니다.,2024
BRD_20231707,카사데타코(CASA DE TACOS),3.0,평가 대상 아님,,,가맹점이 30개에 이른 적이 없어(최대 3개) 성장률·종료율이 잡음에 좌우되므로 평가하지 않습니다.,2024
BRD_20231708,양순덕 전통김치찌개,3.0,평가 대상 아님,,,가맹점이 30개에 이른 적이 없어(최대 3개) 성장률·종료율이 잡음에 좌우되므로 평가하지 않습니다.,2024
BRD_20231737,춘천100%순메밀막국수&냉면,3.0,평가 대상 아님,,,가맹점이 30개에 이른 적이 없어(최대 3개) 성장률·종료율이 잡음에 좌우되므로 평가하지 않습니다.,2024
BRD_20231766,올바릇,3.0,평가 대상 아님,,,가맹점이 30개에 이른 적이 없어(최대 3개) 성장률·종료율이 잡음에 좌우되므로 평가하지 않습니다.,2024
BRD_20231768,스시후야,3.0,평가 대상 아님,,,가맹점이 30개에 이른 적이 없어(최대 3개) 성장률·종료율이 잡음에 좌우되므로 평가하지 않습니다.,2024
BRD_20231787,홍미닭발,3.0,평가 대상 아님,,,가맹점이 30개에 이른 적이 없어(최대 3개) 성장률·종료율이 잡음에 좌우되므로 평가하지 않습니다.,2024
BRD_20231870,동동칼국수,3.0,평가 대상 아님,,,가맹점이 30개에 이른 적이 없어(최대 3개) 성장률·종료율이 잡음에 좌우되므로 평가하지 않습니다.,2024
BRD_20231892,코끼리쌀국수,3.0,평가 대상 아님,,,가맹점이 30개에 이른 적이 없어(최대 3개) 성장률·종료율이 잡음에 좌우되므로 평가하지 않습니다.,2024
BRD_20231910,계남버거,3.0,평가 대상 아님,,,가맹점이 30개에 이른 적이 없어(최대 3개) 성장률·종료율이 잡음에 좌우되므로 평가하지 않습니다.,2024
BRD_20231919,하얼번,3.0,평가 대상 아님,,,가맹점이 30개에 이른 적이 없어(최대 3개) 성장률·종료율이 잡음에 좌우되므로 평가하지 않습니다.,2024
BRD_20240009,두껍집,3.0,평가 대상 아님,,,가맹점이 30개에 이른 적이 없어(최대 3개) 성장률·종료율이 잡음에 좌우되므로 평가하지 않습니다.,2024
BRD_20240104,오리굽방,3.0,평가 대상 아님,,,가맹점이 30개에 이른 적이 없어(최대 3개) 성장률·종료율이 잡음에 좌우되므로 평가하지 않습니다.,2024
BRD_20240136,미루꾸커피,3.0,평가 대상 아님,,,가맹점이 30개에 이른 적이 없어(최대 3개) 성장률·종료율이 잡음에 좌우되므로 평가하지 않습니다.,2024
BRD_20240149,일타,3.0,평가 대상 아님,,,가맹점이 30개에 이른 적이 없어(최대 3개) 성장률·종료율이 잡음에 좌우되므로 평가하지 않습니다.,2024
BRD_20240185|JNG_016600,료혼,3.0,평가 대상 아님,,,가맹점이 30개에 이른 적이 없어(최대 3개) 성장률·종료율이 잡음에 좌우되므로 평가하지 않습니다.,2024
BRD_20240206|JNG_016835,부강진성민속촌,3.0,평가 대상 아님,,,가맹점이 30개에 이른 적이 없어(최대 3개) 성장률·종료율이 잡음에 좌우되므로 평가하지 않습니다.,2024
BRD_20240215|JNG_016818,주도락,3.0,평가 대상 아님,,,가맹점이 30개에 이른 적이 없어(최대 3개) 성장률·종료율이 잡음에 좌우되므로 평가하지 않습니다.,2024
BRD_20240217|JNG_016850,우기식당 바다점,3.0,평가 대상 아님,,,가맹점이 30개에 이른 적이 없어(최대 3개) 성장률·종료율이 잡음에 좌우되므로 평가하지 않습니다.,2024
BRD_20240223,폭탄토핑피자,3.0,평가 대상 아님,,,가맹점이 30개에 이른 적이 없어(최대 3개) 성장률·종료율이 잡음에 좌우되므로 평가하지 않습니다.,2024
BRD_20240245,닭사장,3.0,평가 대상 아님,,,가맹점이 30개에 이른 적이 없어(최대 3개) 성장률·종료율이 잡음에 좌우되므로 평가하지 않습니다.,2024
BRD_20240274,스시미즈기와,3.0,평가 대상 아님,,,가맹점이 30개에 이른 적이 없어(최대 3개) 성장률·종료율이 잡음에 좌우되므로 평가하지 않습니다.,2024
BRD_20240316|JNG_016707,보배쭈꾸미,3.0,평가 대상 아님,,,가맹점이 30개에 이른 적이 없어(최대 3개) 성장률·종료율이 잡음에 좌우되므로 평가하지 않습니다.,2024
BRD_20240324,가성빛피자,3.0,평가 대상 아님,,,가맹점이 30개에 이른 적이 없어(최대 3개) 성장률·종료율이 잡음에 좌우되므로 평가하지 않습니다.,2024
BRD_20240355,중랑등갈비,3.0,평가 대상 아님,,,가맹점이 30개에 이른 적이 없어(최대 3개) 성장률·종료율이 잡음에 좌우되므로 평가하지 않습니다.,2024
BRD_20240430,민생시장,3.0,평가 대상 아님,,,가맹점이 30개에 이른 적이 없어(최대 3개) 성장률·종료율이 잡음에 좌우되므로 평가하지 않습니다.,2024
BRD_20240437,초록대문,3.0,평가 대상 아님,,,가맹점이 30개에 이른 적이 없어(최대 3개) 성장률·종료율이 잡음에 좌우되므로 평가하지 않습니다.,2024
BRD_20240467,동대문매운김밥,3.0,평가 대상 아님,,,가맹점이 30개에 이른 적이 없어(최대 3개) 성장률·종료율이 잡음에 좌우되므로 평가하지 않습니다.,2024
BRD_20240471,옴그족발,3.0,평가 대상 아님,,,가맹점이 30개에 이른 적이 없어(최대 5개) 성장률·종료율이 잡음에 좌우되므로 평가하지 않습니다.,2024
BRD_20240491,고샌드(GOSAND),3.0,평가 대상 아님,,,가맹점이 30개에 이른 적이 없어(최대 3개) 성장률·종료율이 잡음에 좌우되므로 평가하지 않습니다.,2024
BRD_20240492,돈집돈치찜,3.0,평가 대상 아님,,,가맹점이 30개에 이른 적이 없어(최대 3개) 성장률·종료율이 잡음에 좌우되므로 평가하지 않습니다.,2024
BRD_20240565,브이요거트,3.0,평가 대상 아님,,,가맹점이 30개에 이른 적이 없어(최대 3개) 성장률·종료율이 잡음에 좌우되므로 평가하지 않습니다.,2024
BRD_20240569,선릉돈까스,3.0,평가 대상 아님,,,가맹점이 30개에 이른 적이 없어(최대 3개) 성장률·종료율이 잡음에 좌우되므로 평가하지 않습니다.,2024
BRD_20240582,더바른식당,3.0,평가 대상 아님,,,가맹점이 30개에 이른 적이 없어(최대 3개) 성장률·종료율이 잡음에 좌우되므로 평가하지 않습니다.,2024
BRD_20240598,숙성부심,3.0,평가 대상 아님,,,가맹점이 30개에 이른 적이 없어(최대 3개) 성장률·종료율이 잡음에 좌우되므로 평가하지 않습니다.,2024
BRD_20240717,나히차,3.0,평가 대상 아님,,,가맹점이 30개에 이른 적이 없어(최대 3개) 성장률·종료율이 잡음에 좌우되므로 평가하지 않습니다.,2024
BRD_20240728,된장박이삼겹살좋구만,3.0,평가 대상 아님,,,가맹점이 30개에 이른 적이 없어(최대 3개) 성장률·종료율이 잡음에 좌우되므로 평가하지 않습니다.,2024
BRD_20240819,미인계,3.0,평가 대상 아님,,,가맹점이 30개에 이른 적이 없어(최대 3개) 성장률·종료율이 잡음에 좌우되므로 평가하지 않습니다.,2024
BRD_20240829,볼트빈,3.0,평가 대상 아님,,,가맹점이 30개에 이른 적이 없어(최대 3개) 성장률·종료율이 잡음에 좌우되므로 평가하지 않습니다.,2024
BRD_20240886,놉스(NOP'S),3.0,평가 대상 아님,,,가맹점이 30개에 이른 적이 없어(최대 3개) 성장률·종료율이 잡음에 좌우되므로 평가하지 않습니다.,2024
BRD_20240910,120겹파이,3.0,평가 대상 아님,,,가맹점이 30개에 이른 적이 없어(최대 3개) 성장률·종료율이 잡음에 좌우되므로 평가하지 않습니다.,2024
BRD_20240913,대패싸롱,3.0,평가 대상 아님,,,가맹점이 30개에 이른 적이 없어(최대 3개) 성장률·종료율이 잡음에 좌우되므로 평가하지 않습니다.,2024
BRD_20240970,솥삼조,3.0,평가 대상 아님,,,가맹점이 30개에 이른 적이 없어(최대 3개) 성장률·종료율이 잡음에 좌우되므로 평가하지 않습니다.,2024
BRD_20240971,뉴당,3.0,평가 대상 아님,,,가맹점이 30개에 이른 적이 없어(최대 3개) 성장률·종료율이 잡음에 좌우되므로 평가하지 않습니다.,2024
BRD_20240998,석암생소금구이,3.0,평가 대상 아님,,,가맹점이 30개에 이른 적이 없어(최대 3개) 성장률·종료율이 잡음에 좌우되므로 평가하지 않습니다.,2024
BRD_20241000,오꼬다꼬,3.0,평가 대상 아님,,,가맹점이 30개에 이른 적이 없어(최대 3개) 성장률·종료율이 잡음에 좌우되므로 평가하지 않습니다.,2024
BRD_20241006,향산면옥,3.0,평가 대상 아님,,,가맹점이 30개에 이른 적이 없어(최대 3개) 성장률·종료율이 잡음에 좌우되므로 평가하지 않습니다.,2024
BRD_20241039,낭만 뒷고기,3.0,평가 대상 아님,,,가맹점이 30개에 이른 적이 없어(최대 3개) 성장률·종료율이 잡음에 좌우되므로 평가하지 않습니다.,2024
BRD_20241042,참마음설렁탕,3.0,평가 대상 아님,,,가맹점이 30개에 이른 적이 없어(최대 3개) 성장률·종료율이 잡음에 좌우되므로 평가하지 않습니다.,2024
BRD_20241058,육국,3.0,평가 대상 아님,,,가맹점이 30개에 이른 적이 없어(최대 3개) 성장률·종료율이 잡음에 좌우되므로 평가하지 않습니다.,2024
BRD_20241072,오밤족,3.0,평가 대상 아님,,,가맹점이 30개에 이른 적이 없어(최대 3개) 성장률·종료율이 잡음에 좌우되므로 평가하지 않습니다.,2024
BRD_20241105,정각,3.0,평가 대상 아님,,,가맹점이 30개에 이른 적이 없어(최대 3개) 성장률·종료율이 잡음에 좌우되므로 평가하지 않습니다.,2024
BRD_20241110,육회 더 잡수소,3.0,평가 대상 아님,,,가맹점이 30개에 이른 적이 없어(최대 3개) 성장률·종료율이 잡음에 좌우되므로 평가하지 않습니다.,2024
BRD_20241132,스미카츠,3.0,평가 대상 아님,,,가맹점이 30개에 이른 적이 없어(최대 3개) 성장률·종료율이 잡음에 좌우되므로 평가하지 않습니다.,2024
BRD_20241142,숯불쪽갈비 개미식당,3.0,평가 대상 아님,,,가맹점이 30개에 이른 적이 없어(최대 3개) 성장률·종료율이 잡음에 좌우되므로 평가하지 않습니다.,2024
BRD_20241158,만계화,3.0,평가 대상 아님,,,가맹점이 30개에 이른 적이 없어(최대 3개) 성장률·종료율이 잡음에 좌우되므로 평가하지 않습니다.,2024
BRD_20241186,워키동키커피(WALKI DONKI),3.0,평가 대상 아님,,,가맹점이 30개에 이른 적이 없어(최대 3개) 성장률·종료율이 잡음에 좌우되므로 평가하지 않습니다.,2024
BRD_20241202,제갈덮밥,3.0,평가 대상 아님,,,가맹점이 30개에 이른 적이 없어(최대 3개) 성장률·종료율이 잡음에 좌우되므로 평가하지 않습니다.,2024
BRD_20241226,연하동,3.0,평가 대상 아님,,,가맹점이 30개에 이른 적이 없어(최대 3개) 성장률·종료율이 잡음에 좌우되므로 평가하지 않습니다.,2024
BRD_20241264,무야호랜드,3.0,평가 대상 아님,,,가맹점이 30개에 이른 적이 없어(최대 3개) 성장률·종료율이 잡음에 좌우되므로 평가하지 않습니다.,2024
BRD_20241266,브루다커피,3.0,평가 대상 아님,,,가맹점이 30개에 이른 적이 없어(최대 3개) 성장률·종료율이 잡음에 좌우되므로 평가하지 않습니다.,2024
BRD_20241317,만배식탁,3.0,평가 대상 아님,,,가맹점이 30개에 이른 적이 없어(최대 3개) 성장률·종료율이 잡음에 좌우되므로 평가하지 않습니다.,2024
BRD_20241341,노아이디어피자,3.0,평가 대상 아님,,,가맹점이 30개에 이른 적이 없어(최대 3개) 성장률·종료율이 잡음에 좌우되므로 평가하지 않습니다.,2024
BRD_20241418,은주,3.0,평가 대상 아님,,,가맹점이 30개에 이른 적이 없어(최대 3개) 성장률·종료율이 잡음에 좌우되므로 평가하지 않습니다.,2024
BRD_20241441,텍스멕스,3.0,평가 대상 아님,,,가맹점이 30개에 이른 적이 없어(최대 3개) 성장률·종료율이 잡음에 좌우되므로 평가하지 않습니다.,2024
BRD_20241451,오닭교,3.0,평가 대상 아님,,,가맹점이 30개에 이른 적이 없어(최대 3개) 성장률·종료율이 잡음에 좌우되므로 평가하지 않습니다.,2024
BRD_20241452,빗살家,3.0,평가 대상 아님,,,가맹점이 30개에 이른 적이 없어(최대 3개) 성장률·종료율이 잡음에 좌우되므로 평가하지 않습니다.,2024
BRD_20241476,곱도리신,3.0,평가 대상 아님,,,가맹점이 30개에 이른 적이 없어(최대 3개) 성장률·종료율이 잡음에 좌우되므로 평가하지 않습니다.,2024
BRD_20241483,백초밥,3.0,평가 대상 아님,,,가맹점이 30개에 이른 적이 없어(최대 3개) 성장률·종료율이 잡음에 좌우되므로 평가하지 않습니다.,2024
BRD_20241484,해피번,3.0,평가 대상 아님,,,가맹점이 30개에 이른 적이 없어(최대 3개) 성장률·종료율이 잡음에 좌우되므로 평가하지 않습니다.,2024
BRD_20241493,777커피,3.0,평가 대상 아님,,,가맹점이 30개에 이른 적이 없어(최대 3개) 성장률·종료율이 잡음에 좌우되므로 평가하지 않습니다.,2024
BRD_20241511,도시락 전문점 온밥,3.0,평가 대상 아님,,,가맹점이 30개에 이른 적이 없어(최대 3개) 성장률·종료율이 잡음에 좌우되므로 평가하지 않습니다.,2024
BRD_20241519,불났쭈,3.0,평가 대상 아님,,,가맹점이 30개에 이른 적이 없어(최대 3개) 성장률·종료율이 잡음에 좌우되므로 평가하지 않습니다.,2024
BRD_20241704,청담숯불구이,3.0,평가 대상 아님,,,가맹점이 30개에 이른 적이 없어(최대 3개) 성장률·종료율이 잡음에 좌우되므로 평가하지 않습니다.,2024
BRD_20241721,아구찜참잘하는집,3.0,평가 대상 아님,,,가맹점이 30개에 이른 적이 없어(최대 3개) 성장률·종료율이 잡음에 좌우되므로 평가하지 않습니다.,2024
BRD_20250045,마장동골목집,3.0,평가 대상 아님,,,가맹점이 30개에 이른 적이 없어(최대 3개) 성장률·종료율이 잡음에 좌우되므로 평가하지 않습니다.,2024
BRD_20250141,구멘,3.0,평가 대상 아님,,,가맹점이 30개에 이른 적이 없어(최대 3개) 성장률·종료율이 잡음에 좌우되므로 평가하지 않습니다.,2024
BRD_20250250,라브리크,3.0,평가 대상 아님,,,가맹점이 30개에 이른 적이 없어(최대 3개) 성장률·종료율이 잡음에 좌우되므로 평가하지 않습니다.,2024
BRD_20250301,엑스트라커피,3.0,평가 대상 아님,,,가맹점이 30개에 이른 적이 없어(최대 3개) 성장률·종료율이 잡음에 좌우되므로 평가하지 않습니다.,2024
BRD_20250346,오사카고양이,3.0,평가 대상 아님,,,가맹점이 30개에 이른 적이 없어(최대 3개) 성장률·종료율이 잡음에 좌우되므로 평가하지 않습니다.,2024
BRD_20250420,그린피그갈비,3.0,평가 대상 아님,,,가맹점이 30개에 이른 적이 없어(최대 3개) 성장률·종료율이 잡음에 좌우되므로 평가하지 않습니다.,2024
BRD_20250468,만월돈가스,3.0,평가 대상 아님,,,가맹점이 30개에 이른 적이 없어(최대 3개) 성장률·종료율이 잡음에 좌우되므로 평가하지 않습니다.,2024
BRD_20250477,"오,늘초밥",3.0,평가 대상 아님,,,가맹점이 30개에 이른 적이 없어(최대 3개) 성장률·종료율이 잡음에 좌우되므로 평가하지 않습니다.,2024
BRD_20250777,한우대통령 정육식당,3.0,평가 대상 아님,,,가맹점이 30개에 이른 적이 없어(최대 3개) 성장률·종료율이 잡음에 좌우되므로 평가하지 않습니다.,2024
BRD_20250832,봄봄,3.0,평가 대상 아님,,,가맹점이 30개에 이른 적이 없어(최대 3개) 성장률·종료율이 잡음에 좌우되므로 평가하지 않습니다.,2024
BRD_20250984,한쇼우스시,3.0,평가 대상 아님,,,가맹점이 30개에 이른 적이 없어(최대 3개) 성장률·종료율이 잡음에 좌우되므로 평가하지 않습니다.,2024
BRD_20251025,화계 전통,3.0,평가 대상 아님,,,가맹점이 30개에 이른 적이 없어(최대 3개) 성장률·종료율이 잡음에 좌우되므로 평가하지 않습니다.,2024
BRD_20251028,스시초이스,3.0,평가 대상 아님,,,가맹점이 30개에 이른 적이 없어(최대 3개) 성장률·종료율이 잡음에 좌우되므로 평가하지 않습니다.,2024
BRD_20251265,솔로투,3.0,평가 대상 아님,,,가맹점이 30개에 이른 적이 없어(최대 3개) 성장률·종료율이 잡음에 좌우되므로 평가하지 않습니다.,2024
NAME:공화춘@외식,공화춘,3.0,평가 대상 아님,,,가맹점이 30개에 이른 적이 없어(최대 3개) 성장률·종료율이 잡음에 좌우되므로 평가하지 않습니다.,2024
NAME:낭만쭈꾸미@외식,낭만쭈꾸미,3.0,평가 대상 아님,,,가맹점이 30개에 이른 적이 없어(최대 13개) 성장률·종료율이 잡음에 좌우되므로 평가하지 않습니다.,2024
NAME:도나스데이@외식,도나스데이,3.0,평가 대상 아님,,,가맹점이 30개에 이른 적이 없어(최대 3개) 성장률·종료율이 잡음에 좌우되므로 평가하지 않습니다.,2024
NAME:도리도리@외식,도리도리,3.0,평가 대상 아님,,,가맹점이 30개에 이른 적이 없어(최대 5개) 성장률·종료율이 잡음에 좌우되므로 평가하지 않습니다.,2024
NAME:만수통닭@외식,만수통닭,3.0,평가 대상 아님,,,가맹점이 30개에 이른 적이 없어(최대 3개) 성장률·종료율이 잡음에 좌우되므로 평가하지 않습니다.,2024
NAME:밀크밥버거@외식,밀크밥버거,3.0,평가 대상 아님,,,가맹점이 30개에 이른 적이 없어(최대 28개) 성장률·종료율이 잡음에 좌우되므로 평가하지 않습니다.,2024
NAME:소소비섬@외식,소소비섬,3.0,평가 대상 아님,,,가맹점이 30개에 이른 적이 없어(최대 3개) 성장률·종료율이 잡음에 좌우되므로 평가하지 않습니다.,2024
NAME:수돈재@외식,수돈재,3.0,평가 대상 아님,,,가맹점이 30개에 이른 적이 없어(최대 8개) 성장률·종료율이 잡음에 좌우되므로 평가하지 않습니다.,2024
NAME:야간얼큰우동@외식,야간얼큰우동,3.0,평가 대상 아님,,,가맹점이 30개에 이른 적이 없어(최대 3개) 성장률·종료율이 잡음에 좌우되므로 평가하지 않습니다.,2024
NAME:우렁각시@외식,우렁각시,3.0,평가 대상 아님,,,가맹점이 30개에 이른 적이 없어(최대 4개) 성장률·종료율이 잡음에 좌우되므로 평가하지 않습니다.,2024
NAME:육더미@외식,육더미,3.0,평가 대상 아님,,,가맹점이 30개에 이른 적이 없어(최대 3개) 성장률·종료율이 잡음에 좌우되므로 평가하지 않습니다.,2024
NAME:해물솥밥모랑@외식,해물솥밥모랑,3.0,평가 대상 아님,,,가맹점이 30개에 이른 적이 없어(최대 6개) 성장률·종료율이 잡음에 좌우되므로 평가하지 않습니다.,2024
BRD_20080100148,찌개애감동,2.0,평가 대상 아님,,,가맹점이 30개에 이른 적이 없어(최대 6개) 성장률·종료율이 잡음에 좌우되므로 평가하지 않습니다.,2024
BRD_20080100219,조춘식동태탕찜,2.0,평가 대상 아님,,,가맹점이 30개에 이른 적이 없어(최대 10개) 성장률·종료율이 잡음에 좌우되므로 평가하지 않습니다.,2024
BRD_20080100258,피자몰,2.0,평가 대상 아님,,,가맹점이 30개에 이른 적이 없어(최대 12개) 성장률·종료율이 잡음에 좌우되므로 평가하지 않습니다.,2024
BRD_20080100407,샌드프레소,2.0,평가 대상 아님,,,가맹점이 30개에 이른 적이 없어(최대 3개) 성장률·종료율이 잡음에 좌우되므로 평가하지 않습니다.,2024
BRD_20080500055,팬도로시,2.0,평가 대상 아님,,,가맹점이 30개에 이른 적이 없어(최대 27개) 성장률·종료율이 잡음에 좌우되므로 평가하지 않습니다.,2024
BRD_20090100469,마파치킨,2.0,평가 대상 아님,,,가맹점이 30개에 이른 적이 없어(최대 12개) 성장률·종료율이 잡음에 좌우되므로 평가하지 않습니다.,2024
BRD_20100100205,사랑탕,2.0,평가 대상 아님,,,가맹점이 30개에 이른 적이 없어(최대 5개) 성장률·종료율이 잡음에 좌우되므로 평가하지 않습니다.,2024
BRD_20100300002,문삼이,2.0,평가 대상 아님,,,가맹점이 30개에 이른 적이 없어(최대 3개) 성장률·종료율이 잡음에 좌우되므로 평가하지 않습니다.,2024
BRD_20110400026,오리궁뎅이,2.0,평가 대상 아님,,,가맹점이 30개에 이른 적이 없어(최대 5개) 성장률·종료율이 잡음에 좌우되므로 평가하지 않습니다.,2024
BRD_20120100056,카페 츄로빅,2.0,평가 대상 아님,,,가맹점이 30개에 이른 적이 없어(최대 2개) 성장률·종료율이 잡음에 좌우되므로 평가하지 않습니다.,2024
BRD_20120100402,리킨치킨,2.0,평가 대상 아님,,,가맹점이 30개에 이른 적이 없어(최대 6개) 성장률·종료율이 잡음에 좌우되므로 평가하지 않습니다.,2024
BRD_20120100498,진시앙,2.0,평가 대상 아님,,,가맹점이 30개에 이른 적이 없어(최대 13개) 성장률·종료율이 잡음에 좌우되므로 평가하지 않습니다.,2024
BRD_20130033,팔당족발,2.0,평가 대상 아님,,,가맹점이 30개에 이른 적이 없어(최대 4개) 성장률·종료율이 잡음에 좌우되므로 평가하지 않습니다.,2024
BRD_20130175,스푼더마켓,2.0,평가 대상 아님,,,가맹점이 30개에 이른 적이 없어(최대 24개) 성장률·종료율이 잡음에 좌우되므로 평가하지 않습니다.,2024
BRD_20130214,김피라(kimpira),2.0,평가 대상 아님,,,가맹점이 30개에 이른 적이 없어(최대 17개) 성장률·종료율이 잡음에 좌우되므로 평가하지 않습니다.,2024
BRD_20130346,팬아시아(Pan Asia),2.0,평가 대상 아님,,,가맹점이 30개에 이른 적이 없어(최대 9개) 성장률·종료율이 잡음에 좌우되므로 평가하지 않습니다.,2024
BRD_20130503,빨간맛집,2.0,평가 대상 아님,,,가맹점이 30개에 이른 적이 없어(최대 2개) 성장률·종료율이 잡음에 좌우되므로 평가하지 않습니다.,2024
BRD_20140035,오커치킨,2.0,평가 대상 아님,,,가맹점이 30개에 이른 적이 없어(최대 3개) 성장률·종료율이 잡음에 좌우되므로 평가하지 않습니다.,2024
BRD_20140173,유자유김치떡볶이,2.0,평가 대상 아님,,,가맹점이 30개에 이른 적이 없어(최대 2개) 성장률·종료율이 잡음에 좌우되므로 평가하지 않습니다.,2024
BRD_20140289|JNG_001568,동네아저씨치킨앤동아전,2.0,평가 대상 아님,,,가맹점이 30개에 이른 적이 없어(최대 2개) 성장률·종료율이 잡음에 좌우되므로 평가하지 않습니다.,2024
BRD_20140449,코키펍(COCKY-PUB),2.0,평가 대상 아님,,,가맹점이 30개에 이른 적이 없어(최대 6개) 성장률·종료율이 잡음에 좌우되므로 평가하지 않습니다.,2024
BRD_20140485,플라타너스(PLATANUS),2.0,평가 대상 아님,,,가맹점이 30개에 이른 적이 없어(최대 7개) 성장률·종료율이 잡음에 좌우되므로 평가하지 않습니다.,2024
BRD_20140515,오쭈,2.0,평가 대상 아님,,,가맹점이 30개에 이른 적이 없어(최대 25개) 성장률·종료율이 잡음에 좌우되므로 평가하지 않습니다.,2024
BRD_20140649,보승대한족발집,2.0,평가 대상 아님,,,가맹점이 30개에 이른 적이 없어(최대 4개) 성장률·종료율이 잡음에 좌우되므로 평가하지 않습니다.,2024
BRD_20140913,슈퍼사이즈커피,2.0,평가 대상 아님,,,가맹점이 30개에 이른 적이 없어(최대 19개) 성장률·종료율이 잡음에 좌우되므로 평가하지 않습니다.,2024
BRD_20140948,제주고깃집,2.0,평가 대상 아님,,,가맹점이 30개에 이른 적이 없어(최대 7개) 성장률·종료율이 잡음에 좌우되므로 평가하지 않습니다.,2024
BRD_20140972,황금소,2.0,평가 대상 아님,,,가맹점이 30개에 이른 적이 없어(최대 7개) 성장률·종료율이 잡음에 좌우되므로 평가하지 않습니다.,2024
BRD_20140990,로꼬로꼬,2.0,평가 대상 아님,,,가맹점이 30개에 이른 적이 없어(최대 7개) 성장률·종료율이 잡음에 좌우되므로 평가하지 않습니다.,2024
BRD_20141007,짬뽕9단,2.0,평가 대상 아님,,,가맹점이 30개에 이른 적이 없어(최대 8개) 성장률·종료율이 잡음에 좌우되므로 평가하지 않습니다.,2024
BRD_20141144,온누리쭈꾸미,2.0,평가 대상 아님,,,가맹점이 30개에 이른 적이 없어(최대 3개) 성장률·종료율이 잡음에 좌우되므로 평가하지 않습니다.,2024
BRD_20141213,트윗젤(Twitzel),2.0,평가 대상 아님,,,가맹점이 30개에 이른 적이 없어(최대 7개) 성장률·종료율이 잡음에 좌우되므로 평가하지 않습니다.,2024
BRD_20150001,한통(한마리 통큰)정육식당,2.0,평가 대상 아님,,,가맹점이 30개에 이른 적이 없어(최대 22개) 성장률·종료율이 잡음에 좌우되므로 평가하지 않습니다.,2024
BRD_20150025,벨라빈스커피,2.0,평가 대상 아님,,,가맹점이 30개에 이른 적이 없어(최대 8개) 성장률·종료율이 잡음에 좌우되므로 평가하지 않습니다.,2024
BRD_20150105,철판목장,2.0,평가 대상 아님,,,가맹점이 30개에 이른 적이 없어(최대 16개) 성장률·종료율이 잡음에 좌우되므로 평가하지 않습니다.,2024
BRD_20150186,맛소우,2.0,평가 대상 아님,,,가맹점이 30개에 이른 적이 없어(최대 2개) 성장률·종료율이 잡음에 좌우되므로 평가하지 않습니다.,2024
BRD_20150261,더램(THE램),2.0,평가 대상 아님,,,가맹점이 30개에 이른 적이 없어(최대 10개) 성장률·종료율이 잡음에 좌우되므로 평가하지 않습니다.,2024
BRD_20150444,임창정의 소주한잔,2.0,평가 대상 아님,,,가맹점이 30개에 이른 적이 없어(최대 28개) 성장률·종료율이 잡음에 좌우되므로 평가하지 않습니다.,2024
BRD_20150471,이태리반점,2.0,평가 대상 아님,,,가맹점이 30개에 이른 적이 없어(최대 3개) 성장률·종료율이 잡음에 좌우되므로 평가하지 않습니다.,2024
BRD_20150775,꼭그닭치킨,2.0,평가 대상 아님,,,가맹점이 30개에 이른 적이 없어(최대 4개) 성장률·종료율이 잡음에 좌우되므로 평가하지 않습니다.,2024
BRD_20150801,바푸리죽앤즙,2.0,평가 대상 아님,,,가맹점이 30개에 이른 적이 없어(최대 9개) 성장률·종료율이 잡음에 좌우되므로 평가하지 않습니다.,2024
BRD_20150916,애플블러썸,2.0,평가 대상 아님,,,가맹점이 30개에 이른 적이 없어(최대 8개) 성장률·종료율이 잡음에 좌우되므로 평가하지 않습니다.,2024
BRD_20150986,곱창폭식,2.0,평가 대상 아님,,,가맹점이 30개에 이른 적이 없어(최대 16개) 성장률·종료율이 잡음에 좌우되므로 평가하지 않습니다.,2024
BRD_20151071,제주몬트락,2.0,평가 대상 아님,,,가맹점이 30개에 이른 적이 없어(최대 12개) 성장률·종료율이 잡음에 좌우되므로 평가하지 않습니다.,2024
BRD_20151106,안지랑곱창막창,2.0,평가 대상 아님,,,가맹점이 30개에 이른 적이 없어(최대 4개) 성장률·종료율이 잡음에 좌우되므로 평가하지 않습니다.,2024
BRD_20151243,봉대박찜닭,2.0,평가 대상 아님,,,가맹점이 30개에 이른 적이 없어(최대 3개) 성장률·종료율이 잡음에 좌우되므로 평가하지 않습니다.,2024
BRD_20160044,토마틸로,2.0,평가 대상 아님,,,가맹점이 30개에 이른 적이 없어(최대 8개) 성장률·종료율이 잡음에 좌우되므로 평가하지 않습니다.,2024
BRD_20160061,블랙라인커피,2.0,평가 대상 아님,,,가맹점이 30개에 이른 적이 없어(최대 21개) 성장률·종료율이 잡음에 좌우되므로 평가하지 않습니다.,2024
BRD_20160157,정담은보쌈,2.0,평가 대상 아님,,,가맹점이 30개에 이른 적이 없어(최대 2개) 성장률·종료율이 잡음에 좌우되므로 평가하지 않습니다.,2024
BRD_20160230,산주막,2.0,평가 대상 아님,,,가맹점이 30개에 이른 적이 없어(최대 2개) 성장률·종료율이 잡음에 좌우되므로 평가하지 않습니다.,2024
BRD_20160248,황칠가카페,2.0,평가 대상 아님,,,가맹점이 30개에 이른 적이 없어(최대 6개) 성장률·종료율이 잡음에 좌우되므로 평가하지 않습니다.,2024
BRD_20160249,황칠가,2.0,평가 대상 아님,,,가맹점이 30개에 이른 적이 없어(최대 4개) 성장률·종료율이 잡음에 좌우되므로 평가하지 않습니다.,2024
BRD_20160265,바나나테이블,2.0,평가 대상 아님,,,가맹점이 30개에 이른 적이 없어(최대 6개) 성장률·종료율이 잡음에 좌우되므로 평가하지 않습니다.,2024
BRD_20160492,꿀꿀이 생막창,2.0,평가 대상 아님,,,가맹점이 30개에 이른 적이 없어(최대 2개) 성장률·종료율이 잡음에 좌우되므로 평가하지 않습니다.,2024
BRD_20160508,케이크를부탁해,2.0,평가 대상 아님,,,가맹점이 30개에 이른 적이 없어(최대 15개) 성장률·종료율이 잡음에 좌우되므로 평가하지 않습니다.,2024
BRD_20160732,씨이십칠(C27),2.0,평가 대상 아님,,,가맹점이 30개에 이른 적이 없어(최대 4개) 성장률·종료율이 잡음에 좌우되므로 평가하지 않습니다.,2024
BRD_20160936,장도뚝배기,2.0,평가 대상 아님,,,가맹점이 30개에 이른 적이 없어(최대 11개) 성장률·종료율이 잡음에 좌우되므로 평가하지 않습니다.,2024
BRD_20160976,몽뜨레셰프,2.0,평가 대상 아님,,,가맹점이 30개에 이른 적이 없어(최대 8개) 성장률·종료율이 잡음에 좌우되므로 평가하지 않습니다.,2024
BRD_20161222,바비후,2.0,평가 대상 아님,,,가맹점이 30개에 이른 적이 없어(최대 8개) 성장률·종료율이 잡음에 좌우되므로 평가하지 않습니다.,2024
BRD_20161297,청,2.0,평가 대상 아님,,,가맹점이 30개에 이른 적이 없어(최대 4개) 성장률·종료율이 잡음에 좌우되므로 평가하지 않습니다.,2024
BRD_20170066,청화당,2.0,평가 대상 아님,,,가맹점이 30개에 이른 적이 없어(최대 3개) 성장률·종료율이 잡음에 좌우되므로 평가하지 않습니다.,2024
BRD_20170092,김씨화덕,2.0,평가 대상 아님,,,가맹점이 30개에 이른 적이 없어(최대 7개) 성장률·종료율이 잡음에 좌우되므로 평가하지 않습니다.,2024
BRD_20170251,문어부인삼교비,2.0,평가 대상 아님,,,가맹점이 30개에 이른 적이 없어(최대 3개) 성장률·종료율이 잡음에 좌우되므로 평가하지 않습니다.,2024
BRD_20170298,바른사나이뚝배기,2.0,평가 대상 아님,,,가맹점이 30개에 이른 적이 없어(최대 4개) 성장률·종료율이 잡음에 좌우되므로 평가하지 않습니다.,2024
BRD_20170410,월남국수,2.0,평가 대상 아님,,,가맹점이 30개에 이른 적이 없어(최대 14개) 성장률·종료율이 잡음에 좌우되므로 평가하지 않습니다.,2024
BRD_20170489,마녀돈앤파스타,2.0,평가 대상 아님,,,가맹점이 30개에 이른 적이 없어(최대 13개) 성장률·종료율이 잡음에 좌우되므로 평가하지 않습니다.,2024
BRD_20170730,동방불패,2.0,평가 대상 아님,,,가맹점이 30개에 이른 적이 없어(최대 11개) 성장률·종료율이 잡음에 좌우되므로 평가하지 않습니다.,2024
BRD_20170755,정동뚝배기,2.0,평가 대상 아님,,,가맹점이 30개에 이른 적이 없어(최대 2개) 성장률·종료율이 잡음에 좌우되므로 평가하지 않습니다.,2024
BRD_20170872,나루에프엔비톰스(나루F&B톰스),2.0,평가 대상 아님,,,가맹점이 30개에 이른 적이 없어(최대 7개) 성장률·종료율이 잡음에 좌우되므로 평가하지 않습니다.,2024
BRD_20170894,뿔난황소곱창,2.0,평가 대상 아님,,,가맹점이 30개에 이른 적이 없어(최대 12개) 성장률·종료율이 잡음에 좌우되므로 평가하지 않습니다.,2024
BRD_20170960,신존떡볶이,2.0,평가 대상 아님,,,가맹점이 30개에 이른 적이 없어(최대 12개) 성장률·종료율이 잡음에 좌우되므로 평가하지 않습니다.,2024
BRD_20171111,돌삼닭,2.0,평가 대상 아님,,,가맹점이 30개에 이른 적이 없어(최대 3개) 성장률·종료율이 잡음에 좌우되므로 평가하지 않습니다.,2024
BRD_20171278,수코미치,2.0,평가 대상 아님,,,가맹점이 30개에 이른 적이 없어(최대 10개) 성장률·종료율이 잡음에 좌우되므로 평가하지 않습니다.,2024
BRD_20171440,크라운닭발,2.0,평가 대상 아님,,,가맹점이 30개에 이른 적이 없어(최대 2개) 성장률·종료율이 잡음에 좌우되므로 평가하지 않습니다.,2024
BRD_20171541,치폴레옹,2.0,평가 대상 아님,,,가맹점이 30개에 이른 적이 없어(최대 10개) 성장률·종료율이 잡음에 좌우되므로 평가하지 않습니다.,2024
BRD_20180017,가락곰칼국수,2.0,평가 대상 아님,,,가맹점이 30개에 이른 적이 없어(최대 4개) 성장률·종료율이 잡음에 좌우되므로 평가하지 않습니다.,2024
BRD_20180100,더브라운(THE BROWN),2.0,평가 대상 아님,,,가맹점이 30개에 이른 적이 없어(최대 21개) 성장률·종료율이 잡음에 좌우되므로 평가하지 않습니다.,2024
BRD_20180207,홍대마녀,2.0,평가 대상 아님,,,가맹점이 30개에 이른 적이 없어(최대 7개) 성장률·종료율이 잡음에 좌우되므로 평가하지 않습니다.,2024
BRD_20180209,연막창,2.0,평가 대상 아님,,,가맹점이 30개에 이른 적이 없어(최대 6개) 성장률·종료율이 잡음에 좌우되므로 평가하지 않습니다.,2024
BRD_20180502,나이쏘이(NAISOI),2.0,평가 대상 아님,,,가맹점이 30개에 이른 적이 없어(최대 6개) 성장률·종료율이 잡음에 좌우되므로 평가하지 않습니다.,2024
BRD_20180504,키햐아,2.0,평가 대상 아님,,,가맹점이 30개에 이른 적이 없어(최대 4개) 성장률·종료율이 잡음에 좌우되므로 평가하지 않습니다.,2024
BRD_20180681,우리동네맛집 청해코다리,2.0,평가 대상 아님,,,가맹점이 30개에 이른 적이 없어(최대 4개) 성장률·종료율이 잡음에 좌우되므로 평가하지 않습니다.,2024
BRD_20180806,김선하의 닭갈비 궁중누룽지탕,2.0,평가 대상 아님,,,가맹점이 30개에 이른 적이 없어(최대 3개) 성장률·종료율이 잡음에 좌우되므로 평가하지 않습니다.,2024
BRD_20180845,만파식적,2.0,평가 대상 아님,,,가맹점이 30개에 이른 적이 없어(최대 3개) 성장률·종료율이 잡음에 좌우되므로 평가하지 않습니다.,2024
BRD_20180877,보슬보슬,2.0,평가 대상 아님,,,가맹점이 30개에 이른 적이 없어(최대 2개) 성장률·종료율이 잡음에 좌우되므로 평가하지 않습니다.,2024
BRD_20180957,조옥당,2.0,평가 대상 아님,,,가맹점이 30개에 이른 적이 없어(최대 7개) 성장률·종료율이 잡음에 좌우되므로 평가하지 않습니다.,2024
BRD_20180962,좋구먼반상,2.0,평가 대상 아님,,,가맹점이 30개에 이른 적이 없어(최대 3개) 성장률·종료율이 잡음에 좌우되므로 평가하지 않습니다.,2024
BRD_20181013,그 : 숲,2.0,평가 대상 아님,,,가맹점이 30개에 이른 적이 없어(최대 9개) 성장률·종료율이 잡음에 좌우되므로 평가하지 않습니다.,2024
BRD_20181023,본스튜,2.0,평가 대상 아님,,,가맹점이 30개에 이른 적이 없어(최대 4개) 성장률·종료율이 잡음에 좌우되므로 평가하지 않습니다.,2024
BRD_20181093,노성일참치,2.0,평가 대상 아님,,,가맹점이 30개에 이른 적이 없어(최대 2개) 성장률·종료율이 잡음에 좌우되므로 평가하지 않습니다.,2024
BRD_20181186,소바루,2.0,평가 대상 아님,,,가맹점이 30개에 이른 적이 없어(최대 2개) 성장률·종료율이 잡음에 좌우되므로 평가하지 않습니다.,2024
BRD_20190047,KOKUMI,2.0,평가 대상 아님,,,가맹점이 30개에 이른 적이 없어(최대 2개) 성장률·종료율이 잡음에 좌우되므로 평가하지 않습니다.,2024
BRD_20190246,쿠시마사,2.0,평가 대상 아님,,,가맹점이 30개에 이른 적이 없어(최대 3개) 성장률·종료율이 잡음에 좌우되므로 평가하지 않습니다.,2024
BRD_20190354,인앤피자,2.0,평가 대상 아님,,,가맹점이 30개에 이른 적이 없어(최대 3개) 성장률·종료율이 잡음에 좌우되므로 평가하지 않습니다.,2024
BRD_20190551,이동진꼬끼오닭개장,2.0,평가 대상 아님,,,가맹점이 30개에 이른 적이 없어(최대 2개) 성장률·종료율이 잡음에 좌우되므로 평가하지 않습니다.,2024
BRD_20190573,토닭토닭양념치킨,2.0,평가 대상 아님,,,가맹점이 30개에 이른 적이 없어(최대 5개) 성장률·종료율이 잡음에 좌우되므로 평가하지 않습니다.,2024
BRD_20190581,솥뚜껑바베큐통닭,2.0,평가 대상 아님,,,가맹점이 30개에 이른 적이 없어(최대 6개) 성장률·종료율이 잡음에 좌우되므로 평가하지 않습니다.,2024
BRD_20190589,닭광정,2.0,평가 대상 아님,,,가맹점이 30개에 이른 적이 없어(최대 12개) 성장률·종료율이 잡음에 좌우되므로 평가하지 않습니다.,2024
BRD_20190657,미즈컨테이너,2.0,평가 대상 아님,,,가맹점이 30개에 이른 적이 없어(최대 4개) 성장률·종료율이 잡음에 좌우되므로 평가하지 않습니다.,2024
BRD_20190777,그린베어,2.0,평가 대상 아님,,,가맹점이 30개에 이른 적이 없어(최대 2개) 성장률·종료율이 잡음에 좌우되므로 평가하지 않습니다.,2024
BRD_20191081,끝소,2.0,평가 대상 아님,,,가맹점이 30개에 이른 적이 없어(최대 2개) 성장률·종료율이 잡음에 좌우되므로 평가하지 않습니다.,2024
BRD_20191118,등심연구소,2.0,평가 대상 아님,,,가맹점이 30개에 이른 적이 없어(최대 2개) 성장률·종료율이 잡음에 좌우되므로 평가하지 않습니다.,2024
BRD_20191139,블랙캡피자,2.0,평가 대상 아님,,,가맹점이 30개에 이른 적이 없어(최대 9개) 성장률·종료율이 잡음에 좌우되므로 평가하지 않습니다.,2024
BRD_20191267,올리브명품찹쌀꽈배기,2.0,평가 대상 아님,,,가맹점이 30개에 이른 적이 없어(최대 2개) 성장률·종료율이 잡음에 좌우되므로 평가하지 않습니다.,2024
BRD_20191345,혁지원인 싱싱물회,2.0,평가 대상 아님,,,가맹점이 30개에 이른 적이 없어(최대 6개) 성장률·종료율이 잡음에 좌우되므로 평가하지 않습니다.,2024
BRD_20191440,무원골 흑돈대패,2.0,평가 대상 아님,,,가맹점이 30개에 이른 적이 없어(최대 2개) 성장률·종료율이 잡음에 좌우되므로 평가하지 않습니다.,2024
BRD_20200006,1974 종로호랑이맥주,2.0,평가 대상 아님,,,가맹점이 30개에 이른 적이 없어(최대 3개) 성장률·종료율이 잡음에 좌우되므로 평가하지 않습니다.,2024
BRD_20200072,신교령사골순대국,2.0,평가 대상 아님,,,가맹점이 30개에 이른 적이 없어(최대 5개) 성장률·종료율이 잡음에 좌우되므로 평가하지 않습니다.,2024
BRD_20200201,보울박스,2.0,평가 대상 아님,,,가맹점이 30개에 이른 적이 없어(최대 2개) 성장률·종료율이 잡음에 좌우되므로 평가하지 않습니다.,2024
BRD_20200411,키친콜라보,2.0,평가 대상 아님,,,가맹점이 30개에 이른 적이 없어(최대 10개) 성장률·종료율이 잡음에 좌우되므로 평가하지 않습니다.,2024
BRD_20200412,그믐족발,2.0,평가 대상 아님,,,가맹점이 30개에 이른 적이 없어(최대 2개) 성장률·종료율이 잡음에 좌우되므로 평가하지 않습니다.,2024
BRD_20200472,수오미엔(suomian),2.0,평가 대상 아님,,,가맹점이 30개에 이른 적이 없어(최대 25개) 성장률·종료율이 잡음에 좌우되므로 평가하지 않습니다.,2024
BRD_20200667,프레씨엘,2.0,평가 대상 아님,,,가맹점이 30개에 이른 적이 없어(최대 3개) 성장률·종료율이 잡음에 좌우되므로 평가하지 않습니다.,2024
BRD_20200691,모노치즈,2.0,평가 대상 아님,,,가맹점이 30개에 이른 적이 없어(최대 4개) 성장률·종료율이 잡음에 좌우되므로 평가하지 않습니다.,2024
BRD_20200751,꾸븐닭선생 숯불두마리치킨,2.0,평가 대상 아님,,,가맹점이 30개에 이른 적이 없어(최대 14개) 성장률·종료율이 잡음에 좌우되므로 평가하지 않습니다.,2024
BRD_20200764,마호가니,2.0,평가 대상 아님,,,가맹점이 30개에 이른 적이 없어(최대 3개) 성장률·종료율이 잡음에 좌우되므로 평가하지 않습니다.,2024
BRD_20200902,어보브(ABOVE),2.0,평가 대상 아님,,,가맹점이 30개에 이른 적이 없어(최대 3개) 성장률·종료율이 잡음에 좌우되므로 평가하지 않습니다.,2024
BRD_20200948,아랑회관,2.0,평가 대상 아님,,,가맹점이 30개에 이른 적이 없어(최대 3개) 성장률·종료율이 잡음에 좌우되므로 평가하지 않습니다.,2024
BRD_20200966,바른고기 엘베요타,2.0,평가 대상 아님,,,가맹점이 30개에 이른 적이 없어(최대 19개) 성장률·종료율이 잡음에 좌우되므로 평가하지 않습니다.,2024
BRD_20201029,갈비씨,2.0,평가 대상 아님,,,가맹점이 30개에 이른 적이 없어(최대 10개) 성장률·종료율이 잡음에 좌우되므로 평가하지 않습니다.,2024
BRD_20201071,비스트로분당김치찜,2.0,평가 대상 아님,,,가맹점이 30개에 이른 적이 없어(최대 2개) 성장률·종료율이 잡음에 좌우되므로 평가하지 않습니다.,2024
BRD_20201229,할멍집,2.0,평가 대상 아님,,,가맹점이 30개에 이른 적이 없어(최대 2개) 성장률·종료율이 잡음에 좌우되므로 평가하지 않습니다.,2024
BRD_20201380,별빛에취한제주바다,2.0,평가 대상 아님,,,가맹점이 30개에 이른 적이 없어(최대 21개) 성장률·종료율이 잡음에 좌우되므로 평가하지 않습니다.,2024
BRD_20201409,춘천집무한닭갈비,2.0,평가 대상 아님,,,가맹점이 30개에 이른 적이 없어(최대 2개) 성장률·종료율이 잡음에 좌우되므로 평가하지 않습니다.,2024
BRD_20201453,마녀쌀국수,2.0,평가 대상 아님,,,가맹점이 30개에 이른 적이 없어(최대 3개) 성장률·종료율이 잡음에 좌우되므로 평가하지 않습니다.,2024
BRD_20201462,김진오 김실장왕족발,2.0,평가 대상 아님,,,가맹점이 30개에 이른 적이 없어(최대 2개) 성장률·종료율이 잡음에 좌우되므로 평가하지 않습니다.,2024
BRD_20201486,멘야유메미루,2.0,평가 대상 아님,,,가맹점이 30개에 이른 적이 없어(최대 4개) 성장률·종료율이 잡음에 좌우되므로 평가하지 않습니다.,2024
BRD_20201520,도넛킬러,2.0,평가 대상 아님,,,가맹점이 30개에 이른 적이 없어(최대 5개) 성장률·종료율이 잡음에 좌우되므로 평가하지 않습니다.,2024
BRD_20201601,임창정파절이세겹살,2.0,평가 대상 아님,,,가맹점이 30개에 이른 적이 없어(최대 6개) 성장률·종료율이 잡음에 좌우되므로 평가하지 않습니다.,2024
BRD_20201726,철뚝길,2.0,평가 대상 아님,,,가맹점이 30개에 이른 적이 없어(최대 2개) 성장률·종료율이 잡음에 좌우되므로 평가하지 않습니다.,2024
BRD_20201735,후후,2.0,평가 대상 아님,,,가맹점이 30개에 이른 적이 없어(최대 2개) 성장률·종료율이 잡음에 좌우되므로 평가하지 않습니다.,2024
BRD_20201749,애주당(愛酒堂),2.0,평가 대상 아님,,,가맹점이 30개에 이른 적이 없어(최대 3개) 성장률·종료율이 잡음에 좌우되므로 평가하지 않습니다.,2024
BRD_20210058,라이크어시네마,2.0,평가 대상 아님,,,가맹점이 30개에 이른 적이 없어(최대 4개) 성장률·종료율이 잡음에 좌우되므로 평가하지 않습니다.,2024
BRD_20210072,대판장,2.0,평가 대상 아님,,,가맹점이 30개에 이른 적이 없어(최대 2개) 성장률·종료율이 잡음에 좌우되므로 평가하지 않습니다.,2024
BRD_20210130,제주특별집,2.0,평가 대상 아님,,,가맹점이 30개에 이른 적이 없어(최대 2개) 성장률·종료율이 잡음에 좌우되므로 평가하지 않습니다.,2024
BRD_20210147,바오빙,2.0,평가 대상 아님,,,가맹점이 30개에 이른 적이 없어(최대 3개) 성장률·종료율이 잡음에 좌우되므로 평가하지 않습니다.,2024
BRD_20210261,계념찜닭,2.0,평가 대상 아님,,,가맹점이 30개에 이른 적이 없어(최대 8개) 성장률·종료율이 잡음에 좌우되므로 평가하지 않습니다.,2024
BRD_20210268,와와씨네 덮밥,2.0,평가 대상 아님,,,가맹점이 30개에 이른 적이 없어(최대 15개) 성장률·종료율이 잡음에 좌우되므로 평가하지 않습니다.,2024
BRD_20210309,1&#39;s 카츠곳간,2.0,평가 대상 아님,,,가맹점이 30개에 이른 적이 없어(최대 6개) 성장률·종료율이 잡음에 좌우되므로 평가하지 않습니다.,2024
BRD_20210324,터닝테이블,2.0,평가 대상 아님,,,가맹점이 30개에 이른 적이 없어(최대 2개) 성장률·종료율이 잡음에 좌우되므로 평가하지 않습니다.,2024
BRD_20210351,버거비,2.0,평가 대상 아님,,,가맹점이 30개에 이른 적이 없어(최대 3개) 성장률·종료율이 잡음에 좌우되므로 평가하지 않습니다.,2024
BRD_20210430,젠틀닭,2.0,평가 대상 아님,,,가맹점이 30개에 이른 적이 없어(최대 5개) 성장률·종료율이 잡음에 좌우되므로 평가하지 않습니다.,2024
BRD_20210486,아재커피,2.0,평가 대상 아님,,,가맹점이 30개에 이른 적이 없어(최대 4개) 성장률·종료율이 잡음에 좌우되므로 평가하지 않습니다.,2024
BRD_20210509,스무치,2.0,평가 대상 아님,,,가맹점이 30개에 이른 적이 없어(최대 2개) 성장률·종료율이 잡음에 좌우되므로 평가하지 않습니다.,2024
BRD_20210578,행복한셰프,2.0,평가 대상 아님,,,가맹점이 30개에 이른 적이 없어(최대 2개) 성장률·종료율이 잡음에 좌우되므로 평가하지 않습니다.,2024
BRD_20210645,카페쎄미(CAFE SEMMIE),2.0,평가 대상 아님,,,가맹점이 30개에 이른 적이 없어(최대 2개) 성장률·종료율이 잡음에 좌우되므로 평가하지 않습니다.,2024
BRD_20210665,태태삼겹,2.0,평가 대상 아님,,,가맹점이 30개에 이른 적이 없어(최대 2개) 성장률·종료율이 잡음에 좌우되므로 평가하지 않습니다.,2024
BRD_20210839,깐깐식당,2.0,평가 대상 아님,,,가맹점이 30개에 이른 적이 없어(최대 2개) 성장률·종료율이 잡음에 좌우되므로 평가하지 않습니다.,2024
BRD_20210915,화수브루어리,2.0,평가 대상 아님,,,가맹점이 30개에 이른 적이 없어(최대 2개) 성장률·종료율이 잡음에 좌우되므로 평가하지 않습니다.,2024
BRD_20210981,생생직판장,2.0,평가 대상 아님,,,가맹점이 30개에 이른 적이 없어(최대 4개) 성장률·종료율이 잡음에 좌우되므로 평가하지 않습니다.,2024
BRD_20210993,대흥구구부대찌개,2.0,평가 대상 아님,,,가맹점이 30개에 이른 적이 없어(최대 10개) 성장률·종료율이 잡음에 좌우되므로 평가하지 않습니다.,2024
BRD_20211039,호두파야,2.0,평가 대상 아님,,,가맹점이 30개에 이른 적이 없어(최대 2개) 성장률·종료율이 잡음에 좌우되므로 평가하지 않습니다.,2024
BRD_20211077,145커피(145COFFEE),2.0,평가 대상 아님,,,가맹점이 30개에 이른 적이 없어(최대 4개) 성장률·종료율이 잡음에 좌우되므로 평가하지 않습니다.,2024
BRD_20211196,마장돈백갈비,2.0,평가 대상 아님,,,가맹점이 30개에 이른 적이 없어(최대 2개) 성장률·종료율이 잡음에 좌우되므로 평가하지 않습니다.,2024
BRD_20211252,모두의 편백샤브,2.0,평가 대상 아님,,,가맹점이 30개에 이른 적이 없어(최대 2개) 성장률·종료율이 잡음에 좌우되므로 평가하지 않습니다.,2024
BRD_20211284,삼진어묵당,2.0,평가 대상 아님,,,가맹점이 30개에 이른 적이 없어(최대 7개) 성장률·종료율이 잡음에 좌우되므로 평가하지 않습니다.,2024
BRD_20211351,1992마약짜글이,2.0,평가 대상 아님,,,가맹점이 30개에 이른 적이 없어(최대 13개) 성장률·종료율이 잡음에 좌우되므로 평가하지 않습니다.,2024
BRD_20211392,통큰아구찜,2.0,평가 대상 아님,,,가맹점이 30개에 이른 적이 없어(최대 3개) 성장률·종료율이 잡음에 좌우되므로 평가하지 않습니다.,2024
BRD_20211408,아기식당,2.0,평가 대상 아님,,,가맹점이 30개에 이른 적이 없어(최대 2개) 성장률·종료율이 잡음에 좌우되므로 평가하지 않습니다.,2024
BRD_20211438,파스타크래프트,2.0,평가 대상 아님,,,가맹점이 30개에 이른 적이 없어(최대 3개) 성장률·종료율이 잡음에 좌우되므로 평가하지 않습니다.,2024
BRD_20211445,불구멍,2.0,평가 대상 아님,,,가맹점이 30개에 이른 적이 없어(최대 2개) 성장률·종료율이 잡음에 좌우되므로 평가하지 않습니다.,2024
BRD_20211448,블랙와인커피,2.0,평가 대상 아님,,,가맹점이 30개에 이른 적이 없어(최대 4개) 성장률·종료율이 잡음에 좌우되므로 평가하지 않습니다.,2024
BRD_20211479,신인생도리탕,2.0,평가 대상 아님,,,가맹점이 30개에 이른 적이 없어(최대 4개) 성장률·종료율이 잡음에 좌우되므로 평가하지 않습니다.,2024
BRD_20211507,불타는냉면&amp; 직화불고기,2.0,평가 대상 아님,,,가맹점이 30개에 이른 적이 없어(최대 6개) 성장률·종료율이 잡음에 좌우되므로 평가하지 않습니다.,2024
BRD_20211522,진리옥,2.0,평가 대상 아님,,,가맹점이 30개에 이른 적이 없어(최대 10개) 성장률·종료율이 잡음에 좌우되므로 평가하지 않습니다.,2024
BRD_20211553,빨간닭강정,2.0,평가 대상 아님,,,가맹점이 30개에 이른 적이 없어(최대 2개) 성장률·종료율이 잡음에 좌우되므로 평가하지 않습니다.,2024
BRD_20211598,싱그레복집,2.0,평가 대상 아님,,,가맹점이 30개에 이른 적이 없어(최대 3개) 성장률·종료율이 잡음에 좌우되므로 평가하지 않습니다.,2024
BRD_20211679,OEC통치킨,2.0,평가 대상 아님,,,가맹점이 30개에 이른 적이 없어(최대 2개) 성장률·종료율이 잡음에 좌우되므로 평가하지 않습니다.,2024
BRD_20211687,차우린 솥밥,2.0,평가 대상 아님,,,가맹점이 30개에 이른 적이 없어(최대 2개) 성장률·종료율이 잡음에 좌우되므로 평가하지 않습니다.,2024
BRD_20211700,남대문 칼국수,2.0,평가 대상 아님,,,가맹점이 30개에 이른 적이 없어(최대 2개) 성장률·종료율이 잡음에 좌우되므로 평가하지 않습니다.,2024
BRD_20211767,신사교자냉삼,2.0,평가 대상 아님,,,가맹점이 30개에 이른 적이 없어(최대 2개) 성장률·종료율이 잡음에 좌우되므로 평가하지 않습니다.,2024
BRD_20211813,담산,2.0,평가 대상 아님,,,가맹점이 30개에 이른 적이 없어(최대 4개) 성장률·종료율이 잡음에 좌우되므로 평가하지 않습니다.,2024
BRD_20211814,파라노이드,2.0,평가 대상 아님,,,가맹점이 30개에 이른 적이 없어(최대 2개) 성장률·종료율이 잡음에 좌우되므로 평가하지 않습니다.,2024
BRD_20211896,고동경양,2.0,평가 대상 아님,,,가맹점이 30개에 이른 적이 없어(최대 2개) 성장률·종료율이 잡음에 좌우되므로 평가하지 않습니다.,2024
BRD_20211935,화씨이육공,2.0,평가 대상 아님,,,가맹점이 30개에 이른 적이 없어(최대 2개) 성장률·종료율이 잡음에 좌우되므로 평가하지 않습니다.,2024
BRD_20211939,쭈앤쭈,2.0,평가 대상 아님,,,가맹점이 30개에 이른 적이 없어(최대 3개) 성장률·종료율이 잡음에 좌우되므로 평가하지 않습니다.,2024
BRD_20212116,계화정,2.0,평가 대상 아님,,,가맹점이 30개에 이른 적이 없어(최대 2개) 성장률·종료율이 잡음에 좌우되므로 평가하지 않습니다.,2024
BRD_20212118,김춘화인 해물찜달인,2.0,평가 대상 아님,,,가맹점이 30개에 이른 적이 없어(최대 2개) 성장률·종료율이 잡음에 좌우되므로 평가하지 않습니다.,2024
BRD_20212129,오늘칡냉면,2.0,평가 대상 아님,,,가맹점이 30개에 이른 적이 없어(최대 6개) 성장률·종료율이 잡음에 좌우되므로 평가하지 않습니다.,2024
BRD_20212175,육초참치,2.0,평가 대상 아님,,,가맹점이 30개에 이른 적이 없어(최대 2개) 성장률·종료율이 잡음에 좌우되므로 평가하지 않습니다.,2024
BRD_20212200,양푼리,2.0,평가 대상 아님,,,가맹점이 30개에 이른 적이 없어(최대 2개) 성장률·종료율이 잡음에 좌우되므로 평가하지 않습니다.,2024
BRD_20212258,무탄,2.0,평가 대상 아님,,,가맹점이 30개에 이른 적이 없어(최대 2개) 성장률·종료율이 잡음에 좌우되므로 평가하지 않습니다.,2024
BRD_20212259,지강한식당,2.0,평가 대상 아님,,,가맹점이 30개에 이른 적이 없어(최대 4개) 성장률·종료율이 잡음에 좌우되므로 평가하지 않습니다.,2024
BRD_20212281,형제소곱창,2.0,평가 대상 아님,,,가맹점이 30개에 이른 적이 없어(최대 2개) 성장률·종료율이 잡음에 좌우되므로 평가하지 않습니다.,2024
BRD_20212379,팔팔찌개,2.0,평가 대상 아님,,,가맹점이 30개에 이른 적이 없어(최대 2개) 성장률·종료율이 잡음에 좌우되므로 평가하지 않습니다.,2024
BRD_20212400,패티 바이 번(PATTY BY BUN),2.0,평가 대상 아님,,,가맹점이 30개에 이른 적이 없어(최대 2개) 성장률·종료율이 잡음에 좌우되므로 평가하지 않습니다.,2024
BRD_20212405,행복한빅마마삼겹,2.0,평가 대상 아님,,,가맹점이 30개에 이른 적이 없어(최대 5개) 성장률·종료율이 잡음에 좌우되므로 평가하지 않습니다.,2024
BRD_20212406,죽을담다,2.0,평가 대상 아님,,,가맹점이 30개에 이른 적이 없어(최대 5개) 성장률·종료율이 잡음에 좌우되므로 평가하지 않습니다.,2024
BRD_20212468,명장진국설렁탕,2.0,평가 대상 아님,,,가맹점이 30개에 이른 적이 없어(최대 2개) 성장률·종료율이 잡음에 좌우되므로 평가하지 않습니다.,2024
BRD_20212486,83다복수육국밥,2.0,평가 대상 아님,,,가맹점이 30개에 이른 적이 없어(최대 3개) 성장률·종료율이 잡음에 좌우되므로 평가하지 않습니다.,2024
BRD_20212543,중식명장 이송학,2.0,평가 대상 아님,,,가맹점이 30개에 이른 적이 없어(최대 2개) 성장률·종료율이 잡음에 좌우되므로 평가하지 않습니다.,2024
BRD_20212623,원마담불냉면,2.0,평가 대상 아님,,,가맹점이 30개에 이른 적이 없어(최대 2개) 성장률·종료율이 잡음에 좌우되므로 평가하지 않습니다.,2024
BRD_20212872,코레와카레,2.0,평가 대상 아님,,,가맹점이 30개에 이른 적이 없어(최대 3개) 성장률·종료율이 잡음에 좌우되므로 평가하지 않습니다.,2024
BRD_20213036,칠성제면소,2.0,평가 대상 아님,,,가맹점이 30개에 이른 적이 없어(최대 4개) 성장률·종료율이 잡음에 좌우되므로 평가하지 않습니다.,2024
BRD_20213057,천하제일솥뚜껑,2.0,평가 대상 아님,,,가맹점이 30개에 이른 적이 없어(최대 2개) 성장률·종료율이 잡음에 좌우되므로 평가하지 않습니다.,2024
BRD_20213201,직화로바베큐치킨,2.0,평가 대상 아님,,,가맹점이 30개에 이른 적이 없어(최대 2개) 성장률·종료율이 잡음에 좌우되므로 평가하지 않습니다.,2024
BRD_20213215,빈스트커피,2.0,평가 대상 아님,,,가맹점이 30개에 이른 적이 없어(최대 2개) 성장률·종료율이 잡음에 좌우되므로 평가하지 않습니다.,2024
BRD_20213331,일월찬해장국,2.0,평가 대상 아님,,,가맹점이 30개에 이른 적이 없어(최대 2개) 성장률·종료율이 잡음에 좌우되므로 평가하지 않습니다.,2024
BRD_20213637,탑티어커피,2.0,평가 대상 아님,,,가맹점이 30개에 이른 적이 없어(최대 2개) 성장률·종료율이 잡음에 좌우되므로 평가하지 않습니다.,2024
BRD_20213841,백중기와야순두부,2.0,평가 대상 아님,,,가맹점이 30개에 이른 적이 없어(최대 2개) 성장률·종료율이 잡음에 좌우되므로 평가하지 않습니다.,2024
BRD_20213848,오사카오야붕,2.0,평가 대상 아님,,,가맹점이 30개에 이른 적이 없어(최대 2개) 성장률·종료율이 잡음에 좌우되므로 평가하지 않습니다.,2024
BRD_20213956,그릭엔젤,2.0,평가 대상 아님,,,가맹점이 30개에 이른 적이 없어(최대 2개) 성장률·종료율이 잡음에 좌우되므로 평가하지 않습니다.,2024
BRD_20213990,단비옥,2.0,평가 대상 아님,,,가맹점이 30개에 이른 적이 없어(최대 10개) 성장률·종료율이 잡음에 좌우되므로 평가하지 않습니다.,2024
BRD_20214224,추천해 꼬막짬뽕,2.0,평가 대상 아님,,,가맹점이 30개에 이른 적이 없어(최대 2개) 성장률·종료율이 잡음에 좌우되므로 평가하지 않습니다.,2024
BRD_20214248,우가든,2.0,평가 대상 아님,,,가맹점이 30개에 이른 적이 없어(최대 2개) 성장률·종료율이 잡음에 좌우되므로 평가하지 않습니다.,2024
BRD_20214363,스시스테이션,2.0,평가 대상 아님,,,가맹점이 30개에 이른 적이 없어(최대 2개) 성장률·종료율이 잡음에 좌우되므로 평가하지 않습니다.,2024
BRD_20214378,우성회관,2.0,평가 대상 아님,,,가맹점이 30개에 이른 적이 없어(최대 4개) 성장률·종료율이 잡음에 좌우되므로 평가하지 않습니다.,2024
BRD_20214388,크렘드마롱,2.0,평가 대상 아님,,,가맹점이 30개에 이른 적이 없어(최대 2개) 성장률·종료율이 잡음에 좌우되므로 평가하지 않습니다.,2024
BRD_20214462,정스닭꼬치,2.0,평가 대상 아님,,,가맹점이 30개에 이른 적이 없어(최대 2개) 성장률·종료율이 잡음에 좌우되므로 평가하지 않습니다.,2024
BRD_20214710,소바샵,2.0,평가 대상 아님,,,가맹점이 30개에 이른 적이 없어(최대 2개) 성장률·종료율이 잡음에 좌우되므로 평가하지 않습니다.,2024
BRD_20214753,분타(BUNTA),2.0,평가 대상 아님,,,가맹점이 30개에 이른 적이 없어(최대 2개) 성장률·종료율이 잡음에 좌우되므로 평가하지 않습니다.,2024
BRD_20214937,진짜대패집,2.0,평가 대상 아님,,,가맹점이 30개에 이른 적이 없어(최대 5개) 성장률·종료율이 잡음에 좌우되므로 평가하지 않습니다.,2024
BRD_20214942,어밤부(abamboo),2.0,평가 대상 아님,,,가맹점이 30개에 이른 적이 없어(최대 2개) 성장률·종료율이 잡음에 좌우되므로 평가하지 않습니다.,2024
BRD_20215035,나사리식당,2.0,평가 대상 아님,,,가맹점이 30개에 이른 적이 없어(최대 3개) 성장률·종료율이 잡음에 좌우되므로 평가하지 않습니다.,2024
BRD_20215374,더블다운버거,2.0,평가 대상 아님,,,가맹점이 30개에 이른 적이 없어(최대 4개) 성장률·종료율이 잡음에 좌우되므로 평가하지 않습니다.,2024
BRD_20215527,만홍반점,2.0,평가 대상 아님,,,가맹점이 30개에 이른 적이 없어(최대 3개) 성장률·종료율이 잡음에 좌우되므로 평가하지 않습니다.,2024
BRD_20215590,금산곰탕 오봉순인,2.0,평가 대상 아님,,,가맹점이 30개에 이른 적이 없어(최대 2개) 성장률·종료율이 잡음에 좌우되므로 평가하지 않습니다.,2024
BRD_20215673,든든한알천국밥,2.0,평가 대상 아님,,,가맹점이 30개에 이른 적이 없어(최대 4개) 성장률·종료율이 잡음에 좌우되므로 평가하지 않습니다.,2024
BRD_20215728,버거부스터,2.0,평가 대상 아님,,,가맹점이 30개에 이른 적이 없어(최대 7개) 성장률·종료율이 잡음에 좌우되므로 평가하지 않습니다.,2024
BRD_20215734,치박스,2.0,평가 대상 아님,,,가맹점이 30개에 이른 적이 없어(최대 2개) 성장률·종료율이 잡음에 좌우되므로 평가하지 않습니다.,2024
BRD_20215766,미삼집,2.0,평가 대상 아님,,,가맹점이 30개에 이른 적이 없어(최대 2개) 성장률·종료율이 잡음에 좌우되므로 평가하지 않습니다.,2024
BRD_20215864,미트맨(MEATMAN),2.0,평가 대상 아님,,,가맹점이 30개에 이른 적이 없어(최대 3개) 성장률·종료율이 잡음에 좌우되므로 평가하지 않습니다.,2024
BRD_20215865,카페 오디디오,2.0,평가 대상 아님,,,가맹점이 30개에 이른 적이 없어(최대 2개) 성장률·종료율이 잡음에 좌우되므로 평가하지 않습니다.,2024
BRD_20215867,TACO15,2.0,평가 대상 아님,,,가맹점이 30개에 이른 적이 없어(최대 2개) 성장률·종료율이 잡음에 좌우되므로 평가하지 않습니다.,2024
BRD_20220016,아소정,2.0,평가 대상 아님,,,가맹점이 30개에 이른 적이 없어(최대 2개) 성장률·종료율이 잡음에 좌우되므로 평가하지 않습니다.,2024
BRD_20220048,아끌로네,2.0,평가 대상 아님,,,가맹점이 30개에 이른 적이 없어(최대 2개) 성장률·종료율이 잡음에 좌우되므로 평가하지 않습니다.,2024
BRD_20220168,어흥식당,2.0,평가 대상 아님,,,가맹점이 30개에 이른 적이 없어(최대 2개) 성장률·종료율이 잡음에 좌우되므로 평가하지 않습니다.,2024
BRD_20220225,팔화당,2.0,평가 대상 아님,,,가맹점이 30개에 이른 적이 없어(최대 2개) 성장률·종료율이 잡음에 좌우되므로 평가하지 않습니다.,2024
BRD_20220287,조봉순국밥,2.0,평가 대상 아님,,,가맹점이 30개에 이른 적이 없어(최대 2개) 성장률·종료율이 잡음에 좌우되므로 평가하지 않습니다.,2024
BRD_20220297,꼬꾸,2.0,평가 대상 아님,,,가맹점이 30개에 이른 적이 없어(최대 12개) 성장률·종료율이 잡음에 좌우되므로 평가하지 않습니다.,2024
BRD_20220463,베이콜로지 빵학개론,2.0,평가 대상 아님,,,가맹점이 30개에 이른 적이 없어(최대 2개) 성장률·종료율이 잡음에 좌우되므로 평가하지 않습니다.,2024
BRD_20220468,만만닭강정,2.0,평가 대상 아님,,,가맹점이 30개에 이른 적이 없어(최대 2개) 성장률·종료율이 잡음에 좌우되므로 평가하지 않습니다.,2024
BRD_20220483,규온,2.0,평가 대상 아님,,,가맹점이 30개에 이른 적이 없어(최대 2개) 성장률·종료율이 잡음에 좌우되므로 평가하지 않습니다.,2024
BRD_20220506,시온담,2.0,평가 대상 아님,,,가맹점이 30개에 이른 적이 없어(최대 2개) 성장률·종료율이 잡음에 좌우되므로 평가하지 않습니다.,2024
BRD_20220650,국밥슐랭,2.0,평가 대상 아님,,,가맹점이 30개에 이른 적이 없어(최대 3개) 성장률·종료율이 잡음에 좌우되므로 평가하지 않습니다.,2024
BRD_20220667,세컨디 콜리,2.0,평가 대상 아님,,,가맹점이 30개에 이른 적이 없어(최대 3개) 성장률·종료율이 잡음에 좌우되므로 평가하지 않습니다.,2024
BRD_20220685,까사부사노,2.0,평가 대상 아님,,,가맹점이 30개에 이른 적이 없어(최대 2개) 성장률·종료율이 잡음에 좌우되므로 평가하지 않습니다.,2024
BRD_20220700,삼다진족,2.0,평가 대상 아님,,,가맹점이 30개에 이른 적이 없어(최대 2개) 성장률·종료율이 잡음에 좌우되므로 평가하지 않습니다.,2024
BRD_20220702,대구서문옛날카스테라,2.0,평가 대상 아님,,,가맹점이 30개에 이른 적이 없어(최대 2개) 성장률·종료율이 잡음에 좌우되므로 평가하지 않습니다.,2024
BRD_20220747,육회마니아,2.0,평가 대상 아님,,,가맹점이 30개에 이른 적이 없어(최대 5개) 성장률·종료율이 잡음에 좌우되므로 평가하지 않습니다.,2024
BRD_20220834,피자보감,2.0,평가 대상 아님,,,가맹점이 30개에 이른 적이 없어(최대 2개) 성장률·종료율이 잡음에 좌우되므로 평가하지 않습니다.,2024
BRD_20220987,정데판,2.0,평가 대상 아님,,,가맹점이 30개에 이른 적이 없어(최대 2개) 성장률·종료율이 잡음에 좌우되므로 평가하지 않습니다.,2024
BRD_20221146,오리엔탈게이트,2.0,평가 대상 아님,,,가맹점이 30개에 이른 적이 없어(최대 2개) 성장률·종료율이 잡음에 좌우되므로 평가하지 않습니다.,2024
BRD_20221168|JNG_014140,양갑조국밥,2.0,평가 대상 아님,,,가맹점이 30개에 이른 적이 없어(최대 2개) 성장률·종료율이 잡음에 좌우되므로 평가하지 않습니다.,2024
BRD_20221172,성시현쭈꾸미,2.0,평가 대상 아님,,,가맹점이 30개에 이른 적이 없어(최대 3개) 성장률·종료율이 잡음에 좌우되므로 평가하지 않습니다.,2024
BRD_20221197,바른죽,2.0,평가 대상 아님,,,가맹점이 30개에 이른 적이 없어(최대 2개) 성장률·종료율이 잡음에 좌우되므로 평가하지 않습니다.,2024
BRD_20221265,정양집,2.0,평가 대상 아님,,,가맹점이 30개에 이른 적이 없어(최대 3개) 성장률·종료율이 잡음에 좌우되므로 평가하지 않습니다.,2024
BRD_20221298,스템 커피(STEM COFFEE),2.0,평가 대상 아님,,,가맹점이 30개에 이른 적이 없어(최대 2개) 성장률·종료율이 잡음에 좌우되므로 평가하지 않습니다.,2024
BRD_20221323,옛날양푼국수,2.0,평가 대상 아님,,,가맹점이 30개에 이른 적이 없어(최대 2개) 성장률·종료율이 잡음에 좌우되므로 평가하지 않습니다.,2024
BRD_20221338,아보(Avoh),2.0,평가 대상 아님,,,가맹점이 30개에 이른 적이 없어(최대 2개) 성장률·종료율이 잡음에 좌우되므로 평가하지 않습니다.,2024
BRD_20221347,국면당,2.0,평가 대상 아님,,,가맹점이 30개에 이른 적이 없어(최대 2개) 성장률·종료율이 잡음에 좌우되므로 평가하지 않습니다.,2024
BRD_20221404,진갈매갈,2.0,평가 대상 아님,,,가맹점이 30개에 이른 적이 없어(최대 3개) 성장률·종료율이 잡음에 좌우되므로 평가하지 않습니다.,2024
BRD_20221423,케그샵,2.0,평가 대상 아님,,,가맹점이 30개에 이른 적이 없어(최대 2개) 성장률·종료율이 잡음에 좌우되므로 평가하지 않습니다.,2024
BRD_20221430,팥붕슈붕,2.0,평가 대상 아님,,,가맹점이 30개에 이른 적이 없어(최대 2개) 성장률·종료율이 잡음에 좌우되므로 평가하지 않습니다.,2024
BRD_20221433,와플스튜디오,2.0,평가 대상 아님,,,가맹점이 30개에 이른 적이 없어(최대 2개) 성장률·종료율이 잡음에 좌우되므로 평가하지 않습니다.,2024
BRD_20221436,야키야(YAKI-YA),2.0,평가 대상 아님,,,가맹점이 30개에 이른 적이 없어(최대 2개) 성장률·종료율이 잡음에 좌우되므로 평가하지 않습니다.,2024
BRD_20230001,SSOG,2.0,평가 대상 아님,,,가맹점이 30개에 이른 적이 없어(최대 2개) 성장률·종료율이 잡음에 좌우되므로 평가하지 않습니다.,2024
BRD_20230002,자이언트덮밥,2.0,평가 대상 아님,,,가맹점이 30개에 이른 적이 없어(최대 4개) 성장률·종료율이 잡음에 좌우되므로 평가하지 않습니다.,2024
BRD_20230079,ALI★TOGO★STAR(알리투고스타)커피,2.0,평가 대상 아님,,,가맹점이 30개에 이른 적이 없어(최대 2개) 성장률·종료율이 잡음에 좌우되므로 평가하지 않습니다.,2024
BRD_20230086,호루몬규상,2.0,평가 대상 아님,,,가맹점이 30개에 이른 적이 없어(최대 2개) 성장률·종료율이 잡음에 좌우되므로 평가하지 않습니다.,2024
BRD_20230115,피자소그로,2.0,평가 대상 아님,,,가맹점이 30개에 이른 적이 없어(최대 2개) 성장률·종료율이 잡음에 좌우되므로 평가하지 않습니다.,2024
BRD_20230129,한끼한줄,2.0,평가 대상 아님,,,가맹점이 30개에 이른 적이 없어(최대 2개) 성장률·종료율이 잡음에 좌우되므로 평가하지 않습니다.,2024
BRD_20230156,만선호프,2.0,평가 대상 아님,,,가맹점이 30개에 이른 적이 없어(최대 2개) 성장률·종료율이 잡음에 좌우되므로 평가하지 않습니다.,2024
BRD_20230172,리띵커피,2.0,평가 대상 아님,,,가맹점이 30개에 이른 적이 없어(최대 2개) 성장률·종료율이 잡음에 좌우되므로 평가하지 않습니다.,2024
BRD_20230200,숙성돼지,2.0,평가 대상 아님,,,가맹점이 30개에 이른 적이 없어(최대 2개) 성장률·종료율이 잡음에 좌우되므로 평가하지 않습니다.,2024
BRD_20230212,보말진칼국수김밥,2.0,평가 대상 아님,,,가맹점이 30개에 이른 적이 없어(최대 2개) 성장률·종료율이 잡음에 좌우되므로 평가하지 않습니다.,2024
BRD_20230237,커피베이 익스프레스,2.0,평가 대상 아님,,,가맹점이 30개에 이른 적이 없어(최대 2개) 성장률·종료율이 잡음에 좌우되므로 평가하지 않습니다.,2024
BRD_20230244,타코야미,2.0,평가 대상 아님,,,가맹점이 30개에 이른 적이 없어(최대 6개) 성장률·종료율이 잡음에 좌우되므로 평가하지 않습니다.,2024
BRD_20230259,서울덮밥,2.0,평가 대상 아님,,,가맹점이 30개에 이른 적이 없어(최대 3개) 성장률·종료율이 잡음에 좌우되므로 평가하지 않습니다.,2024
BRD_20230269,린야코,2.0,평가 대상 아님,,,가맹점이 30개에 이른 적이 없어(최대 2개) 성장률·종료율이 잡음에 좌우되므로 평가하지 않습니다.,2024
BRD_20230316,삼초갈비,2.0,평가 대상 아님,,,가맹점이 30개에 이른 적이 없어(최대 4개) 성장률·종료율이 잡음에 좌우되므로 평가하지 않습니다.,2024
BRD_20230353,암사골숯불닭갈비,2.0,평가 대상 아님,,,가맹점이 30개에 이른 적이 없어(최대 2개) 성장률·종료율이 잡음에 좌우되므로 평가하지 않습니다.,2024
BRD_20230373,띵크프룻,2.0,평가 대상 아님,,,가맹점이 30개에 이른 적이 없어(최대 2개) 성장률·종료율이 잡음에 좌우되므로 평가하지 않습니다.,2024
BRD_20230381,바다와,2.0,평가 대상 아님,,,가맹점이 30개에 이른 적이 없어(최대 2개) 성장률·종료율이 잡음에 좌우되므로 평가하지 않습니다.,2024
BRD_20230383,밥스캔들,2.0,평가 대상 아님,,,가맹점이 30개에 이른 적이 없어(최대 2개) 성장률·종료율이 잡음에 좌우되므로 평가하지 않습니다.,2024
BRD_20230387,도라보울,2.0,평가 대상 아님,,,가맹점이 30개에 이른 적이 없어(최대 2개) 성장률·종료율이 잡음에 좌우되므로 평가하지 않습니다.,2024
BRD_20230394,오케이곱창,2.0,평가 대상 아님,,,가맹점이 30개에 이른 적이 없어(최대 2개) 성장률·종료율이 잡음에 좌우되므로 평가하지 않습니다.,2024
BRD_20230439,올댓치킨,2.0,평가 대상 아님,,,가맹점이 30개에 이른 적이 없어(최대 2개) 성장률·종료율이 잡음에 좌우되므로 평가하지 않습니다.,2024
BRD_20230467,육즈비,2.0,평가 대상 아님,,,가맹점이 30개에 이른 적이 없어(최대 2개) 성장률·종료율이 잡음에 좌우되므로 평가하지 않습니다.,2024
BRD_20230516,맛을 The하다,2.0,평가 대상 아님,,,가맹점이 30개에 이른 적이 없어(최대 10개) 성장률·종료율이 잡음에 좌우되므로 평가하지 않습니다.,2024
BRD_20230552,써는족족,2.0,평가 대상 아님,,,가맹점이 30개에 이른 적이 없어(최대 2개) 성장률·종료율이 잡음에 좌우되므로 평가하지 않습니다.,2024
BRD_20230575,두툼돈288,2.0,평가 대상 아님,,,가맹점이 30개에 이른 적이 없어(최대 2개) 성장률·종료율이 잡음에 좌우되므로 평가하지 않습니다.,2024
BRD_20230647,초록온담 김사장,2.0,평가 대상 아님,,,가맹점이 30개에 이른 적이 없어(최대 2개) 성장률·종료율이 잡음에 좌우되므로 평가하지 않습니다.,2024
BRD_20230648,기버스테이션,2.0,평가 대상 아님,,,가맹점이 30개에 이른 적이 없어(최대 2개) 성장률·종료율이 잡음에 좌우되므로 평가하지 않습니다.,2024
BRD_20230654,로우라이즈,2.0,평가 대상 아님,,,가맹점이 30개에 이른 적이 없어(최대 2개) 성장률·종료율이 잡음에 좌우되므로 평가하지 않습니다.,2024
BRD_20230664,카페초가오,2.0,평가 대상 아님,,,가맹점이 30개에 이른 적이 없어(최대 2개) 성장률·종료율이 잡음에 좌우되므로 평가하지 않습니다.,2024
BRD_20230679,이동간받이,2.0,평가 대상 아님,,,가맹점이 30개에 이른 적이 없어(최대 2개) 성장률·종료율이 잡음에 좌우되므로 평가하지 않습니다.,2024
BRD_20230688,신가게맥주,2.0,평가 대상 아님,,,가맹점이 30개에 이른 적이 없어(최대 2개) 성장률·종료율이 잡음에 좌우되므로 평가하지 않습니다.,2024
BRD_20230748,테이스티 버거,2.0,평가 대상 아님,,,가맹점이 30개에 이른 적이 없어(최대 2개) 성장률·종료율이 잡음에 좌우되므로 평가하지 않습니다.,2024
BRD_20230759,샤브50,2.0,평가 대상 아님,,,가맹점이 30개에 이른 적이 없어(최대 3개) 성장률·종료율이 잡음에 좌우되므로 평가하지 않습니다.,2024
BRD_20230762,아리랑88통닭,2.0,평가 대상 아님,,,가맹점이 30개에 이른 적이 없어(최대 2개) 성장률·종료율이 잡음에 좌우되므로 평가하지 않습니다.,2024
BRD_20230767,우화한식당,2.0,평가 대상 아님,,,가맹점이 30개에 이른 적이 없어(최대 2개) 성장률·종료율이 잡음에 좌우되므로 평가하지 않습니다.,2024
BRD_20230778,아줌마돈까스,2.0,평가 대상 아님,,,가맹점이 30개에 이른 적이 없어(최대 2개) 성장률·종료율이 잡음에 좌우되므로 평가하지 않습니다.,2024
BRD_20230779,아침산 패밀리 탕끓이는 사람들,2.0,평가 대상 아님,,,가맹점이 30개에 이른 적이 없어(최대 4개) 성장률·종료율이 잡음에 좌우되므로 평가하지 않습니다.,2024
BRD_20230785,오늘도 못참는 김치찜,2.0,평가 대상 아님,,,가맹점이 30개에 이른 적이 없어(최대 2개) 성장률·종료율이 잡음에 좌우되므로 평가하지 않습니다.,2024
BRD_20230788,싱싱회수산시장,2.0,평가 대상 아님,,,가맹점이 30개에 이른 적이 없어(최대 2개) 성장률·종료율이 잡음에 좌우되므로 평가하지 않습니다.,2024
BRD_20230813,카페꼼마,2.0,평가 대상 아님,,,가맹점이 30개에 이른 적이 없어(최대 2개) 성장률·종료율이 잡음에 좌우되므로 평가하지 않습니다.,2024
BRD_20230816,송도로드피자,2.0,평가 대상 아님,,,가맹점이 30개에 이른 적이 없어(최대 2개) 성장률·종료율이 잡음에 좌우되므로 평가하지 않습니다.,2024
BRD_20230828,싱글벙글복어,2.0,평가 대상 아님,,,가맹점이 30개에 이른 적이 없어(최대 2개) 성장률·종료율이 잡음에 좌우되므로 평가하지 않습니다.,2024
BRD_20230837,문화식당,2.0,평가 대상 아님,,,가맹점이 30개에 이른 적이 없어(최대 2개) 성장률·종료율이 잡음에 좌우되므로 평가하지 않습니다.,2024
BRD_20230902,돗간,2.0,평가 대상 아님,,,가맹점이 30개에 이른 적이 없어(최대 2개) 성장률·종료율이 잡음에 좌우되므로 평가하지 않습니다.,2024
BRD_20230914,우이며녹,2.0,평가 대상 아님,,,가맹점이 30개에 이른 적이 없어(최대 2개) 성장률·종료율이 잡음에 좌우되므로 평가하지 않습니다.,2024
BRD_20230947,리본레시피(Reborn Recipe),2.0,평가 대상 아님,,,가맹점이 30개에 이른 적이 없어(최대 2개) 성장률·종료율이 잡음에 좌우되므로 평가하지 않습니다.,2024
BRD_20230986,키토분식,2.0,평가 대상 아님,,,가맹점이 30개에 이른 적이 없어(최대 2개) 성장률·종료율이 잡음에 좌우되므로 평가하지 않습니다.,2024
BRD_20230999,마성소국밥,2.0,평가 대상 아님,,,가맹점이 30개에 이른 적이 없어(최대 2개) 성장률·종료율이 잡음에 좌우되므로 평가하지 않습니다.,2024
BRD_20231011,산성식육점,2.0,평가 대상 아님,,,가맹점이 30개에 이른 적이 없어(최대 2개) 성장률·종료율이 잡음에 좌우되므로 평가하지 않습니다.,2024
BRD_20231013,오또도넛,2.0,평가 대상 아님,,,가맹점이 30개에 이른 적이 없어(최대 2개) 성장률·종료율이 잡음에 좌우되므로 평가하지 않습니다.,2024
BRD_20231028,돈삼촌,2.0,평가 대상 아님,,,가맹점이 30개에 이른 적이 없어(최대 2개) 성장률·종료율이 잡음에 좌우되므로 평가하지 않습니다.,2024
BRD_20231033,필프리(FEEL FREE),2.0,평가 대상 아님,,,가맹점이 30개에 이른 적이 없어(최대 2개) 성장률·종료율이 잡음에 좌우되므로 평가하지 않습니다.,2024
BRD_20231071,유원옥,2.0,평가 대상 아님,,,가맹점이 30개에 이른 적이 없어(최대 3개) 성장률·종료율이 잡음에 좌우되므로 평가하지 않습니다.,2024
BRD_20231115,엄마김치찜,2.0,평가 대상 아님,,,가맹점이 30개에 이른 적이 없어(최대 2개) 성장률·종료율이 잡음에 좌우되므로 평가하지 않습니다.,2024
BRD_20231122,명품국밥,2.0,평가 대상 아님,,,가맹점이 30개에 이른 적이 없어(최대 4개) 성장률·종료율이 잡음에 좌우되므로 평가하지 않습니다.,2024
BRD_20231133,신제주해장국,2.0,평가 대상 아님,,,가맹점이 30개에 이른 적이 없어(최대 2개) 성장률·종료율이 잡음에 좌우되므로 평가하지 않습니다.,2024
BRD_20231191,수안초밥,2.0,평가 대상 아님,,,가맹점이 30개에 이른 적이 없어(최대 2개) 성장률·종료율이 잡음에 좌우되므로 평가하지 않습니다.,2024
BRD_20231247,잊힐리야,2.0,평가 대상 아님,,,가맹점이 30개에 이른 적이 없어(최대 2개) 성장률·종료율이 잡음에 좌우되므로 평가하지 않습니다.,2024
BRD_20231258,떡보라,2.0,평가 대상 아님,,,가맹점이 30개에 이른 적이 없어(최대 2개) 성장률·종료율이 잡음에 좌우되므로 평가하지 않습니다.,2024
BRD_20231263,지즐한우정육식당,2.0,평가 대상 아님,,,가맹점이 30개에 이른 적이 없어(최대 2개) 성장률·종료율이 잡음에 좌우되므로 평가하지 않습니다.,2024
BRD_20231290,장수손만두,2.0,평가 대상 아님,,,가맹점이 30개에 이른 적이 없어(최대 2개) 성장률·종료율이 잡음에 좌우되므로 평가하지 않습니다.,2024
BRD_20231304,구르메산장,2.0,평가 대상 아님,,,가맹점이 30개에 이른 적이 없어(최대 2개) 성장률·종료율이 잡음에 좌우되므로 평가하지 않습니다.,2024
BRD_20231309,짝태시대,2.0,평가 대상 아님,,,가맹점이 30개에 이른 적이 없어(최대 2개) 성장률·종료율이 잡음에 좌우되므로 평가하지 않습니다.,2024
BRD_20231343,숨맑은집,2.0,평가 대상 아님,,,가맹점이 30개에 이른 적이 없어(최대 2개) 성장률·종료율이 잡음에 좌우되므로 평가하지 않습니다.,2024
BRD_20231354,나이스웨이,2.0,평가 대상 아님,,,가맹점이 30개에 이른 적이 없어(최대 2개) 성장률·종료율이 잡음에 좌우되므로 평가하지 않습니다.,2024
BRD_20231362,속초 그바람에,2.0,평가 대상 아님,,,가맹점이 30개에 이른 적이 없어(최대 2개) 성장률·종료율이 잡음에 좌우되므로 평가하지 않습니다.,2024
BRD_20231367,뿡어당,2.0,평가 대상 아님,,,가맹점이 30개에 이른 적이 없어(최대 3개) 성장률·종료율이 잡음에 좌우되므로 평가하지 않습니다.,2024
BRD_20231377,부대옥,2.0,평가 대상 아님,,,가맹점이 30개에 이른 적이 없어(최대 2개) 성장률·종료율이 잡음에 좌우되므로 평가하지 않습니다.,2024
BRD_20231392,쭈담,2.0,평가 대상 아님,,,가맹점이 30개에 이른 적이 없어(최대 2개) 성장률·종료율이 잡음에 좌우되므로 평가하지 않습니다.,2024
BRD_20231394,중화카츠,2.0,평가 대상 아님,,,가맹점이 30개에 이른 적이 없어(최대 2개) 성장률·종료율이 잡음에 좌우되므로 평가하지 않습니다.,2024
BRD_20231411,츠키노우사기,2.0,평가 대상 아님,,,가맹점이 30개에 이른 적이 없어(최대 2개) 성장률·종료율이 잡음에 좌우되므로 평가하지 않습니다.,2024
BRD_20231430,닭강점,2.0,평가 대상 아님,,,가맹점이 30개에 이른 적이 없어(최대 2개) 성장률·종료율이 잡음에 좌우되므로 평가하지 않습니다.,2024
BRD_20231463,낭만제육,2.0,평가 대상 아님,,,가맹점이 30개에 이른 적이 없어(최대 2개) 성장률·종료율이 잡음에 좌우되므로 평가하지 않습니다.,2024
BRD_20231465,퍼뗀숯불구이,2.0,평가 대상 아님,,,가맹점이 30개에 이른 적이 없어(최대 2개) 성장률·종료율이 잡음에 좌우되므로 평가하지 않습니다.,2024
BRD_20231469,핑크코끼리,2.0,평가 대상 아님,,,가맹점이 30개에 이른 적이 없어(최대 2개) 성장률·종료율이 잡음에 좌우되므로 평가하지 않습니다.,2024
BRD_20231478,국밥킹,2.0,평가 대상 아님,,,가맹점이 30개에 이른 적이 없어(최대 2개) 성장률·종료율이 잡음에 좌우되므로 평가하지 않습니다.,2024
BRD_20231511,남산터,2.0,평가 대상 아님,,,가맹점이 30개에 이른 적이 없어(최대 2개) 성장률·종료율이 잡음에 좌우되므로 평가하지 않습니다.,2024
BRD_20231526,육도락,2.0,평가 대상 아님,,,가맹점이 30개에 이른 적이 없어(최대 2개) 성장률·종료율이 잡음에 좌우되므로 평가하지 않습니다.,2024
BRD_20231550,이화포차,2.0,평가 대상 아님,,,가맹점이 30개에 이른 적이 없어(최대 2개) 성장률·종료율이 잡음에 좌우되므로 평가하지 않습니다.,2024
BRD_20231566,메밀447,2.0,평가 대상 아님,,,가맹점이 30개에 이른 적이 없어(최대 2개) 성장률·종료율이 잡음에 좌우되므로 평가하지 않습니다.,2024
BRD_20231570,민속밀면,2.0,평가 대상 아님,,,가맹점이 30개에 이른 적이 없어(최대 2개) 성장률·종료율이 잡음에 좌우되므로 평가하지 않습니다.,2024
BRD_20231603,제주미향해장,2.0,평가 대상 아님,,,가맹점이 30개에 이른 적이 없어(최대 2개) 성장률·종료율이 잡음에 좌우되므로 평가하지 않습니다.,2024
BRD_20231621,케익앤팜(cake n Farm),2.0,평가 대상 아님,,,가맹점이 30개에 이른 적이 없어(최대 2개) 성장률·종료율이 잡음에 좌우되므로 평가하지 않습니다.,2024
BRD_20231636,교동맥주,2.0,평가 대상 아님,,,가맹점이 30개에 이른 적이 없어(최대 2개) 성장률·종료율이 잡음에 좌우되므로 평가하지 않습니다.,2024
BRD_20231641,분식호랑,2.0,평가 대상 아님,,,가맹점이 30개에 이른 적이 없어(최대 5개) 성장률·종료율이 잡음에 좌우되므로 평가하지 않습니다.,2024
BRD_20231660,남월,2.0,평가 대상 아님,,,가맹점이 30개에 이른 적이 없어(최대 2개) 성장률·종료율이 잡음에 좌우되므로 평가하지 않습니다.,2024
BRD_20231669,으뜸착한낙지,2.0,평가 대상 아님,,,가맹점이 30개에 이른 적이 없어(최대 2개) 성장률·종료율이 잡음에 좌우되므로 평가하지 않습니다.,2024
BRD_20231671,온히어 온샐러드&포케,2.0,평가 대상 아님,,,가맹점이 30개에 이른 적이 없어(최대 2개) 성장률·종료율이 잡음에 좌우되므로 평가하지 않습니다.,2024
BRD_20231678,로드샌드위치,2.0,평가 대상 아님,,,가맹점이 30개에 이른 적이 없어(최대 2개) 성장률·종료율이 잡음에 좌우되므로 평가하지 않습니다.,2024
BRD_20231681,로바다가쿠,2.0,평가 대상 아님,,,가맹점이 30개에 이른 적이 없어(최대 2개) 성장률·종료율이 잡음에 좌우되므로 평가하지 않습니다.,2024
BRD_20231689,하라김밥,2.0,평가 대상 아님,,,가맹점이 30개에 이른 적이 없어(최대 2개) 성장률·종료율이 잡음에 좌우되므로 평가하지 않습니다.,2024
BRD_20231738,속초킹김밥&도시락,2.0,평가 대상 아님,,,가맹점이 30개에 이른 적이 없어(최대 2개) 성장률·종료율이 잡음에 좌우되므로 평가하지 않습니다.,2024
BRD_20231744,곱도리탕참맛있는집,2.0,평가 대상 아님,,,가맹점이 30개에 이른 적이 없어(최대 2개) 성장률·종료율이 잡음에 좌우되므로 평가하지 않습니다.,2024
BRD_20231760,남파랑국밥,2.0,평가 대상 아님,,,가맹점이 30개에 이른 적이 없어(최대 2개) 성장률·종료율이 잡음에 좌우되므로 평가하지 않습니다.,2024
BRD_20231770,서식,2.0,평가 대상 아님,,,가맹점이 30개에 이른 적이 없어(최대 2개) 성장률·종료율이 잡음에 좌우되므로 평가하지 않습니다.,2024
BRD_20231806,백족발,2.0,평가 대상 아님,,,가맹점이 30개에 이른 적이 없어(최대 2개) 성장률·종료율이 잡음에 좌우되므로 평가하지 않습니다.,2024
BRD_20231811,와로플,2.0,평가 대상 아님,,,가맹점이 30개에 이른 적이 없어(최대 2개) 성장률·종료율이 잡음에 좌우되므로 평가하지 않습니다.,2024
BRD_20231824,이코복스커피스튜디오(IKOVOX COFFEE STUDIO),2.0,평가 대상 아님,,,가맹점이 30개에 이른 적이 없어(최대 2개) 성장률·종료율이 잡음에 좌우되므로 평가하지 않습니다.,2024
BRD_20231903,어바웃피자(aboutpizza),2.0,평가 대상 아님,,,가맹점이 30개에 이른 적이 없어(최대 2개) 성장률·종료율이 잡음에 좌우되므로 평가하지 않습니다.,2024
BRD_20240004,트리고,2.0,평가 대상 아님,,,가맹점이 30개에 이른 적이 없어(최대 2개) 성장률·종료율이 잡음에 좌우되므로 평가하지 않습니다.,2024
BRD_20240010,치킨아메리카Z,2.0,평가 대상 아님,,,가맹점이 30개에 이른 적이 없어(최대 2개) 성장률·종료율이 잡음에 좌우되므로 평가하지 않습니다.,2024
BRD_20240016,송탄식당,2.0,평가 대상 아님,,,가맹점이 30개에 이른 적이 없어(최대 2개) 성장률·종료율이 잡음에 좌우되므로 평가하지 않습니다.,2024
BRD_20240052,BETTER BEAN,2.0,평가 대상 아님,,,가맹점이 30개에 이른 적이 없어(최대 2개) 성장률·종료율이 잡음에 좌우되므로 평가하지 않습니다.,2024
BRD_20240054|JNG_016657,숙성무한장어,2.0,평가 대상 아님,,,가맹점이 30개에 이른 적이 없어(최대 3개) 성장률·종료율이 잡음에 좌우되므로 평가하지 않습니다.,2024
BRD_20240066,오지테이블,2.0,평가 대상 아님,,,가맹점이 30개에 이른 적이 없어(최대 2개) 성장률·종료율이 잡음에 좌우되므로 평가하지 않습니다.,2024
BRD_20240077,지산목,2.0,평가 대상 아님,,,가맹점이 30개에 이른 적이 없어(최대 2개) 성장률·종료율이 잡음에 좌우되므로 평가하지 않습니다.,2024
BRD_20240079|JNG_016682,요쇼쿠,2.0,평가 대상 아님,,,가맹점이 30개에 이른 적이 없어(최대 2개) 성장률·종료율이 잡음에 좌우되므로 평가하지 않습니다.,2024
BRD_20240082,아서원,2.0,평가 대상 아님,,,가맹점이 30개에 이른 적이 없어(최대 2개) 성장률·종료율이 잡음에 좌우되므로 평가하지 않습니다.,2024
BRD_20240089|JNG_016697,장여사 나뭇잎형 만두,2.0,평가 대상 아님,,,가맹점이 30개에 이른 적이 없어(최대 2개) 성장률·종료율이 잡음에 좌우되므로 평가하지 않습니다.,2024
BRD_20240112,와이스타브 다이어트,2.0,평가 대상 아님,,,가맹점이 30개에 이른 적이 없어(최대 2개) 성장률·종료율이 잡음에 좌우되므로 평가하지 않습니다.,2024
BRD_20240119,그릭앤조이(Greek Enjoy),2.0,평가 대상 아님,,,가맹점이 30개에 이른 적이 없어(최대 2개) 성장률·종료율이 잡음에 좌우되므로 평가하지 않습니다.,2024
BRD_20240128,순둥이,2.0,평가 대상 아님,,,가맹점이 30개에 이른 적이 없어(최대 2개) 성장률·종료율이 잡음에 좌우되므로 평가하지 않습니다.,2024
BRD_20240148,카이카츠,2.0,평가 대상 아님,,,가맹점이 30개에 이른 적이 없어(최대 2개) 성장률·종료율이 잡음에 좌우되므로 평가하지 않습니다.,2024
BRD_20240158|JNG_016739,닭재이,2.0,평가 대상 아님,,,가맹점이 30개에 이른 적이 없어(최대 2개) 성장률·종료율이 잡음에 좌우되므로 평가하지 않습니다.,2024
BRD_20240210,압구정김치찜,2.0,평가 대상 아님,,,가맹점이 30개에 이른 적이 없어(최대 2개) 성장률·종료율이 잡음에 좌우되므로 평가하지 않습니다.,2024
BRD_20240225|JNG_016862,안자고한우곱창,2.0,평가 대상 아님,,,가맹점이 30개에 이른 적이 없어(최대 2개) 성장률·종료율이 잡음에 좌우되므로 평가하지 않습니다.,2024
BRD_20240226,형제피자,2.0,평가 대상 아님,,,가맹점이 30개에 이른 적이 없어(최대 2개) 성장률·종료율이 잡음에 좌우되므로 평가하지 않습니다.,2024
BRD_20240234|JNG_016568,고본정냉면,2.0,평가 대상 아님,,,가맹점이 30개에 이른 적이 없어(최대 2개) 성장률·종료율이 잡음에 좌우되므로 평가하지 않습니다.,2024
BRD_20240258,영미김밥,2.0,평가 대상 아님,,,가맹점이 30개에 이른 적이 없어(최대 2개) 성장률·종료율이 잡음에 좌우되므로 평가하지 않습니다.,2024
BRD_20240285|JNG_016927,군함맥주,2.0,평가 대상 아님,,,가맹점이 30개에 이른 적이 없어(최대 2개) 성장률·종료율이 잡음에 좌우되므로 평가하지 않습니다.,2024
BRD_20240297,꿈에그린 그로서란트,2.0,평가 대상 아님,,,가맹점이 30개에 이른 적이 없어(최대 2개) 성장률·종료율이 잡음에 좌우되므로 평가하지 않습니다.,2024
BRD_20240345,최원석의 돼지 한판,2.0,평가 대상 아님,,,가맹점이 30개에 이른 적이 없어(최대 2개) 성장률·종료율이 잡음에 좌우되므로 평가하지 않습니다.,2024
BRD_20240346,아워우스(ourours),2.0,평가 대상 아님,,,가맹점이 30개에 이른 적이 없어(최대 2개) 성장률·종료율이 잡음에 좌우되므로 평가하지 않습니다.,2024
BRD_20240347,우스블랑,2.0,평가 대상 아님,,,가맹점이 30개에 이른 적이 없어(최대 2개) 성장률·종료율이 잡음에 좌우되므로 평가하지 않습니다.,2024
BRD_20240348,넌테이블(non table),2.0,평가 대상 아님,,,가맹점이 30개에 이른 적이 없어(최대 2개) 성장률·종료율이 잡음에 좌우되므로 평가하지 않습니다.,2024
BRD_20240377,댄싱홍콩,2.0,평가 대상 아님,,,가맹점이 30개에 이른 적이 없어(최대 2개) 성장률·종료율이 잡음에 좌우되므로 평가하지 않습니다.,2024
BRD_20240417,빡가네갈비후라이,2.0,평가 대상 아님,,,가맹점이 30개에 이른 적이 없어(최대 2개) 성장률·종료율이 잡음에 좌우되므로 평가하지 않습니다.,2024
BRD_20240495,엄니도시락 한식뷔페,2.0,평가 대상 아님,,,가맹점이 30개에 이른 적이 없어(최대 2개) 성장률·종료율이 잡음에 좌우되므로 평가하지 않습니다.,2024
BRD_20240501,더타코부스,2.0,평가 대상 아님,,,가맹점이 30개에 이른 적이 없어(최대 2개) 성장률·종료율이 잡음에 좌우되므로 평가하지 않습니다.,2024
BRD_20240504,상상피자,2.0,평가 대상 아님,,,가맹점이 30개에 이른 적이 없어(최대 2개) 성장률·종료율이 잡음에 좌우되므로 평가하지 않습니다.,2024
BRD_20240509,각시보쌈,2.0,평가 대상 아님,,,가맹점이 30개에 이른 적이 없어(최대 2개) 성장률·종료율이 잡음에 좌우되므로 평가하지 않습니다.,2024
BRD_20240513,소통애,2.0,평가 대상 아님,,,가맹점이 30개에 이른 적이 없어(최대 2개) 성장률·종료율이 잡음에 좌우되므로 평가하지 않습니다.,2024
BRD_20240519,솥두껍,2.0,평가 대상 아님,,,가맹점이 30개에 이른 적이 없어(최대 2개) 성장률·종료율이 잡음에 좌우되므로 평가하지 않습니다.,2024
BRD_20240527,종로백탄뼈구이,2.0,평가 대상 아님,,,가맹점이 30개에 이른 적이 없어(최대 2개) 성장률·종료율이 잡음에 좌우되므로 평가하지 않습니다.,2024
BRD_20240532,23번지 남산돈까스,2.0,평가 대상 아님,,,가맹점이 30개에 이른 적이 없어(최대 2개) 성장률·종료율이 잡음에 좌우되므로 평가하지 않습니다.,2024
BRD_20240560,설문동 본갈비,2.0,평가 대상 아님,,,가맹점이 30개에 이른 적이 없어(최대 2개) 성장률·종료율이 잡음에 좌우되므로 평가하지 않습니다.,2024
BRD_20240628,주감,2.0,평가 대상 아님,,,가맹점이 30개에 이른 적이 없어(최대 2개) 성장률·종료율이 잡음에 좌우되므로 평가하지 않습니다.,2024
BRD_20240633,발짝,2.0,평가 대상 아님,,,가맹점이 30개에 이른 적이 없어(최대 2개) 성장률·종료율이 잡음에 좌우되므로 평가하지 않습니다.,2024
BRD_20240639,갈비야,2.0,평가 대상 아님,,,가맹점이 30개에 이른 적이 없어(최대 2개) 성장률·종료율이 잡음에 좌우되므로 평가하지 않습니다.,2024
BRD_20240640,좋아좋아 숯불갈비,2.0,평가 대상 아님,,,가맹점이 30개에 이른 적이 없어(최대 2개) 성장률·종료율이 잡음에 좌우되므로 평가하지 않습니다.,2024
BRD_20240673,과일서랍,2.0,평가 대상 아님,,,가맹점이 30개에 이른 적이 없어(최대 2개) 성장률·종료율이 잡음에 좌우되므로 평가하지 않습니다.,2024
BRD_20240702,윤호네 노포갈비,2.0,평가 대상 아님,,,가맹점이 30개에 이른 적이 없어(최대 2개) 성장률·종료율이 잡음에 좌우되므로 평가하지 않습니다.,2024
BRD_20240759,버거GEE,2.0,평가 대상 아님,,,가맹점이 30개에 이른 적이 없어(최대 2개) 성장률·종료율이 잡음에 좌우되므로 평가하지 않습니다.,2024
BRD_20240773,수촌옥 순대·수육 국밥전문점,2.0,평가 대상 아님,,,가맹점이 30개에 이른 적이 없어(최대 2개) 성장률·종료율이 잡음에 좌우되므로 평가하지 않습니다.,2024
BRD_20240788,우창해장국,2.0,평가 대상 아님,,,가맹점이 30개에 이른 적이 없어(최대 2개) 성장률·종료율이 잡음에 좌우되므로 평가하지 않습니다.,2024
BRD_20240797,신화쭈꾸미,2.0,평가 대상 아님,,,가맹점이 30개에 이른 적이 없어(최대 2개) 성장률·종료율이 잡음에 좌우되므로 평가하지 않습니다.,2024
BRD_20240809,쉐프윤 찹쌀꽈배기 고로케,2.0,평가 대상 아님,,,가맹점이 30개에 이른 적이 없어(최대 2개) 성장률·종료율이 잡음에 좌우되므로 평가하지 않습니다.,2024
BRD_20240837,구테로이테,2.0,평가 대상 아님,,,가맹점이 30개에 이른 적이 없어(최대 2개) 성장률·종료율이 잡음에 좌우되므로 평가하지 않습니다.,2024
BRD_20240848,메이게츠,2.0,평가 대상 아님,,,가맹점이 30개에 이른 적이 없어(최대 2개) 성장률·종료율이 잡음에 좌우되므로 평가하지 않습니다.,2024
BRD_20240854,카츠오우,2.0,평가 대상 아님,,,가맹점이 30개에 이른 적이 없어(최대 2개) 성장률·종료율이 잡음에 좌우되므로 평가하지 않습니다.,2024
BRD_20240855,직화계,2.0,평가 대상 아님,,,가맹점이 30개에 이른 적이 없어(최대 2개) 성장률·종료율이 잡음에 좌우되므로 평가하지 않습니다.,2024
BRD_20240905,키호시,2.0,평가 대상 아님,,,가맹점이 30개에 이른 적이 없어(최대 2개) 성장률·종료율이 잡음에 좌우되므로 평가하지 않습니다.,2024
BRD_20240921,죠죠,2.0,평가 대상 아님,,,가맹점이 30개에 이른 적이 없어(최대 2개) 성장률·종료율이 잡음에 좌우되므로 평가하지 않습니다.,2024
BRD_20240940,우월소곱창,2.0,평가 대상 아님,,,가맹점이 30개에 이른 적이 없어(최대 2개) 성장률·종료율이 잡음에 좌우되므로 평가하지 않습니다.,2024
BRD_20240966,숙성회관,2.0,평가 대상 아님,,,가맹점이 30개에 이른 적이 없어(최대 2개) 성장률·종료율이 잡음에 좌우되므로 평가하지 않습니다.,2024
BRD_20240983,우미당,2.0,평가 대상 아님,,,가맹점이 30개에 이른 적이 없어(최대 2개) 성장률·종료율이 잡음에 좌우되므로 평가하지 않습니다.,2024
BRD_20240992,썬파닭 두마리치킨,2.0,평가 대상 아님,,,가맹점이 30개에 이른 적이 없어(최대 2개) 성장률·종료율이 잡음에 좌우되므로 평가하지 않습니다.,2024
BRD_20240997,뼛집,2.0,평가 대상 아님,,,가맹점이 30개에 이른 적이 없어(최대 2개) 성장률·종료율이 잡음에 좌우되므로 평가하지 않습니다.,2024
BRD_20241005,모토야(MOTOYA),2.0,평가 대상 아님,,,가맹점이 30개에 이른 적이 없어(최대 2개) 성장률·종료율이 잡음에 좌우되므로 평가하지 않습니다.,2024
BRD_20241018,마왕,2.0,평가 대상 아님,,,가맹점이 30개에 이른 적이 없어(최대 2개) 성장률·종료율이 잡음에 좌우되므로 평가하지 않습니다.,2024
BRD_20241050,딤타오,2.0,평가 대상 아님,,,가맹점이 30개에 이른 적이 없어(최대 2개) 성장률·종료율이 잡음에 좌우되므로 평가하지 않습니다.,2024
BRD_20241061,투맨피자,2.0,평가 대상 아님,,,가맹점이 30개에 이른 적이 없어(최대 2개) 성장률·종료율이 잡음에 좌우되므로 평가하지 않습니다.,2024
BRD_20241073,막창타워,2.0,평가 대상 아님,,,가맹점이 30개에 이른 적이 없어(최대 2개) 성장률·종료율이 잡음에 좌우되므로 평가하지 않습니다.,2024
BRD_20241095,버터앤쉘터 (Butter&Shelter),2.0,평가 대상 아님,,,가맹점이 30개에 이른 적이 없어(최대 2개) 성장률·종료율이 잡음에 좌우되므로 평가하지 않습니다.,2024
BRD_20241107,이오김밥,2.0,평가 대상 아님,,,가맹점이 30개에 이른 적이 없어(최대 2개) 성장률·종료율이 잡음에 좌우되므로 평가하지 않습니다.,2024
BRD_20241154,정자삼겹,2.0,평가 대상 아님,,,가맹점이 30개에 이른 적이 없어(최대 2개) 성장률·종료율이 잡음에 좌우되므로 평가하지 않습니다.,2024
BRD_20241157,떡두껍집,2.0,평가 대상 아님,,,가맹점이 30개에 이른 적이 없어(최대 2개) 성장률·종료율이 잡음에 좌우되므로 평가하지 않습니다.,2024
BRD_20241161,심양,2.0,평가 대상 아님,,,가맹점이 30개에 이른 적이 없어(최대 2개) 성장률·종료율이 잡음에 좌우되므로 평가하지 않습니다.,2024
BRD_20241166,카페오를리,2.0,평가 대상 아님,,,가맹점이 30개에 이른 적이 없어(최대 2개) 성장률·종료율이 잡음에 좌우되므로 평가하지 않습니다.,2024
BRD_20241172,뜸솥by한와담,2.0,평가 대상 아님,,,가맹점이 30개에 이른 적이 없어(최대 2개) 성장률·종료율이 잡음에 좌우되므로 평가하지 않습니다.,2024
BRD_20241217,먹보소갈비살,2.0,평가 대상 아님,,,가맹점이 30개에 이른 적이 없어(최대 2개) 성장률·종료율이 잡음에 좌우되므로 평가하지 않습니다.,2024
BRD_20241250,리브팜(livfarm),2.0,평가 대상 아님,,,가맹점이 30개에 이른 적이 없어(최대 2개) 성장률·종료율이 잡음에 좌우되므로 평가하지 않습니다.,2024
BRD_20241252,솥지 효자동 가마솥 김치찜&김치찌개,2.0,평가 대상 아님,,,가맹점이 30개에 이른 적이 없어(최대 2개) 성장률·종료율이 잡음에 좌우되므로 평가하지 않습니다.,2024
BRD_20241284,오복누룽지삼계탕,2.0,평가 대상 아님,,,가맹점이 30개에 이른 적이 없어(최대 2개) 성장률·종료율이 잡음에 좌우되므로 평가하지 않습니다.,2024
BRD_20241298,큭큭피자,2.0,평가 대상 아님,,,가맹점이 30개에 이른 적이 없어(최대 2개) 성장률·종료율이 잡음에 좌우되므로 평가하지 않습니다.,2024
BRD_20241311,호랑이 국밥,2.0,평가 대상 아님,,,가맹점이 30개에 이른 적이 없어(최대 2개) 성장률·종료율이 잡음에 좌우되므로 평가하지 않습니다.,2024
BRD_20241330,양촌리 돈가스,2.0,평가 대상 아님,,,가맹점이 30개에 이른 적이 없어(최대 2개) 성장률·종료율이 잡음에 좌우되므로 평가하지 않습니다.,2024
BRD_20241360,몽블랑드파리,2.0,평가 대상 아님,,,가맹점이 30개에 이른 적이 없어(최대 2개) 성장률·종료율이 잡음에 좌우되므로 평가하지 않습니다.,2024
BRD_20241361,낙칼,2.0,평가 대상 아님,,,가맹점이 30개에 이른 적이 없어(최대 2개) 성장률·종료율이 잡음에 좌우되므로 평가하지 않습니다.,2024
BRD_20241368,제로카페,2.0,평가 대상 아님,,,가맹점이 30개에 이른 적이 없어(최대 2개) 성장률·종료율이 잡음에 좌우되므로 평가하지 않습니다.,2024
BRD_20241372,미곱집 곱도리탕,2.0,평가 대상 아님,,,가맹점이 30개에 이른 적이 없어(최대 2개) 성장률·종료율이 잡음에 좌우되므로 평가하지 않습니다.,2024
BRD_20241375,송가네돌솥추어탕,2.0,평가 대상 아님,,,가맹점이 30개에 이른 적이 없어(최대 2개) 성장률·종료율이 잡음에 좌우되므로 평가하지 않습니다.,2024
BRD_20241383,고기대첩,2.0,평가 대상 아님,,,가맹점이 30개에 이른 적이 없어(최대 2개) 성장률·종료율이 잡음에 좌우되므로 평가하지 않습니다.,2024
BRD_20241391,소바의온도,2.0,평가 대상 아님,,,가맹점이 30개에 이른 적이 없어(최대 2개) 성장률·종료율이 잡음에 좌우되므로 평가하지 않습니다.,2024
BRD_20241405,야한대패,2.0,평가 대상 아님,,,가맹점이 30개에 이른 적이 없어(최대 2개) 성장률·종료율이 잡음에 좌우되므로 평가하지 않습니다.,2024
BRD_20241407,오늘동,2.0,평가 대상 아님,,,가맹점이 30개에 이른 적이 없어(최대 2개) 성장률·종료율이 잡음에 좌우되므로 평가하지 않습니다.,2024
BRD_20241427,극락돈,2.0,평가 대상 아님,,,가맹점이 30개에 이른 적이 없어(최대 2개) 성장률·종료율이 잡음에 좌우되므로 평가하지 않습니다.,2024
BRD_20241430,우등급,2.0,평가 대상 아님,,,가맹점이 30개에 이른 적이 없어(최대 2개) 성장률·종료율이 잡음에 좌우되므로 평가하지 않습니다.,2024
BRD_20241458,맷집,2.0,평가 대상 아님,,,가맹점이 30개에 이른 적이 없어(최대 2개) 성장률·종료율이 잡음에 좌우되므로 평가하지 않습니다.,2024
BRD_20241468,푸주인,2.0,평가 대상 아님,,,가맹점이 30개에 이른 적이 없어(최대 2개) 성장률·종료율이 잡음에 좌우되므로 평가하지 않습니다.,2024
BRD_20241491,편백상회,2.0,평가 대상 아님,,,가맹점이 30개에 이른 적이 없어(최대 2개) 성장률·종료율이 잡음에 좌우되므로 평가하지 않습니다.,2024
BRD_20241518,라멘야(RAMEN-YA),2.0,평가 대상 아님,,,가맹점이 30개에 이른 적이 없어(최대 2개) 성장률·종료율이 잡음에 좌우되므로 평가하지 않습니다.,2024
BRD_20241533,이안코커피,2.0,평가 대상 아님,,,가맹점이 30개에 이른 적이 없어(최대 2개) 성장률·종료율이 잡음에 좌우되므로 평가하지 않습니다.,2024
BRD_20241585,야키토리 나루토,2.0,평가 대상 아님,,,가맹점이 30개에 이른 적이 없어(최대 2개) 성장률·종료율이 잡음에 좌우되므로 평가하지 않습니다.,2024
BRD_20241590,투웨이버거[TWOWAYBURGER],2.0,평가 대상 아님,,,가맹점이 30개에 이른 적이 없어(최대 2개) 성장률·종료율이 잡음에 좌우되므로 평가하지 않습니다.,2024
BRD_20241596,크피숍 (KFFEESHOP),2.0,평가 대상 아님,,,가맹점이 30개에 이른 적이 없어(최대 2개) 성장률·종료율이 잡음에 좌우되므로 평가하지 않습니다.,2024
BRD_20241602,김사부 닭도리탕&찜닭,2.0,평가 대상 아님,,,가맹점이 30개에 이른 적이 없어(최대 2개) 성장률·종료율이 잡음에 좌우되므로 평가하지 않습니다.,2024
BRD_20241621,마하차이,2.0,평가 대상 아님,,,가맹점이 30개에 이른 적이 없어(최대 2개) 성장률·종료율이 잡음에 좌우되므로 평가하지 않습니다.,2024
BRD_20241624,육거리소문난만두,2.0,평가 대상 아님,,,가맹점이 30개에 이른 적이 없어(최대 2개) 성장률·종료율이 잡음에 좌우되므로 평가하지 않습니다.,2024
BRD_20241649,옆구리,2.0,평가 대상 아님,,,가맹점이 30개에 이른 적이 없어(최대 2개) 성장률·종료율이 잡음에 좌우되므로 평가하지 않습니다.,2024
BRD_20241683,태선족발,2.0,평가 대상 아님,,,가맹점이 30개에 이른 적이 없어(최대 2개) 성장률·종료율이 잡음에 좌우되므로 평가하지 않습니다.,2024
BRD_20241717,신대박집,2.0,평가 대상 아님,,,가맹점이 30개에 이른 적이 없어(최대 2개) 성장률·종료율이 잡음에 좌우되므로 평가하지 않습니다.,2024
BRD_20241729,당당부대찌개.볶음,2.0,평가 대상 아님,,,가맹점이 30개에 이른 적이 없어(최대 2개) 성장률·종료율이 잡음에 좌우되므로 평가하지 않습니다.,2024
BRD_20241750,22그램,2.0,평가 대상 아님,,,가맹점이 30개에 이른 적이 없어(최대 2개) 성장률·종료율이 잡음에 좌우되므로 평가하지 않습니다.,2024
BRD_20241754,진스키야키,2.0,평가 대상 아님,,,가맹점이 30개에 이른 적이 없어(최대 2개) 성장률·종료율이 잡음에 좌우되므로 평가하지 않습니다.,2024
BRD_20241763,바른암소한우,2.0,평가 대상 아님,,,가맹점이 30개에 이른 적이 없어(최대 2개) 성장률·종료율이 잡음에 좌우되므로 평가하지 않습니다.,2024
BRD_20250018,태경청진동해장국,2.0,평가 대상 아님,,,가맹점이 30개에 이른 적이 없어(최대 2개) 성장률·종료율이 잡음에 좌우되므로 평가하지 않습니다.,2024
BRD_20250052,동양찻집,2.0,평가 대상 아님,,,가맹점이 30개에 이른 적이 없어(최대 2개) 성장률·종료율이 잡음에 좌우되므로 평가하지 않습니다.,2024
BRD_20250059,숙이네 닭발,2.0,평가 대상 아님,,,가맹점이 30개에 이른 적이 없어(최대 2개) 성장률·종료율이 잡음에 좌우되므로 평가하지 않습니다.,2024
BRD_20250060,달밤어묵,2.0,평가 대상 아님,,,가맹점이 30개에 이른 적이 없어(최대 2개) 성장률·종료율이 잡음에 좌우되므로 평가하지 않습니다.,2024
BRD_20250068,마파루,2.0,평가 대상 아님,,,가맹점이 30개에 이른 적이 없어(최대 2개) 성장률·종료율이 잡음에 좌우되므로 평가하지 않습니다.,2024
BRD_20250090,다미로찜닭,2.0,평가 대상 아님,,,가맹점이 30개에 이른 적이 없어(최대 2개) 성장률·종료율이 잡음에 좌우되므로 평가하지 않습니다.,2024
BRD_20250110,청담육수원조양평해장국,2.0,평가 대상 아님,,,가맹점이 30개에 이른 적이 없어(최대 2개) 성장률·종료율이 잡음에 좌우되므로 평가하지 않습니다.,2024
BRD_20250154,카페머물다,2.0,평가 대상 아님,,,가맹점이 30개에 이른 적이 없어(최대 2개) 성장률·종료율이 잡음에 좌우되므로 평가하지 않습니다.,2024
BRD_20250161,팔도만족,2.0,평가 대상 아님,,,가맹점이 30개에 이른 적이 없어(최대 2개) 성장률·종료율이 잡음에 좌우되므로 평가하지 않습니다.,2024
BRD_20250208,박혜경예담추어명가,2.0,평가 대상 아님,,,가맹점이 30개에 이른 적이 없어(최대 2개) 성장률·종료율이 잡음에 좌우되므로 평가하지 않습니다.,2024
BRD_20250237,돈필살,2.0,평가 대상 아님,,,가맹점이 30개에 이른 적이 없어(최대 2개) 성장률·종료율이 잡음에 좌우되므로 평가하지 않습니다.,2024
BRD_20250249,멘노아지,2.0,평가 대상 아님,,,가맹점이 30개에 이른 적이 없어(최대 2개) 성장률·종료율이 잡음에 좌우되므로 평가하지 않습니다.,2024
BRD_20250295,분식집 막내아들,2.0,평가 대상 아님,,,가맹점이 30개에 이른 적이 없어(최대 2개) 성장률·종료율이 잡음에 좌우되므로 평가하지 않습니다.,2024
BRD_20250300,리시트,2.0,평가 대상 아님,,,가맹점이 30개에 이른 적이 없어(최대 2개) 성장률·종료율이 잡음에 좌우되므로 평가하지 않습니다.,2024
BRD_20250308,태양곱창,2.0,평가 대상 아님,,,가맹점이 30개에 이른 적이 없어(최대 2개) 성장률·종료율이 잡음에 좌우되므로 평가하지 않습니다.,2024
BRD_20250327,이태리국시,2.0,평가 대상 아님,,,가맹점이 30개에 이른 적이 없어(최대 2개) 성장률·종료율이 잡음에 좌우되므로 평가하지 않습니다.,2024
BRD_20250369,분짜하노이,2.0,평가 대상 아님,,,가맹점이 30개에 이른 적이 없어(최대 2개) 성장률·종료율이 잡음에 좌우되므로 평가하지 않습니다.,2024
BRD_20250601,야외돼지,2.0,평가 대상 아님,,,가맹점이 30개에 이른 적이 없어(최대 2개) 성장률·종료율이 잡음에 좌우되므로 평가하지 않습니다.,2024
BRD_20250696,일품집,2.0,평가 대상 아님,,,가맹점이 30개에 이른 적이 없어(최대 2개) 성장률·종료율이 잡음에 좌우되므로 평가하지 않습니다.,2024
BRD_20250701,이도명가,2.0,평가 대상 아님,,,가맹점이 30개에 이른 적이 없어(최대 2개) 성장률·종료율이 잡음에 좌우되므로 평가하지 않습니다.,2024
BRD_20250922,백록국수,2.0,평가 대상 아님,,,가맹점이 30개에 이른 적이 없어(최대 2개) 성장률·종료율이 잡음에 좌우되므로 평가하지 않습니다.,2024
BRD_20251017,하바네로,2.0,평가 대상 아님,,,가맹점이 30개에 이른 적이 없어(최대 2개) 성장률·종료율이 잡음에 좌우되므로 평가하지 않습니다.,2024
BRD_20251096,진심 카스테라,2.0,평가 대상 아님,,,가맹점이 30개에 이른 적이 없어(최대 2개) 성장률·종료율이 잡음에 좌우되므로 평가하지 않습니다.,2024
BRD_20251147,카츠쇼쿠도우,2.0,평가 대상 아님,,,가맹점이 30개에 이른 적이 없어(최대 2개) 성장률·종료율이 잡음에 좌우되므로 평가하지 않습니다.,2024
BRD_20251176,달콤한호두,2.0,평가 대상 아님,,,가맹점이 30개에 이른 적이 없어(최대 2개) 성장률·종료율이 잡음에 좌우되므로 평가하지 않습니다.,2024
BRD_20251431,만월집,2.0,평가 대상 아님,,,가맹점이 30개에 이른 적이 없어(최대 2개) 성장률·종료율이 잡음에 좌우되므로 평가하지 않습니다.,2024
BRD_20251517,넷길이 콩나물국밥,2.0,평가 대상 아님,,,가맹점이 30개에 이른 적이 없어(최대 2개) 성장률·종료율이 잡음에 좌우되므로 평가하지 않습니다.,2024
NAME:길몽가@외식,길몽가,2.0,평가 대상 아님,,,가맹점이 30개에 이른 적이 없어(최대 2개) 성장률·종료율이 잡음에 좌우되므로 평가하지 않습니다.,2024
NAME:아시아문@외식,아시아문,2.0,평가 대상 아님,,,가맹점이 30개에 이른 적이 없어(최대 3개) 성장률·종료율이 잡음에 좌우되므로 평가하지 않습니다.,2024
NAME:우마왕@외식,우마왕,2.0,평가 대상 아님,,,가맹점이 30개에 이른 적이 없어(최대 2개) 성장률·종료율이 잡음에 좌우되므로 평가하지 않습니다.,2024
NAME:인생돈가스@외식,인생돈가스,2.0,평가 대상 아님,,,가맹점이 30개에 이른 적이 없어(최대 2개) 성장률·종료율이 잡음에 좌우되므로 평가하지 않습니다.,2024
NAME:한잎꼬마김밥@외식,한잎꼬마김밥,2.0,평가 대상 아님,,,가맹점이 30개에 이른 적이 없어(최대 2개) 성장률·종료율이 잡음에 좌우되므로 평가하지 않습니다.,2024
BRD_20080100050,놀부항아리갈비,1.0,평가 대상 아님,,,가맹점이 30개에 이른 적이 없어(최대 13개) 성장률·종료율이 잡음에 좌우되므로 평가하지 않습니다.,2024
BRD_20080100320,짬장,1.0,평가 대상 아님,,,가맹점이 30개에 이른 적이 없어(최대 7개) 성장률·종료율이 잡음에 좌우되므로 평가하지 않습니다.,2024
BRD_20080100338,포호아,1.0,평가 대상 아님,,,가맹점이 30개에 이른 적이 없어(최대 7개) 성장률·종료율이 잡음에 좌우되므로 평가하지 않습니다.,2024
BRD_20080100654,올리브돈까스,1.0,평가 대상 아님,,,가맹점이 30개에 이른 적이 없어(최대 6개) 성장률·종료율이 잡음에 좌우되므로 평가하지 않습니다.,2024
BRD_20080200110,르뽀미에,1.0,평가 대상 아님,,,가맹점이 30개에 이른 적이 없어(최대 14개) 성장률·종료율이 잡음에 좌우되므로 평가하지 않습니다.,2024
BRD_20080200213,바다쭈꾸미,1.0,평가 대상 아님,,,가맹점이 30개에 이른 적이 없어(최대 5개) 성장률·종료율이 잡음에 좌우되므로 평가하지 않습니다.,2024
BRD_20080200218,장충미도왕족발보쌈,1.0,평가 대상 아님,,,가맹점이 30개에 이른 적이 없어(최대 2개) 성장률·종료율이 잡음에 좌우되므로 평가하지 않습니다.,2024
BRD_20090100193,카페데베르,1.0,평가 대상 아님,,,가맹점이 30개에 이른 적이 없어(최대 3개) 성장률·종료율이 잡음에 좌우되므로 평가하지 않습니다.,2024
BRD_20100100344,성성식당,1.0,평가 대상 아님,,,가맹점이 30개에 이른 적이 없어(최대 13개) 성장률·종료율이 잡음에 좌우되므로 평가하지 않습니다.,2024
BRD_20100300040,본동네추어탕,1.0,평가 대상 아님,,,가맹점이 30개에 이른 적이 없어(최대 4개) 성장률·종료율이 잡음에 좌우되므로 평가하지 않습니다.,2024
BRD_20100600037,최용석의 뼈큰청진동해장국,1.0,평가 대상 아님,,,가맹점이 30개에 이른 적이 없어(최대 8개) 성장률·종료율이 잡음에 좌우되므로 평가하지 않습니다.,2024
BRD_20110100192,어구미,1.0,평가 대상 아님,,,가맹점이 30개에 이른 적이 없어(최대 1개) 성장률·종료율이 잡음에 좌우되므로 평가하지 않습니다.,2024
BRD_20120100153,베민트 커피,1.0,평가 대상 아님,,,가맹점이 30개에 이른 적이 없어(최대 15개) 성장률·종료율이 잡음에 좌우되므로 평가하지 않습니다.,2024
BRD_20120100693,꼬꼬순이,1.0,평가 대상 아님,,,가맹점이 30개에 이른 적이 없어(최대 5개) 성장률·종료율이 잡음에 좌우되므로 평가하지 않습니다.,2024
BRD_20120300028,왕건이감자탕,1.0,평가 대상 아님,,,가맹점이 30개에 이른 적이 없어(최대 2개) 성장률·종료율이 잡음에 좌우되므로 평가하지 않습니다.,2024
BRD_20130265,치킨버스,1.0,평가 대상 아님,,,가맹점이 30개에 이른 적이 없어(최대 13개) 성장률·종료율이 잡음에 좌우되므로 평가하지 않습니다.,2024
BRD_20130491,골치기,1.0,평가 대상 아님,,,가맹점이 30개에 이른 적이 없어(최대 3개) 성장률·종료율이 잡음에 좌우되므로 평가하지 않습니다.,2024
BRD_20130506,주인의주방,1.0,평가 대상 아님,,,가맹점이 30개에 이른 적이 없어(최대 17개) 성장률·종료율이 잡음에 좌우되므로 평가하지 않습니다.,2024
BRD_20140046,앤더스커피(anduscoffee),1.0,평가 대상 아님,,,가맹점이 30개에 이른 적이 없어(최대 3개) 성장률·종료율이 잡음에 좌우되므로 평가하지 않습니다.,2024
BRD_20140333,반하는보쌈&밥상,1.0,평가 대상 아님,,,가맹점이 30개에 이른 적이 없어(최대 5개) 성장률·종료율이 잡음에 좌우되므로 평가하지 않습니다.,2024
BRD_20140409,하와이코나 사자커피,1.0,평가 대상 아님,,,가맹점이 30개에 이른 적이 없어(최대 5개) 성장률·종료율이 잡음에 좌우되므로 평가하지 않습니다.,2024
BRD_20140480,매운남자,1.0,평가 대상 아님,,,가맹점이 30개에 이른 적이 없어(최대 5개) 성장률·종료율이 잡음에 좌우되므로 평가하지 않습니다.,2024
BRD_20140578,호박식당,1.0,평가 대상 아님,,,가맹점이 30개에 이른 적이 없어(최대 2개) 성장률·종료율이 잡음에 좌우되므로 평가하지 않습니다.,2024
BRD_20140735,육회한 감전통닭,1.0,평가 대상 아님,,,가맹점이 30개에 이른 적이 없어(최대 20개) 성장률·종료율이 잡음에 좌우되므로 평가하지 않습니다.,2024
BRD_20140787,스시한판,1.0,평가 대상 아님,,,가맹점이 30개에 이른 적이 없어(최대 7개) 성장률·종료율이 잡음에 좌우되므로 평가하지 않습니다.,2024
BRD_20140813,더후라이팬 치킨클럽,1.0,평가 대상 아님,,,가맹점이 30개에 이른 적이 없어(최대 11개) 성장률·종료율이 잡음에 좌우되므로 평가하지 않습니다.,2024
BRD_20140969,한채쭈꾸미,1.0,평가 대상 아님,,,가맹점이 30개에 이른 적이 없어(최대 2개) 성장률·종료율이 잡음에 좌우되므로 평가하지 않습니다.,2024
BRD_20141120,플라잉볼,1.0,평가 대상 아님,,,가맹점이 30개에 이른 적이 없어(최대 29개) 성장률·종료율이 잡음에 좌우되므로 평가하지 않습니다.,2024
BRD_20141270,풀잎채,1.0,평가 대상 아님,,,가맹점이 30개에 이른 적이 없어(최대 10개) 성장률·종료율이 잡음에 좌우되므로 평가하지 않습니다.,2024
BRD_20150071,한국밥,1.0,평가 대상 아님,,,가맹점이 30개에 이른 적이 없어(최대 6개) 성장률·종료율이 잡음에 좌우되므로 평가하지 않습니다.,2024
BRD_20150323,서래맥주집,1.0,평가 대상 아님,,,가맹점이 30개에 이른 적이 없어(최대 4개) 성장률·종료율이 잡음에 좌우되므로 평가하지 않습니다.,2024
BRD_20150439,엉클장분식,1.0,평가 대상 아님,,,가맹점이 30개에 이른 적이 없어(최대 7개) 성장률·종료율이 잡음에 좌우되므로 평가하지 않습니다.,2024
BRD_20150466,벅스리아,1.0,평가 대상 아님,,,가맹점이 30개에 이른 적이 없어(최대 9개) 성장률·종료율이 잡음에 좌우되므로 평가하지 않습니다.,2024
BRD_20150605,서래통,1.0,평가 대상 아님,,,가맹점이 30개에 이른 적이 없어(최대 6개) 성장률·종료율이 잡음에 좌우되므로 평가하지 않습니다.,2024
BRD_20160024,퀸즈브라운,1.0,평가 대상 아님,,,가맹점이 30개에 이른 적이 없어(최대 29개) 성장률·종료율이 잡음에 좌우되므로 평가하지 않습니다.,2024
BRD_20160315,육봉달333,1.0,평가 대상 아님,,,가맹점이 30개에 이른 적이 없어(최대 5개) 성장률·종료율이 잡음에 좌우되므로 평가하지 않습니다.,2024
BRD_20160450,한국수,1.0,평가 대상 아님,,,가맹점이 30개에 이른 적이 없어(최대 9개) 성장률·종료율이 잡음에 좌우되므로 평가하지 않습니다.,2024
BRD_20160509,말자네약속다방,1.0,평가 대상 아님,,,가맹점이 30개에 이른 적이 없어(최대 6개) 성장률·종료율이 잡음에 좌우되므로 평가하지 않습니다.,2024
BRD_20160663,대독장,1.0,평가 대상 아님,,,가맹점이 30개에 이른 적이 없어(최대 6개) 성장률·종료율이 잡음에 좌우되므로 평가하지 않습니다.,2024
BRD_20160688,돈불1971,1.0,평가 대상 아님,,,가맹점이 30개에 이른 적이 없어(최대 2개) 성장률·종료율이 잡음에 좌우되므로 평가하지 않습니다.,2024
BRD_20160731,남자마늘보쌈,1.0,평가 대상 아님,,,가맹점이 30개에 이른 적이 없어(최대 8개) 성장률·종료율이 잡음에 좌우되므로 평가하지 않습니다.,2024
BRD_20160997,빵장수꽈배기,1.0,평가 대상 아님,,,가맹점이 30개에 이른 적이 없어(최대 5개) 성장률·종료율이 잡음에 좌우되므로 평가하지 않습니다.,2024
BRD_20160999,순구치떡,1.0,평가 대상 아님,,,가맹점이 30개에 이른 적이 없어(최대 1개) 성장률·종료율이 잡음에 좌우되므로 평가하지 않습니다.,2024
BRD_20161175,깍두기,1.0,평가 대상 아님,,,가맹점이 30개에 이른 적이 없어(최대 1개) 성장률·종료율이 잡음에 좌우되므로 평가하지 않습니다.,2024
BRD_20161206,커피스미스드래프트,1.0,평가 대상 아님,,,가맹점이 30개에 이른 적이 없어(최대 3개) 성장률·종료율이 잡음에 좌우되므로 평가하지 않습니다.,2024
BRD_20161263,바로e생멸치국수,1.0,평가 대상 아님,,,가맹점이 30개에 이른 적이 없어(최대 4개) 성장률·종료율이 잡음에 좌우되므로 평가하지 않습니다.,2024
BRD_20170134,젤라뚜또,1.0,평가 대상 아님,,,가맹점이 30개에 이른 적이 없어(최대 3개) 성장률·종료율이 잡음에 좌우되므로 평가하지 않습니다.,2024
BRD_20170181,서가 김푸드 연수해물나라,1.0,평가 대상 아님,,,가맹점이 30개에 이른 적이 없어(최대 3개) 성장률·종료율이 잡음에 좌우되므로 평가하지 않습니다.,2024
BRD_20170362,쭈꾸미킹,1.0,평가 대상 아님,,,가맹점이 30개에 이른 적이 없어(최대 2개) 성장률·종료율이 잡음에 좌우되므로 평가하지 않습니다.,2024
BRD_20170447,북해도목장,1.0,평가 대상 아님,,,가맹점이 30개에 이른 적이 없어(최대 2개) 성장률·종료율이 잡음에 좌우되므로 평가하지 않습니다.,2024
BRD_20170590,닭발먹은새우,1.0,평가 대상 아님,,,가맹점이 30개에 이른 적이 없어(최대 20개) 성장률·종료율이 잡음에 좌우되므로 평가하지 않습니다.,2024
BRD_20170756,면앤면추억의가락국수,1.0,평가 대상 아님,,,가맹점이 30개에 이른 적이 없어(최대 2개) 성장률·종료율이 잡음에 좌우되므로 평가하지 않습니다.,2024
BRD_20171015,고기바보,1.0,평가 대상 아님,,,가맹점이 30개에 이른 적이 없어(최대 5개) 성장률·종료율이 잡음에 좌우되므로 평가하지 않습니다.,2024
BRD_20171267,비츠비츠,1.0,평가 대상 아님,,,가맹점이 30개에 이른 적이 없어(최대 3개) 성장률·종료율이 잡음에 좌우되므로 평가하지 않습니다.,2024
BRD_20171333,심동보의언양불고기와육회,1.0,평가 대상 아님,,,가맹점이 30개에 이른 적이 없어(최대 1개) 성장률·종료율이 잡음에 좌우되므로 평가하지 않습니다.,2024
BRD_20171428,리미니,1.0,평가 대상 아님,,,가맹점이 30개에 이른 적이 없어(최대 4개) 성장률·종료율이 잡음에 좌우되므로 평가하지 않습니다.,2024
BRD_20171507,135튀김집,1.0,평가 대상 아님,,,가맹점이 30개에 이른 적이 없어(최대 13개) 성장률·종료율이 잡음에 좌우되므로 평가하지 않습니다.,2024
BRD_20180029,백하돼지생갈비,1.0,평가 대상 아님,,,가맹점이 30개에 이른 적이 없어(최대 5개) 성장률·종료율이 잡음에 좌우되므로 평가하지 않습니다.,2024
BRD_20180035,에이쓰리바우트커피,1.0,평가 대상 아님,,,가맹점이 30개에 이른 적이 없어(최대 5개) 성장률·종료율이 잡음에 좌우되므로 평가하지 않습니다.,2024
BRD_20180084,바푸리수제식빵,1.0,평가 대상 아님,,,가맹점이 30개에 이른 적이 없어(최대 12개) 성장률·종료율이 잡음에 좌우되므로 평가하지 않습니다.,2024
BRD_20180104,기용,1.0,평가 대상 아님,,,가맹점이 30개에 이른 적이 없어(최대 1개) 성장률·종료율이 잡음에 좌우되므로 평가하지 않습니다.,2024
BRD_20180175,종로냄비,1.0,평가 대상 아님,,,가맹점이 30개에 이른 적이 없어(최대 3개) 성장률·종료율이 잡음에 좌우되므로 평가하지 않습니다.,2024
BRD_20180181,흑도리,1.0,평가 대상 아님,,,가맹점이 30개에 이른 적이 없어(최대 7개) 성장률·종료율이 잡음에 좌우되므로 평가하지 않습니다.,2024
BRD_20180195,마녀주방,1.0,평가 대상 아님,,,가맹점이 30개에 이른 적이 없어(최대 6개) 성장률·종료율이 잡음에 좌우되므로 평가하지 않습니다.,2024
BRD_20180339,동오부대찌개,1.0,평가 대상 아님,,,가맹점이 30개에 이른 적이 없어(최대 1개) 성장률·종료율이 잡음에 좌우되므로 평가하지 않습니다.,2024
BRD_20180409,레드락,1.0,평가 대상 아님,,,가맹점이 30개에 이른 적이 없어(최대 15개) 성장률·종료율이 잡음에 좌우되므로 평가하지 않습니다.,2024
BRD_20180485,아리노마마,1.0,평가 대상 아님,,,가맹점이 30개에 이른 적이 없어(최대 2개) 성장률·종료율이 잡음에 좌우되므로 평가하지 않습니다.,2024
BRD_20180621|JNG_005243,오리대장,1.0,평가 대상 아님,,,가맹점이 30개에 이른 적이 없어(최대 1개) 성장률·종료율이 잡음에 좌우되므로 평가하지 않습니다.,2024
BRD_20180638,따다 (ddada),1.0,평가 대상 아님,,,가맹점이 30개에 이른 적이 없어(최대 3개) 성장률·종료율이 잡음에 좌우되므로 평가하지 않습니다.,2024
BRD_20180682,추억닭발,1.0,평가 대상 아님,,,가맹점이 30개에 이른 적이 없어(최대 3개) 성장률·종료율이 잡음에 좌우되므로 평가하지 않습니다.,2024
BRD_20180741,헤비스테이크,1.0,평가 대상 아님,,,가맹점이 30개에 이른 적이 없어(최대 1개) 성장률·종료율이 잡음에 좌우되므로 평가하지 않습니다.,2024
BRD_20180745,세광교대갈비집,1.0,평가 대상 아님,,,가맹점이 30개에 이른 적이 없어(최대 2개) 성장률·종료율이 잡음에 좌우되므로 평가하지 않습니다.,2024
BRD_20181007,호반식,1.0,평가 대상 아님,,,가맹점이 30개에 이른 적이 없어(최대 15개) 성장률·종료율이 잡음에 좌우되므로 평가하지 않습니다.,2024
BRD_20181120,조순금닭도리탕,1.0,평가 대상 아님,,,가맹점이 30개에 이른 적이 없어(최대 2개) 성장률·종료율이 잡음에 좌우되므로 평가하지 않습니다.,2024
BRD_20181202,콩밭뜰,1.0,평가 대상 아님,,,가맹점이 30개에 이른 적이 없어(최대 3개) 성장률·종료율이 잡음에 좌우되므로 평가하지 않습니다.,2024
BRD_20181261,카페브루빈(cafe BREWBEAN),1.0,평가 대상 아님,,,가맹점이 30개에 이른 적이 없어(최대 2개) 성장률·종료율이 잡음에 좌우되므로 평가하지 않습니다.,2024
BRD_20181306,겐텐,1.0,평가 대상 아님,,,가맹점이 30개에 이른 적이 없어(최대 4개) 성장률·종료율이 잡음에 좌우되므로 평가하지 않습니다.,2024
BRD_20181374,마키아티,1.0,평가 대상 아님,,,가맹점이 30개에 이른 적이 없어(최대 4개) 성장률·종료율이 잡음에 좌우되므로 평가하지 않습니다.,2024
BRD_20190146,바삭마차,1.0,평가 대상 아님,,,가맹점이 30개에 이른 적이 없어(최대 2개) 성장률·종료율이 잡음에 좌우되므로 평가하지 않습니다.,2024
BRD_20190180,오태호 팔공산돌곱창,1.0,평가 대상 아님,,,가맹점이 30개에 이른 적이 없어(최대 9개) 성장률·종료율이 잡음에 좌우되므로 평가하지 않습니다.,2024
BRD_20190221,낙소당,1.0,평가 대상 아님,,,가맹점이 30개에 이른 적이 없어(최대 5개) 성장률·종료율이 잡음에 좌우되므로 평가하지 않습니다.,2024
BRD_20190245,박수연의 국가1등 삼겹대패,1.0,평가 대상 아님,,,가맹점이 30개에 이른 적이 없어(최대 1개) 성장률·종료율이 잡음에 좌우되므로 평가하지 않습니다.,2024
BRD_20190322,드림숯불갈비,1.0,평가 대상 아님,,,가맹점이 30개에 이른 적이 없어(최대 1개) 성장률·종료율이 잡음에 좌우되므로 평가하지 않습니다.,2024
BRD_20190380,갈비토대왕,1.0,평가 대상 아님,,,가맹점이 30개에 이른 적이 없어(최대 1개) 성장률·종료율이 잡음에 좌우되므로 평가하지 않습니다.,2024
BRD_20190385,치킨이남달라,1.0,평가 대상 아님,,,가맹점이 30개에 이른 적이 없어(최대 8개) 성장률·종료율이 잡음에 좌우되므로 평가하지 않습니다.,2024
BRD_20190488,중앙시장통닭,1.0,평가 대상 아님,,,가맹점이 30개에 이른 적이 없어(최대 3개) 성장률·종료율이 잡음에 좌우되므로 평가하지 않습니다.,2024
BRD_20190561,SAVOEY(사보에),1.0,평가 대상 아님,,,가맹점이 30개에 이른 적이 없어(최대 1개) 성장률·종료율이 잡음에 좌우되므로 평가하지 않습니다.,2024
BRD_20190721,후즈티(WHO'S TEA),1.0,평가 대상 아님,,,가맹점이 30개에 이른 적이 없어(최대 4개) 성장률·종료율이 잡음에 좌우되므로 평가하지 않습니다.,2024
BRD_20190728,조선팔도,1.0,평가 대상 아님,,,가맹점이 30개에 이른 적이 없어(최대 2개) 성장률·종료율이 잡음에 좌우되므로 평가하지 않습니다.,2024
BRD_20190737,파스타에꼬치다,1.0,평가 대상 아님,,,가맹점이 30개에 이른 적이 없어(최대 7개) 성장률·종료율이 잡음에 좌우되므로 평가하지 않습니다.,2024
BRD_20190808,발재반점,1.0,평가 대상 아님,,,가맹점이 30개에 이른 적이 없어(최대 3개) 성장률·종료율이 잡음에 좌우되므로 평가하지 않습니다.,2024
BRD_20190937,믿음직화,1.0,평가 대상 아님,,,가맹점이 30개에 이른 적이 없어(최대 6개) 성장률·종료율이 잡음에 좌우되므로 평가하지 않습니다.,2024
BRD_20190940,진고복식당,1.0,평가 대상 아님,,,가맹점이 30개에 이른 적이 없어(최대 3개) 성장률·종료율이 잡음에 좌우되므로 평가하지 않습니다.,2024
BRD_20190970,靑해품당수산식당,1.0,평가 대상 아님,,,가맹점이 30개에 이른 적이 없어(최대 1개) 성장률·종료율이 잡음에 좌우되므로 평가하지 않습니다.,2024
BRD_20191035,이태리함박육쌀국수,1.0,평가 대상 아님,,,가맹점이 30개에 이른 적이 없어(최대 1개) 성장률·종료율이 잡음에 좌우되므로 평가하지 않습니다.,2024
BRD_20191045,맛소우서울칼국수,1.0,평가 대상 아님,,,가맹점이 30개에 이른 적이 없어(최대 5개) 성장률·종료율이 잡음에 좌우되므로 평가하지 않습니다.,2024
BRD_20191187,청춘여행,1.0,평가 대상 아님,,,가맹점이 30개에 이른 적이 없어(최대 7개) 성장률·종료율이 잡음에 좌우되므로 평가하지 않습니다.,2024
BRD_20191404,신송자 신마산 식당,1.0,평가 대상 아님,,,가맹점이 30개에 이른 적이 없어(최대 3개) 성장률·종료율이 잡음에 좌우되므로 평가하지 않습니다.,2024
BRD_20200043,어게인리프레쉬,1.0,평가 대상 아님,,,가맹점이 30개에 이른 적이 없어(최대 6개) 성장률·종료율이 잡음에 좌우되므로 평가하지 않습니다.,2024
BRD_20200098,북문당,1.0,평가 대상 아님,,,가맹점이 30개에 이른 적이 없어(최대 14개) 성장률·종료율이 잡음에 좌우되므로 평가하지 않습니다.,2024
BRD_20200128,검정고무신,1.0,평가 대상 아님,,,가맹점이 30개에 이른 적이 없어(최대 1개) 성장률·종료율이 잡음에 좌우되므로 평가하지 않습니다.,2024
BRD_20200155,만추,1.0,평가 대상 아님,,,가맹점이 30개에 이른 적이 없어(최대 2개) 성장률·종료율이 잡음에 좌우되므로 평가하지 않습니다.,2024
BRD_20200160,백성고기집,1.0,평가 대상 아님,,,가맹점이 30개에 이른 적이 없어(최대 2개) 성장률·종료율이 잡음에 좌우되므로 평가하지 않습니다.,2024
BRD_20200169,와우토핑김치찜,1.0,평가 대상 아님,,,가맹점이 30개에 이른 적이 없어(최대 10개) 성장률·종료율이 잡음에 좌우되므로 평가하지 않습니다.,2024
BRD_20200172,돈까스파티,1.0,평가 대상 아님,,,가맹점이 30개에 이른 적이 없어(최대 10개) 성장률·종료율이 잡음에 좌우되므로 평가하지 않습니다.,2024
BRD_20200182,미트볼라운지,1.0,평가 대상 아님,,,가맹점이 30개에 이른 적이 없어(최대 1개) 성장률·종료율이 잡음에 좌우되므로 평가하지 않습니다.,2024
BRD_20200273,양대포,1.0,평가 대상 아님,,,가맹점이 30개에 이른 적이 없어(최대 1개) 성장률·종료율이 잡음에 좌우되므로 평가하지 않습니다.,2024
BRD_20200371,미미담(美味啖),1.0,평가 대상 아님,,,가맹점이 30개에 이른 적이 없어(최대 1개) 성장률·종료율이 잡음에 좌우되므로 평가하지 않습니다.,2024
BRD_20200433,두판,1.0,평가 대상 아님,,,가맹점이 30개에 이른 적이 없어(최대 5개) 성장률·종료율이 잡음에 좌우되므로 평가하지 않습니다.,2024
BRD_20200469,양대박,1.0,평가 대상 아님,,,가맹점이 30개에 이른 적이 없어(최대 2개) 성장률·종료율이 잡음에 좌우되므로 평가하지 않습니다.,2024
BRD_20200602,오남매 감자탕,1.0,평가 대상 아님,,,가맹점이 30개에 이른 적이 없어(최대 2개) 성장률·종료율이 잡음에 좌우되므로 평가하지 않습니다.,2024
BRD_20200677,몬스터김밥,1.0,평가 대상 아님,,,가맹점이 30개에 이른 적이 없어(최대 2개) 성장률·종료율이 잡음에 좌우되므로 평가하지 않습니다.,2024
BRD_20200735,함흥제일 속초 코다리냉면,1.0,평가 대상 아님,,,가맹점이 30개에 이른 적이 없어(최대 2개) 성장률·종료율이 잡음에 좌우되므로 평가하지 않습니다.,2024
BRD_20200849,채선당키친,1.0,평가 대상 아님,,,가맹점이 30개에 이른 적이 없어(최대 1개) 성장률·종료율이 잡음에 좌우되므로 평가하지 않습니다.,2024
BRD_20200854,신정만국밥,1.0,평가 대상 아님,,,가맹점이 30개에 이른 적이 없어(최대 1개) 성장률·종료율이 잡음에 좌우되므로 평가하지 않습니다.,2024
BRD_20200891,놀부오불장군,1.0,평가 대상 아님,,,가맹점이 30개에 이른 적이 없어(최대 17개) 성장률·종료율이 잡음에 좌우되므로 평가하지 않습니다.,2024
BRD_20200908,뚱보집부산양대창,1.0,평가 대상 아님,,,가맹점이 30개에 이른 적이 없어(최대 21개) 성장률·종료율이 잡음에 좌우되므로 평가하지 않습니다.,2024
BRD_20200934,샤브궁,1.0,평가 대상 아님,,,가맹점이 30개에 이른 적이 없어(최대 1개) 성장률·종료율이 잡음에 좌우되므로 평가하지 않습니다.,2024
BRD_20201016,피자메카,1.0,평가 대상 아님,,,가맹점이 30개에 이른 적이 없어(최대 9개) 성장률·종료율이 잡음에 좌우되므로 평가하지 않습니다.,2024
BRD_20201039,구구향훠궈,1.0,평가 대상 아님,,,가맹점이 30개에 이른 적이 없어(최대 1개) 성장률·종료율이 잡음에 좌우되므로 평가하지 않습니다.,2024
BRD_20201116,"오늘,맥주한잔",1.0,평가 대상 아님,,,가맹점이 30개에 이른 적이 없어(최대 2개) 성장률·종료율이 잡음에 좌우되므로 평가하지 않습니다.,2024
BRD_20201151,알쭈,1.0,평가 대상 아님,,,가맹점이 30개에 이른 적이 없어(최대 2개) 성장률·종료율이 잡음에 좌우되므로 평가하지 않습니다.,2024
BRD_20201190,박주억 강원도집,1.0,평가 대상 아님,,,가맹점이 30개에 이른 적이 없어(최대 4개) 성장률·종료율이 잡음에 좌우되므로 평가하지 않습니다.,2024
BRD_20201235,더 베이커스 가든(The Baker's Garden),1.0,평가 대상 아님,,,가맹점이 30개에 이른 적이 없어(최대 1개) 성장률·종료율이 잡음에 좌우되므로 평가하지 않습니다.,2024
BRD_20201253,김혜경제주항통갈치,1.0,평가 대상 아님,,,가맹점이 30개에 이른 적이 없어(최대 1개) 성장률·종료율이 잡음에 좌우되므로 평가하지 않습니다.,2024
BRD_20201277,청파불백,1.0,평가 대상 아님,,,가맹점이 30개에 이른 적이 없어(최대 1개) 성장률·종료율이 잡음에 좌우되므로 평가하지 않습니다.,2024
BRD_20201302,이태리식당,1.0,평가 대상 아님,,,가맹점이 30개에 이른 적이 없어(최대 2개) 성장률·종료율이 잡음에 좌우되므로 평가하지 않습니다.,2024
BRD_20201383,요거픽,1.0,평가 대상 아님,,,가맹점이 30개에 이른 적이 없어(최대 3개) 성장률·종료율이 잡음에 좌우되므로 평가하지 않습니다.,2024
BRD_20201530,락스타치킨 (ROKSTAR CHICKEN),1.0,평가 대상 아님,,,가맹점이 30개에 이른 적이 없어(최대 3개) 성장률·종료율이 잡음에 좌우되므로 평가하지 않습니다.,2024
BRD_20201716,포장맛차,1.0,평가 대상 아님,,,가맹점이 30개에 이른 적이 없어(최대 1개) 성장률·종료율이 잡음에 좌우되므로 평가하지 않습니다.,2024
BRD_20201729,썸플엑스,1.0,평가 대상 아님,,,가맹점이 30개에 이른 적이 없어(최대 1개) 성장률·종료율이 잡음에 좌우되므로 평가하지 않습니다.,2024
BRD_20201730,주당각,1.0,평가 대상 아님,,,가맹점이 30개에 이른 적이 없어(최대 1개) 성장률·종료율이 잡음에 좌우되므로 평가하지 않습니다.,2024
BRD_20201734,고고(Gogo)돈가스,1.0,평가 대상 아님,,,가맹점이 30개에 이른 적이 없어(최대 4개) 성장률·종료율이 잡음에 좌우되므로 평가하지 않습니다.,2024
BRD_20201752,라우스터프,1.0,평가 대상 아님,,,가맹점이 30개에 이른 적이 없어(최대 1개) 성장률·종료율이 잡음에 좌우되므로 평가하지 않습니다.,2024
BRD_20201791,기센국밥,1.0,평가 대상 아님,,,가맹점이 30개에 이른 적이 없어(최대 4개) 성장률·종료율이 잡음에 좌우되므로 평가하지 않습니다.,2024
BRD_20201834,밀본,1.0,평가 대상 아님,,,가맹점이 30개에 이른 적이 없어(최대 2개) 성장률·종료율이 잡음에 좌우되므로 평가하지 않습니다.,2024
BRD_20201842,숨은고기,1.0,평가 대상 아님,,,가맹점이 30개에 이른 적이 없어(최대 1개) 성장률·종료율이 잡음에 좌우되므로 평가하지 않습니다.,2024
BRD_20201868,정미소맥주,1.0,평가 대상 아님,,,가맹점이 30개에 이른 적이 없어(최대 1개) 성장률·종료율이 잡음에 좌우되므로 평가하지 않습니다.,2024
BRD_20201902,밀립,1.0,평가 대상 아님,,,가맹점이 30개에 이른 적이 없어(최대 1개) 성장률·종료율이 잡음에 좌우되므로 평가하지 않습니다.,2024
BRD_20201908,진고래아구찜해물찜,1.0,평가 대상 아님,,,가맹점이 30개에 이른 적이 없어(최대 18개) 성장률·종료율이 잡음에 좌우되므로 평가하지 않습니다.,2024
BRD_20210007,피자힙(PIZZA HIP),1.0,평가 대상 아님,,,가맹점이 30개에 이른 적이 없어(최대 4개) 성장률·종료율이 잡음에 좌우되므로 평가하지 않습니다.,2024
BRD_20210062,꽃쟁반,1.0,평가 대상 아님,,,가맹점이 30개에 이른 적이 없어(최대 1개) 성장률·종료율이 잡음에 좌우되므로 평가하지 않습니다.,2024
BRD_20210150,신수신반점,1.0,평가 대상 아님,,,가맹점이 30개에 이른 적이 없어(최대 2개) 성장률·종료율이 잡음에 좌우되므로 평가하지 않습니다.,2024
BRD_20210157,오르다피자,1.0,평가 대상 아님,,,가맹점이 30개에 이른 적이 없어(최대 12개) 성장률·종료율이 잡음에 좌우되므로 평가하지 않습니다.,2024
BRD_20210363,라거스팟,1.0,평가 대상 아님,,,가맹점이 30개에 이른 적이 없어(최대 2개) 성장률·종료율이 잡음에 좌우되므로 평가하지 않습니다.,2024
BRD_20210433,간성 동해반점,1.0,평가 대상 아님,,,가맹점이 30개에 이른 적이 없어(최대 4개) 성장률·종료율이 잡음에 좌우되므로 평가하지 않습니다.,2024
BRD_20210494,솥뚜껑이닭,1.0,평가 대상 아님,,,가맹점이 30개에 이른 적이 없어(최대 1개) 성장률·종료율이 잡음에 좌우되므로 평가하지 않습니다.,2024
BRD_20210629,찰스의식탁,1.0,평가 대상 아님,,,가맹점이 30개에 이른 적이 없어(최대 2개) 성장률·종료율이 잡음에 좌우되므로 평가하지 않습니다.,2024
BRD_20210816,막창사냥꾼,1.0,평가 대상 아님,,,가맹점이 30개에 이른 적이 없어(최대 1개) 성장률·종료율이 잡음에 좌우되므로 평가하지 않습니다.,2024
BRD_20210906,더해장,1.0,평가 대상 아님,,,가맹점이 30개에 이른 적이 없어(최대 10개) 성장률·종료율이 잡음에 좌우되므로 평가하지 않습니다.,2024
BRD_20211035,아롱포차,1.0,평가 대상 아님,,,가맹점이 30개에 이른 적이 없어(최대 2개) 성장률·종료율이 잡음에 좌우되므로 평가하지 않습니다.,2024
BRD_20211056,터치쿡(touch cook),1.0,평가 대상 아님,,,가맹점이 30개에 이른 적이 없어(최대 18개) 성장률·종료율이 잡음에 좌우되므로 평가하지 않습니다.,2024
BRD_20211058,이춘명숙성회,1.0,평가 대상 아님,,,가맹점이 30개에 이른 적이 없어(최대 1개) 성장률·종료율이 잡음에 좌우되므로 평가하지 않습니다.,2024
BRD_20211090,곱끌림,1.0,평가 대상 아님,,,가맹점이 30개에 이른 적이 없어(최대 3개) 성장률·종료율이 잡음에 좌우되므로 평가하지 않습니다.,2024
BRD_20211102,타이완벤땅,1.0,평가 대상 아님,,,가맹점이 30개에 이른 적이 없어(최대 2개) 성장률·종료율이 잡음에 좌우되므로 평가하지 않습니다.,2024
BRD_20211183,깨비옥,1.0,평가 대상 아님,,,가맹점이 30개에 이른 적이 없어(최대 2개) 성장률·종료율이 잡음에 좌우되므로 평가하지 않습니다.,2024
BRD_20211191,Pause 10',1.0,평가 대상 아님,,,가맹점이 30개에 이른 적이 없어(최대 1개) 성장률·종료율이 잡음에 좌우되므로 평가하지 않습니다.,2024
BRD_20211306,도리도우,1.0,평가 대상 아님,,,가맹점이 30개에 이른 적이 없어(최대 1개) 성장률·종료율이 잡음에 좌우되므로 평가하지 않습니다.,2024
BRD_20211400,갓만든떡볶이,1.0,평가 대상 아님,,,가맹점이 30개에 이른 적이 없어(최대 3개) 성장률·종료율이 잡음에 좌우되므로 평가하지 않습니다.,2024
BRD_20211513|JNG_018048,고혈압쭈꾸미,1.0,평가 대상 아님,,,가맹점이 30개에 이른 적이 없어(최대 1개) 성장률·종료율이 잡음에 좌우되므로 평가하지 않습니다.,2024
BRD_20211519,김치부루스,1.0,평가 대상 아님,,,가맹점이 30개에 이른 적이 없어(최대 3개) 성장률·종료율이 잡음에 좌우되므로 평가하지 않습니다.,2024
BRD_20211584,콩뼈숯뼈 감자탕,1.0,평가 대상 아님,,,가맹점이 30개에 이른 적이 없어(최대 2개) 성장률·종료율이 잡음에 좌우되므로 평가하지 않습니다.,2024
BRD_20211729,돈화당,1.0,평가 대상 아님,,,가맹점이 30개에 이른 적이 없어(최대 1개) 성장률·종료율이 잡음에 좌우되므로 평가하지 않습니다.,2024
BRD_20211733,카페알앤비(CAFE R&B),1.0,평가 대상 아님,,,가맹점이 30개에 이른 적이 없어(최대 1개) 성장률·종료율이 잡음에 좌우되므로 평가하지 않습니다.,2024
BRD_20211737,노작진성아구찜,1.0,평가 대상 아님,,,가맹점이 30개에 이른 적이 없어(최대 1개) 성장률·종료율이 잡음에 좌우되므로 평가하지 않습니다.,2024
BRD_20211739,단골막창,1.0,평가 대상 아님,,,가맹점이 30개에 이른 적이 없어(최대 13개) 성장률·종료율이 잡음에 좌우되므로 평가하지 않습니다.,2024
BRD_20211806,푸줏간,1.0,평가 대상 아님,,,가맹점이 30개에 이른 적이 없어(최대 5개) 성장률·종료율이 잡음에 좌우되므로 평가하지 않습니다.,2024
BRD_20211823,직진반점,1.0,평가 대상 아님,,,가맹점이 30개에 이른 적이 없어(최대 2개) 성장률·종료율이 잡음에 좌우되므로 평가하지 않습니다.,2024
BRD_20211850,이치찜,1.0,평가 대상 아님,,,가맹점이 30개에 이른 적이 없어(최대 12개) 성장률·종료율이 잡음에 좌우되므로 평가하지 않습니다.,2024
BRD_20211875,김혜경제주항갈치고등어쌈정식,1.0,평가 대상 아님,,,가맹점이 30개에 이른 적이 없어(최대 1개) 성장률·종료율이 잡음에 좌우되므로 평가하지 않습니다.,2024
BRD_20211915,호성이골뱅이,1.0,평가 대상 아님,,,가맹점이 30개에 이른 적이 없어(최대 1개) 성장률·종료율이 잡음에 좌우되므로 평가하지 않습니다.,2024
BRD_20211946,푸드앤펀삼겹카페,1.0,평가 대상 아님,,,가맹점이 30개에 이른 적이 없어(최대 5개) 성장률·종료율이 잡음에 좌우되므로 평가하지 않습니다.,2024
BRD_20211979,순살로31,1.0,평가 대상 아님,,,가맹점이 30개에 이른 적이 없어(최대 3개) 성장률·종료율이 잡음에 좌우되므로 평가하지 않습니다.,2024
BRD_20212044,일근이네,1.0,평가 대상 아님,,,가맹점이 30개에 이른 적이 없어(최대 1개) 성장률·종료율이 잡음에 좌우되므로 평가하지 않습니다.,2024
BRD_20212048,맥주는 별책부록,1.0,평가 대상 아님,,,가맹점이 30개에 이른 적이 없어(최대 1개) 성장률·종료율이 잡음에 좌우되므로 평가하지 않습니다.,2024
BRD_20212065,밀크로지,1.0,평가 대상 아님,,,가맹점이 30개에 이른 적이 없어(최대 3개) 성장률·종료율이 잡음에 좌우되므로 평가하지 않습니다.,2024
BRD_20212080,장호짤라집,1.0,평가 대상 아님,,,가맹점이 30개에 이른 적이 없어(최대 1개) 성장률·종료율이 잡음에 좌우되므로 평가하지 않습니다.,2024
BRD_20212137,한근600g,1.0,평가 대상 아님,,,가맹점이 30개에 이른 적이 없어(최대 1개) 성장률·종료율이 잡음에 좌우되므로 평가하지 않습니다.,2024
BRD_20212237,진지덮밥&돈가스,1.0,평가 대상 아님,,,가맹점이 30개에 이른 적이 없어(최대 2개) 성장률·종료율이 잡음에 좌우되므로 평가하지 않습니다.,2024
BRD_20212275,예쁨씨 미니김밥,1.0,평가 대상 아님,,,가맹점이 30개에 이른 적이 없어(최대 1개) 성장률·종료율이 잡음에 좌우되므로 평가하지 않습니다.,2024
BRD_20212293,부산식객,1.0,평가 대상 아님,,,가맹점이 30개에 이른 적이 없어(최대 1개) 성장률·종료율이 잡음에 좌우되므로 평가하지 않습니다.,2024
BRD_20212404,바른장인,1.0,평가 대상 아님,,,가맹점이 30개에 이른 적이 없어(최대 4개) 성장률·종료율이 잡음에 좌우되므로 평가하지 않습니다.,2024
BRD_20212436,팔복통닭,1.0,평가 대상 아님,,,가맹점이 30개에 이른 적이 없어(최대 1개) 성장률·종료율이 잡음에 좌우되므로 평가하지 않습니다.,2024
BRD_20212534,미몽,1.0,평가 대상 아님,,,가맹점이 30개에 이른 적이 없어(최대 1개) 성장률·종료율이 잡음에 좌우되므로 평가하지 않습니다.,2024
BRD_20212568,퍼스트생갈비찜,1.0,평가 대상 아님,,,가맹점이 30개에 이른 적이 없어(최대 6개) 성장률·종료율이 잡음에 좌우되므로 평가하지 않습니다.,2024
BRD_20212574,온복비빔국수,1.0,평가 대상 아님,,,가맹점이 30개에 이른 적이 없어(최대 3개) 성장률·종료율이 잡음에 좌우되므로 평가하지 않습니다.,2024
BRD_20212600,혼고집,1.0,평가 대상 아님,,,가맹점이 30개에 이른 적이 없어(최대 1개) 성장률·종료율이 잡음에 좌우되므로 평가하지 않습니다.,2024
BRD_20212746,米's 탕수육,1.0,평가 대상 아님,,,가맹점이 30개에 이른 적이 없어(최대 1개) 성장률·종료율이 잡음에 좌우되므로 평가하지 않습니다.,2024
BRD_20212764,구워져 나오는집 돼통령,1.0,평가 대상 아님,,,가맹점이 30개에 이른 적이 없어(최대 1개) 성장률·종료율이 잡음에 좌우되므로 평가하지 않습니다.,2024
BRD_20212837,엠버스커피(Embers coffee),1.0,평가 대상 아님,,,가맹점이 30개에 이른 적이 없어(최대 1개) 성장률·종료율이 잡음에 좌우되므로 평가하지 않습니다.,2024
BRD_20212881,대지집,1.0,평가 대상 아님,,,가맹점이 30개에 이른 적이 없어(최대 1개) 성장률·종료율이 잡음에 좌우되므로 평가하지 않습니다.,2024
BRD_20212888,조선닭꼬치,1.0,평가 대상 아님,,,가맹점이 30개에 이른 적이 없어(최대 1개) 성장률·종료율이 잡음에 좌우되므로 평가하지 않습니다.,2024
BRD_20212938,바른고기 도림식당,1.0,평가 대상 아님,,,가맹점이 30개에 이른 적이 없어(최대 1개) 성장률·종료율이 잡음에 좌우되므로 평가하지 않습니다.,2024
BRD_20212941,조선범숯불두마리치킨,1.0,평가 대상 아님,,,가맹점이 30개에 이른 적이 없어(최대 1개) 성장률·종료율이 잡음에 좌우되므로 평가하지 않습니다.,2024
BRD_20212981,봉이진막창,1.0,평가 대상 아님,,,가맹점이 30개에 이른 적이 없어(최대 1개) 성장률·종료율이 잡음에 좌우되므로 평가하지 않습니다.,2024
BRD_20212982,이너리트,1.0,평가 대상 아님,,,가맹점이 30개에 이른 적이 없어(최대 2개) 성장률·종료율이 잡음에 좌우되므로 평가하지 않습니다.,2024
BRD_20212995,역전치킨,1.0,평가 대상 아님,,,가맹점이 30개에 이른 적이 없어(최대 1개) 성장률·종료율이 잡음에 좌우되므로 평가하지 않습니다.,2024
BRD_20213000,브샤브샤,1.0,평가 대상 아님,,,가맹점이 30개에 이른 적이 없어(최대 1개) 성장률·종료율이 잡음에 좌우되므로 평가하지 않습니다.,2024
BRD_20213030,타이거프레소,1.0,평가 대상 아님,,,가맹점이 30개에 이른 적이 없어(최대 1개) 성장률·종료율이 잡음에 좌우되므로 평가하지 않습니다.,2024
BRD_20213059,마루미베이글,1.0,평가 대상 아님,,,가맹점이 30개에 이른 적이 없어(최대 1개) 성장률·종료율이 잡음에 좌우되므로 평가하지 않습니다.,2024
BRD_20213125,국민고기,1.0,평가 대상 아님,,,가맹점이 30개에 이른 적이 없어(최대 1개) 성장률·종료율이 잡음에 좌우되므로 평가하지 않습니다.,2024
BRD_20213167,베어밀크(BEAR MILK),1.0,평가 대상 아님,,,가맹점이 30개에 이른 적이 없어(최대 7개) 성장률·종료율이 잡음에 좌우되므로 평가하지 않습니다.,2024
BRD_20213196,버팔로그릴,1.0,평가 대상 아님,,,가맹점이 30개에 이른 적이 없어(최대 1개) 성장률·종료율이 잡음에 좌우되므로 평가하지 않습니다.,2024
BRD_20213286,챔스빈커피,1.0,평가 대상 아님,,,가맹점이 30개에 이른 적이 없어(최대 4개) 성장률·종료율이 잡음에 좌우되므로 평가하지 않습니다.,2024
BRD_20213296,투미닛피자,1.0,평가 대상 아님,,,가맹점이 30개에 이른 적이 없어(최대 1개) 성장률·종료율이 잡음에 좌우되므로 평가하지 않습니다.,2024
BRD_20213297,베이크럽,1.0,평가 대상 아님,,,가맹점이 30개에 이른 적이 없어(최대 1개) 성장률·종료율이 잡음에 좌우되므로 평가하지 않습니다.,2024
BRD_20213310,따순기미,1.0,평가 대상 아님,,,가맹점이 30개에 이른 적이 없어(최대 7개) 성장률·종료율이 잡음에 좌우되므로 평가하지 않습니다.,2024
BRD_20213366,포시즌베리,1.0,평가 대상 아님,,,가맹점이 30개에 이른 적이 없어(최대 1개) 성장률·종료율이 잡음에 좌우되므로 평가하지 않습니다.,2024
BRD_20213430,특별한찜닭,1.0,평가 대상 아님,,,가맹점이 30개에 이른 적이 없어(최대 1개) 성장률·종료율이 잡음에 좌우되므로 평가하지 않습니다.,2024
BRD_20213525,막창왕,1.0,평가 대상 아님,,,가맹점이 30개에 이른 적이 없어(최대 2개) 성장률·종료율이 잡음에 좌우되므로 평가하지 않습니다.,2024
BRD_20213620,북촌돈까스,1.0,평가 대상 아님,,,가맹점이 30개에 이른 적이 없어(최대 2개) 성장률·종료율이 잡음에 좌우되므로 평가하지 않습니다.,2024
BRD_20213622,마탱이닭발,1.0,평가 대상 아님,,,가맹점이 30개에 이른 적이 없어(최대 1개) 성장률·종료율이 잡음에 좌우되므로 평가하지 않습니다.,2024
BRD_20213675,카페텅(Cafe Tung),1.0,평가 대상 아님,,,가맹점이 30개에 이른 적이 없어(최대 1개) 성장률·종료율이 잡음에 좌우되므로 평가하지 않습니다.,2024
BRD_20213957|JNG_011544,영카츠(YOUNG KATSU),1.0,평가 대상 아님,,,가맹점이 30개에 이른 적이 없어(최대 1개) 성장률·종료율이 잡음에 좌우되므로 평가하지 않습니다.,2024
BRD_20213966,1986숯불구이,1.0,평가 대상 아님,,,가맹점이 30개에 이른 적이 없어(최대 3개) 성장률·종료율이 잡음에 좌우되므로 평가하지 않습니다.,2024
BRD_20213988,정직김치찜,1.0,평가 대상 아님,,,가맹점이 30개에 이른 적이 없어(최대 21개) 성장률·종료율이 잡음에 좌우되므로 평가하지 않습니다.,2024
BRD_20214055,이천억 조개구이와 고기,1.0,평가 대상 아님,,,가맹점이 30개에 이른 적이 없어(최대 2개) 성장률·종료율이 잡음에 좌우되므로 평가하지 않습니다.,2024
BRD_20214088,오늘한과,1.0,평가 대상 아님,,,가맹점이 30개에 이른 적이 없어(최대 2개) 성장률·종료율이 잡음에 좌우되므로 평가하지 않습니다.,2024
BRD_20214130,구어킹,1.0,평가 대상 아님,,,가맹점이 30개에 이른 적이 없어(최대 5개) 성장률·종료율이 잡음에 좌우되므로 평가하지 않습니다.,2024
BRD_20214179|JNG_011687,낭만소갈비,1.0,평가 대상 아님,,,가맹점이 30개에 이른 적이 없어(최대 1개) 성장률·종료율이 잡음에 좌우되므로 평가하지 않습니다.,2024
BRD_20214189,신발가게,1.0,평가 대상 아님,,,가맹점이 30개에 이른 적이 없어(최대 2개) 성장률·종료율이 잡음에 좌우되므로 평가하지 않습니다.,2024
BRD_20214194,구어러,1.0,평가 대상 아님,,,가맹점이 30개에 이른 적이 없어(최대 3개) 성장률·종료율이 잡음에 좌우되므로 평가하지 않습니다.,2024
BRD_20214273,하이커피,1.0,평가 대상 아님,,,가맹점이 30개에 이른 적이 없어(최대 1개) 성장률·종료율이 잡음에 좌우되므로 평가하지 않습니다.,2024
BRD_20214285,장수리 멸치국수,1.0,평가 대상 아님,,,가맹점이 30개에 이른 적이 없어(최대 1개) 성장률·종료율이 잡음에 좌우되므로 평가하지 않습니다.,2024
BRD_20214293,산정,1.0,평가 대상 아님,,,가맹점이 30개에 이른 적이 없어(최대 4개) 성장률·종료율이 잡음에 좌우되므로 평가하지 않습니다.,2024
BRD_20214403,비스트로(BISTRO)육미명가 날마다대박나는집,1.0,평가 대상 아님,,,가맹점이 30개에 이른 적이 없어(최대 2개) 성장률·종료율이 잡음에 좌우되므로 평가하지 않습니다.,2024
BRD_20214428,무궁김치찜,1.0,평가 대상 아님,,,가맹점이 30개에 이른 적이 없어(최대 1개) 성장률·종료율이 잡음에 좌우되므로 평가하지 않습니다.,2024
BRD_20214466,값진화로,1.0,평가 대상 아님,,,가맹점이 30개에 이른 적이 없어(최대 22개) 성장률·종료율이 잡음에 좌우되므로 평가하지 않습니다.,2024
BRD_20214473,이가탕수6,1.0,평가 대상 아님,,,가맹점이 30개에 이른 적이 없어(최대 2개) 성장률·종료율이 잡음에 좌우되므로 평가하지 않습니다.,2024
BRD_20214493,다원옥,1.0,평가 대상 아님,,,가맹점이 30개에 이른 적이 없어(최대 1개) 성장률·종료율이 잡음에 좌우되므로 평가하지 않습니다.,2024
BRD_20214518,호랑이갈비찜&찜닭,1.0,평가 대상 아님,,,가맹점이 30개에 이른 적이 없어(최대 1개) 성장률·종료율이 잡음에 좌우되므로 평가하지 않습니다.,2024
BRD_20214521,멕시타이거,1.0,평가 대상 아님,,,가맹점이 30개에 이른 적이 없어(최대 1개) 성장률·종료율이 잡음에 좌우되므로 평가하지 않습니다.,2024
BRD_20214584,카소미야,1.0,평가 대상 아님,,,가맹점이 30개에 이른 적이 없어(최대 1개) 성장률·종료율이 잡음에 좌우되므로 평가하지 않습니다.,2024
BRD_20214648,하태준의 효자동닭꼬치,1.0,평가 대상 아님,,,가맹점이 30개에 이른 적이 없어(최대 14개) 성장률·종료율이 잡음에 좌우되므로 평가하지 않습니다.,2024
BRD_20214668,배달은 건어물맥주,1.0,평가 대상 아님,,,가맹점이 30개에 이른 적이 없어(최대 3개) 성장률·종료율이 잡음에 좌우되므로 평가하지 않습니다.,2024
BRD_20214704,무시무시(Mushi Mushi),1.0,평가 대상 아님,,,가맹점이 30개에 이른 적이 없어(최대 2개) 성장률·종료율이 잡음에 좌우되므로 평가하지 않습니다.,2024
BRD_20214722,벨렘,1.0,평가 대상 아님,,,가맹점이 30개에 이른 적이 없어(최대 1개) 성장률·종료율이 잡음에 좌우되므로 평가하지 않습니다.,2024
BRD_20214734,트렌즈 더 돈까스앤파스타,1.0,평가 대상 아님,,,가맹점이 30개에 이른 적이 없어(최대 1개) 성장률·종료율이 잡음에 좌우되므로 평가하지 않습니다.,2024
BRD_20214939,크로플유,1.0,평가 대상 아님,,,가맹점이 30개에 이른 적이 없어(최대 1개) 성장률·종료율이 잡음에 좌우되므로 평가하지 않습니다.,2024
BRD_20214967,곱찌,1.0,평가 대상 아님,,,가맹점이 30개에 이른 적이 없어(최대 1개) 성장률·종료율이 잡음에 좌우되므로 평가하지 않습니다.,2024
BRD_20215020,화화돈(花和豚),1.0,평가 대상 아님,,,가맹점이 30개에 이른 적이 없어(최대 3개) 성장률·종료율이 잡음에 좌우되므로 평가하지 않습니다.,2024
BRD_20215346,서초동국밥,1.0,평가 대상 아님,,,가맹점이 30개에 이른 적이 없어(최대 1개) 성장률·종료율이 잡음에 좌우되므로 평가하지 않습니다.,2024
BRD_20215360,청담설렁탕&순대국,1.0,평가 대상 아님,,,가맹점이 30개에 이른 적이 없어(최대 6개) 성장률·종료율이 잡음에 좌우되므로 평가하지 않습니다.,2024
BRD_20215533,뉴플레이스커피,1.0,평가 대상 아님,,,가맹점이 30개에 이른 적이 없어(최대 1개) 성장률·종료율이 잡음에 좌우되므로 평가하지 않습니다.,2024
BRD_20215603,봉혜자네주방,1.0,평가 대상 아님,,,가맹점이 30개에 이른 적이 없어(최대 1개) 성장률·종료율이 잡음에 좌우되므로 평가하지 않습니다.,2024
BRD_20215616,달쭈꾸미,1.0,평가 대상 아님,,,가맹점이 30개에 이른 적이 없어(최대 1개) 성장률·종료율이 잡음에 좌우되므로 평가하지 않습니다.,2024
BRD_20215682,구현포차,1.0,평가 대상 아님,,,가맹점이 30개에 이른 적이 없어(최대 5개) 성장률·종료율이 잡음에 좌우되므로 평가하지 않습니다.,2024
BRD_20215799,오름채,1.0,평가 대상 아님,,,가맹점이 30개에 이른 적이 없어(최대 1개) 성장률·종료율이 잡음에 좌우되므로 평가하지 않습니다.,2024
BRD_20215809,더요리에반하다,1.0,평가 대상 아님,,,가맹점이 30개에 이른 적이 없어(최대 16개) 성장률·종료율이 잡음에 좌우되므로 평가하지 않습니다.,2024
BRD_20215812,이백육십도,1.0,평가 대상 아님,,,가맹점이 30개에 이른 적이 없어(최대 1개) 성장률·종료율이 잡음에 좌우되므로 평가하지 않습니다.,2024
BRD_20215828,수룹타코,1.0,평가 대상 아님,,,가맹점이 30개에 이른 적이 없어(최대 2개) 성장률·종료율이 잡음에 좌우되므로 평가하지 않습니다.,2024
BRD_20215836,강남대패&샤브,1.0,평가 대상 아님,,,가맹점이 30개에 이른 적이 없어(최대 1개) 성장률·종료율이 잡음에 좌우되므로 평가하지 않습니다.,2024
BRD_20220017,감프커피,1.0,평가 대상 아님,,,가맹점이 30개에 이른 적이 없어(최대 1개) 성장률·종료율이 잡음에 좌우되므로 평가하지 않습니다.,2024
BRD_20220045,나제바메,1.0,평가 대상 아님,,,가맹점이 30개에 이른 적이 없어(최대 1개) 성장률·종료율이 잡음에 좌우되므로 평가하지 않습니다.,2024
BRD_20220099,양세마리,1.0,평가 대상 아님,,,가맹점이 30개에 이른 적이 없어(최대 1개) 성장률·종료율이 잡음에 좌우되므로 평가하지 않습니다.,2024
BRD_20220161,몽땅만두,1.0,평가 대상 아님,,,가맹점이 30개에 이른 적이 없어(최대 3개) 성장률·종료율이 잡음에 좌우되므로 평가하지 않습니다.,2024
BRD_20220181,지랄냉면,1.0,평가 대상 아님,,,가맹점이 30개에 이른 적이 없어(최대 2개) 성장률·종료율이 잡음에 좌우되므로 평가하지 않습니다.,2024
BRD_20220212,카페아이엔지(CAFE ING),1.0,평가 대상 아님,,,가맹점이 30개에 이른 적이 없어(최대 1개) 성장률·종료율이 잡음에 좌우되므로 평가하지 않습니다.,2024
BRD_20220215,올데이피자서비스(ALL DAY PIZZA SERVICE),1.0,평가 대상 아님,,,가맹점이 30개에 이른 적이 없어(최대 2개) 성장률·종료율이 잡음에 좌우되므로 평가하지 않습니다.,2024
BRD_20220219,신세계 닭발,1.0,평가 대상 아님,,,가맹점이 30개에 이른 적이 없어(최대 1개) 성장률·종료율이 잡음에 좌우되므로 평가하지 않습니다.,2024
BRD_20220319,포사이,1.0,평가 대상 아님,,,가맹점이 30개에 이른 적이 없어(최대 7개) 성장률·종료율이 잡음에 좌우되므로 평가하지 않습니다.,2024
BRD_20220341,고투웍,1.0,평가 대상 아님,,,가맹점이 30개에 이른 적이 없어(최대 7개) 성장률·종료율이 잡음에 좌우되므로 평가하지 않습니다.,2024
BRD_20220344,계단라멘,1.0,평가 대상 아님,,,가맹점이 30개에 이른 적이 없어(최대 2개) 성장률·종료율이 잡음에 좌우되므로 평가하지 않습니다.,2024
BRD_20220345,밥을짓다,1.0,평가 대상 아님,,,가맹점이 30개에 이른 적이 없어(최대 4개) 성장률·종료율이 잡음에 좌우되므로 평가하지 않습니다.,2024
BRD_20220346,소복,1.0,평가 대상 아님,,,가맹점이 30개에 이른 적이 없어(최대 1개) 성장률·종료율이 잡음에 좌우되므로 평가하지 않습니다.,2024
BRD_20220362,일상엔,1.0,평가 대상 아님,,,가맹점이 30개에 이른 적이 없어(최대 1개) 성장률·종료율이 잡음에 좌우되므로 평가하지 않습니다.,2024
BRD_20220367,MOTTE,1.0,평가 대상 아님,,,가맹점이 30개에 이른 적이 없어(최대 1개) 성장률·종료율이 잡음에 좌우되므로 평가하지 않습니다.,2024
BRD_20220428,고반가든,1.0,평가 대상 아님,,,가맹점이 30개에 이른 적이 없어(최대 1개) 성장률·종료율이 잡음에 좌우되므로 평가하지 않습니다.,2024
BRD_20220464,빅그램커피베이커리,1.0,평가 대상 아님,,,가맹점이 30개에 이른 적이 없어(최대 1개) 성장률·종료율이 잡음에 좌우되므로 평가하지 않습니다.,2024
BRD_20220473,금도야지,1.0,평가 대상 아님,,,가맹점이 30개에 이른 적이 없어(최대 1개) 성장률·종료율이 잡음에 좌우되므로 평가하지 않습니다.,2024
BRD_20220489,소연옥,1.0,평가 대상 아님,,,가맹점이 30개에 이른 적이 없어(최대 1개) 성장률·종료율이 잡음에 좌우되므로 평가하지 않습니다.,2024
BRD_20220532,포브라더스,1.0,평가 대상 아님,,,가맹점이 30개에 이른 적이 없어(최대 1개) 성장률·종료율이 잡음에 좌우되므로 평가하지 않습니다.,2024
BRD_20220564,카페쿠바노,1.0,평가 대상 아님,,,가맹점이 30개에 이른 적이 없어(최대 1개) 성장률·종료율이 잡음에 좌우되므로 평가하지 않습니다.,2024
BRD_20220657,계란빵사세요,1.0,평가 대상 아님,,,가맹점이 30개에 이른 적이 없어(최대 1개) 성장률·종료율이 잡음에 좌우되므로 평가하지 않습니다.,2024
BRD_20220658,신미 마라탕,1.0,평가 대상 아님,,,가맹점이 30개에 이른 적이 없어(최대 1개) 성장률·종료율이 잡음에 좌우되므로 평가하지 않습니다.,2024
BRD_20220665,맞닿음,1.0,평가 대상 아님,,,가맹점이 30개에 이른 적이 없어(최대 1개) 성장률·종료율이 잡음에 좌우되므로 평가하지 않습니다.,2024
BRD_20220677,멘야세븐,1.0,평가 대상 아님,,,가맹점이 30개에 이른 적이 없어(최대 2개) 성장률·종료율이 잡음에 좌우되므로 평가하지 않습니다.,2024
BRD_20220765,오형제 반점,1.0,평가 대상 아님,,,가맹점이 30개에 이른 적이 없어(최대 1개) 성장률·종료율이 잡음에 좌우되므로 평가하지 않습니다.,2024
BRD_20220782,그릭박스,1.0,평가 대상 아님,,,가맹점이 30개에 이른 적이 없어(최대 1개) 성장률·종료율이 잡음에 좌우되므로 평가하지 않습니다.,2024
BRD_20220785,W.52,1.0,평가 대상 아님,,,가맹점이 30개에 이른 적이 없어(최대 1개) 성장률·종료율이 잡음에 좌우되므로 평가하지 않습니다.,2024
BRD_20220810,오비펍인(OB PUB-IN),1.0,평가 대상 아님,,,가맹점이 30개에 이른 적이 없어(최대 1개) 성장률·종료율이 잡음에 좌우되므로 평가하지 않습니다.,2024
BRD_20220820,묵리459,1.0,평가 대상 아님,,,가맹점이 30개에 이른 적이 없어(최대 1개) 성장률·종료율이 잡음에 좌우되므로 평가하지 않습니다.,2024
BRD_20220833,꽃낙지,1.0,평가 대상 아님,,,가맹점이 30개에 이른 적이 없어(최대 1개) 성장률·종료율이 잡음에 좌우되므로 평가하지 않습니다.,2024
BRD_20220840,더브라질,1.0,평가 대상 아님,,,가맹점이 30개에 이른 적이 없어(최대 1개) 성장률·종료율이 잡음에 좌우되므로 평가하지 않습니다.,2024
BRD_20220879,리앙크리스피롤,1.0,평가 대상 아님,,,가맹점이 30개에 이른 적이 없어(최대 1개) 성장률·종료율이 잡음에 좌우되므로 평가하지 않습니다.,2024
BRD_20220907,미미옥,1.0,평가 대상 아님,,,가맹점이 30개에 이른 적이 없어(최대 1개) 성장률·종료율이 잡음에 좌우되므로 평가하지 않습니다.,2024
BRD_20220910,르베지왕,1.0,평가 대상 아님,,,가맹점이 30개에 이른 적이 없어(최대 1개) 성장률·종료율이 잡음에 좌우되므로 평가하지 않습니다.,2024
BRD_20220962,피에스씨(PSC),1.0,평가 대상 아님,,,가맹점이 30개에 이른 적이 없어(최대 1개) 성장률·종료율이 잡음에 좌우되므로 평가하지 않습니다.,2024
BRD_20220991,고부기멕시칸그릴,1.0,평가 대상 아님,,,가맹점이 30개에 이른 적이 없어(최대 1개) 성장률·종료율이 잡음에 좌우되므로 평가하지 않습니다.,2024
BRD_20221005,카페 길우,1.0,평가 대상 아님,,,가맹점이 30개에 이른 적이 없어(최대 2개) 성장률·종료율이 잡음에 좌우되므로 평가하지 않습니다.,2024
BRD_20221068,코타커피(Cotta Coffee),1.0,평가 대상 아님,,,가맹점이 30개에 이른 적이 없어(최대 1개) 성장률·종료율이 잡음에 좌우되므로 평가하지 않습니다.,2024
BRD_20221071,독도복국1987,1.0,평가 대상 아님,,,가맹점이 30개에 이른 적이 없어(최대 4개) 성장률·종료율이 잡음에 좌우되므로 평가하지 않습니다.,2024
BRD_20221089,행루즈버거,1.0,평가 대상 아님,,,가맹점이 30개에 이른 적이 없어(최대 1개) 성장률·종료율이 잡음에 좌우되므로 평가하지 않습니다.,2024
BRD_20221106,팔곡밀면,1.0,평가 대상 아님,,,가맹점이 30개에 이른 적이 없어(최대 3개) 성장률·종료율이 잡음에 좌우되므로 평가하지 않습니다.,2024
BRD_20221110,보스턴커피(Boston Coffee),1.0,평가 대상 아님,,,가맹점이 30개에 이른 적이 없어(최대 2개) 성장률·종료율이 잡음에 좌우되므로 평가하지 않습니다.,2024
BRD_20221112,METCHA(맷차),1.0,평가 대상 아님,,,가맹점이 30개에 이른 적이 없어(최대 2개) 성장률·종료율이 잡음에 좌우되므로 평가하지 않습니다.,2024
BRD_20221132,갈매기타운,1.0,평가 대상 아님,,,가맹점이 30개에 이른 적이 없어(최대 3개) 성장률·종료율이 잡음에 좌우되므로 평가하지 않습니다.,2024
BRD_20221139,옷살,1.0,평가 대상 아님,,,가맹점이 30개에 이른 적이 없어(최대 1개) 성장률·종료율이 잡음에 좌우되므로 평가하지 않습니다.,2024
BRD_20221150,술인당,1.0,평가 대상 아님,,,가맹점이 30개에 이른 적이 없어(최대 1개) 성장률·종료율이 잡음에 좌우되므로 평가하지 않습니다.,2024
BRD_20221204,범골강식가마솥추어탕,1.0,평가 대상 아님,,,가맹점이 30개에 이른 적이 없어(최대 1개) 성장률·종료율이 잡음에 좌우되므로 평가하지 않습니다.,2024
BRD_20221210,부자곱,1.0,평가 대상 아님,,,가맹점이 30개에 이른 적이 없어(최대 1개) 성장률·종료율이 잡음에 좌우되므로 평가하지 않습니다.,2024
BRD_20221215,까사피에스타,1.0,평가 대상 아님,,,가맹점이 30개에 이른 적이 없어(최대 1개) 성장률·종료율이 잡음에 좌우되므로 평가하지 않습니다.,2024
BRD_20221264,끄티,1.0,평가 대상 아님,,,가맹점이 30개에 이른 적이 없어(최대 1개) 성장률·종료율이 잡음에 좌우되므로 평가하지 않습니다.,2024
BRD_20221285,마초장어,1.0,평가 대상 아님,,,가맹점이 30개에 이른 적이 없어(최대 1개) 성장률·종료율이 잡음에 좌우되므로 평가하지 않습니다.,2024
BRD_20221311,곱마담,1.0,평가 대상 아님,,,가맹점이 30개에 이른 적이 없어(최대 1개) 성장률·종료율이 잡음에 좌우되므로 평가하지 않습니다.,2024
BRD_20221372,원닭강정,1.0,평가 대상 아님,,,가맹점이 30개에 이른 적이 없어(최대 1개) 성장률·종료율이 잡음에 좌우되므로 평가하지 않습니다.,2024
BRD_20221454,탕화방마라탕,1.0,평가 대상 아님,,,가맹점이 30개에 이른 적이 없어(최대 1개) 성장률·종료율이 잡음에 좌우되므로 평가하지 않습니다.,2024
BRD_20221472,오들리샷,1.0,평가 대상 아님,,,가맹점이 30개에 이른 적이 없어(최대 1개) 성장률·종료율이 잡음에 좌우되므로 평가하지 않습니다.,2024
BRD_20230101,해물명가,1.0,평가 대상 아님,,,가맹점이 30개에 이른 적이 없어(최대 1개) 성장률·종료율이 잡음에 좌우되므로 평가하지 않습니다.,2024
BRD_20230175,스위트1225,1.0,평가 대상 아님,,,가맹점이 30개에 이른 적이 없어(최대 4개) 성장률·종료율이 잡음에 좌우되므로 평가하지 않습니다.,2024
BRD_20230185,지푸라기동태한마리,1.0,평가 대상 아님,,,가맹점이 30개에 이른 적이 없어(최대 1개) 성장률·종료율이 잡음에 좌우되므로 평가하지 않습니다.,2024
BRD_20230218,1847,1.0,평가 대상 아님,,,가맹점이 30개에 이른 적이 없어(최대 1개) 성장률·종료율이 잡음에 좌우되므로 평가하지 않습니다.,2024
BRD_20230230,아쿠아가든 (AQUAGARDEN),1.0,평가 대상 아님,,,가맹점이 30개에 이른 적이 없어(최대 1개) 성장률·종료율이 잡음에 좌우되므로 평가하지 않습니다.,2024
BRD_20230235,뤠스토랑 파스타,1.0,평가 대상 아님,,,가맹점이 30개에 이른 적이 없어(최대 1개) 성장률·종료율이 잡음에 좌우되므로 평가하지 않습니다.,2024
BRD_20230240,모든코피,1.0,평가 대상 아님,,,가맹점이 30개에 이른 적이 없어(최대 1개) 성장률·종료율이 잡음에 좌우되므로 평가하지 않습니다.,2024
BRD_20230278,요리야김밥,1.0,평가 대상 아님,,,가맹점이 30개에 이른 적이 없어(최대 1개) 성장률·종료율이 잡음에 좌우되므로 평가하지 않습니다.,2024
BRD_20230283,조박사 소머리국밥,1.0,평가 대상 아님,,,가맹점이 30개에 이른 적이 없어(최대 2개) 성장률·종료율이 잡음에 좌우되므로 평가하지 않습니다.,2024
BRD_20230285,몽롱주점,1.0,평가 대상 아님,,,가맹점이 30개에 이른 적이 없어(최대 1개) 성장률·종료율이 잡음에 좌우되므로 평가하지 않습니다.,2024
BRD_20230302,오늘의회전초밥 오회초,1.0,평가 대상 아님,,,가맹점이 30개에 이른 적이 없어(최대 1개) 성장률·종료율이 잡음에 좌우되므로 평가하지 않습니다.,2024
BRD_20230326,효은옥,1.0,평가 대상 아님,,,가맹점이 30개에 이른 적이 없어(최대 1개) 성장률·종료율이 잡음에 좌우되므로 평가하지 않습니다.,2024
BRD_20230407,상상초벌,1.0,평가 대상 아님,,,가맹점이 30개에 이른 적이 없어(최대 1개) 성장률·종료율이 잡음에 좌우되므로 평가하지 않습니다.,2024
BRD_20230409,포레스트아웃팅스,1.0,평가 대상 아님,,,가맹점이 30개에 이른 적이 없어(최대 1개) 성장률·종료율이 잡음에 좌우되므로 평가하지 않습니다.,2024
BRD_20230454,앨리스도넛,1.0,평가 대상 아님,,,가맹점이 30개에 이른 적이 없어(최대 1개) 성장률·종료율이 잡음에 좌우되므로 평가하지 않습니다.,2024
BRD_20230478,신촌깻잎떡볶이,1.0,평가 대상 아님,,,가맹점이 30개에 이른 적이 없어(최대 1개) 성장률·종료율이 잡음에 좌우되므로 평가하지 않습니다.,2024
BRD_20230503,가마솥품은치킨,1.0,평가 대상 아님,,,가맹점이 30개에 이른 적이 없어(최대 1개) 성장률·종료율이 잡음에 좌우되므로 평가하지 않습니다.,2024
BRD_20230602,오늘은 냉면&덮밥,1.0,평가 대상 아님,,,가맹점이 30개에 이른 적이 없어(최대 3개) 성장률·종료율이 잡음에 좌우되므로 평가하지 않습니다.,2024
BRD_20230637,피자미남,1.0,평가 대상 아님,,,가맹점이 30개에 이른 적이 없어(최대 1개) 성장률·종료율이 잡음에 좌우되므로 평가하지 않습니다.,2024
BRD_20230646,퍼부어,1.0,평가 대상 아님,,,가맹점이 30개에 이른 적이 없어(최대 2개) 성장률·종료율이 잡음에 좌우되므로 평가하지 않습니다.,2024
BRD_20230666,삼해진미동해왕코다리,1.0,평가 대상 아님,,,가맹점이 30개에 이른 적이 없어(최대 1개) 성장률·종료율이 잡음에 좌우되므로 평가하지 않습니다.,2024
BRD_20230702,물총삼원칼국수,1.0,평가 대상 아님,,,가맹점이 30개에 이른 적이 없어(최대 4개) 성장률·종료율이 잡음에 좌우되므로 평가하지 않습니다.,2024
BRD_20230721,고향옥뼈해장국,1.0,평가 대상 아님,,,가맹점이 30개에 이른 적이 없어(최대 1개) 성장률·종료율이 잡음에 좌우되므로 평가하지 않습니다.,2024
BRD_20230728,베이직프라이드치킨,1.0,평가 대상 아님,,,가맹점이 30개에 이른 적이 없어(최대 1개) 성장률·종료율이 잡음에 좌우되므로 평가하지 않습니다.,2024
BRD_20230756,어묵버거어묵피자,1.0,평가 대상 아님,,,가맹점이 30개에 이른 적이 없어(최대 1개) 성장률·종료율이 잡음에 좌우되므로 평가하지 않습니다.,2024
BRD_20230771,한라면옥,1.0,평가 대상 아님,,,가맹점이 30개에 이른 적이 없어(최대 1개) 성장률·종료율이 잡음에 좌우되므로 평가하지 않습니다.,2024
BRD_20230789,올드타운,1.0,평가 대상 아님,,,가맹점이 30개에 이른 적이 없어(최대 1개) 성장률·종료율이 잡음에 좌우되므로 평가하지 않습니다.,2024
BRD_20230858,막잔,1.0,평가 대상 아님,,,가맹점이 30개에 이른 적이 없어(최대 1개) 성장률·종료율이 잡음에 좌우되므로 평가하지 않습니다.,2024
BRD_20230878,풍년화로,1.0,평가 대상 아님,,,가맹점이 30개에 이른 적이 없어(최대 1개) 성장률·종료율이 잡음에 좌우되므로 평가하지 않습니다.,2024
BRD_20230895,원무삼,1.0,평가 대상 아님,,,가맹점이 30개에 이른 적이 없어(최대 2개) 성장률·종료율이 잡음에 좌우되므로 평가하지 않습니다.,2024
BRD_20230897,아구찜으로승부,1.0,평가 대상 아님,,,가맹점이 30개에 이른 적이 없어(최대 1개) 성장률·종료율이 잡음에 좌우되므로 평가하지 않습니다.,2024
BRD_20230923,신묘한곱도리식당,1.0,평가 대상 아님,,,가맹점이 30개에 이른 적이 없어(최대 1개) 성장률·종료율이 잡음에 좌우되므로 평가하지 않습니다.,2024
BRD_20230925,정우도누,1.0,평가 대상 아님,,,가맹점이 30개에 이른 적이 없어(최대 1개) 성장률·종료율이 잡음에 좌우되므로 평가하지 않습니다.,2024
BRD_20230960,오시(oshi),1.0,평가 대상 아님,,,가맹점이 30개에 이른 적이 없어(최대 1개) 성장률·종료율이 잡음에 좌우되므로 평가하지 않습니다.,2024
BRD_20230982,902탭하우스 피자&치킨,1.0,평가 대상 아님,,,가맹점이 30개에 이른 적이 없어(최대 1개) 성장률·종료율이 잡음에 좌우되므로 평가하지 않습니다.,2024
BRD_20231034,치킨이즈백,1.0,평가 대상 아님,,,가맹점이 30개에 이른 적이 없어(최대 1개) 성장률·종료율이 잡음에 좌우되므로 평가하지 않습니다.,2024
BRD_20231051,다수제 떡볶이,1.0,평가 대상 아님,,,가맹점이 30개에 이른 적이 없어(최대 1개) 성장률·종료율이 잡음에 좌우되므로 평가하지 않습니다.,2024
BRD_20231052,맨리스커세권,1.0,평가 대상 아님,,,가맹점이 30개에 이른 적이 없어(최대 1개) 성장률·종료율이 잡음에 좌우되므로 평가하지 않습니다.,2024
BRD_20231054,노스티,1.0,평가 대상 아님,,,가맹점이 30개에 이른 적이 없어(최대 1개) 성장률·종료율이 잡음에 좌우되므로 평가하지 않습니다.,2024
BRD_20231070,오픈커피,1.0,평가 대상 아님,,,가맹점이 30개에 이른 적이 없어(최대 1개) 성장률·종료율이 잡음에 좌우되므로 평가하지 않습니다.,2024
BRD_20231139|JNG_015677,더와플스,1.0,평가 대상 아님,,,가맹점이 30개에 이른 적이 없어(최대 1개) 성장률·종료율이 잡음에 좌우되므로 평가하지 않습니다.,2024
BRD_20231152,명품육회,1.0,평가 대상 아님,,,가맹점이 30개에 이른 적이 없어(최대 1개) 성장률·종료율이 잡음에 좌우되므로 평가하지 않습니다.,2024
BRD_20231162,둥지타코엔커피,1.0,평가 대상 아님,,,가맹점이 30개에 이른 적이 없어(최대 1개) 성장률·종료율이 잡음에 좌우되므로 평가하지 않습니다.,2024
BRD_20231173,운수돈,1.0,평가 대상 아님,,,가맹점이 30개에 이른 적이 없어(최대 2개) 성장률·종료율이 잡음에 좌우되므로 평가하지 않습니다.,2024
BRD_20231186,백운메밀,1.0,평가 대상 아님,,,가맹점이 30개에 이른 적이 없어(최대 1개) 성장률·종료율이 잡음에 좌우되므로 평가하지 않습니다.,2024
BRD_20231204,뚜스뚜스(TOUS TOUS),1.0,평가 대상 아님,,,가맹점이 30개에 이른 적이 없어(최대 1개) 성장률·종료율이 잡음에 좌우되므로 평가하지 않습니다.,2024
BRD_20231221,홍자씨샌드위치,1.0,평가 대상 아님,,,가맹점이 30개에 이른 적이 없어(최대 1개) 성장률·종료율이 잡음에 좌우되므로 평가하지 않습니다.,2024
BRD_20231237,완판도,1.0,평가 대상 아님,,,가맹점이 30개에 이른 적이 없어(최대 6개) 성장률·종료율이 잡음에 좌우되므로 평가하지 않습니다.,2024
BRD_20231242,어나더도넛,1.0,평가 대상 아님,,,가맹점이 30개에 이른 적이 없어(최대 1개) 성장률·종료율이 잡음에 좌우되므로 평가하지 않습니다.,2024
BRD_20231243,징관청훠궈,1.0,평가 대상 아님,,,가맹점이 30개에 이른 적이 없어(최대 1개) 성장률·종료율이 잡음에 좌우되므로 평가하지 않습니다.,2024
BRD_20231246,유박사곱창,1.0,평가 대상 아님,,,가맹점이 30개에 이른 적이 없어(최대 1개) 성장률·종료율이 잡음에 좌우되므로 평가하지 않습니다.,2024
BRD_20231266,심재,1.0,평가 대상 아님,,,가맹점이 30개에 이른 적이 없어(최대 1개) 성장률·종료율이 잡음에 좌우되므로 평가하지 않습니다.,2024
BRD_20231273,위라이스(we rice),1.0,평가 대상 아님,,,가맹점이 30개에 이른 적이 없어(최대 1개) 성장률·종료율이 잡음에 좌우되므로 평가하지 않습니다.,2024
BRD_20231292,또근이찜닭,1.0,평가 대상 아님,,,가맹점이 30개에 이른 적이 없어(최대 1개) 성장률·종료율이 잡음에 좌우되므로 평가하지 않습니다.,2024
BRD_20231297,고향밀면,1.0,평가 대상 아님,,,가맹점이 30개에 이른 적이 없어(최대 1개) 성장률·종료율이 잡음에 좌우되므로 평가하지 않습니다.,2024
BRD_20231314,윤쉐프 정직한제빵소,1.0,평가 대상 아님,,,가맹점이 30개에 이른 적이 없어(최대 2개) 성장률·종료율이 잡음에 좌우되므로 평가하지 않습니다.,2024
BRD_20231336,튀잉,1.0,평가 대상 아님,,,가맹점이 30개에 이른 적이 없어(최대 2개) 성장률·종료율이 잡음에 좌우되므로 평가하지 않습니다.,2024
BRD_20231391,크라프커피(Kraff COFFEE),1.0,평가 대상 아님,,,가맹점이 30개에 이른 적이 없어(최대 1개) 성장률·종료율이 잡음에 좌우되므로 평가하지 않습니다.,2024
BRD_20231401,곰바람옛날찐빵,1.0,평가 대상 아님,,,가맹점이 30개에 이른 적이 없어(최대 1개) 성장률·종료율이 잡음에 좌우되므로 평가하지 않습니다.,2024
BRD_20231424,먹뱅이한우,1.0,평가 대상 아님,,,가맹점이 30개에 이른 적이 없어(최대 1개) 성장률·종료율이 잡음에 좌우되므로 평가하지 않습니다.,2024
BRD_20231426,원앤식스커피,1.0,평가 대상 아님,,,가맹점이 30개에 이른 적이 없어(최대 1개) 성장률·종료율이 잡음에 좌우되므로 평가하지 않습니다.,2024
BRD_20231428,인정쭈꾸미,1.0,평가 대상 아님,,,가맹점이 30개에 이른 적이 없어(최대 1개) 성장률·종료율이 잡음에 좌우되므로 평가하지 않습니다.,2024
BRD_20231497,뒷골목돗갈비,1.0,평가 대상 아님,,,가맹점이 30개에 이른 적이 없어(최대 1개) 성장률·종료율이 잡음에 좌우되므로 평가하지 않습니다.,2024
BRD_20231501,필동함박,1.0,평가 대상 아님,,,가맹점이 30개에 이른 적이 없어(최대 1개) 성장률·종료율이 잡음에 좌우되므로 평가하지 않습니다.,2024
BRD_20231527,터치바이커피(TOUCH BY COFFEE),1.0,평가 대상 아님,,,가맹점이 30개에 이른 적이 없어(최대 1개) 성장률·종료율이 잡음에 좌우되므로 평가하지 않습니다.,2024
BRD_20231531,밀라플라,1.0,평가 대상 아님,,,가맹점이 30개에 이른 적이 없어(최대 1개) 성장률·종료율이 잡음에 좌우되므로 평가하지 않습니다.,2024
BRD_20231567,광복경양식,1.0,평가 대상 아님,,,가맹점이 30개에 이른 적이 없어(최대 1개) 성장률·종료율이 잡음에 좌우되므로 평가하지 않습니다.,2024
BRD_20231579,원정숯불닭바베큐,1.0,평가 대상 아님,,,가맹점이 30개에 이른 적이 없어(최대 1개) 성장률·종료율이 잡음에 좌우되므로 평가하지 않습니다.,2024
BRD_20231589,꼭대기연탄,1.0,평가 대상 아님,,,가맹점이 30개에 이른 적이 없어(최대 1개) 성장률·종료율이 잡음에 좌우되므로 평가하지 않습니다.,2024
BRD_20231631,뼈다구집 정해장,1.0,평가 대상 아님,,,가맹점이 30개에 이른 적이 없어(최대 1개) 성장률·종료율이 잡음에 좌우되므로 평가하지 않습니다.,2024
BRD_20231655,미미사천마라탕,1.0,평가 대상 아님,,,가맹점이 30개에 이른 적이 없어(최대 1개) 성장률·종료율이 잡음에 좌우되므로 평가하지 않습니다.,2024
BRD_20231658,실내포차 또만나,1.0,평가 대상 아님,,,가맹점이 30개에 이른 적이 없어(최대 1개) 성장률·종료율이 잡음에 좌우되므로 평가하지 않습니다.,2024
BRD_20231701,삐딱,1.0,평가 대상 아님,,,가맹점이 30개에 이른 적이 없어(최대 1개) 성장률·종료율이 잡음에 좌우되므로 평가하지 않습니다.,2024
BRD_20231717,오뎅또 오지상,1.0,평가 대상 아님,,,가맹점이 30개에 이른 적이 없어(최대 1개) 성장률·종료율이 잡음에 좌우되므로 평가하지 않습니다.,2024
BRD_20231731,요이벤스프카레,1.0,평가 대상 아님,,,가맹점이 30개에 이른 적이 없어(최대 1개) 성장률·종료율이 잡음에 좌우되므로 평가하지 않습니다.,2024
BRD_20231742,소각,1.0,평가 대상 아님,,,가맹점이 30개에 이른 적이 없어(최대 1개) 성장률·종료율이 잡음에 좌우되므로 평가하지 않습니다.,2024
BRD_20231748,카페비엔나(Cafe Vienna),1.0,평가 대상 아님,,,가맹점이 30개에 이른 적이 없어(최대 1개) 성장률·종료율이 잡음에 좌우되므로 평가하지 않습니다.,2024
BRD_20231753,더치즈샵,1.0,평가 대상 아님,,,가맹점이 30개에 이른 적이 없어(최대 2개) 성장률·종료율이 잡음에 좌우되므로 평가하지 않습니다.,2024
BRD_20231803,미소본가스마일칼국수,1.0,평가 대상 아님,,,가맹점이 30개에 이른 적이 없어(최대 1개) 성장률·종료율이 잡음에 좌우되므로 평가하지 않습니다.,2024
BRD_20231804,소년회관,1.0,평가 대상 아님,,,가맹점이 30개에 이른 적이 없어(최대 1개) 성장률·종료율이 잡음에 좌우되므로 평가하지 않습니다.,2024
BRD_20231809,머무를 정 세이로무시,1.0,평가 대상 아님,,,가맹점이 30개에 이른 적이 없어(최대 1개) 성장률·종료율이 잡음에 좌우되므로 평가하지 않습니다.,2024
BRD_20231817,피크니크,1.0,평가 대상 아님,,,가맹점이 30개에 이른 적이 없어(최대 1개) 성장률·종료율이 잡음에 좌우되므로 평가하지 않습니다.,2024
BRD_20231820,비엔스(BIENS),1.0,평가 대상 아님,,,가맹점이 30개에 이른 적이 없어(최대 1개) 성장률·종료율이 잡음에 좌우되므로 평가하지 않습니다.,2024
BRD_20231877,범골,1.0,평가 대상 아님,,,가맹점이 30개에 이른 적이 없어(최대 1개) 성장률·종료율이 잡음에 좌우되므로 평가하지 않습니다.,2024
BRD_20231888,제일콩국,1.0,평가 대상 아님,,,가맹점이 30개에 이른 적이 없어(최대 1개) 성장률·종료율이 잡음에 좌우되므로 평가하지 않습니다.,2024
BRD_20231894,츄로's Coffee&Ice cream,1.0,평가 대상 아님,,,가맹점이 30개에 이른 적이 없어(최대 1개) 성장률·종료율이 잡음에 좌우되므로 평가하지 않습니다.,2024
BRD_20231901,하이빙수,1.0,평가 대상 아님,,,가맹점이 30개에 이른 적이 없어(최대 1개) 성장률·종료율이 잡음에 좌우되므로 평가하지 않습니다.,2024
BRD_20240012,쓰촨두보마라탕,1.0,평가 대상 아님,,,가맹점이 30개에 이른 적이 없어(최대 1개) 성장률·종료율이 잡음에 좌우되므로 평가하지 않습니다.,2024
BRD_20240021,청해신작살아구해물찜,1.0,평가 대상 아님,,,가맹점이 30개에 이른 적이 없어(최대 1개) 성장률·종료율이 잡음에 좌우되므로 평가하지 않습니다.,2024
BRD_20240029,한우단골집1981,1.0,평가 대상 아님,,,가맹점이 30개에 이른 적이 없어(최대 1개) 성장률·종료율이 잡음에 좌우되므로 평가하지 않습니다.,2024
BRD_20240030,미수국밥,1.0,평가 대상 아님,,,가맹점이 30개에 이른 적이 없어(최대 1개) 성장률·종료율이 잡음에 좌우되므로 평가하지 않습니다.,2024
BRD_20240040|JNG_016444,산장웅계,1.0,평가 대상 아님,,,가맹점이 30개에 이른 적이 없어(최대 1개) 성장률·종료율이 잡음에 좌우되므로 평가하지 않습니다.,2024
BRD_20240070,버거피아,1.0,평가 대상 아님,,,가맹점이 30개에 이른 적이 없어(최대 2개) 성장률·종료율이 잡음에 좌우되므로 평가하지 않습니다.,2024
BRD_20240084|JNG_016690,판교돈,1.0,평가 대상 아님,,,가맹점이 30개에 이른 적이 없어(최대 1개) 성장률·종료율이 잡음에 좌우되므로 평가하지 않습니다.,2024
BRD_20240099,명태본가,1.0,평가 대상 아님,,,가맹점이 30개에 이른 적이 없어(최대 1개) 성장률·종료율이 잡음에 좌우되므로 평가하지 않습니다.,2024
BRD_20240111,할미옥,1.0,평가 대상 아님,,,가맹점이 30개에 이른 적이 없어(최대 1개) 성장률·종료율이 잡음에 좌우되므로 평가하지 않습니다.,2024
BRD_20240121,정담오리,1.0,평가 대상 아님,,,가맹점이 30개에 이른 적이 없어(최대 1개) 성장률·종료율이 잡음에 좌우되므로 평가하지 않습니다.,2024
BRD_20240124,호랑이장칼국수,1.0,평가 대상 아님,,,가맹점이 30개에 이른 적이 없어(최대 1개) 성장률·종료율이 잡음에 좌우되므로 평가하지 않습니다.,2024
BRD_20240152|JNG_006331,공짜당커피,1.0,평가 대상 아님,,,가맹점이 30개에 이른 적이 없어(최대 1개) 성장률·종료율이 잡음에 좌우되므로 평가하지 않습니다.,2024
BRD_20240202|JNG_016473,남천1번국밥,1.0,평가 대상 아님,,,가맹점이 30개에 이른 적이 없어(최대 1개) 성장률·종료율이 잡음에 좌우되므로 평가하지 않습니다.,2024
BRD_20240205,커슐랭,1.0,평가 대상 아님,,,가맹점이 30개에 이른 적이 없어(최대 2개) 성장률·종료율이 잡음에 좌우되므로 평가하지 않습니다.,2024
BRD_20240218,한양양곱창 래래정 1992,1.0,평가 대상 아님,,,가맹점이 30개에 이른 적이 없어(최대 1개) 성장률·종료율이 잡음에 좌우되므로 평가하지 않습니다.,2024
BRD_20240220|JNG_016854,제주 바닷골,1.0,평가 대상 아님,,,가맹점이 30개에 이른 적이 없어(최대 1개) 성장률·종료율이 잡음에 좌우되므로 평가하지 않습니다.,2024
BRD_20240289,육공간,1.0,평가 대상 아님,,,가맹점이 30개에 이른 적이 없어(최대 1개) 성장률·종료율이 잡음에 좌우되므로 평가하지 않습니다.,2024
BRD_20240312|JNG_016954,카와우소(カワウソ),1.0,평가 대상 아님,,,가맹점이 30개에 이른 적이 없어(최대 1개) 성장률·종료율이 잡음에 좌우되므로 평가하지 않습니다.,2024
BRD_20240320,먹심,1.0,평가 대상 아님,,,가맹점이 30개에 이른 적이 없어(최대 1개) 성장률·종료율이 잡음에 좌우되므로 평가하지 않습니다.,2024
BRD_20240337,버기즈,1.0,평가 대상 아님,,,가맹점이 30개에 이른 적이 없어(최대 1개) 성장률·종료율이 잡음에 좌우되므로 평가하지 않습니다.,2024
BRD_20240338,다리집,1.0,평가 대상 아님,,,가맹점이 30개에 이른 적이 없어(최대 1개) 성장률·종료율이 잡음에 좌우되므로 평가하지 않습니다.,2024
BRD_20240352|JNG_016537,고정점,1.0,평가 대상 아님,,,가맹점이 30개에 이른 적이 없어(최대 1개) 성장률·종료율이 잡음에 좌우되므로 평가하지 않습니다.,2024
BRD_20240356|JNG_017006,외암파전집,1.0,평가 대상 아님,,,가맹점이 30개에 이른 적이 없어(최대 1개) 성장률·종료율이 잡음에 좌우되므로 평가하지 않습니다.,2024
BRD_20240369,두시커피,1.0,평가 대상 아님,,,가맹점이 30개에 이른 적이 없어(최대 1개) 성장률·종료율이 잡음에 좌우되므로 평가하지 않습니다.,2024
BRD_20240379,모시보드레,1.0,평가 대상 아님,,,가맹점이 30개에 이른 적이 없어(최대 1개) 성장률·종료율이 잡음에 좌우되므로 평가하지 않습니다.,2024
BRD_20240391,썸타는치킨찜닭,1.0,평가 대상 아님,,,가맹점이 30개에 이른 적이 없어(최대 1개) 성장률·종료율이 잡음에 좌우되므로 평가하지 않습니다.,2024
BRD_20240393,오도우(ODOU),1.0,평가 대상 아님,,,가맹점이 30개에 이른 적이 없어(최대 1개) 성장률·종료율이 잡음에 좌우되므로 평가하지 않습니다.,2024
BRD_20240397,소소집,1.0,평가 대상 아님,,,가맹점이 30개에 이른 적이 없어(최대 1개) 성장률·종료율이 잡음에 좌우되므로 평가하지 않습니다.,2024
BRD_20240399,용불금닭,1.0,평가 대상 아님,,,가맹점이 30개에 이른 적이 없어(최대 1개) 성장률·종료율이 잡음에 좌우되므로 평가하지 않습니다.,2024
BRD_20240400,금수저,1.0,평가 대상 아님,,,가맹점이 30개에 이른 적이 없어(최대 1개) 성장률·종료율이 잡음에 좌우되므로 평가하지 않습니다.,2024
BRD_20240401,솥이랑 감자탕,1.0,평가 대상 아님,,,가맹점이 30개에 이른 적이 없어(최대 1개) 성장률·종료율이 잡음에 좌우되므로 평가하지 않습니다.,2024
BRD_20240402,만소당,1.0,평가 대상 아님,,,가맹점이 30개에 이른 적이 없어(최대 1개) 성장률·종료율이 잡음에 좌우되므로 평가하지 않습니다.,2024
BRD_20240422,엘에이도그,1.0,평가 대상 아님,,,가맹점이 30개에 이른 적이 없어(최대 1개) 성장률·종료율이 잡음에 좌우되므로 평가하지 않습니다.,2024
BRD_20240433,더갈비,1.0,평가 대상 아님,,,가맹점이 30개에 이른 적이 없어(최대 1개) 성장률·종료율이 잡음에 좌우되므로 평가하지 않습니다.,2024
BRD_20240434,흥덕제과,1.0,평가 대상 아님,,,가맹점이 30개에 이른 적이 없어(최대 1개) 성장률·종료율이 잡음에 좌우되므로 평가하지 않습니다.,2024
BRD_20240444,오빈라멘,1.0,평가 대상 아님,,,가맹점이 30개에 이른 적이 없어(최대 2개) 성장률·종료율이 잡음에 좌우되므로 평가하지 않습니다.,2024
BRD_20240448,이티커피,1.0,평가 대상 아님,,,가맹점이 30개에 이른 적이 없어(최대 1개) 성장률·종료율이 잡음에 좌우되므로 평가하지 않습니다.,2024
BRD_20240458,더빛남,1.0,평가 대상 아님,,,가맹점이 30개에 이른 적이 없어(최대 1개) 성장률·종료율이 잡음에 좌우되므로 평가하지 않습니다.,2024
BRD_20240464,"그리던, 고기",1.0,평가 대상 아님,,,가맹점이 30개에 이른 적이 없어(최대 1개) 성장률·종료율이 잡음에 좌우되므로 평가하지 않습니다.,2024
BRD_20240474,하루솥밥,1.0,평가 대상 아님,,,가맹점이 30개에 이른 적이 없어(최대 1개) 성장률·종료율이 잡음에 좌우되므로 평가하지 않습니다.,2024
BRD_20240498,오공일,1.0,평가 대상 아님,,,가맹점이 30개에 이른 적이 없어(최대 1개) 성장률·종료율이 잡음에 좌우되므로 평가하지 않습니다.,2024
BRD_20240520,조선탕반,1.0,평가 대상 아님,,,가맹점이 30개에 이른 적이 없어(최대 1개) 성장률·종료율이 잡음에 좌우되므로 평가하지 않습니다.,2024
BRD_20240526,커피에 빠진 호두도둑,1.0,평가 대상 아님,,,가맹점이 30개에 이른 적이 없어(최대 1개) 성장률·종료율이 잡음에 좌우되므로 평가하지 않습니다.,2024
BRD_20240559,노디너리,1.0,평가 대상 아님,,,가맹점이 30개에 이른 적이 없어(최대 1개) 성장률·종료율이 잡음에 좌우되므로 평가하지 않습니다.,2024
BRD_20240562,본디,1.0,평가 대상 아님,,,가맹점이 30개에 이른 적이 없어(최대 1개) 성장률·종료율이 잡음에 좌우되므로 평가하지 않습니다.,2024
BRD_20240576,진할머니갈비국밥,1.0,평가 대상 아님,,,가맹점이 30개에 이른 적이 없어(최대 1개) 성장률·종료율이 잡음에 좌우되므로 평가하지 않습니다.,2024
BRD_20240594,인대구빙수,1.0,평가 대상 아님,,,가맹점이 30개에 이른 적이 없어(최대 1개) 성장률·종료율이 잡음에 좌우되므로 평가하지 않습니다.,2024
BRD_20240597,온선데이커피,1.0,평가 대상 아님,,,가맹점이 30개에 이른 적이 없어(최대 1개) 성장률·종료율이 잡음에 좌우되므로 평가하지 않습니다.,2024
BRD_20240610,굣간,1.0,평가 대상 아님,,,가맹점이 30개에 이른 적이 없어(최대 1개) 성장률·종료율이 잡음에 좌우되므로 평가하지 않습니다.,2024
BRD_20240614,몽촌닭갈비,1.0,평가 대상 아님,,,가맹점이 30개에 이른 적이 없어(최대 1개) 성장률·종료율이 잡음에 좌우되므로 평가하지 않습니다.,2024
BRD_20240637,육츠커피,1.0,평가 대상 아님,,,가맹점이 30개에 이른 적이 없어(최대 1개) 성장률·종료율이 잡음에 좌우되므로 평가하지 않습니다.,2024
BRD_20240654,캡틴루이(CAP'T LOUI),1.0,평가 대상 아님,,,가맹점이 30개에 이른 적이 없어(최대 1개) 성장률·종료율이 잡음에 좌우되므로 평가하지 않습니다.,2024
BRD_20240659,하입볼,1.0,평가 대상 아님,,,가맹점이 30개에 이른 적이 없어(최대 1개) 성장률·종료율이 잡음에 좌우되므로 평가하지 않습니다.,2024
BRD_20240662,아워킬리바,1.0,평가 대상 아님,,,가맹점이 30개에 이른 적이 없어(최대 1개) 성장률·종료율이 잡음에 좌우되므로 평가하지 않습니다.,2024
BRD_20240665,오초 오늘의초밥,1.0,평가 대상 아님,,,가맹점이 30개에 이른 적이 없어(최대 1개) 성장률·종료율이 잡음에 좌우되므로 평가하지 않습니다.,2024
BRD_20240667,포머이쌀국수,1.0,평가 대상 아님,,,가맹점이 30개에 이른 적이 없어(최대 1개) 성장률·종료율이 잡음에 좌우되므로 평가하지 않습니다.,2024
BRD_20240674,오름해장국,1.0,평가 대상 아님,,,가맹점이 30개에 이른 적이 없어(최대 1개) 성장률·종료율이 잡음에 좌우되므로 평가하지 않습니다.,2024
BRD_20240679,젠젠,1.0,평가 대상 아님,,,가맹점이 30개에 이른 적이 없어(최대 1개) 성장률·종료율이 잡음에 좌우되므로 평가하지 않습니다.,2024
BRD_20240683,400도씨 화덕피자&화덕샌드위치,1.0,평가 대상 아님,,,가맹점이 30개에 이른 적이 없어(최대 1개) 성장률·종료율이 잡음에 좌우되므로 평가하지 않습니다.,2024
BRD_20240684,종로 정진미통닭,1.0,평가 대상 아님,,,가맹점이 30개에 이른 적이 없어(최대 1개) 성장률·종료율이 잡음에 좌우되므로 평가하지 않습니다.,2024
BRD_20240696,물고기정육점,1.0,평가 대상 아님,,,가맹점이 30개에 이른 적이 없어(최대 1개) 성장률·종료율이 잡음에 좌우되므로 평가하지 않습니다.,2024
BRD_20240742,BB 커피,1.0,평가 대상 아님,,,가맹점이 30개에 이른 적이 없어(최대 1개) 성장률·종료율이 잡음에 좌우되므로 평가하지 않습니다.,2024
BRD_20240755,뉴요커피자,1.0,평가 대상 아님,,,가맹점이 30개에 이른 적이 없어(최대 1개) 성장률·종료율이 잡음에 좌우되므로 평가하지 않습니다.,2024
BRD_20240774,소바애&왕돈까스,1.0,평가 대상 아님,,,가맹점이 30개에 이른 적이 없어(최대 1개) 성장률·종료율이 잡음에 좌우되므로 평가하지 않습니다.,2024
BRD_20240803,샤부마스터,1.0,평가 대상 아님,,,가맹점이 30개에 이른 적이 없어(최대 1개) 성장률·종료율이 잡음에 좌우되므로 평가하지 않습니다.,2024
BRD_20240804,보들설곰탕,1.0,평가 대상 아님,,,가맹점이 30개에 이른 적이 없어(최대 1개) 성장률·종료율이 잡음에 좌우되므로 평가하지 않습니다.,2024
BRD_20240807,숙양화로,1.0,평가 대상 아님,,,가맹점이 30개에 이른 적이 없어(최대 1개) 성장률·종료율이 잡음에 좌우되므로 평가하지 않습니다.,2024
BRD_20240836,코다리감동이되다,1.0,평가 대상 아님,,,가맹점이 30개에 이른 적이 없어(최대 1개) 성장률·종료율이 잡음에 좌우되므로 평가하지 않습니다.,2024
BRD_20240847,K(케이)닥,1.0,평가 대상 아님,,,가맹점이 30개에 이른 적이 없어(최대 1개) 성장률·종료율이 잡음에 좌우되므로 평가하지 않습니다.,2024
BRD_20240864,카츠토랑,1.0,평가 대상 아님,,,가맹점이 30개에 이른 적이 없어(최대 1개) 성장률·종료율이 잡음에 좌우되므로 평가하지 않습니다.,2024
BRD_20240872,두란솥밥,1.0,평가 대상 아님,,,가맹점이 30개에 이른 적이 없어(최대 1개) 성장률·종료율이 잡음에 좌우되므로 평가하지 않습니다.,2024
BRD_20240876,포차플러팅,1.0,평가 대상 아님,,,가맹점이 30개에 이른 적이 없어(최대 1개) 성장률·종료율이 잡음에 좌우되므로 평가하지 않습니다.,2024
BRD_20240879,맨션5(MANSION5),1.0,평가 대상 아님,,,가맹점이 30개에 이른 적이 없어(최대 1개) 성장률·종료율이 잡음에 좌우되므로 평가하지 않습니다.,2024
BRD_20240880,문어물갈비,1.0,평가 대상 아님,,,가맹점이 30개에 이른 적이 없어(최대 1개) 성장률·종료율이 잡음에 좌우되므로 평가하지 않습니다.,2024
BRD_20240892,다래크리머리(DAREA CREAMERY),1.0,평가 대상 아님,,,가맹점이 30개에 이른 적이 없어(최대 1개) 성장률·종료율이 잡음에 좌우되므로 평가하지 않습니다.,2024
BRD_20240901,인사동곱돌쌍화차,1.0,평가 대상 아님,,,가맹점이 30개에 이른 적이 없어(최대 1개) 성장률·종료율이 잡음에 좌우되므로 평가하지 않습니다.,2024
BRD_20240904,학교종이땡땡땡,1.0,평가 대상 아님,,,가맹점이 30개에 이른 적이 없어(최대 1개) 성장률·종료율이 잡음에 좌우되므로 평가하지 않습니다.,2024
BRD_20240906,순토해송돌판닭찜,1.0,평가 대상 아님,,,가맹점이 30개에 이른 적이 없어(최대 1개) 성장률·종료율이 잡음에 좌우되므로 평가하지 않습니다.,2024
BRD_20240907,봉고기,1.0,평가 대상 아님,,,가맹점이 30개에 이른 적이 없어(최대 1개) 성장률·종료율이 잡음에 좌우되므로 평가하지 않습니다.,2024
BRD_20240911,88포장마차,1.0,평가 대상 아님,,,가맹점이 30개에 이른 적이 없어(최대 1개) 성장률·종료율이 잡음에 좌우되므로 평가하지 않습니다.,2024
BRD_20240926,왕밀면냉면,1.0,평가 대상 아님,,,가맹점이 30개에 이른 적이 없어(최대 1개) 성장률·종료율이 잡음에 좌우되므로 평가하지 않습니다.,2024
BRD_20240931,대포조개전골,1.0,평가 대상 아님,,,가맹점이 30개에 이른 적이 없어(최대 1개) 성장률·종료율이 잡음에 좌우되므로 평가하지 않습니다.,2024
BRD_20240936,SOS커피,1.0,평가 대상 아님,,,가맹점이 30개에 이른 적이 없어(최대 1개) 성장률·종료율이 잡음에 좌우되므로 평가하지 않습니다.,2024
BRD_20240952,맘트밀,1.0,평가 대상 아님,,,가맹점이 30개에 이른 적이 없어(최대 1개) 성장률·종료율이 잡음에 좌우되므로 평가하지 않습니다.,2024
BRD_20240957,돌솥돌판아구찜,1.0,평가 대상 아님,,,가맹점이 30개에 이른 적이 없어(최대 1개) 성장률·종료율이 잡음에 좌우되므로 평가하지 않습니다.,2024
BRD_20240967,바차(varchar),1.0,평가 대상 아님,,,가맹점이 30개에 이른 적이 없어(최대 1개) 성장률·종료율이 잡음에 좌우되므로 평가하지 않습니다.,2024
BRD_20240969,내인생최고의족발,1.0,평가 대상 아님,,,가맹점이 30개에 이른 적이 없어(최대 1개) 성장률·종료율이 잡음에 좌우되므로 평가하지 않습니다.,2024
BRD_20240972,아리랑 명품 추어탕,1.0,평가 대상 아님,,,가맹점이 30개에 이른 적이 없어(최대 1개) 성장률·종료율이 잡음에 좌우되므로 평가하지 않습니다.,2024
BRD_20240976,요모,1.0,평가 대상 아님,,,가맹점이 30개에 이른 적이 없어(최대 1개) 성장률·종료율이 잡음에 좌우되므로 평가하지 않습니다.,2024
BRD_20241019,핌피(PIMFY),1.0,평가 대상 아님,,,가맹점이 30개에 이른 적이 없어(최대 1개) 성장률·종료율이 잡음에 좌우되므로 평가하지 않습니다.,2024
BRD_20241022,치킨어때?,1.0,평가 대상 아님,,,가맹점이 30개에 이른 적이 없어(최대 1개) 성장률·종료율이 잡음에 좌우되므로 평가하지 않습니다.,2024
BRD_20241024,호미옥가,1.0,평가 대상 아님,,,가맹점이 30개에 이른 적이 없어(최대 1개) 성장률·종료율이 잡음에 좌우되므로 평가하지 않습니다.,2024
BRD_20241026,신짜오,1.0,평가 대상 아님,,,가맹점이 30개에 이른 적이 없어(최대 1개) 성장률·종료율이 잡음에 좌우되므로 평가하지 않습니다.,2024
BRD_20241030,미친짜글이,1.0,평가 대상 아님,,,가맹점이 30개에 이른 적이 없어(최대 1개) 성장률·종료율이 잡음에 좌우되므로 평가하지 않습니다.,2024
BRD_20241059,육식본부,1.0,평가 대상 아님,,,가맹점이 30개에 이른 적이 없어(최대 1개) 성장률·종료율이 잡음에 좌우되므로 평가하지 않습니다.,2024
BRD_20241078,구구팔팔일이삼사 보양식,1.0,평가 대상 아님,,,가맹점이 30개에 이른 적이 없어(최대 1개) 성장률·종료율이 잡음에 좌우되므로 평가하지 않습니다.,2024
BRD_20241109,리프버거,1.0,평가 대상 아님,,,가맹점이 30개에 이른 적이 없어(최대 1개) 성장률·종료율이 잡음에 좌우되므로 평가하지 않습니다.,2024
BRD_20241139,중화백반,1.0,평가 대상 아님,,,가맹점이 30개에 이른 적이 없어(최대 1개) 성장률·종료율이 잡음에 좌우되므로 평가하지 않습니다.,2024
BRD_20241146,파스타한끼,1.0,평가 대상 아님,,,가맹점이 30개에 이른 적이 없어(최대 1개) 성장률·종료율이 잡음에 좌우되므로 평가하지 않습니다.,2024
BRD_20241148,국민냉면,1.0,평가 대상 아님,,,가맹점이 30개에 이른 적이 없어(최대 1개) 성장률·종료율이 잡음에 좌우되므로 평가하지 않습니다.,2024
BRD_20241173,철판한상by한와담,1.0,평가 대상 아님,,,가맹점이 30개에 이른 적이 없어(최대 1개) 성장률·종료율이 잡음에 좌우되므로 평가하지 않습니다.,2024
BRD_20241174,통큰감자탕,1.0,평가 대상 아님,,,가맹점이 30개에 이른 적이 없어(최대 1개) 성장률·종료율이 잡음에 좌우되므로 평가하지 않습니다.,2024
BRD_20241176,지몽,1.0,평가 대상 아님,,,가맹점이 30개에 이른 적이 없어(최대 1개) 성장률·종료율이 잡음에 좌우되므로 평가하지 않습니다.,2024
BRD_20241179,코코마라,1.0,평가 대상 아님,,,가맹점이 30개에 이른 적이 없어(최대 1개) 성장률·종료율이 잡음에 좌우되므로 평가하지 않습니다.,2024
BRD_20241188,타펠룬데(TAFELRUNDE),1.0,평가 대상 아님,,,가맹점이 30개에 이른 적이 없어(최대 1개) 성장률·종료율이 잡음에 좌우되므로 평가하지 않습니다.,2024
BRD_20241197,사오베이커리,1.0,평가 대상 아님,,,가맹점이 30개에 이른 적이 없어(최대 1개) 성장률·종료율이 잡음에 좌우되므로 평가하지 않습니다.,2024
BRD_20241201,화붐신간짬뽕,1.0,평가 대상 아님,,,가맹점이 30개에 이른 적이 없어(최대 1개) 성장률·종료율이 잡음에 좌우되므로 평가하지 않습니다.,2024
BRD_20241214,일전쌍조,1.0,평가 대상 아님,,,가맹점이 30개에 이른 적이 없어(최대 1개) 성장률·종료율이 잡음에 좌우되므로 평가하지 않습니다.,2024
BRD_20241215,타코하라,1.0,평가 대상 아님,,,가맹점이 30개에 이른 적이 없어(최대 1개) 성장률·종료율이 잡음에 좌우되므로 평가하지 않습니다.,2024
BRD_20241219,맥주거품,1.0,평가 대상 아님,,,가맹점이 30개에 이른 적이 없어(최대 1개) 성장률·종료율이 잡음에 좌우되므로 평가하지 않습니다.,2024
BRD_20241222,진골짬뽕,1.0,평가 대상 아님,,,가맹점이 30개에 이른 적이 없어(최대 1개) 성장률·종료율이 잡음에 좌우되므로 평가하지 않습니다.,2024
BRD_20241237,칙토스,1.0,평가 대상 아님,,,가맹점이 30개에 이른 적이 없어(최대 1개) 성장률·종료율이 잡음에 좌우되므로 평가하지 않습니다.,2024
BRD_20241238,포유샐러드,1.0,평가 대상 아님,,,가맹점이 30개에 이른 적이 없어(최대 1개) 성장률·종료율이 잡음에 좌우되므로 평가하지 않습니다.,2024
BRD_20241242,양심장어,1.0,평가 대상 아님,,,가맹점이 30개에 이른 적이 없어(최대 1개) 성장률·종료율이 잡음에 좌우되므로 평가하지 않습니다.,2024
BRD_20241243,브루클린바이브,1.0,평가 대상 아님,,,가맹점이 30개에 이른 적이 없어(최대 1개) 성장률·종료율이 잡음에 좌우되므로 평가하지 않습니다.,2024
BRD_20241246,오테이블,1.0,평가 대상 아님,,,가맹점이 30개에 이른 적이 없어(최대 1개) 성장률·종료율이 잡음에 좌우되므로 평가하지 않습니다.,2024
BRD_20241269,양본가,1.0,평가 대상 아님,,,가맹점이 30개에 이른 적이 없어(최대 1개) 성장률·종료율이 잡음에 좌우되므로 평가하지 않습니다.,2024
BRD_20241271,천애부 히쇼우,1.0,평가 대상 아님,,,가맹점이 30개에 이른 적이 없어(최대 1개) 성장률·종료율이 잡음에 좌우되므로 평가하지 않습니다.,2024
BRD_20241272,문영순 달인족발,1.0,평가 대상 아님,,,가맹점이 30개에 이른 적이 없어(최대 1개) 성장률·종료율이 잡음에 좌우되므로 평가하지 않습니다.,2024
BRD_20241286,빙고래,1.0,평가 대상 아님,,,가맹점이 30개에 이른 적이 없어(최대 1개) 성장률·종료율이 잡음에 좌우되므로 평가하지 않습니다.,2024
BRD_20241296,소금창고,1.0,평가 대상 아님,,,가맹점이 30개에 이른 적이 없어(최대 1개) 성장률·종료율이 잡음에 좌우되므로 평가하지 않습니다.,2024
BRD_20241304,용맥호탁,1.0,평가 대상 아님,,,가맹점이 30개에 이른 적이 없어(최대 1개) 성장률·종료율이 잡음에 좌우되므로 평가하지 않습니다.,2024
BRD_20241314,오성급 제육천재,1.0,평가 대상 아님,,,가맹점이 30개에 이른 적이 없어(최대 1개) 성장률·종료율이 잡음에 좌우되므로 평가하지 않습니다.,2024
BRD_20241329,소바랑,1.0,평가 대상 아님,,,가맹점이 30개에 이른 적이 없어(최대 1개) 성장률·종료율이 잡음에 좌우되므로 평가하지 않습니다.,2024
BRD_20241364,연성갈비,1.0,평가 대상 아님,,,가맹점이 30개에 이른 적이 없어(최대 1개) 성장률·종료율이 잡음에 좌우되므로 평가하지 않습니다.,2024
BRD_20241380,남양가양꼬치,1.0,평가 대상 아님,,,가맹점이 30개에 이른 적이 없어(최대 1개) 성장률·종료율이 잡음에 좌우되므로 평가하지 않습니다.,2024
BRD_20241381,風下(풍하),1.0,평가 대상 아님,,,가맹점이 30개에 이른 적이 없어(최대 1개) 성장률·종료율이 잡음에 좌우되므로 평가하지 않습니다.,2024
BRD_20241388,주디마리,1.0,평가 대상 아님,,,가맹점이 30개에 이른 적이 없어(최대 1개) 성장률·종료율이 잡음에 좌우되므로 평가하지 않습니다.,2024
BRD_20241389,수목림,1.0,평가 대상 아님,,,가맹점이 30개에 이른 적이 없어(최대 1개) 성장률·종료율이 잡음에 좌우되므로 평가하지 않습니다.,2024
BRD_20241403,듬성,1.0,평가 대상 아님,,,가맹점이 30개에 이른 적이 없어(최대 1개) 성장률·종료율이 잡음에 좌우되므로 평가하지 않습니다.,2024
BRD_20241412,제면소의 하루,1.0,평가 대상 아님,,,가맹점이 30개에 이른 적이 없어(최대 1개) 성장률·종료율이 잡음에 좌우되므로 평가하지 않습니다.,2024
BRD_20241453,하루끼우동,1.0,평가 대상 아님,,,가맹점이 30개에 이른 적이 없어(최대 1개) 성장률·종료율이 잡음에 좌우되므로 평가하지 않습니다.,2024
BRD_20241465,스트릿팬케이크카페,1.0,평가 대상 아님,,,가맹점이 30개에 이른 적이 없어(최대 1개) 성장률·종료율이 잡음에 좌우되므로 평가하지 않습니다.,2024
BRD_20241471,체다페퍼,1.0,평가 대상 아님,,,가맹점이 30개에 이른 적이 없어(최대 1개) 성장률·종료율이 잡음에 좌우되므로 평가하지 않습니다.,2024
BRD_20241489,용산꼬마김밥,1.0,평가 대상 아님,,,가맹점이 30개에 이른 적이 없어(최대 1개) 성장률·종료율이 잡음에 좌우되므로 평가하지 않습니다.,2024
BRD_20241501,이찬이 떡볶이&꼬마김밥 분식포차,1.0,평가 대상 아님,,,가맹점이 30개에 이른 적이 없어(최대 1개) 성장률·종료율이 잡음에 좌우되므로 평가하지 않습니다.,2024
BRD_20241505,국가대표 고기집,1.0,평가 대상 아님,,,가맹점이 30개에 이른 적이 없어(최대 1개) 성장률·종료율이 잡음에 좌우되므로 평가하지 않습니다.,2024
BRD_20241508,계탄언니,1.0,평가 대상 아님,,,가맹점이 30개에 이른 적이 없어(최대 1개) 성장률·종료율이 잡음에 좌우되므로 평가하지 않습니다.,2024
BRD_20241512,인생칼국수,1.0,평가 대상 아님,,,가맹점이 30개에 이른 적이 없어(최대 1개) 성장률·종료율이 잡음에 좌우되므로 평가하지 않습니다.,2024
BRD_20241513,도하정,1.0,평가 대상 아님,,,가맹점이 30개에 이른 적이 없어(최대 1개) 성장률·종료율이 잡음에 좌우되므로 평가하지 않습니다.,2024
BRD_20241536,화육우소,1.0,평가 대상 아님,,,가맹점이 30개에 이른 적이 없어(최대 1개) 성장률·종료율이 잡음에 좌우되므로 평가하지 않습니다.,2024
BRD_20241542,타오타이랑,1.0,평가 대상 아님,,,가맹점이 30개에 이른 적이 없어(최대 1개) 성장률·종료율이 잡음에 좌우되므로 평가하지 않습니다.,2024
BRD_20241544,최고집김치찜,1.0,평가 대상 아님,,,가맹점이 30개에 이른 적이 없어(최대 1개) 성장률·종료율이 잡음에 좌우되므로 평가하지 않습니다.,2024
BRD_20241553,낫배드커피 (NOT BAD COFFEE),1.0,평가 대상 아님,,,가맹점이 30개에 이른 적이 없어(최대 1개) 성장률·종료율이 잡음에 좌우되므로 평가하지 않습니다.,2024
BRD_20241560,센슈,1.0,평가 대상 아님,,,가맹점이 30개에 이른 적이 없어(최대 1개) 성장률·종료율이 잡음에 좌우되므로 평가하지 않습니다.,2024
BRD_20241569,제주삼대국수,1.0,평가 대상 아님,,,가맹점이 30개에 이른 적이 없어(최대 1개) 성장률·종료율이 잡음에 좌우되므로 평가하지 않습니다.,2024
BRD_20241589,다연닭갈비,1.0,평가 대상 아님,,,가맹점이 30개에 이른 적이 없어(최대 1개) 성장률·종료율이 잡음에 좌우되므로 평가하지 않습니다.,2024
BRD_20241607,발산껍데기,1.0,평가 대상 아님,,,가맹점이 30개에 이른 적이 없어(최대 1개) 성장률·종료율이 잡음에 좌우되므로 평가하지 않습니다.,2024
BRD_20241609,홍단커피,1.0,평가 대상 아님,,,가맹점이 30개에 이른 적이 없어(최대 1개) 성장률·종료율이 잡음에 좌우되므로 평가하지 않습니다.,2024
BRD_20241614,우슴,1.0,평가 대상 아님,,,가맹점이 30개에 이른 적이 없어(최대 1개) 성장률·종료율이 잡음에 좌우되므로 평가하지 않습니다.,2024
BRD_20241623,단막,1.0,평가 대상 아님,,,가맹점이 30개에 이른 적이 없어(최대 1개) 성장률·종료율이 잡음에 좌우되므로 평가하지 않습니다.,2024
BRD_20241641,챔피언꽃게,1.0,평가 대상 아님,,,가맹점이 30개에 이른 적이 없어(최대 1개) 성장률·종료율이 잡음에 좌우되므로 평가하지 않습니다.,2024
BRD_20241644,와사비,1.0,평가 대상 아님,,,가맹점이 30개에 이른 적이 없어(최대 1개) 성장률·종료율이 잡음에 좌우되므로 평가하지 않습니다.,2024
BRD_20241651,야월당김치찜,1.0,평가 대상 아님,,,가맹점이 30개에 이른 적이 없어(최대 1개) 성장률·종료율이 잡음에 좌우되므로 평가하지 않습니다.,2024
BRD_20241654,송곡불냉면,1.0,평가 대상 아님,,,가맹점이 30개에 이른 적이 없어(최대 1개) 성장률·종료율이 잡음에 좌우되므로 평가하지 않습니다.,2024
BRD_20241698,로코스비비큐,1.0,평가 대상 아님,,,가맹점이 30개에 이른 적이 없어(최대 1개) 성장률·종료율이 잡음에 좌우되므로 평가하지 않습니다.,2024
BRD_20241728,교감막국수,1.0,평가 대상 아님,,,가맹점이 30개에 이른 적이 없어(최대 1개) 성장률·종료율이 잡음에 좌우되므로 평가하지 않습니다.,2024
BRD_20250015,딱돼지돼지갈비후라이드,1.0,평가 대상 아님,,,가맹점이 30개에 이른 적이 없어(최대 1개) 성장률·종료율이 잡음에 좌우되므로 평가하지 않습니다.,2024
BRD_20250079,당당한가,1.0,평가 대상 아님,,,가맹점이 30개에 이른 적이 없어(최대 1개) 성장률·종료율이 잡음에 좌우되므로 평가하지 않습니다.,2024
BRD_20250083,와식당,1.0,평가 대상 아님,,,가맹점이 30개에 이른 적이 없어(최대 1개) 성장률·종료율이 잡음에 좌우되므로 평가하지 않습니다.,2024
BRD_20250084,봉팔상점,1.0,평가 대상 아님,,,가맹점이 30개에 이른 적이 없어(최대 1개) 성장률·종료율이 잡음에 좌우되므로 평가하지 않습니다.,2024
BRD_20250092,하루우동,1.0,평가 대상 아님,,,가맹점이 30개에 이른 적이 없어(최대 1개) 성장률·종료율이 잡음에 좌우되므로 평가하지 않습니다.,2024
BRD_20250096,면멘미엔,1.0,평가 대상 아님,,,가맹점이 30개에 이른 적이 없어(최대 1개) 성장률·종료율이 잡음에 좌우되므로 평가하지 않습니다.,2024
BRD_20250122,유림면,1.0,평가 대상 아님,,,가맹점이 30개에 이른 적이 없어(최대 1개) 성장률·종료율이 잡음에 좌우되므로 평가하지 않습니다.,2024
BRD_20250123,국찌족발,1.0,평가 대상 아님,,,가맹점이 30개에 이른 적이 없어(최대 1개) 성장률·종료율이 잡음에 좌우되므로 평가하지 않습니다.,2024
BRD_20250142,싹싹김치찜,1.0,평가 대상 아님,,,가맹점이 30개에 이른 적이 없어(최대 1개) 성장률·종료율이 잡음에 좌우되므로 평가하지 않습니다.,2024
BRD_20250180,박대포 소갈비,1.0,평가 대상 아님,,,가맹점이 30개에 이른 적이 없어(최대 1개) 성장률·종료율이 잡음에 좌우되므로 평가하지 않습니다.,2024
BRD_20250230,카페안샐,1.0,평가 대상 아님,,,가맹점이 30개에 이른 적이 없어(최대 1개) 성장률·종료율이 잡음에 좌우되므로 평가하지 않습니다.,2024
BRD_20250270,서다원,1.0,평가 대상 아님,,,가맹점이 30개에 이른 적이 없어(최대 1개) 성장률·종료율이 잡음에 좌우되므로 평가하지 않습니다.,2024
BRD_20250298,우복금생갈비,1.0,평가 대상 아님,,,가맹점이 30개에 이른 적이 없어(최대 1개) 성장률·종료율이 잡음에 좌우되므로 평가하지 않습니다.,2024
BRD_20250325,솜솜카츠,1.0,평가 대상 아님,,,가맹점이 30개에 이른 적이 없어(최대 1개) 성장률·종료율이 잡음에 좌우되므로 평가하지 않습니다.,2024
BRD_20250352,첫점,1.0,평가 대상 아님,,,가맹점이 30개에 이른 적이 없어(최대 1개) 성장률·종료율이 잡음에 좌우되므로 평가하지 않습니다.,2024
BRD_20250358,쿠바LP,1.0,평가 대상 아님,,,가맹점이 30개에 이른 적이 없어(최대 1개) 성장률·종료율이 잡음에 좌우되므로 평가하지 않습니다.,2024
BRD_20250366,돌돼지314,1.0,평가 대상 아님,,,가맹점이 30개에 이른 적이 없어(최대 1개) 성장률·종료율이 잡음에 좌우되므로 평가하지 않습니다.,2024
BRD_20250385,타이요,1.0,평가 대상 아님,,,가맹점이 30개에 이른 적이 없어(최대 1개) 성장률·종료율이 잡음에 좌우되므로 평가하지 않습니다.,2024
BRD_20250412,갈비한짝,1.0,평가 대상 아님,,,가맹점이 30개에 이른 적이 없어(최대 1개) 성장률·종료율이 잡음에 좌우되므로 평가하지 않습니다.,2024
BRD_20250418,꼬꼬앤쿡,1.0,평가 대상 아님,,,가맹점이 30개에 이른 적이 없어(최대 1개) 성장률·종료율이 잡음에 좌우되므로 평가하지 않습니다.,2024
BRD_20250421,팻보이,1.0,평가 대상 아님,,,가맹점이 30개에 이른 적이 없어(최대 1개) 성장률·종료율이 잡음에 좌우되므로 평가하지 않습니다.,2024
BRD_20250430,아는맛김치찌개,1.0,평가 대상 아님,,,가맹점이 30개에 이른 적이 없어(최대 1개) 성장률·종료율이 잡음에 좌우되므로 평가하지 않습니다.,2024
BRD_20250438,더치디커피,1.0,평가 대상 아님,,,가맹점이 30개에 이른 적이 없어(최대 1개) 성장률·종료율이 잡음에 좌우되므로 평가하지 않습니다.,2024
BRD_20250465,도원반점,1.0,평가 대상 아님,,,가맹점이 30개에 이른 적이 없어(최대 1개) 성장률·종료율이 잡음에 좌우되므로 평가하지 않습니다.,2024
BRD_20250500,음주가:밀,1.0,평가 대상 아님,,,가맹점이 30개에 이른 적이 없어(최대 1개) 성장률·종료율이 잡음에 좌우되므로 평가하지 않습니다.,2024
BRD_20250562,할머니의부뚜막,1.0,평가 대상 아님,,,가맹점이 30개에 이른 적이 없어(최대 1개) 성장률·종료율이 잡음에 좌우되므로 평가하지 않습니다.,2024
BRD_20250581,초필살돼지구이,1.0,평가 대상 아님,,,가맹점이 30개에 이른 적이 없어(최대 1개) 성장률·종료율이 잡음에 좌우되므로 평가하지 않습니다.,2024
BRD_20250607,바른갈비찜,1.0,평가 대상 아님,,,가맹점이 30개에 이른 적이 없어(최대 1개) 성장률·종료율이 잡음에 좌우되므로 평가하지 않습니다.,2024
BRD_20250627,백프로 다리살로만 치킨,1.0,평가 대상 아님,,,가맹점이 30개에 이른 적이 없어(최대 1개) 성장률·종료율이 잡음에 좌우되므로 평가하지 않습니다.,2024
BRD_20250636,봄결,1.0,평가 대상 아님,,,가맹점이 30개에 이른 적이 없어(최대 1개) 성장률·종료율이 잡음에 좌우되므로 평가하지 않습니다.,2024
BRD_20250690,이집 고기 잘하네,1.0,평가 대상 아님,,,가맹점이 30개에 이른 적이 없어(최대 1개) 성장률·종료율이 잡음에 좌우되므로 평가하지 않습니다.,2024
BRD_20250692,카페공명,1.0,평가 대상 아님,,,가맹점이 30개에 이른 적이 없어(최대 1개) 성장률·종료율이 잡음에 좌우되므로 평가하지 않습니다.,2024
BRD_20250700,백양숯불갈비,1.0,평가 대상 아님,,,가맹점이 30개에 이른 적이 없어(최대 1개) 성장률·종료율이 잡음에 좌우되므로 평가하지 않습니다.,2024
BRD_20250749,디에그,1.0,평가 대상 아님,,,가맹점이 30개에 이른 적이 없어(최대 1개) 성장률·종료율이 잡음에 좌우되므로 평가하지 않습니다.,2024
BRD_20250754,순삭곱창,1.0,평가 대상 아님,,,가맹점이 30개에 이른 적이 없어(최대 1개) 성장률·종료율이 잡음에 좌우되므로 평가하지 않습니다.,2024
BRD_20250763,마르체사,1.0,평가 대상 아님,,,가맹점이 30개에 이른 적이 없어(최대 1개) 성장률·종료율이 잡음에 좌우되므로 평가하지 않습니다.,2024
BRD_20250791,김여주피자,1.0,평가 대상 아님,,,가맹점이 30개에 이른 적이 없어(최대 1개) 성장률·종료율이 잡음에 좌우되므로 평가하지 않습니다.,2024
BRD_20250797,기똥차게,1.0,평가 대상 아님,,,가맹점이 30개에 이른 적이 없어(최대 1개) 성장률·종료율이 잡음에 좌우되므로 평가하지 않습니다.,2024
BRD_20250804,써니스피자마켓,1.0,평가 대상 아님,,,가맹점이 30개에 이른 적이 없어(최대 1개) 성장률·종료율이 잡음에 좌우되므로 평가하지 않습니다.,2024
BRD_20250824,불티,1.0,평가 대상 아님,,,가맹점이 30개에 이른 적이 없어(최대 1개) 성장률·종료율이 잡음에 좌우되므로 평가하지 않습니다.,2024
BRD_20250843,홀리베어버거,1.0,평가 대상 아님,,,가맹점이 30개에 이른 적이 없어(최대 1개) 성장률·종료율이 잡음에 좌우되므로 평가하지 않습니다.,2024
BRD_20250845,솔탄갈비,1.0,평가 대상 아님,,,가맹점이 30개에 이른 적이 없어(최대 1개) 성장률·종료율이 잡음에 좌우되므로 평가하지 않습니다.,2024
BRD_20250900,고향소갈비찜,1.0,평가 대상 아님,,,가맹점이 30개에 이른 적이 없어(최대 1개) 성장률·종료율이 잡음에 좌우되므로 평가하지 않습니다.,2024
BRD_20250901,마라랑,1.0,평가 대상 아님,,,가맹점이 30개에 이른 적이 없어(최대 1개) 성장률·종료율이 잡음에 좌우되므로 평가하지 않습니다.,2024
BRD_20250918,게싸노,1.0,평가 대상 아님,,,가맹점이 30개에 이른 적이 없어(최대 1개) 성장률·종료율이 잡음에 좌우되므로 평가하지 않습니다.,2024
BRD_20250938,효자동보리밥,1.0,평가 대상 아님,,,가맹점이 30개에 이른 적이 없어(최대 1개) 성장률·종료율이 잡음에 좌우되므로 평가하지 않습니다.,2024
BRD_20250941,낙쭈오삼,1.0,평가 대상 아님,,,가맹점이 30개에 이른 적이 없어(최대 1개) 성장률·종료율이 잡음에 좌우되므로 평가하지 않습니다.,2024
BRD_20250957,르븨밀크,1.0,평가 대상 아님,,,가맹점이 30개에 이른 적이 없어(최대 1개) 성장률·종료율이 잡음에 좌우되므로 평가하지 않습니다.,2024
BRD_20250973,투플러스원 커피,1.0,평가 대상 아님,,,가맹점이 30개에 이른 적이 없어(최대 1개) 성장률·종료율이 잡음에 좌우되므로 평가하지 않습니다.,2024
BRD_20251049,찌개찝,1.0,평가 대상 아님,,,가맹점이 30개에 이른 적이 없어(최대 1개) 성장률·종료율이 잡음에 좌우되므로 평가하지 않습니다.,2024
BRD_20251073,양군통닭,1.0,평가 대상 아님,,,가맹점이 30개에 이른 적이 없어(최대 1개) 성장률·종료율이 잡음에 좌우되므로 평가하지 않습니다.,2024
BRD_20251122,더티프라이,1.0,평가 대상 아님,,,가맹점이 30개에 이른 적이 없어(최대 1개) 성장률·종료율이 잡음에 좌우되므로 평가하지 않습니다.,2024
BRD_20251128,터틀힙,1.0,평가 대상 아님,,,가맹점이 30개에 이른 적이 없어(최대 1개) 성장률·종료율이 잡음에 좌우되므로 평가하지 않습니다.,2024
BRD_20251138,범표원두,1.0,평가 대상 아님,,,가맹점이 30개에 이른 적이 없어(최대 1개) 성장률·종료율이 잡음에 좌우되므로 평가하지 않습니다.,2024
BRD_20251158,따맛촌,1.0,평가 대상 아님,,,가맹점이 30개에 이른 적이 없어(최대 1개) 성장률·종료율이 잡음에 좌우되므로 평가하지 않습니다.,2024
BRD_20251190,육삼식당,1.0,평가 대상 아님,,,가맹점이 30개에 이른 적이 없어(최대 1개) 성장률·종료율이 잡음에 좌우되므로 평가하지 않습니다.,2024
BRD_20251193,참나무골 한우곱창,1.0,평가 대상 아님,,,가맹점이 30개에 이른 적이 없어(최대 1개) 성장률·종료율이 잡음에 좌우되므로 평가하지 않습니다.,2024
BRD_20251281,장지녕간장게장,1.0,평가 대상 아님,,,가맹점이 30개에 이른 적이 없어(최대 1개) 성장률·종료율이 잡음에 좌우되므로 평가하지 않습니다.,2024
BRD_20251296,365명품민물장어&소고기,1.0,평가 대상 아님,,,가맹점이 30개에 이른 적이 없어(최대 1개) 성장률·종료율이 잡음에 좌우되므로 평가하지 않습니다.,2024
BRD_20251319,미친양꼬치,1.0,평가 대상 아님,,,가맹점이 30개에 이른 적이 없어(최대 1개) 성장률·종료율이 잡음에 좌우되므로 평가하지 않습니다.,2024
BRD_20251369,참윤슬갈비,1.0,평가 대상 아님,,,가맹점이 30개에 이른 적이 없어(최대 1개) 성장률·종료율이 잡음에 좌우되므로 평가하지 않습니다.,2024
BRD_20251391,참뽀뽀쪽갈비,1.0,평가 대상 아님,,,가맹점이 30개에 이른 적이 없어(최대 1개) 성장률·종료율이 잡음에 좌우되므로 평가하지 않습니다.,2024
BRD_20251407,데자토 by 신키네도,1.0,평가 대상 아님,,,가맹점이 30개에 이른 적이 없어(최대 1개) 성장률·종료율이 잡음에 좌우되므로 평가하지 않습니다.,2024
BRD_20251471,테디스베이글(Teddy's Bagel),1.0,평가 대상 아님,,,가맹점이 30개에 이른 적이 없어(최대 1개) 성장률·종료율이 잡음에 좌우되므로 평가하지 않습니다.,2024
BRD_20251489,우주파스타,1.0,평가 대상 아님,,,가맹점이 30개에 이른 적이 없어(최대 1개) 성장률·종료율이 잡음에 좌우되므로 평가하지 않습니다.,2024
NAME:가배도@외식,가배도,1.0,평가 대상 아님,,,가맹점이 30개에 이른 적이 없어(최대 1개) 성장률·종료율이 잡음에 좌우되므로 평가하지 않습니다.,2024
NAME:강탄@외식,강탄,1.0,평가 대상 아님,,,가맹점이 30개에 이른 적이 없어(최대 1개) 성장률·종료율이 잡음에 좌우되므로 평가하지 않습니다.,2024
NAME:괭이부리마을@외식,괭이부리마을,1.0,평가 대상 아님,,,가맹점이 30개에 이른 적이 없어(최대 1개) 성장률·종료율이 잡음에 좌우되므로 평가하지 않습니다.,2024
NAME:먼치킨@외식,먼치킨,1.0,평가 대상 아님,,,가맹점이 30개에 이른 적이 없어(최대 1개) 성장률·종료율이 잡음에 좌우되므로 평가하지 않습니다.,2024
NAME:보성양대창@외식,보성양대창,1.0,평가 대상 아님,,,가맹점이 30개에 이른 적이 없어(최대 1개) 성장률·종료율이 잡음에 좌우되므로 평가하지 않습니다.,2024
NAME:봉담청미닭도리탕@외식,봉담청미 닭도리탕,1.0,평가 대상 아님,,,가맹점이 30개에 이른 적이 없어(최대 1개) 성장률·종료율이 잡음에 좌우되므로 평가하지 않습니다.,2024
NAME:불타는꼬꼬발@외식,불타는꼬꼬발,1.0,평가 대상 아님,,,가맹점이 30개에 이른 적이 없어(최대 4개) 성장률·종료율이 잡음에 좌우되므로 평가하지 않습니다.,2024
NAME:스시어왕@외식,스시어왕,1.0,평가 대상 아님,,,가맹점이 30개에 이른 적이 없어(최대 3개) 성장률·종료율이 잡음에 좌우되므로 평가하지 않습니다.,2024
NAME:스톤크릭@외식,스톤크릭,1.0,평가 대상 아님,,,가맹점이 30개에 이른 적이 없어(최대 1개) 성장률·종료율이 잡음에 좌우되므로 평가하지 않습니다.,2024
NAME:신성당@외식,신성당,1.0,평가 대상 아님,,,가맹점이 30개에 이른 적이 없어(최대 1개) 성장률·종료율이 잡음에 좌우되므로 평가하지 않습니다.,2024
NAME:여기다양꼬치@외식,여기다양꼬치,1.0,평가 대상 아님,,,가맹점이 30개에 이른 적이 없어(최대 3개) 성장률·종료율이 잡음에 좌우되므로 평가하지 않습니다.,2024
NAME:열이네식육식당@외식,열이네식육식당,1.0,평가 대상 아님,,,가맹점이 30개에 이른 적이 없어(최대 1개) 성장률·종료율이 잡음에 좌우되므로 평가하지 않습니다.,2024
NAME:우복금생갈비@외식,우복금 생갈비,1.0,평가 대상 아님,,,가맹점이 30개에 이른 적이 없어(최대 1개) 성장률·종료율이 잡음에 좌우되므로 평가하지 않습니다.,2024
NAME:장날순대국밥@외식,장날순대국밥,1.0,평가 대상 아님,,,가맹점이 30개에 이른 적이 없어(최대 1개) 성장률·종료율이 잡음에 좌우되므로 평가하지 않습니다.,2024
NAME:질할브로스@외식,질할브로스,1.0,평가 대상 아님,,,가맹점이 30개에 이른 적이 없어(최대 1개) 성장률·종료율이 잡음에 좌우되므로 평가하지 않습니다.,2024
NAME:한미식당@외식,한미식당,1.0,평가 대상 아님,,,가맹점이 30개에 이른 적이 없어(최대 1개) 성장률·종료율이 잡음에 좌우되므로 평가하지 않습니다.,2024
BRD_20080100292,사보텐,0.0,평가 대상 아님,,,이번 공시의 가맹점 수가 0이거나 비어 있어 평가하지 않았습니다.,2024
BRD_20080100538,돈족골,0.0,평가 대상 아님,,,이번 공시의 가맹점 수가 0이거나 비어 있어 평가하지 않았습니다.,2024
BRD_20080100564,차일드큐브,0.0,평가 대상 아님,,,이번 공시의 가맹점 수가 0이거나 비어 있어 평가하지 않았습니다.,2024
BRD_20080100603,요거베리,0.0,평가 대상 아님,,,이번 공시의 가맹점 수가 0이거나 비어 있어 평가하지 않았습니다.,2024
BRD_20080100648,닭익는마을 도리마루,0.0,평가 대상 아님,,,이번 공시의 가맹점 수가 0이거나 비어 있어 평가하지 않았습니다.,2024
BRD_20080100697,본까쓰,0.0,평가 대상 아님,,,이번 공시의 가맹점 수가 0이거나 비어 있어 평가하지 않았습니다.,2024
BRD_20080100698,본까쓰델리카페,0.0,평가 대상 아님,,,이번 공시의 가맹점 수가 0이거나 비어 있어 평가하지 않았습니다.,2024
BRD_20080100699,본까쓰미니스탠드,0.0,평가 대상 아님,,,이번 공시의 가맹점 수가 0이거나 비어 있어 평가하지 않았습니다.,2024
BRD_20080100733,솔청면옥,0.0,평가 대상 아님,,,이번 공시의 가맹점 수가 0이거나 비어 있어 평가하지 않았습니다.,2024
BRD_20080100735,토부가,0.0,평가 대상 아님,,,이번 공시의 가맹점 수가 0이거나 비어 있어 평가하지 않았습니다.,2024
BRD_20080200063,신라명과,0.0,평가 대상 아님,,,이번 공시의 가맹점 수가 0이거나 비어 있어 평가하지 않았습니다.,2024
BRD_20090100054,핸델앤그레텔,0.0,평가 대상 아님,,,이번 공시의 가맹점 수가 0이거나 비어 있어 평가하지 않았습니다.,2024
BRD_20090100130,백정,0.0,평가 대상 아님,,,이번 공시의 가맹점 수가 0이거나 비어 있어 평가하지 않았습니다.,2024
BRD_20090100133,육칠팔,0.0,평가 대상 아님,,,이번 공시의 가맹점 수가 0이거나 비어 있어 평가하지 않았습니다.,2024
BRD_20090100533,군선생,0.0,평가 대상 아님,,,이번 공시의 가맹점 수가 0이거나 비어 있어 평가하지 않았습니다.,2024
BRD_20100100014,놀부유황오리진흙구이,0.0,평가 대상 아님,,,이번 공시의 가맹점 수가 0이거나 비어 있어 평가하지 않았습니다.,2024
BRD_20100100023,타코맨,0.0,평가 대상 아님,,,이번 공시의 가맹점 수가 0이거나 비어 있어 평가하지 않았습니다.,2024
BRD_20100100302,치라시스시,0.0,평가 대상 아님,,,이번 공시의 가맹점 수가 0이거나 비어 있어 평가하지 않았습니다.,2024
BRD_20100300038,어부홍씨물회,0.0,평가 대상 아님,,,이번 공시의 가맹점 수가 0이거나 비어 있어 평가하지 않았습니다.,2024
BRD_20100600023,별별치킨,0.0,평가 대상 아님,,,이번 공시의 가맹점 수가 0이거나 비어 있어 평가하지 않았습니다.,2024
BRD_20100600049,도천진짜순대,0.0,평가 대상 아님,,,이번 공시의 가맹점 수가 0이거나 비어 있어 평가하지 않았습니다.,2024
BRD_20110100088,우동텐,0.0,평가 대상 아님,,,이번 공시의 가맹점 수가 0이거나 비어 있어 평가하지 않았습니다.,2024
BRD_20110100140,앤하우스,0.0,평가 대상 아님,,,이번 공시의 가맹점 수가 0이거나 비어 있어 평가하지 않았습니다.,2024
BRD_20110100453,카네마야(kanemaya),0.0,평가 대상 아님,,,이번 공시의 가맹점 수가 0이거나 비어 있어 평가하지 않았습니다.,2024
BRD_20110100567,또와유 명태간장조림,0.0,평가 대상 아님,,,이번 공시의 가맹점 수가 0이거나 비어 있어 평가하지 않았습니다.,2024
BRD_20110300016,한입김밥,0.0,평가 대상 아님,,,이번 공시의 가맹점 수가 0이거나 비어 있어 평가하지 않았습니다.,2024
BRD_20110400014,JD인동주마을,0.0,평가 대상 아님,,,이번 공시의 가맹점 수가 0이거나 비어 있어 평가하지 않았습니다.,2024
BRD_20120100670,닭강정총각,0.0,평가 대상 아님,,,이번 공시의 가맹점 수가 0이거나 비어 있어 평가하지 않았습니다.,2024
BRD_20120100698,놀부숯불애장닭,0.0,평가 대상 아님,,,이번 공시의 가맹점 수가 0이거나 비어 있어 평가하지 않았습니다.,2024
BRD_20120300001,고봉김밥人,0.0,평가 대상 아님,,,이번 공시의 가맹점 수가 0이거나 비어 있어 평가하지 않았습니다.,2024
BRD_20120600028,이소가,0.0,평가 대상 아님,,,이번 공시의 가맹점 수가 0이거나 비어 있어 평가하지 않았습니다.,2024
BRD_20120600057,잇. (eat.),0.0,평가 대상 아님,,,이번 공시의 가맹점 수가 0이거나 비어 있어 평가하지 않았습니다.,2024
BRD_20120600068,용오름짬뽕전문,0.0,평가 대상 아님,,,이번 공시의 가맹점 수가 0이거나 비어 있어 평가하지 않았습니다.,2024
BRD_20130021,지환이네왕족발,0.0,평가 대상 아님,,,이번 공시의 가맹점 수가 0이거나 비어 있어 평가하지 않았습니다.,2024
BRD_20130100042,진한설렁탕담다,0.0,평가 대상 아님,,,이번 공시의 가맹점 수가 0이거나 비어 있어 평가하지 않았습니다.,2024
BRD_20130100194,몸애존짬뽕,0.0,평가 대상 아님,,,이번 공시의 가맹점 수가 0이거나 비어 있어 평가하지 않았습니다.,2024
BRD_20130100206|JNG_001221,용구비어,0.0,평가 대상 아님,,,이번 공시의 가맹점 수가 0이거나 비어 있어 평가하지 않았습니다.,2024
BRD_20130100253,해운대조개찜다퍼주는집,0.0,평가 대상 아님,,,이번 공시의 가맹점 수가 0이거나 비어 있어 평가하지 않았습니다.,2024
BRD_20130100419,파시야,0.0,평가 대상 아님,,,이번 공시의 가맹점 수가 0이거나 비어 있어 평가하지 않았습니다.,2024
BRD_20130124,마루앤국시,0.0,평가 대상 아님,,,이번 공시의 가맹점 수가 0이거나 비어 있어 평가하지 않았습니다.,2024
BRD_20130224,치킨시대,0.0,평가 대상 아님,,,이번 공시의 가맹점 수가 0이거나 비어 있어 평가하지 않았습니다.,2024
BRD_20130263,베라오커피,0.0,평가 대상 아님,,,이번 공시의 가맹점 수가 0이거나 비어 있어 평가하지 않았습니다.,2024
BRD_20140041,치킨방앗간,0.0,평가 대상 아님,,,이번 공시의 가맹점 수가 0이거나 비어 있어 평가하지 않았습니다.,2024
BRD_20140043,상돈이 비빔돼지,0.0,평가 대상 아님,,,이번 공시의 가맹점 수가 0이거나 비어 있어 평가하지 않았습니다.,2024
BRD_20140641,옥토버훼스트(oktoberfest),0.0,평가 대상 아님,,,이번 공시의 가맹점 수가 0이거나 비어 있어 평가하지 않았습니다.,2024
BRD_20140716,투핑거스,0.0,평가 대상 아님,,,이번 공시의 가맹점 수가 0이거나 비어 있어 평가하지 않았습니다.,2024
BRD_20140834,오늘의치킨,0.0,평가 대상 아님,,,이번 공시의 가맹점 수가 0이거나 비어 있어 평가하지 않았습니다.,2024
BRD_20141140,지지지 고대곡물피자,0.0,평가 대상 아님,,,이번 공시의 가맹점 수가 0이거나 비어 있어 평가하지 않았습니다.,2024
BRD_20150097,다락마을프리미엄(Darak Maeul Premium),0.0,평가 대상 아님,,,이번 공시의 가맹점 수가 0이거나 비어 있어 평가하지 않았습니다.,2024
BRD_20150417,백철판0410,0.0,평가 대상 아님,,,이번 공시의 가맹점 수가 0이거나 비어 있어 평가하지 않았습니다.,2024
BRD_20150500,이만구교동짬뽕,0.0,평가 대상 아님,,,이번 공시의 가맹점 수가 0이거나 비어 있어 평가하지 않았습니다.,2024
BRD_20150533,고기고샵,0.0,평가 대상 아님,,,이번 공시의 가맹점 수가 0이거나 비어 있어 평가하지 않았습니다.,2024
BRD_20150550,FRIEND FOOD(프렌드푸드),0.0,평가 대상 아님,,,이번 공시의 가맹점 수가 0이거나 비어 있어 평가하지 않았습니다.,2024
BRD_20150608,루시카토캔디,0.0,평가 대상 아님,,,이번 공시의 가맹점 수가 0이거나 비어 있어 평가하지 않았습니다.,2024
BRD_20150619,아바이토종순대국,0.0,평가 대상 아님,,,이번 공시의 가맹점 수가 0이거나 비어 있어 평가하지 않았습니다.,2024
BRD_20150803,와플킹,0.0,평가 대상 아님,,,이번 공시의 가맹점 수가 0이거나 비어 있어 평가하지 않았습니다.,2024
BRD_20150855,김작가의이중생활,0.0,평가 대상 아님,,,이번 공시의 가맹점 수가 0이거나 비어 있어 평가하지 않았습니다.,2024
BRD_20150871,환공어묵베이커리,0.0,평가 대상 아님,,,이번 공시의 가맹점 수가 0이거나 비어 있어 평가하지 않았습니다.,2024
BRD_20151012,요치킨,0.0,평가 대상 아님,,,이번 공시의 가맹점 수가 0이거나 비어 있어 평가하지 않았습니다.,2024
BRD_20151021,대구 근대골목 단팥빵,0.0,평가 대상 아님,,,이번 공시의 가맹점 수가 0이거나 비어 있어 평가하지 않았습니다.,2024
BRD_20151110,방스만두,0.0,평가 대상 아님,,,이번 공시의 가맹점 수가 0이거나 비어 있어 평가하지 않았습니다.,2024
BRD_20151125,소메랑,0.0,평가 대상 아님,,,이번 공시의 가맹점 수가 0이거나 비어 있어 평가하지 않았습니다.,2024
BRD_20151139,남강메기,0.0,평가 대상 아님,,,이번 공시의 가맹점 수가 0이거나 비어 있어 평가하지 않았습니다.,2024
BRD_20160054,핵커피,0.0,평가 대상 아님,,,이번 공시의 가맹점 수가 0이거나 비어 있어 평가하지 않았습니다.,2024
BRD_20160074,대호중화식당,0.0,평가 대상 아님,,,이번 공시의 가맹점 수가 0이거나 비어 있어 평가하지 않았습니다.,2024
BRD_20160167,바푸리뽕앤까스,0.0,평가 대상 아님,,,이번 공시의 가맹점 수가 0이거나 비어 있어 평가하지 않았습니다.,2024
BRD_20160237,이대감,0.0,평가 대상 아님,,,이번 공시의 가맹점 수가 0이거나 비어 있어 평가하지 않았습니다.,2024
BRD_20160257,소주기행,0.0,평가 대상 아님,,,이번 공시의 가맹점 수가 0이거나 비어 있어 평가하지 않았습니다.,2024
BRD_20160454,룡룡마라도원,0.0,평가 대상 아님,,,이번 공시의 가맹점 수가 0이거나 비어 있어 평가하지 않았습니다.,2024
BRD_20160475,르돌치1946(LeDolci1946),0.0,평가 대상 아님,,,이번 공시의 가맹점 수가 0이거나 비어 있어 평가하지 않았습니다.,2024
BRD_20160504,치키니아,0.0,평가 대상 아님,,,이번 공시의 가맹점 수가 0이거나 비어 있어 평가하지 않았습니다.,2024
BRD_20160689,돈불식당,0.0,평가 대상 아님,,,이번 공시의 가맹점 수가 0이거나 비어 있어 평가하지 않았습니다.,2024
BRD_20160702,대박나자 부자치킨,0.0,평가 대상 아님,,,이번 공시의 가맹점 수가 0이거나 비어 있어 평가하지 않았습니다.,2024
BRD_20160746,다깡,0.0,평가 대상 아님,,,이번 공시의 가맹점 수가 0이거나 비어 있어 평가하지 않았습니다.,2024
BRD_20160797,가마치삼계탕,0.0,평가 대상 아님,,,이번 공시의 가맹점 수가 0이거나 비어 있어 평가하지 않았습니다.,2024
BRD_20160832,디브커피,0.0,평가 대상 아님,,,이번 공시의 가맹점 수가 0이거나 비어 있어 평가하지 않았습니다.,2024
BRD_20160877,오슬로(o&#39;slo),0.0,평가 대상 아님,,,이번 공시의 가맹점 수가 0이거나 비어 있어 평가하지 않았습니다.,2024
BRD_20160948,이앤바이(이n바이),0.0,평가 대상 아님,,,이번 공시의 가맹점 수가 0이거나 비어 있어 평가하지 않았습니다.,2024
BRD_20160950,김싱싱밥고슬,0.0,평가 대상 아님,,,이번 공시의 가맹점 수가 0이거나 비어 있어 평가하지 않았습니다.,2024
BRD_20161092,꽈배배,0.0,평가 대상 아님,,,이번 공시의 가맹점 수가 0이거나 비어 있어 평가하지 않았습니다.,2024
BRD_20161115,옹치킨,0.0,평가 대상 아님,,,이번 공시의 가맹점 수가 0이거나 비어 있어 평가하지 않았습니다.,2024
BRD_20161279,젤라킹,0.0,평가 대상 아님,,,이번 공시의 가맹점 수가 0이거나 비어 있어 평가하지 않았습니다.,2024
BRD_20170008,동경푸줏간,0.0,평가 대상 아님,,,이번 공시의 가맹점 수가 0이거나 비어 있어 평가하지 않았습니다.,2024
BRD_20170010,돼갈박,0.0,평가 대상 아님,,,이번 공시의 가맹점 수가 0이거나 비어 있어 평가하지 않았습니다.,2024
BRD_20170044,남문바베큐,0.0,평가 대상 아님,,,이번 공시의 가맹점 수가 0이거나 비어 있어 평가하지 않았습니다.,2024
BRD_20170049,꼬꼬봉투통닭,0.0,평가 대상 아님,,,이번 공시의 가맹점 수가 0이거나 비어 있어 평가하지 않았습니다.,2024
BRD_20170153,돈까스팩토리,0.0,평가 대상 아님,,,이번 공시의 가맹점 수가 0이거나 비어 있어 평가하지 않았습니다.,2024
BRD_20170168,삐사감러브스테이크,0.0,평가 대상 아님,,,이번 공시의 가맹점 수가 0이거나 비어 있어 평가하지 않았습니다.,2024
BRD_20170219,핵도그,0.0,평가 대상 아님,,,이번 공시의 가맹점 수가 0이거나 비어 있어 평가하지 않았습니다.,2024
BRD_20170395,왕양 하오하오,0.0,평가 대상 아님,,,이번 공시의 가맹점 수가 0이거나 비어 있어 평가하지 않았습니다.,2024
BRD_20170423,포차썸데이,0.0,평가 대상 아님,,,이번 공시의 가맹점 수가 0이거나 비어 있어 평가하지 않았습니다.,2024
BRD_20170442,모부당,0.0,평가 대상 아님,,,이번 공시의 가맹점 수가 0이거나 비어 있어 평가하지 않았습니다.,2024
BRD_20170445,탭샵바,0.0,평가 대상 아님,,,이번 공시의 가맹점 수가 0이거나 비어 있어 평가하지 않았습니다.,2024
BRD_20170459,분식대장,0.0,평가 대상 아님,,,이번 공시의 가맹점 수가 0이거나 비어 있어 평가하지 않았습니다.,2024
BRD_20170499,부자돼지,0.0,평가 대상 아님,,,이번 공시의 가맹점 수가 0이거나 비어 있어 평가하지 않았습니다.,2024
BRD_20170576,오렌지 오 커피,0.0,평가 대상 아님,,,이번 공시의 가맹점 수가 0이거나 비어 있어 평가하지 않았습니다.,2024
BRD_20170593,팔팔문어 전복탕,0.0,평가 대상 아님,,,이번 공시의 가맹점 수가 0이거나 비어 있어 평가하지 않았습니다.,2024
BRD_20170685,김금자숯불갈비,0.0,평가 대상 아님,,,이번 공시의 가맹점 수가 0이거나 비어 있어 평가하지 않았습니다.,2024
BRD_20170757,백오도찹쌀누룽지탕,0.0,평가 대상 아님,,,이번 공시의 가맹점 수가 0이거나 비어 있어 평가하지 않았습니다.,2024
BRD_20170811,또봉이핫독&도넛,0.0,평가 대상 아님,,,이번 공시의 가맹점 수가 0이거나 비어 있어 평가하지 않았습니다.,2024
BRD_20170855,일백송칼국수,0.0,평가 대상 아님,,,이번 공시의 가맹점 수가 0이거나 비어 있어 평가하지 않았습니다.,2024
BRD_20170862,곱돌이곱창,0.0,평가 대상 아님,,,이번 공시의 가맹점 수가 0이거나 비어 있어 평가하지 않았습니다.,2024
BRD_20170876,명랑회관,0.0,평가 대상 아님,,,이번 공시의 가맹점 수가 0이거나 비어 있어 평가하지 않았습니다.,2024
BRD_20170893,미호락,0.0,평가 대상 아님,,,이번 공시의 가맹점 수가 0이거나 비어 있어 평가하지 않았습니다.,2024
BRD_20170928,봄이보리밥,0.0,평가 대상 아님,,,이번 공시의 가맹점 수가 0이거나 비어 있어 평가하지 않았습니다.,2024
BRD_20171056,놀부반상,0.0,평가 대상 아님,,,이번 공시의 가맹점 수가 0이거나 비어 있어 평가하지 않았습니다.,2024
BRD_20171057,만면희색,0.0,평가 대상 아님,,,이번 공시의 가맹점 수가 0이거나 비어 있어 평가하지 않았습니다.,2024
BRD_20171127,분짜라임,0.0,평가 대상 아님,,,이번 공시의 가맹점 수가 0이거나 비어 있어 평가하지 않았습니다.,2024
BRD_20171128,닭강정 맛 가격 5반하다,0.0,평가 대상 아님,,,이번 공시의 가맹점 수가 0이거나 비어 있어 평가하지 않았습니다.,2024
BRD_20171229,여우감자탕,0.0,평가 대상 아님,,,이번 공시의 가맹점 수가 0이거나 비어 있어 평가하지 않았습니다.,2024
BRD_20171230,일품향,0.0,평가 대상 아님,,,이번 공시의 가맹점 수가 0이거나 비어 있어 평가하지 않았습니다.,2024
BRD_20171256,김미자당진아구동태찜탕,0.0,평가 대상 아님,,,이번 공시의 가맹점 수가 0이거나 비어 있어 평가하지 않았습니다.,2024
BRD_20171266,버블엔젤(Bubble Angel),0.0,평가 대상 아님,,,이번 공시의 가맹점 수가 0이거나 비어 있어 평가하지 않았습니다.,2024
BRD_20171282,미쿡식당,0.0,평가 대상 아님,,,이번 공시의 가맹점 수가 0이거나 비어 있어 평가하지 않았습니다.,2024
BRD_20171443,숨비소리,0.0,평가 대상 아님,,,이번 공시의 가맹점 수가 0이거나 비어 있어 평가하지 않았습니다.,2024
BRD_20171560,인재36.5°까페,0.0,평가 대상 아님,,,이번 공시의 가맹점 수가 0이거나 비어 있어 평가하지 않았습니다.,2024
BRD_20180005,밀면천하,0.0,평가 대상 아님,,,이번 공시의 가맹점 수가 0이거나 비어 있어 평가하지 않았습니다.,2024
BRD_20180058,동래별장,0.0,평가 대상 아님,,,이번 공시의 가맹점 수가 0이거나 비어 있어 평가하지 않았습니다.,2024
BRD_20180120,팔도대패,0.0,평가 대상 아님,,,이번 공시의 가맹점 수가 0이거나 비어 있어 평가하지 않았습니다.,2024
BRD_20180121,39℃락,0.0,평가 대상 아님,,,이번 공시의 가맹점 수가 0이거나 비어 있어 평가하지 않았습니다.,2024
BRD_20180148,구백가(900家),0.0,평가 대상 아님,,,이번 공시의 가맹점 수가 0이거나 비어 있어 평가하지 않았습니다.,2024
BRD_20180170,홍안동,0.0,평가 대상 아님,,,이번 공시의 가맹점 수가 0이거나 비어 있어 평가하지 않았습니다.,2024
BRD_20180197,아곱닭스,0.0,평가 대상 아님,,,이번 공시의 가맹점 수가 0이거나 비어 있어 평가하지 않았습니다.,2024
BRD_20180274,찌개밥상,0.0,평가 대상 아님,,,이번 공시의 가맹점 수가 0이거나 비어 있어 평가하지 않았습니다.,2024
BRD_20180323,파리공방(Paris Atelier),0.0,평가 대상 아님,,,이번 공시의 가맹점 수가 0이거나 비어 있어 평가하지 않았습니다.,2024
BRD_20180327,딜리버리네오,0.0,평가 대상 아님,,,이번 공시의 가맹점 수가 0이거나 비어 있어 평가하지 않았습니다.,2024
BRD_20180402,고속우동,0.0,평가 대상 아님,,,이번 공시의 가맹점 수가 0이거나 비어 있어 평가하지 않았습니다.,2024
BRD_20180417,주인이직접고운진짜갈비탕,0.0,평가 대상 아님,,,이번 공시의 가맹점 수가 0이거나 비어 있어 평가하지 않았습니다.,2024
BRD_20180422,브이카페,0.0,평가 대상 아님,,,이번 공시의 가맹점 수가 0이거나 비어 있어 평가하지 않았습니다.,2024
BRD_20180456,구이쟁이꾼,0.0,평가 대상 아님,,,이번 공시의 가맹점 수가 0이거나 비어 있어 평가하지 않았습니다.,2024
BRD_20180464,릴렉스라운지,0.0,평가 대상 아님,,,이번 공시의 가맹점 수가 0이거나 비어 있어 평가하지 않았습니다.,2024
BRD_20180465,오스푼,0.0,평가 대상 아님,,,이번 공시의 가맹점 수가 0이거나 비어 있어 평가하지 않았습니다.,2024
BRD_20180484,마피아탕수육,0.0,평가 대상 아님,,,이번 공시의 가맹점 수가 0이거나 비어 있어 평가하지 않았습니다.,2024
BRD_20180503,일락,0.0,평가 대상 아님,,,이번 공시의 가맹점 수가 0이거나 비어 있어 평가하지 않았습니다.,2024
BRD_20180508,일타제육,0.0,평가 대상 아님,,,이번 공시의 가맹점 수가 0이거나 비어 있어 평가하지 않았습니다.,2024
BRD_20180521,헬로피자,0.0,평가 대상 아님,,,이번 공시의 가맹점 수가 0이거나 비어 있어 평가하지 않았습니다.,2024
BRD_20180698,사이드쇼,0.0,평가 대상 아님,,,이번 공시의 가맹점 수가 0이거나 비어 있어 평가하지 않았습니다.,2024
BRD_20180706,방콕포차,0.0,평가 대상 아님,,,이번 공시의 가맹점 수가 0이거나 비어 있어 평가하지 않았습니다.,2024
BRD_20180730,켄커피,0.0,평가 대상 아님,,,이번 공시의 가맹점 수가 0이거나 비어 있어 평가하지 않았습니다.,2024
BRD_20180742,전설의켄터키,0.0,평가 대상 아님,,,이번 공시의 가맹점 수가 0이거나 비어 있어 평가하지 않았습니다.,2024
BRD_20180771,순례국밥,0.0,평가 대상 아님,,,이번 공시의 가맹점 수가 0이거나 비어 있어 평가하지 않았습니다.,2024
BRD_20180819,퀸즈블랙,0.0,평가 대상 아님,,,이번 공시의 가맹점 수가 0이거나 비어 있어 평가하지 않았습니다.,2024
BRD_20180864,진찐보감,0.0,평가 대상 아님,,,이번 공시의 가맹점 수가 0이거나 비어 있어 평가하지 않았습니다.,2024
BRD_20180866,청담가옥,0.0,평가 대상 아님,,,이번 공시의 가맹점 수가 0이거나 비어 있어 평가하지 않았습니다.,2024
BRD_20180875,콜드스톤,0.0,평가 대상 아님,,,이번 공시의 가맹점 수가 0이거나 비어 있어 평가하지 않았습니다.,2024
BRD_20180909,써니,0.0,평가 대상 아님,,,이번 공시의 가맹점 수가 0이거나 비어 있어 평가하지 않았습니다.,2024
BRD_20180947,인절미통닭,0.0,평가 대상 아님,,,이번 공시의 가맹점 수가 0이거나 비어 있어 평가하지 않았습니다.,2024
BRD_20180949,룰루랄라김밥,0.0,평가 대상 아님,,,이번 공시의 가맹점 수가 0이거나 비어 있어 평가하지 않았습니다.,2024
BRD_20180954,다이닝박스(DINING BOX),0.0,평가 대상 아님,,,이번 공시의 가맹점 수가 0이거나 비어 있어 평가하지 않았습니다.,2024
BRD_20180961,오뎅1250꼬치,0.0,평가 대상 아님,,,이번 공시의 가맹점 수가 0이거나 비어 있어 평가하지 않았습니다.,2024
BRD_20180971,동네아저씨순대국,0.0,평가 대상 아님,,,이번 공시의 가맹점 수가 0이거나 비어 있어 평가하지 않았습니다.,2024
BRD_20180974,스푼더스트릿,0.0,평가 대상 아님,,,이번 공시의 가맹점 수가 0이거나 비어 있어 평가하지 않았습니다.,2024
BRD_20180977,고미꽃시래,0.0,평가 대상 아님,,,이번 공시의 가맹점 수가 0이거나 비어 있어 평가하지 않았습니다.,2024
BRD_20181003,명태정가,0.0,평가 대상 아님,,,이번 공시의 가맹점 수가 0이거나 비어 있어 평가하지 않았습니다.,2024
BRD_20181032,고미고미,0.0,평가 대상 아님,,,이번 공시의 가맹점 수가 0이거나 비어 있어 평가하지 않았습니다.,2024
BRD_20181244,약선당,0.0,평가 대상 아님,,,이번 공시의 가맹점 수가 0이거나 비어 있어 평가하지 않았습니다.,2024
BRD_20181271,라크리마커피,0.0,평가 대상 아님,,,이번 공시의 가맹점 수가 0이거나 비어 있어 평가하지 않았습니다.,2024
BRD_20181275,쉐프가만든떡볶이,0.0,평가 대상 아님,,,이번 공시의 가맹점 수가 0이거나 비어 있어 평가하지 않았습니다.,2024
BRD_20181280,별주막,0.0,평가 대상 아님,,,이번 공시의 가맹점 수가 0이거나 비어 있어 평가하지 않았습니다.,2024
BRD_20181290,커피달램,0.0,평가 대상 아님,,,이번 공시의 가맹점 수가 0이거나 비어 있어 평가하지 않았습니다.,2024
BRD_20181305,모듬촌닭,0.0,평가 대상 아님,,,이번 공시의 가맹점 수가 0이거나 비어 있어 평가하지 않았습니다.,2024
BRD_20181307,팔미엔,0.0,평가 대상 아님,,,이번 공시의 가맹점 수가 0이거나 비어 있어 평가하지 않았습니다.,2024
BRD_20181358,조홍재 고기대군,0.0,평가 대상 아님,,,이번 공시의 가맹점 수가 0이거나 비어 있어 평가하지 않았습니다.,2024
BRD_20181359,THE 팔당,0.0,평가 대상 아님,,,이번 공시의 가맹점 수가 0이거나 비어 있어 평가하지 않았습니다.,2024
BRD_20190029,생활커피,0.0,평가 대상 아님,,,이번 공시의 가맹점 수가 0이거나 비어 있어 평가하지 않았습니다.,2024
BRD_20190039,사해방탕수육,0.0,평가 대상 아님,,,이번 공시의 가맹점 수가 0이거나 비어 있어 평가하지 않았습니다.,2024
BRD_20190054,생활치킨,0.0,평가 대상 아님,,,이번 공시의 가맹점 수가 0이거나 비어 있어 평가하지 않았습니다.,2024
BRD_20190064,고여금감자탕,0.0,평가 대상 아님,,,이번 공시의 가맹점 수가 0이거나 비어 있어 평가하지 않았습니다.,2024
BRD_20190160,지구대표족발,0.0,평가 대상 아님,,,이번 공시의 가맹점 수가 0이거나 비어 있어 평가하지 않았습니다.,2024
BRD_20190164,삼다돈,0.0,평가 대상 아님,,,이번 공시의 가맹점 수가 0이거나 비어 있어 평가하지 않았습니다.,2024
BRD_20190185,가온밀면,0.0,평가 대상 아님,,,이번 공시의 가맹점 수가 0이거나 비어 있어 평가하지 않았습니다.,2024
BRD_20190186,노걸대 WITH YOU 홈외식,0.0,평가 대상 아님,,,이번 공시의 가맹점 수가 0이거나 비어 있어 평가하지 않았습니다.,2024
BRD_20190241,세겹살,0.0,평가 대상 아님,,,이번 공시의 가맹점 수가 0이거나 비어 있어 평가하지 않았습니다.,2024
BRD_20190276,칸죽,0.0,평가 대상 아님,,,이번 공시의 가맹점 수가 0이거나 비어 있어 평가하지 않았습니다.,2024
BRD_20190360,레인볼수완상추튀김,0.0,평가 대상 아님,,,이번 공시의 가맹점 수가 0이거나 비어 있어 평가하지 않았습니다.,2024
BRD_20190397,갈비1번가,0.0,평가 대상 아님,,,이번 공시의 가맹점 수가 0이거나 비어 있어 평가하지 않았습니다.,2024
BRD_20190407,아티스티,0.0,평가 대상 아님,,,이번 공시의 가맹점 수가 0이거나 비어 있어 평가하지 않았습니다.,2024
BRD_20190412,호박치킨,0.0,평가 대상 아님,,,이번 공시의 가맹점 수가 0이거나 비어 있어 평가하지 않았습니다.,2024
BRD_20190437,유명진의육미정담,0.0,평가 대상 아님,,,이번 공시의 가맹점 수가 0이거나 비어 있어 평가하지 않았습니다.,2024
BRD_20190462,와사비,0.0,평가 대상 아님,,,이번 공시의 가맹점 수가 0이거나 비어 있어 평가하지 않았습니다.,2024
BRD_20190471,이딸리아나,0.0,평가 대상 아님,,,이번 공시의 가맹점 수가 0이거나 비어 있어 평가하지 않았습니다.,2024
BRD_20190473,빛뜰화로구이,0.0,평가 대상 아님,,,이번 공시의 가맹점 수가 0이거나 비어 있어 평가하지 않았습니다.,2024
BRD_20190482,취중다마,0.0,평가 대상 아님,,,이번 공시의 가맹점 수가 0이거나 비어 있어 평가하지 않았습니다.,2024
BRD_20190485,홍단,0.0,평가 대상 아님,,,이번 공시의 가맹점 수가 0이거나 비어 있어 평가하지 않았습니다.,2024
BRD_20190487,달감치킨,0.0,평가 대상 아님,,,이번 공시의 가맹점 수가 0이거나 비어 있어 평가하지 않았습니다.,2024
BRD_20190539,락립배,0.0,평가 대상 아님,,,이번 공시의 가맹점 수가 0이거나 비어 있어 평가하지 않았습니다.,2024
BRD_20190569,더착한베이커리카페,0.0,평가 대상 아님,,,이번 공시의 가맹점 수가 0이거나 비어 있어 평가하지 않았습니다.,2024
BRD_20190608,비범한 꼬치,0.0,평가 대상 아님,,,이번 공시의 가맹점 수가 0이거나 비어 있어 평가하지 않았습니다.,2024
BRD_20190614,킹스타치킨,0.0,평가 대상 아님,,,이번 공시의 가맹점 수가 0이거나 비어 있어 평가하지 않았습니다.,2024
BRD_20190648,나무새다이닝,0.0,평가 대상 아님,,,이번 공시의 가맹점 수가 0이거나 비어 있어 평가하지 않았습니다.,2024
BRD_20190681,두반닭,0.0,평가 대상 아님,,,이번 공시의 가맹점 수가 0이거나 비어 있어 평가하지 않았습니다.,2024
BRD_20190720,삐싱궈,0.0,평가 대상 아님,,,이번 공시의 가맹점 수가 0이거나 비어 있어 평가하지 않았습니다.,2024
BRD_20190749,더자반(The자반),0.0,평가 대상 아님,,,이번 공시의 가맹점 수가 0이거나 비어 있어 평가하지 않았습니다.,2024
BRD_20190751,흑본당,0.0,평가 대상 아님,,,이번 공시의 가맹점 수가 0이거나 비어 있어 평가하지 않았습니다.,2024
BRD_20190814,칠백집 서울껍데기,0.0,평가 대상 아님,,,이번 공시의 가맹점 수가 0이거나 비어 있어 평가하지 않았습니다.,2024
BRD_20190822,스시&후라이,0.0,평가 대상 아님,,,이번 공시의 가맹점 수가 0이거나 비어 있어 평가하지 않았습니다.,2024
BRD_20190829,트리2790(TREE2790),0.0,평가 대상 아님,,,이번 공시의 가맹점 수가 0이거나 비어 있어 평가하지 않았습니다.,2024
BRD_20190836,피자오 (PIZZA O),0.0,평가 대상 아님,,,이번 공시의 가맹점 수가 0이거나 비어 있어 평가하지 않았습니다.,2024
BRD_20190852,장안우동집,0.0,평가 대상 아님,,,이번 공시의 가맹점 수가 0이거나 비어 있어 평가하지 않았습니다.,2024
BRD_20190857,갈현동할머니떡볶이,0.0,평가 대상 아님,,,이번 공시의 가맹점 수가 0이거나 비어 있어 평가하지 않았습니다.,2024
BRD_20190873,명태천국 명태조림감자탕,0.0,평가 대상 아님,,,이번 공시의 가맹점 수가 0이거나 비어 있어 평가하지 않았습니다.,2024
BRD_20190911,올빼미남산왕돈까스,0.0,평가 대상 아님,,,이번 공시의 가맹점 수가 0이거나 비어 있어 평가하지 않았습니다.,2024
BRD_20190971,마치마치,0.0,평가 대상 아님,,,이번 공시의 가맹점 수가 0이거나 비어 있어 평가하지 않았습니다.,2024
BRD_20190975,닭대장,0.0,평가 대상 아님,,,이번 공시의 가맹점 수가 0이거나 비어 있어 평가하지 않았습니다.,2024
BRD_20190980,우주하이볼바,0.0,평가 대상 아님,,,이번 공시의 가맹점 수가 0이거나 비어 있어 평가하지 않았습니다.,2024
BRD_20191015,Girin The 매운갈비찜,0.0,평가 대상 아님,,,이번 공시의 가맹점 수가 0이거나 비어 있어 평가하지 않았습니다.,2024
BRD_20191042,조림철통닭갈비,0.0,평가 대상 아님,,,이번 공시의 가맹점 수가 0이거나 비어 있어 평가하지 않았습니다.,2024
BRD_20191047,오로지라멘,0.0,평가 대상 아님,,,이번 공시의 가맹점 수가 0이거나 비어 있어 평가하지 않았습니다.,2024
BRD_20191054,이서면장 국수잘하는집,0.0,평가 대상 아님,,,이번 공시의 가맹점 수가 0이거나 비어 있어 평가하지 않았습니다.,2024
BRD_20191063,해물꽃돈,0.0,평가 대상 아님,,,이번 공시의 가맹점 수가 0이거나 비어 있어 평가하지 않았습니다.,2024
BRD_20191083,말리따(MALITTA),0.0,평가 대상 아님,,,이번 공시의 가맹점 수가 0이거나 비어 있어 평가하지 않았습니다.,2024
BRD_20191107,대건명가,0.0,평가 대상 아님,,,이번 공시의 가맹점 수가 0이거나 비어 있어 평가하지 않았습니다.,2024
BRD_20191124,소신,0.0,평가 대상 아님,,,이번 공시의 가맹점 수가 0이거나 비어 있어 평가하지 않았습니다.,2024
BRD_20191147,창대한곱창,0.0,평가 대상 아님,,,이번 공시의 가맹점 수가 0이거나 비어 있어 평가하지 않았습니다.,2024
BRD_20191148,타이거마라,0.0,평가 대상 아님,,,이번 공시의 가맹점 수가 0이거나 비어 있어 평가하지 않았습니다.,2024
BRD_20191169,용범이네 노상통닭,0.0,평가 대상 아님,,,이번 공시의 가맹점 수가 0이거나 비어 있어 평가하지 않았습니다.,2024
BRD_20191177,최고남 제육명가,0.0,평가 대상 아님,,,이번 공시의 가맹점 수가 0이거나 비어 있어 평가하지 않았습니다.,2024
BRD_20191195,채우담 야채고기찜,0.0,평가 대상 아님,,,이번 공시의 가맹점 수가 0이거나 비어 있어 평가하지 않았습니다.,2024
BRD_20191211,제육이와 짜글이,0.0,평가 대상 아님,,,이번 공시의 가맹점 수가 0이거나 비어 있어 평가하지 않았습니다.,2024
BRD_20191217,아수라불닭발,0.0,평가 대상 아님,,,이번 공시의 가맹점 수가 0이거나 비어 있어 평가하지 않았습니다.,2024
BRD_20191227,바로온쉐프,0.0,평가 대상 아님,,,이번 공시의 가맹점 수가 0이거나 비어 있어 평가하지 않았습니다.,2024
BRD_20191237,월국시,0.0,평가 대상 아님,,,이번 공시의 가맹점 수가 0이거나 비어 있어 평가하지 않았습니다.,2024
BRD_20191240,그린머그,0.0,평가 대상 아님,,,이번 공시의 가맹점 수가 0이거나 비어 있어 평가하지 않았습니다.,2024
BRD_20191247,구팔한우,0.0,평가 대상 아님,,,이번 공시의 가맹점 수가 0이거나 비어 있어 평가하지 않았습니다.,2024
BRD_20191249,양대감600,0.0,평가 대상 아님,,,이번 공시의 가맹점 수가 0이거나 비어 있어 평가하지 않았습니다.,2024
BRD_20191250,강찜찌,0.0,평가 대상 아님,,,이번 공시의 가맹점 수가 0이거나 비어 있어 평가하지 않았습니다.,2024
BRD_20191277,놀라몬드,0.0,평가 대상 아님,,,이번 공시의 가맹점 수가 0이거나 비어 있어 평가하지 않았습니다.,2024
BRD_20191302,미촨랭,0.0,평가 대상 아님,,,이번 공시의 가맹점 수가 0이거나 비어 있어 평가하지 않았습니다.,2024
BRD_20191308,참만복,0.0,평가 대상 아님,,,이번 공시의 가맹점 수가 0이거나 비어 있어 평가하지 않았습니다.,2024
BRD_20191326,편장군족발,0.0,평가 대상 아님,,,이번 공시의 가맹점 수가 0이거나 비어 있어 평가하지 않았습니다.,2024
BRD_20191338,세상모든면요리,0.0,평가 대상 아님,,,이번 공시의 가맹점 수가 0이거나 비어 있어 평가하지 않았습니다.,2024
BRD_20191341|JNG_011629,도레미치킨,0.0,평가 대상 아님,,,이번 공시의 가맹점 수가 0이거나 비어 있어 평가하지 않았습니다.,2024
BRD_20191359,두근두근소담마루,0.0,평가 대상 아님,,,이번 공시의 가맹점 수가 0이거나 비어 있어 평가하지 않았습니다.,2024
BRD_20191367,뽕미당,0.0,평가 대상 아님,,,이번 공시의 가맹점 수가 0이거나 비어 있어 평가하지 않았습니다.,2024
BRD_20191368,치킨살롱,0.0,평가 대상 아님,,,이번 공시의 가맹점 수가 0이거나 비어 있어 평가하지 않았습니다.,2024
BRD_20191401,신(辛)난쭈꾸미,0.0,평가 대상 아님,,,이번 공시의 가맹점 수가 0이거나 비어 있어 평가하지 않았습니다.,2024
BRD_20191409,한림돈가,0.0,평가 대상 아님,,,이번 공시의 가맹점 수가 0이거나 비어 있어 평가하지 않았습니다.,2024
BRD_20191416,양주족,0.0,평가 대상 아님,,,이번 공시의 가맹점 수가 0이거나 비어 있어 평가하지 않았습니다.,2024
BRD_20191417,계연탄,0.0,평가 대상 아님,,,이번 공시의 가맹점 수가 0이거나 비어 있어 평가하지 않았습니다.,2024
BRD_20191433,엉망진창 떡볶이,0.0,평가 대상 아님,,,이번 공시의 가맹점 수가 0이거나 비어 있어 평가하지 않았습니다.,2024
BRD_20200022,평화다방,0.0,평가 대상 아님,,,이번 공시의 가맹점 수가 0이거나 비어 있어 평가하지 않았습니다.,2024
BRD_20200030,직화부엌직화고,0.0,평가 대상 아님,,,이번 공시의 가맹점 수가 0이거나 비어 있어 평가하지 않았습니다.,2024
BRD_20200039,라짜이,0.0,평가 대상 아님,,,이번 공시의 가맹점 수가 0이거나 비어 있어 평가하지 않았습니다.,2024
BRD_20200085,한입소반,0.0,평가 대상 아님,,,이번 공시의 가맹점 수가 0이거나 비어 있어 평가하지 않았습니다.,2024
BRD_20200112,중앙칼국수,0.0,평가 대상 아님,,,이번 공시의 가맹점 수가 0이거나 비어 있어 평가하지 않았습니다.,2024
BRD_20200119,시래정각,0.0,평가 대상 아님,,,이번 공시의 가맹점 수가 0이거나 비어 있어 평가하지 않았습니다.,2024
BRD_20200132,오끼,0.0,평가 대상 아님,,,이번 공시의 가맹점 수가 0이거나 비어 있어 평가하지 않았습니다.,2024
BRD_20200134,성공국밥,0.0,평가 대상 아님,,,이번 공시의 가맹점 수가 0이거나 비어 있어 평가하지 않았습니다.,2024
BRD_20200138,왕비돈까스,0.0,평가 대상 아님,,,이번 공시의 가맹점 수가 0이거나 비어 있어 평가하지 않았습니다.,2024
BRD_20200139,노랑분식,0.0,평가 대상 아님,,,이번 공시의 가맹점 수가 0이거나 비어 있어 평가하지 않았습니다.,2024
BRD_20200140,별도깨비 포장맛차,0.0,평가 대상 아님,,,이번 공시의 가맹점 수가 0이거나 비어 있어 평가하지 않았습니다.,2024
BRD_20200144,우등생,0.0,평가 대상 아님,,,이번 공시의 가맹점 수가 0이거나 비어 있어 평가하지 않았습니다.,2024
BRD_20200145,천가,0.0,평가 대상 아님,,,이번 공시의 가맹점 수가 0이거나 비어 있어 평가하지 않았습니다.,2024
BRD_20200150,꼬기&스테이크,0.0,평가 대상 아님,,,이번 공시의 가맹점 수가 0이거나 비어 있어 평가하지 않았습니다.,2024
BRD_20200171,강학구참국밥,0.0,평가 대상 아님,,,이번 공시의 가맹점 수가 0이거나 비어 있어 평가하지 않았습니다.,2024
BRD_20200202,아수라치킨,0.0,평가 대상 아님,,,이번 공시의 가맹점 수가 0이거나 비어 있어 평가하지 않았습니다.,2024
BRD_20200210,청년보쌈,0.0,평가 대상 아님,,,이번 공시의 가맹점 수가 0이거나 비어 있어 평가하지 않았습니다.,2024
BRD_20200233,씨앤오푸드,0.0,평가 대상 아님,,,이번 공시의 가맹점 수가 0이거나 비어 있어 평가하지 않았습니다.,2024
BRD_20200238,수육신,0.0,평가 대상 아님,,,이번 공시의 가맹점 수가 0이거나 비어 있어 평가하지 않았습니다.,2024
BRD_20200240,육백집 서울고깃집,0.0,평가 대상 아님,,,이번 공시의 가맹점 수가 0이거나 비어 있어 평가하지 않았습니다.,2024
BRD_20200241,사백집엄청난삼겹살,0.0,평가 대상 아님,,,이번 공시의 가맹점 수가 0이거나 비어 있어 평가하지 않았습니다.,2024
BRD_20200251,서울편백찜,0.0,평가 대상 아님,,,이번 공시의 가맹점 수가 0이거나 비어 있어 평가하지 않았습니다.,2024
BRD_20200254,씨티야,0.0,평가 대상 아님,,,이번 공시의 가맹점 수가 0이거나 비어 있어 평가하지 않았습니다.,2024
BRD_20200255,쫄삼예찬,0.0,평가 대상 아님,,,이번 공시의 가맹점 수가 0이거나 비어 있어 평가하지 않았습니다.,2024
BRD_20200256,월쌈,0.0,평가 대상 아님,,,이번 공시의 가맹점 수가 0이거나 비어 있어 평가하지 않았습니다.,2024
BRD_20200257,오리니,0.0,평가 대상 아님,,,이번 공시의 가맹점 수가 0이거나 비어 있어 평가하지 않았습니다.,2024
BRD_20200258,요거트미,0.0,평가 대상 아님,,,이번 공시의 가맹점 수가 0이거나 비어 있어 평가하지 않았습니다.,2024
BRD_20200259,우스타,0.0,평가 대상 아님,,,이번 공시의 가맹점 수가 0이거나 비어 있어 평가하지 않았습니다.,2024
BRD_20200260,홍할매,0.0,평가 대상 아님,,,이번 공시의 가맹점 수가 0이거나 비어 있어 평가하지 않았습니다.,2024
BRD_20200261,곱창민족,0.0,평가 대상 아님,,,이번 공시의 가맹점 수가 0이거나 비어 있어 평가하지 않았습니다.,2024
BRD_20200263,맥주민족,0.0,평가 대상 아님,,,이번 공시의 가맹점 수가 0이거나 비어 있어 평가하지 않았습니다.,2024
BRD_20200264,더그릴썬,0.0,평가 대상 아님,,,이번 공시의 가맹점 수가 0이거나 비어 있어 평가하지 않았습니다.,2024
BRD_20200265,노랑김밥,0.0,평가 대상 아님,,,이번 공시의 가맹점 수가 0이거나 비어 있어 평가하지 않았습니다.,2024
BRD_20200267,아!이맛이야 철판산성,0.0,평가 대상 아님,,,이번 공시의 가맹점 수가 0이거나 비어 있어 평가하지 않았습니다.,2024
BRD_20200270,포센,0.0,평가 대상 아님,,,이번 공시의 가맹점 수가 0이거나 비어 있어 평가하지 않았습니다.,2024
BRD_20200271,대한계,0.0,평가 대상 아님,,,이번 공시의 가맹점 수가 0이거나 비어 있어 평가하지 않았습니다.,2024
BRD_20200272,이화당,0.0,평가 대상 아님,,,이번 공시의 가맹점 수가 0이거나 비어 있어 평가하지 않았습니다.,2024
BRD_20200281,공룡슈퍼,0.0,평가 대상 아님,,,이번 공시의 가맹점 수가 0이거나 비어 있어 평가하지 않았습니다.,2024
BRD_20200284,엔타스시,0.0,평가 대상 아님,,,이번 공시의 가맹점 수가 0이거나 비어 있어 평가하지 않았습니다.,2024
BRD_20200296,돈까스청춘,0.0,평가 대상 아님,,,이번 공시의 가맹점 수가 0이거나 비어 있어 평가하지 않았습니다.,2024
BRD_20200297,경성뼈대,0.0,평가 대상 아님,,,이번 공시의 가맹점 수가 0이거나 비어 있어 평가하지 않았습니다.,2024
BRD_20200298,미스터포차,0.0,평가 대상 아님,,,이번 공시의 가맹점 수가 0이거나 비어 있어 평가하지 않았습니다.,2024
BRD_20200299,조선비빔,0.0,평가 대상 아님,,,이번 공시의 가맹점 수가 0이거나 비어 있어 평가하지 않았습니다.,2024
BRD_20200300,곱닭,0.0,평가 대상 아님,,,이번 공시의 가맹점 수가 0이거나 비어 있어 평가하지 않았습니다.,2024
BRD_20200301,애플틴,0.0,평가 대상 아님,,,이번 공시의 가맹점 수가 0이거나 비어 있어 평가하지 않았습니다.,2024
BRD_20200302,코링,0.0,평가 대상 아님,,,이번 공시의 가맹점 수가 0이거나 비어 있어 평가하지 않았습니다.,2024
BRD_20200303,조선푸줏간,0.0,평가 대상 아님,,,이번 공시의 가맹점 수가 0이거나 비어 있어 평가하지 않았습니다.,2024
BRD_20200304,커피아트,0.0,평가 대상 아님,,,이번 공시의 가맹점 수가 0이거나 비어 있어 평가하지 않았습니다.,2024
BRD_20200305,황찜,0.0,평가 대상 아님,,,이번 공시의 가맹점 수가 0이거나 비어 있어 평가하지 않았습니다.,2024
BRD_20200306,짜짜왕,0.0,평가 대상 아님,,,이번 공시의 가맹점 수가 0이거나 비어 있어 평가하지 않았습니다.,2024
BRD_20200307,해적면,0.0,평가 대상 아님,,,이번 공시의 가맹점 수가 0이거나 비어 있어 평가하지 않았습니다.,2024
BRD_20200309,베콩,0.0,평가 대상 아님,,,이번 공시의 가맹점 수가 0이거나 비어 있어 평가하지 않았습니다.,2024
BRD_20200392,에딕티(Addictea),0.0,평가 대상 아님,,,이번 공시의 가맹점 수가 0이거나 비어 있어 평가하지 않았습니다.,2024
BRD_20200405,추담추어정,0.0,평가 대상 아님,,,이번 공시의 가맹점 수가 0이거나 비어 있어 평가하지 않았습니다.,2024
BRD_20200408,야키톤탄탄,0.0,평가 대상 아님,,,이번 공시의 가맹점 수가 0이거나 비어 있어 평가하지 않았습니다.,2024
BRD_20200418,바른육개장,0.0,평가 대상 아님,,,이번 공시의 가맹점 수가 0이거나 비어 있어 평가하지 않았습니다.,2024
BRD_20200437,한신감자탕순대국,0.0,평가 대상 아님,,,이번 공시의 가맹점 수가 0이거나 비어 있어 평가하지 않았습니다.,2024
BRD_20200484,국대후라이드치킨,0.0,평가 대상 아님,,,이번 공시의 가맹점 수가 0이거나 비어 있어 평가하지 않았습니다.,2024
BRD_20200486,논노스(NONNOS),0.0,평가 대상 아님,,,이번 공시의 가맹점 수가 0이거나 비어 있어 평가하지 않았습니다.,2024
BRD_20200487,조슈아버거팩토리(Joshua Burger Factory),0.0,평가 대상 아님,,,이번 공시의 가맹점 수가 0이거나 비어 있어 평가하지 않았습니다.,2024
BRD_20200489,이북만두락원,0.0,평가 대상 아님,,,이번 공시의 가맹점 수가 0이거나 비어 있어 평가하지 않았습니다.,2024
BRD_20200510,압구정곱떡,0.0,평가 대상 아님,,,이번 공시의 가맹점 수가 0이거나 비어 있어 평가하지 않았습니다.,2024
BRD_20200514,파스타몽,0.0,평가 대상 아님,,,이번 공시의 가맹점 수가 0이거나 비어 있어 평가하지 않았습니다.,2024
BRD_20200528,닭강정짱,0.0,평가 대상 아님,,,이번 공시의 가맹점 수가 0이거나 비어 있어 평가하지 않았습니다.,2024
BRD_20200537,술이야바이바이브(술이야 by vibe),0.0,평가 대상 아님,,,이번 공시의 가맹점 수가 0이거나 비어 있어 평가하지 않았습니다.,2024
BRD_20200589,돈까스본능,0.0,평가 대상 아님,,,이번 공시의 가맹점 수가 0이거나 비어 있어 평가하지 않았습니다.,2024
BRD_20200590,치킨본능,0.0,평가 대상 아님,,,이번 공시의 가맹점 수가 0이거나 비어 있어 평가하지 않았습니다.,2024
BRD_20200591,탕수육본능,0.0,평가 대상 아님,,,이번 공시의 가맹점 수가 0이거나 비어 있어 평가하지 않았습니다.,2024
BRD_20200609,국민부대찌개,0.0,평가 대상 아님,,,이번 공시의 가맹점 수가 0이거나 비어 있어 평가하지 않았습니다.,2024
BRD_20200631,대부면가 우리밀칼국수,0.0,평가 대상 아님,,,이번 공시의 가맹점 수가 0이거나 비어 있어 평가하지 않았습니다.,2024
BRD_20200637,효선기보,0.0,평가 대상 아님,,,이번 공시의 가맹점 수가 0이거나 비어 있어 평가하지 않았습니다.,2024
BRD_20200643,덮킷리스트,0.0,평가 대상 아님,,,이번 공시의 가맹점 수가 0이거나 비어 있어 평가하지 않았습니다.,2024
BRD_20200646,마부곱창,0.0,평가 대상 아님,,,이번 공시의 가맹점 수가 0이거나 비어 있어 평가하지 않았습니다.,2024
BRD_20200652,별미샤브,0.0,평가 대상 아님,,,이번 공시의 가맹점 수가 0이거나 비어 있어 평가하지 않았습니다.,2024
BRD_20200672,떡가계,0.0,평가 대상 아님,,,이번 공시의 가맹점 수가 0이거나 비어 있어 평가하지 않았습니다.,2024
BRD_20200718,채영진의명품생고기무한리필,0.0,평가 대상 아님,,,이번 공시의 가맹점 수가 0이거나 비어 있어 평가하지 않았습니다.,2024
BRD_20200746,오하루수육국밥,0.0,평가 대상 아님,,,이번 공시의 가맹점 수가 0이거나 비어 있어 평가하지 않았습니다.,2024
BRD_20200752,동네창고,0.0,평가 대상 아님,,,이번 공시의 가맹점 수가 0이거나 비어 있어 평가하지 않았습니다.,2024
BRD_20200763,사우나 떡볶이,0.0,평가 대상 아님,,,이번 공시의 가맹점 수가 0이거나 비어 있어 평가하지 않았습니다.,2024
BRD_20200779,마리야,0.0,평가 대상 아님,,,이번 공시의 가맹점 수가 0이거나 비어 있어 평가하지 않았습니다.,2024
BRD_20200789,운로(구름화로),0.0,평가 대상 아님,,,이번 공시의 가맹점 수가 0이거나 비어 있어 평가하지 않았습니다.,2024
BRD_20200801,아델라7,0.0,평가 대상 아님,,,이번 공시의 가맹점 수가 0이거나 비어 있어 평가하지 않았습니다.,2024
BRD_20200806,박봉자 떡볶이,0.0,평가 대상 아님,,,이번 공시의 가맹점 수가 0이거나 비어 있어 평가하지 않았습니다.,2024
BRD_20200809,만수미당,0.0,평가 대상 아님,,,이번 공시의 가맹점 수가 0이거나 비어 있어 평가하지 않았습니다.,2024
BRD_20200816,BnB치킨&떡볶이,0.0,평가 대상 아님,,,이번 공시의 가맹점 수가 0이거나 비어 있어 평가하지 않았습니다.,2024
BRD_20200858,우판집,0.0,평가 대상 아님,,,이번 공시의 가맹점 수가 0이거나 비어 있어 평가하지 않았습니다.,2024
BRD_20200874,낙원할머니뼛칼,0.0,평가 대상 아님,,,이번 공시의 가맹점 수가 0이거나 비어 있어 평가하지 않았습니다.,2024
BRD_20200876,씨플랫(C.Flat),0.0,평가 대상 아님,,,이번 공시의 가맹점 수가 0이거나 비어 있어 평가하지 않았습니다.,2024
BRD_20200887,내만삼겹살,0.0,평가 대상 아님,,,이번 공시의 가맹점 수가 0이거나 비어 있어 평가하지 않았습니다.,2024
BRD_20200888,오진당떡볶이,0.0,평가 대상 아님,,,이번 공시의 가맹점 수가 0이거나 비어 있어 평가하지 않았습니다.,2024
BRD_20200896,곱스떡스,0.0,평가 대상 아님,,,이번 공시의 가맹점 수가 0이거나 비어 있어 평가하지 않았습니다.,2024
BRD_20200910,더페퍼 치킨식당,0.0,평가 대상 아님,,,이번 공시의 가맹점 수가 0이거나 비어 있어 평가하지 않았습니다.,2024
BRD_20200911,치윙스,0.0,평가 대상 아님,,,이번 공시의 가맹점 수가 0이거나 비어 있어 평가하지 않았습니다.,2024
BRD_20200926,탐진강면사무소,0.0,평가 대상 아님,,,이번 공시의 가맹점 수가 0이거나 비어 있어 평가하지 않았습니다.,2024
BRD_20200935,국밥백서,0.0,평가 대상 아님,,,이번 공시의 가맹점 수가 0이거나 비어 있어 평가하지 않았습니다.,2024
BRD_20200971,찜피,0.0,평가 대상 아님,,,이번 공시의 가맹점 수가 0이거나 비어 있어 평가하지 않았습니다.,2024
BRD_20200977,커피바이브,0.0,평가 대상 아님,,,이번 공시의 가맹점 수가 0이거나 비어 있어 평가하지 않았습니다.,2024
BRD_20200979,참바른중식당,0.0,평가 대상 아님,,,이번 공시의 가맹점 수가 0이거나 비어 있어 평가하지 않았습니다.,2024
BRD_20200981,용범양대창,0.0,평가 대상 아님,,,이번 공시의 가맹점 수가 0이거나 비어 있어 평가하지 않았습니다.,2024
BRD_20201026,부산양대창,0.0,평가 대상 아님,,,이번 공시의 가맹점 수가 0이거나 비어 있어 평가하지 않았습니다.,2024
BRD_20201030,브이떡볶이126,0.0,평가 대상 아님,,,이번 공시의 가맹점 수가 0이거나 비어 있어 평가하지 않았습니다.,2024
BRD_20201038,돈가스부띄크,0.0,평가 대상 아님,,,이번 공시의 가맹점 수가 0이거나 비어 있어 평가하지 않았습니다.,2024
BRD_20201073,면장의밥상,0.0,평가 대상 아님,,,이번 공시의 가맹점 수가 0이거나 비어 있어 평가하지 않았습니다.,2024
BRD_20201082,면도칼,0.0,평가 대상 아님,,,이번 공시의 가맹점 수가 0이거나 비어 있어 평가하지 않았습니다.,2024
BRD_20201083,팔방면,0.0,평가 대상 아님,,,이번 공시의 가맹점 수가 0이거나 비어 있어 평가하지 않았습니다.,2024
BRD_20201101,아구좋은날,0.0,평가 대상 아님,,,이번 공시의 가맹점 수가 0이거나 비어 있어 평가하지 않았습니다.,2024
BRD_20201108,샌디&와인데이즈(Sandy&Wine Days),0.0,평가 대상 아님,,,이번 공시의 가맹점 수가 0이거나 비어 있어 평가하지 않았습니다.,2024
BRD_20201112,대패꽃필무렵,0.0,평가 대상 아님,,,이번 공시의 가맹점 수가 0이거나 비어 있어 평가하지 않았습니다.,2024
BRD_20201120,열광회관,0.0,평가 대상 아님,,,이번 공시의 가맹점 수가 0이거나 비어 있어 평가하지 않았습니다.,2024
BRD_20201129,서화당,0.0,평가 대상 아님,,,이번 공시의 가맹점 수가 0이거나 비어 있어 평가하지 않았습니다.,2024
BRD_20201180,버거요(BURGER YO),0.0,평가 대상 아님,,,이번 공시의 가맹점 수가 0이거나 비어 있어 평가하지 않았습니다.,2024
BRD_20201197,포피스피자,0.0,평가 대상 아님,,,이번 공시의 가맹점 수가 0이거나 비어 있어 평가하지 않았습니다.,2024
BRD_20201207,라이너스바베큐,0.0,평가 대상 아님,,,이번 공시의 가맹점 수가 0이거나 비어 있어 평가하지 않았습니다.,2024
BRD_20201213,45초 커피,0.0,평가 대상 아님,,,이번 공시의 가맹점 수가 0이거나 비어 있어 평가하지 않았습니다.,2024
BRD_20201248,천년설렁탕,0.0,평가 대상 아님,,,이번 공시의 가맹점 수가 0이거나 비어 있어 평가하지 않았습니다.,2024
BRD_20201269,프로키친,0.0,평가 대상 아님,,,이번 공시의 가맹점 수가 0이거나 비어 있어 평가하지 않았습니다.,2024
BRD_20201282,육전주는인생설곰탕,0.0,평가 대상 아님,,,이번 공시의 가맹점 수가 0이거나 비어 있어 평가하지 않았습니다.,2024
BRD_20201306,불반집,0.0,평가 대상 아님,,,이번 공시의 가맹점 수가 0이거나 비어 있어 평가하지 않았습니다.,2024
BRD_20201318,수왕초장집,0.0,평가 대상 아님,,,이번 공시의 가맹점 수가 0이거나 비어 있어 평가하지 않았습니다.,2024
BRD_20201356|JNG_003758,둥지닭볶음탕,0.0,평가 대상 아님,,,이번 공시의 가맹점 수가 0이거나 비어 있어 평가하지 않았습니다.,2024
BRD_20201361,씅스꼬기가득비빔밥,0.0,평가 대상 아님,,,이번 공시의 가맹점 수가 0이거나 비어 있어 평가하지 않았습니다.,2024
BRD_20201362,곱꾸아한우곱창,0.0,평가 대상 아님,,,이번 공시의 가맹점 수가 0이거나 비어 있어 평가하지 않았습니다.,2024
BRD_20201363,응곱1978,0.0,평가 대상 아님,,,이번 공시의 가맹점 수가 0이거나 비어 있어 평가하지 않았습니다.,2024
BRD_20201405,불당시장,0.0,평가 대상 아님,,,이번 공시의 가맹점 수가 0이거나 비어 있어 평가하지 않았습니다.,2024
BRD_20201410,신차이,0.0,평가 대상 아님,,,이번 공시의 가맹점 수가 0이거나 비어 있어 평가하지 않았습니다.,2024
BRD_20201434,1979 우이동닭도리,0.0,평가 대상 아님,,,이번 공시의 가맹점 수가 0이거나 비어 있어 평가하지 않았습니다.,2024
BRD_20201437,짚뿔닭발,0.0,평가 대상 아님,,,이번 공시의 가맹점 수가 0이거나 비어 있어 평가하지 않았습니다.,2024
BRD_20201478,새마을찜닭,0.0,평가 대상 아님,,,이번 공시의 가맹점 수가 0이거나 비어 있어 평가하지 않았습니다.,2024
BRD_20201480,육화미,0.0,평가 대상 아님,,,이번 공시의 가맹점 수가 0이거나 비어 있어 평가하지 않았습니다.,2024
BRD_20201487,로건커피,0.0,평가 대상 아님,,,이번 공시의 가맹점 수가 0이거나 비어 있어 평가하지 않았습니다.,2024
BRD_20201488,파치비,0.0,평가 대상 아님,,,이번 공시의 가맹점 수가 0이거나 비어 있어 평가하지 않았습니다.,2024
BRD_20201490,혼밥쌀롱,0.0,평가 대상 아님,,,이번 공시의 가맹점 수가 0이거나 비어 있어 평가하지 않았습니다.,2024
BRD_20201509,갓지은 와플밥,0.0,평가 대상 아님,,,이번 공시의 가맹점 수가 0이거나 비어 있어 평가하지 않았습니다.,2024
BRD_20201510,데일리하이웨이,0.0,평가 대상 아님,,,이번 공시의 가맹점 수가 0이거나 비어 있어 평가하지 않았습니다.,2024
BRD_20201522,통닭마니아,0.0,평가 대상 아님,,,이번 공시의 가맹점 수가 0이거나 비어 있어 평가하지 않았습니다.,2024
BRD_20201533,미세스복희,0.0,평가 대상 아님,,,이번 공시의 가맹점 수가 0이거나 비어 있어 평가하지 않았습니다.,2024
BRD_20201539,꽃꼬댁,0.0,평가 대상 아님,,,이번 공시의 가맹점 수가 0이거나 비어 있어 평가하지 않았습니다.,2024
BRD_20201540,야야할매김치찜,0.0,평가 대상 아님,,,이번 공시의 가맹점 수가 0이거나 비어 있어 평가하지 않았습니다.,2024
BRD_20201555,바푸리치킨,0.0,평가 대상 아님,,,이번 공시의 가맹점 수가 0이거나 비어 있어 평가하지 않았습니다.,2024
BRD_20201557,제주등뼈가,0.0,평가 대상 아님,,,이번 공시의 가맹점 수가 0이거나 비어 있어 평가하지 않았습니다.,2024
BRD_20201559,평화면옥,0.0,평가 대상 아님,,,이번 공시의 가맹점 수가 0이거나 비어 있어 평가하지 않았습니다.,2024
BRD_20201561,잇샐러드,0.0,평가 대상 아님,,,이번 공시의 가맹점 수가 0이거나 비어 있어 평가하지 않았습니다.,2024
BRD_20201563,플래터7,0.0,평가 대상 아님,,,이번 공시의 가맹점 수가 0이거나 비어 있어 평가하지 않았습니다.,2024
BRD_20201567,부산약콩밀면,0.0,평가 대상 아님,,,이번 공시의 가맹점 수가 0이거나 비어 있어 평가하지 않았습니다.,2024
BRD_20201571,무쇠강정,0.0,평가 대상 아님,,,이번 공시의 가맹점 수가 0이거나 비어 있어 평가하지 않았습니다.,2024
BRD_20201572,찜닭의정석,0.0,평가 대상 아님,,,이번 공시의 가맹점 수가 0이거나 비어 있어 평가하지 않았습니다.,2024
BRD_20201573,오마이핸즈,0.0,평가 대상 아님,,,이번 공시의 가맹점 수가 0이거나 비어 있어 평가하지 않았습니다.,2024
BRD_20201576,소보키,0.0,평가 대상 아님,,,이번 공시의 가맹점 수가 0이거나 비어 있어 평가하지 않았습니다.,2024
BRD_20201588,토스트까페이순신,0.0,평가 대상 아님,,,이번 공시의 가맹점 수가 0이거나 비어 있어 평가하지 않았습니다.,2024
BRD_20201590,봄담은배밭집흑염소,0.0,평가 대상 아님,,,이번 공시의 가맹점 수가 0이거나 비어 있어 평가하지 않았습니다.,2024
BRD_20201608,타코비치즈볼,0.0,평가 대상 아님,,,이번 공시의 가맹점 수가 0이거나 비어 있어 평가하지 않았습니다.,2024
BRD_20201616,따블,0.0,평가 대상 아님,,,이번 공시의 가맹점 수가 0이거나 비어 있어 평가하지 않았습니다.,2024
BRD_20201626,만석동 철판집,0.0,평가 대상 아님,,,이번 공시의 가맹점 수가 0이거나 비어 있어 평가하지 않았습니다.,2024
BRD_20201629,STORANT(스토랑트),0.0,평가 대상 아님,,,이번 공시의 가맹점 수가 0이거나 비어 있어 평가하지 않았습니다.,2024
BRD_20201632,대기만성,0.0,평가 대상 아님,,,이번 공시의 가맹점 수가 0이거나 비어 있어 평가하지 않았습니다.,2024
BRD_20201635,돈부리 파스타,0.0,평가 대상 아님,,,이번 공시의 가맹점 수가 0이거나 비어 있어 평가하지 않았습니다.,2024
BRD_20201638,6.25떡볶이,0.0,평가 대상 아님,,,이번 공시의 가맹점 수가 0이거나 비어 있어 평가하지 않았습니다.,2024
BRD_20201640,혼술;몽,0.0,평가 대상 아님,,,이번 공시의 가맹점 수가 0이거나 비어 있어 평가하지 않았습니다.,2024
BRD_20201661,그레야마더지,0.0,평가 대상 아님,,,이번 공시의 가맹점 수가 0이거나 비어 있어 평가하지 않았습니다.,2024
BRD_20201663,샐러주,0.0,평가 대상 아님,,,이번 공시의 가맹점 수가 0이거나 비어 있어 평가하지 않았습니다.,2024
BRD_20201669,강남최부자집,0.0,평가 대상 아님,,,이번 공시의 가맹점 수가 0이거나 비어 있어 평가하지 않았습니다.,2024
BRD_20201686,위대한찜닭,0.0,평가 대상 아님,,,이번 공시의 가맹점 수가 0이거나 비어 있어 평가하지 않았습니다.,2024
BRD_20201687,황금 포차,0.0,평가 대상 아님,,,이번 공시의 가맹점 수가 0이거나 비어 있어 평가하지 않았습니다.,2024
BRD_20201688,황금 파스타,0.0,평가 대상 아님,,,이번 공시의 가맹점 수가 0이거나 비어 있어 평가하지 않았습니다.,2024
BRD_20201692,육갑자,0.0,평가 대상 아님,,,이번 공시의 가맹점 수가 0이거나 비어 있어 평가하지 않았습니다.,2024
BRD_20201699,김종구이자카야,0.0,평가 대상 아님,,,이번 공시의 가맹점 수가 0이거나 비어 있어 평가하지 않았습니다.,2024
BRD_20201700,오십이도칼국수,0.0,평가 대상 아님,,,이번 공시의 가맹점 수가 0이거나 비어 있어 평가하지 않았습니다.,2024
BRD_20201706,지단분식,0.0,평가 대상 아님,,,이번 공시의 가맹점 수가 0이거나 비어 있어 평가하지 않았습니다.,2024
BRD_20201710,맥프라이,0.0,평가 대상 아님,,,이번 공시의 가맹점 수가 0이거나 비어 있어 평가하지 않았습니다.,2024
BRD_20201711,전남친순대,0.0,평가 대상 아님,,,이번 공시의 가맹점 수가 0이거나 비어 있어 평가하지 않았습니다.,2024
BRD_20201712,신촌시대,0.0,평가 대상 아님,,,이번 공시의 가맹점 수가 0이거나 비어 있어 평가하지 않았습니다.,2024
BRD_20201714,복남이네꽁당보리밥,0.0,평가 대상 아님,,,이번 공시의 가맹점 수가 0이거나 비어 있어 평가하지 않았습니다.,2024
BRD_20201724,신난당,0.0,평가 대상 아님,,,이번 공시의 가맹점 수가 0이거나 비어 있어 평가하지 않았습니다.,2024
BRD_20201731,하이킹,0.0,평가 대상 아님,,,이번 공시의 가맹점 수가 0이거나 비어 있어 평가하지 않았습니다.,2024
BRD_20201742,불굴의떡볶이,0.0,평가 대상 아님,,,이번 공시의 가맹점 수가 0이거나 비어 있어 평가하지 않았습니다.,2024
BRD_20201746,투탑,0.0,평가 대상 아님,,,이번 공시의 가맹점 수가 0이거나 비어 있어 평가하지 않았습니다.,2024
BRD_20201759,육회에반한꼬막,0.0,평가 대상 아님,,,이번 공시의 가맹점 수가 0이거나 비어 있어 평가하지 않았습니다.,2024
BRD_20201764,마이하노이,0.0,평가 대상 아님,,,이번 공시의 가맹점 수가 0이거나 비어 있어 평가하지 않았습니다.,2024
BRD_20201788,교자킹,0.0,평가 대상 아님,,,이번 공시의 가맹점 수가 0이거나 비어 있어 평가하지 않았습니다.,2024
BRD_20201789,호랭이혼밥대령,0.0,평가 대상 아님,,,이번 공시의 가맹점 수가 0이거나 비어 있어 평가하지 않았습니다.,2024
BRD_20201792,요맛나분식,0.0,평가 대상 아님,,,이번 공시의 가맹점 수가 0이거나 비어 있어 평가하지 않았습니다.,2024
BRD_20201806,육회카세,0.0,평가 대상 아님,,,이번 공시의 가맹점 수가 0이거나 비어 있어 평가하지 않았습니다.,2024
BRD_20201808,황금 와플토스트,0.0,평가 대상 아님,,,이번 공시의 가맹점 수가 0이거나 비어 있어 평가하지 않았습니다.,2024
BRD_20201825,육구운본부,0.0,평가 대상 아님,,,이번 공시의 가맹점 수가 0이거나 비어 있어 평가하지 않았습니다.,2024
BRD_20201836,백세면사무소,0.0,평가 대상 아님,,,이번 공시의 가맹점 수가 0이거나 비어 있어 평가하지 않았습니다.,2024
BRD_20201865,길성이삼계탕,0.0,평가 대상 아님,,,이번 공시의 가맹점 수가 0이거나 비어 있어 평가하지 않았습니다.,2024
BRD_20201875,복도네,0.0,평가 대상 아님,,,이번 공시의 가맹점 수가 0이거나 비어 있어 평가하지 않았습니다.,2024
BRD_20201885,할리데이피자,0.0,평가 대상 아님,,,이번 공시의 가맹점 수가 0이거나 비어 있어 평가하지 않았습니다.,2024
BRD_20201886,청춘식당,0.0,평가 대상 아님,,,이번 공시의 가맹점 수가 0이거나 비어 있어 평가하지 않았습니다.,2024
BRD_20201887,와일드주스랩,0.0,평가 대상 아님,,,이번 공시의 가맹점 수가 0이거나 비어 있어 평가하지 않았습니다.,2024
BRD_20201909,꼬꼬댁,0.0,평가 대상 아님,,,이번 공시의 가맹점 수가 0이거나 비어 있어 평가하지 않았습니다.,2024
BRD_20201910,멘사무소,0.0,평가 대상 아님,,,이번 공시의 가맹점 수가 0이거나 비어 있어 평가하지 않았습니다.,2024
BRD_20201916,자몽자몽,0.0,평가 대상 아님,,,이번 공시의 가맹점 수가 0이거나 비어 있어 평가하지 않았습니다.,2024
BRD_20210004,배달중독,0.0,평가 대상 아님,,,이번 공시의 가맹점 수가 0이거나 비어 있어 평가하지 않았습니다.,2024
BRD_20210015,라라써커스분식,0.0,평가 대상 아님,,,이번 공시의 가맹점 수가 0이거나 비어 있어 평가하지 않았습니다.,2024
BRD_20210033,꼬끼오 분식,0.0,평가 대상 아님,,,이번 공시의 가맹점 수가 0이거나 비어 있어 평가하지 않았습니다.,2024
BRD_20210061,생존치킨,0.0,평가 대상 아님,,,이번 공시의 가맹점 수가 0이거나 비어 있어 평가하지 않았습니다.,2024
BRD_20210065,"루타6,400km",0.0,평가 대상 아님,,,이번 공시의 가맹점 수가 0이거나 비어 있어 평가하지 않았습니다.,2024
BRD_20210073,보양식119,0.0,평가 대상 아님,,,이번 공시의 가맹점 수가 0이거나 비어 있어 평가하지 않았습니다.,2024
BRD_20210080,갑쭈낙,0.0,평가 대상 아님,,,이번 공시의 가맹점 수가 0이거나 비어 있어 평가하지 않았습니다.,2024
BRD_20210088,이거예's 요거야,0.0,평가 대상 아님,,,이번 공시의 가맹점 수가 0이거나 비어 있어 평가하지 않았습니다.,2024
BRD_20210099,모란감자탕,0.0,평가 대상 아님,,,이번 공시의 가맹점 수가 0이거나 비어 있어 평가하지 않았습니다.,2024
BRD_20210105,백치킨,0.0,평가 대상 아님,,,이번 공시의 가맹점 수가 0이거나 비어 있어 평가하지 않았습니다.,2024
BRD_20210107,커피24,0.0,평가 대상 아님,,,이번 공시의 가맹점 수가 0이거나 비어 있어 평가하지 않았습니다.,2024
BRD_20210108,지구쓸맥,0.0,평가 대상 아님,,,이번 공시의 가맹점 수가 0이거나 비어 있어 평가하지 않았습니다.,2024
BRD_20210113,미소미소,0.0,평가 대상 아님,,,이번 공시의 가맹점 수가 0이거나 비어 있어 평가하지 않았습니다.,2024
BRD_20210123,본가이하랑,0.0,평가 대상 아님,,,이번 공시의 가맹점 수가 0이거나 비어 있어 평가하지 않았습니다.,2024
BRD_20210125,가평다하랑,0.0,평가 대상 아님,,,이번 공시의 가맹점 수가 0이거나 비어 있어 평가하지 않았습니다.,2024
BRD_20210126,이차돌프렌즈(LEECHADOL FRIENDS),0.0,평가 대상 아님,,,이번 공시의 가맹점 수가 0이거나 비어 있어 평가하지 않았습니다.,2024
BRD_20210127,열탄집,0.0,평가 대상 아님,,,이번 공시의 가맹점 수가 0이거나 비어 있어 평가하지 않았습니다.,2024
BRD_20210128,백차돌,0.0,평가 대상 아님,,,이번 공시의 가맹점 수가 0이거나 비어 있어 평가하지 않았습니다.,2024
BRD_20210132,이기사식당,0.0,평가 대상 아님,,,이번 공시의 가맹점 수가 0이거나 비어 있어 평가하지 않았습니다.,2024
BRD_20210133,압구정깍두기,0.0,평가 대상 아님,,,이번 공시의 가맹점 수가 0이거나 비어 있어 평가하지 않았습니다.,2024
BRD_20210134,마키야키,0.0,평가 대상 아님,,,이번 공시의 가맹점 수가 0이거나 비어 있어 평가하지 않았습니다.,2024
BRD_20210135,미스터이차돌BBQ,0.0,평가 대상 아님,,,이번 공시의 가맹점 수가 0이거나 비어 있어 평가하지 않았습니다.,2024
BRD_20210136,팔탄집,0.0,평가 대상 아님,,,이번 공시의 가맹점 수가 0이거나 비어 있어 평가하지 않았습니다.,2024
BRD_20210137,이베리군,0.0,평가 대상 아님,,,이번 공시의 가맹점 수가 0이거나 비어 있어 평가하지 않았습니다.,2024
BRD_20210138,패션감자탕,0.0,평가 대상 아님,,,이번 공시의 가맹점 수가 0이거나 비어 있어 평가하지 않았습니다.,2024
BRD_20210142,달려라짬뽕,0.0,평가 대상 아님,,,이번 공시의 가맹점 수가 0이거나 비어 있어 평가하지 않았습니다.,2024
BRD_20210161,춤추는아양쭈꾸미,0.0,평가 대상 아님,,,이번 공시의 가맹점 수가 0이거나 비어 있어 평가하지 않았습니다.,2024
BRD_20210178,불리스뉴욕핫도그,0.0,평가 대상 아님,,,이번 공시의 가맹점 수가 0이거나 비어 있어 평가하지 않았습니다.,2024
BRD_20210183,오또먹고싶당,0.0,평가 대상 아님,,,이번 공시의 가맹점 수가 0이거나 비어 있어 평가하지 않았습니다.,2024
BRD_20210190,현대옥치킨,0.0,평가 대상 아님,,,이번 공시의 가맹점 수가 0이거나 비어 있어 평가하지 않았습니다.,2024
BRD_20210197,더착한커피,0.0,평가 대상 아님,,,이번 공시의 가맹점 수가 0이거나 비어 있어 평가하지 않았습니다.,2024
BRD_20210217,조선현방 쭈삼합,0.0,평가 대상 아님,,,이번 공시의 가맹점 수가 0이거나 비어 있어 평가하지 않았습니다.,2024
BRD_20210218,고로버거,0.0,평가 대상 아님,,,이번 공시의 가맹점 수가 0이거나 비어 있어 평가하지 않았습니다.,2024
BRD_20210219,료리집북향,0.0,평가 대상 아님,,,이번 공시의 가맹점 수가 0이거나 비어 있어 평가하지 않았습니다.,2024
BRD_20210220,오리본능,0.0,평가 대상 아님,,,이번 공시의 가맹점 수가 0이거나 비어 있어 평가하지 않았습니다.,2024
BRD_20210228,국보국밥,0.0,평가 대상 아님,,,이번 공시의 가맹점 수가 0이거나 비어 있어 평가하지 않았습니다.,2024
BRD_20210250,파리떡볶이,0.0,평가 대상 아님,,,이번 공시의 가맹점 수가 0이거나 비어 있어 평가하지 않았습니다.,2024
BRD_20210251,정무문,0.0,평가 대상 아님,,,이번 공시의 가맹점 수가 0이거나 비어 있어 평가하지 않았습니다.,2024
BRD_20210252,정성담,0.0,평가 대상 아님,,,이번 공시의 가맹점 수가 0이거나 비어 있어 평가하지 않았습니다.,2024
BRD_20210253,농담,0.0,평가 대상 아님,,,이번 공시의 가맹점 수가 0이거나 비어 있어 평가하지 않았습니다.,2024
BRD_20210254,명륜정육식당,0.0,평가 대상 아님,,,이번 공시의 가맹점 수가 0이거나 비어 있어 평가하지 않았습니다.,2024
BRD_20210281,스테디샐러드&파스타,0.0,평가 대상 아님,,,이번 공시의 가맹점 수가 0이거나 비어 있어 평가하지 않았습니다.,2024
BRD_20210288,육감예찬,0.0,평가 대상 아님,,,이번 공시의 가맹점 수가 0이거나 비어 있어 평가하지 않았습니다.,2024
BRD_20210289,씬피자,0.0,평가 대상 아님,,,이번 공시의 가맹점 수가 0이거나 비어 있어 평가하지 않았습니다.,2024
BRD_20210295,대단한치킨,0.0,평가 대상 아님,,,이번 공시의 가맹점 수가 0이거나 비어 있어 평가하지 않았습니다.,2024
BRD_20210326,가마솥 대왕갈비탕&냉면,0.0,평가 대상 아님,,,이번 공시의 가맹점 수가 0이거나 비어 있어 평가하지 않았습니다.,2024
BRD_20210337,정브라더카페,0.0,평가 대상 아님,,,이번 공시의 가맹점 수가 0이거나 비어 있어 평가하지 않았습니다.,2024
BRD_20210342,김씨방앗간,0.0,평가 대상 아님,,,이번 공시의 가맹점 수가 0이거나 비어 있어 평가하지 않았습니다.,2024
BRD_20210344,푸담 곱창전골,0.0,평가 대상 아님,,,이번 공시의 가맹점 수가 0이거나 비어 있어 평가하지 않았습니다.,2024
BRD_20210349,잭과 콩나물국밥,0.0,평가 대상 아님,,,이번 공시의 가맹점 수가 0이거나 비어 있어 평가하지 않았습니다.,2024
BRD_20210350,나폴리상회,0.0,평가 대상 아님,,,이번 공시의 가맹점 수가 0이거나 비어 있어 평가하지 않았습니다.,2024
BRD_20210354,여우곳간 맥주,0.0,평가 대상 아님,,,이번 공시의 가맹점 수가 0이거나 비어 있어 평가하지 않았습니다.,2024
BRD_20210358,쇼킹맨,0.0,평가 대상 아님,,,이번 공시의 가맹점 수가 0이거나 비어 있어 평가하지 않았습니다.,2024
BRD_20210386,우리동네찌개왕,0.0,평가 대상 아님,,,이번 공시의 가맹점 수가 0이거나 비어 있어 평가하지 않았습니다.,2024
BRD_20210388,진바배달삼겹,0.0,평가 대상 아님,,,이번 공시의 가맹점 수가 0이거나 비어 있어 평가하지 않았습니다.,2024
BRD_20210389,파스타세끼,0.0,평가 대상 아님,,,이번 공시의 가맹점 수가 0이거나 비어 있어 평가하지 않았습니다.,2024
BRD_20210390,청담쭈꾸미,0.0,평가 대상 아님,,,이번 공시의 가맹점 수가 0이거나 비어 있어 평가하지 않았습니다.,2024
BRD_20210401,아구구,0.0,평가 대상 아님,,,이번 공시의 가맹점 수가 0이거나 비어 있어 평가하지 않았습니다.,2024
BRD_20210402,돈주는스시,0.0,평가 대상 아님,,,이번 공시의 가맹점 수가 0이거나 비어 있어 평가하지 않았습니다.,2024
BRD_20210405,명인대동양평해장국,0.0,평가 대상 아님,,,이번 공시의 가맹점 수가 0이거나 비어 있어 평가하지 않았습니다.,2024
BRD_20210406,마틸다바베큐치킨,0.0,평가 대상 아님,,,이번 공시의 가맹점 수가 0이거나 비어 있어 평가하지 않았습니다.,2024
BRD_20210408,포포돈카츠,0.0,평가 대상 아님,,,이번 공시의 가맹점 수가 0이거나 비어 있어 평가하지 않았습니다.,2024
BRD_20210422,오덕장,0.0,평가 대상 아님,,,이번 공시의 가맹점 수가 0이거나 비어 있어 평가하지 않았습니다.,2024
BRD_20210423,카페드30W,0.0,평가 대상 아님,,,이번 공시의 가맹점 수가 0이거나 비어 있어 평가하지 않았습니다.,2024
BRD_20210437,신신당부,0.0,평가 대상 아님,,,이번 공시의 가맹점 수가 0이거나 비어 있어 평가하지 않았습니다.,2024
BRD_20210438,슾맵네,0.0,평가 대상 아님,,,이번 공시의 가맹점 수가 0이거나 비어 있어 평가하지 않았습니다.,2024
BRD_20210439,녹돼야지,0.0,평가 대상 아님,,,이번 공시의 가맹점 수가 0이거나 비어 있어 평가하지 않았습니다.,2024
BRD_20210440,고기도리,0.0,평가 대상 아님,,,이번 공시의 가맹점 수가 0이거나 비어 있어 평가하지 않았습니다.,2024
BRD_20210441,잇빠잇토핑,0.0,평가 대상 아님,,,이번 공시의 가맹점 수가 0이거나 비어 있어 평가하지 않았습니다.,2024
BRD_20210443,대전큰집칼국수,0.0,평가 대상 아님,,,이번 공시의 가맹점 수가 0이거나 비어 있어 평가하지 않았습니다.,2024
BRD_20210444,저스트 버거 앤 샌드위치,0.0,평가 대상 아님,,,이번 공시의 가맹점 수가 0이거나 비어 있어 평가하지 않았습니다.,2024
BRD_20210445,고기애찬,0.0,평가 대상 아님,,,이번 공시의 가맹점 수가 0이거나 비어 있어 평가하지 않았습니다.,2024
BRD_20210446,고봉치킨,0.0,평가 대상 아님,,,이번 공시의 가맹점 수가 0이거나 비어 있어 평가하지 않았습니다.,2024
BRD_20210447,스내킹,0.0,평가 대상 아님,,,이번 공시의 가맹점 수가 0이거나 비어 있어 평가하지 않았습니다.,2024
BRD_20210448,선녀피자 나무꾼치킨,0.0,평가 대상 아님,,,이번 공시의 가맹점 수가 0이거나 비어 있어 평가하지 않았습니다.,2024
BRD_20210449,나의18번떡볶이,0.0,평가 대상 아님,,,이번 공시의 가맹점 수가 0이거나 비어 있어 평가하지 않았습니다.,2024
BRD_20210450,참 잘하는 짬뽕집,0.0,평가 대상 아님,,,이번 공시의 가맹점 수가 0이거나 비어 있어 평가하지 않았습니다.,2024
BRD_20210451,삼시락,0.0,평가 대상 아님,,,이번 공시의 가맹점 수가 0이거나 비어 있어 평가하지 않았습니다.,2024
BRD_20210461,하이맥주,0.0,평가 대상 아님,,,이번 공시의 가맹점 수가 0이거나 비어 있어 평가하지 않았습니다.,2024
BRD_20210479,방랑떡볶이,0.0,평가 대상 아님,,,이번 공시의 가맹점 수가 0이거나 비어 있어 평가하지 않았습니다.,2024
BRD_20210489,부자족발 &middot; 부자보쌈,0.0,평가 대상 아님,,,이번 공시의 가맹점 수가 0이거나 비어 있어 평가하지 않았습니다.,2024
BRD_20210497|JNG_007753,놀러와,0.0,평가 대상 아님,,,이번 공시의 가맹점 수가 0이거나 비어 있어 평가하지 않았습니다.,2024
BRD_20210500,브루클린 김치찌개,0.0,평가 대상 아님,,,이번 공시의 가맹점 수가 0이거나 비어 있어 평가하지 않았습니다.,2024
BRD_20210502,디디찜엔닭,0.0,평가 대상 아님,,,이번 공시의 가맹점 수가 0이거나 비어 있어 평가하지 않았습니다.,2024
BRD_20210519,불공장,0.0,평가 대상 아님,,,이번 공시의 가맹점 수가 0이거나 비어 있어 평가하지 않았습니다.,2024
BRD_20210520,샐식당,0.0,평가 대상 아님,,,이번 공시의 가맹점 수가 0이거나 비어 있어 평가하지 않았습니다.,2024
BRD_20210521,파스타히어,0.0,평가 대상 아님,,,이번 공시의 가맹점 수가 0이거나 비어 있어 평가하지 않았습니다.,2024
BRD_20210525,치킨본부,0.0,평가 대상 아님,,,이번 공시의 가맹점 수가 0이거나 비어 있어 평가하지 않았습니다.,2024
BRD_20210530,123st수제돈가스,0.0,평가 대상 아님,,,이번 공시의 가맹점 수가 0이거나 비어 있어 평가하지 않았습니다.,2024
BRD_20210533,하노이돼지집,0.0,평가 대상 아님,,,이번 공시의 가맹점 수가 0이거나 비어 있어 평가하지 않았습니다.,2024
BRD_20210538,딱이야! 직화두마리치킨,0.0,평가 대상 아님,,,이번 공시의 가맹점 수가 0이거나 비어 있어 평가하지 않았습니다.,2024
BRD_20210543,무한감자탕 뼈구이,0.0,평가 대상 아님,,,이번 공시의 가맹점 수가 0이거나 비어 있어 평가하지 않았습니다.,2024
BRD_20210544,오민초,0.0,평가 대상 아님,,,이번 공시의 가맹점 수가 0이거나 비어 있어 평가하지 않았습니다.,2024
BRD_20210558,베이커리로컬,0.0,평가 대상 아님,,,이번 공시의 가맹점 수가 0이거나 비어 있어 평가하지 않았습니다.,2024
BRD_20210563,실크삼겹살,0.0,평가 대상 아님,,,이번 공시의 가맹점 수가 0이거나 비어 있어 평가하지 않았습니다.,2024
BRD_20210565,삼덕식당,0.0,평가 대상 아님,,,이번 공시의 가맹점 수가 0이거나 비어 있어 평가하지 않았습니다.,2024
BRD_20210577,샌마르피자,0.0,평가 대상 아님,,,이번 공시의 가맹점 수가 0이거나 비어 있어 평가하지 않았습니다.,2024
BRD_20210579,돌판한우우각집,0.0,평가 대상 아님,,,이번 공시의 가맹점 수가 0이거나 비어 있어 평가하지 않았습니다.,2024
BRD_20210600,대파촌,0.0,평가 대상 아님,,,이번 공시의 가맹점 수가 0이거나 비어 있어 평가하지 않았습니다.,2024
BRD_20210604,장사의달인,0.0,평가 대상 아님,,,이번 공시의 가맹점 수가 0이거나 비어 있어 평가하지 않았습니다.,2024
BRD_20210607,을찌로정,0.0,평가 대상 아님,,,이번 공시의 가맹점 수가 0이거나 비어 있어 평가하지 않았습니다.,2024
BRD_20210623,샌드위치몬스터,0.0,평가 대상 아님,,,이번 공시의 가맹점 수가 0이거나 비어 있어 평가하지 않았습니다.,2024
BRD_20210624,라라그릴,0.0,평가 대상 아님,,,이번 공시의 가맹점 수가 0이거나 비어 있어 평가하지 않았습니다.,2024
BRD_20210625,도쿄주방,0.0,평가 대상 아님,,,이번 공시의 가맹점 수가 0이거나 비어 있어 평가하지 않았습니다.,2024
BRD_20210626,놀부해물찜,0.0,평가 대상 아님,,,이번 공시의 가맹점 수가 0이거나 비어 있어 평가하지 않았습니다.,2024
BRD_20210627,베리굿피자,0.0,평가 대상 아님,,,이번 공시의 가맹점 수가 0이거나 비어 있어 평가하지 않았습니다.,2024
BRD_20210628,럭키경양식,0.0,평가 대상 아님,,,이번 공시의 가맹점 수가 0이거나 비어 있어 평가하지 않았습니다.,2024
BRD_20210630,놀부감자탕,0.0,평가 대상 아님,,,이번 공시의 가맹점 수가 0이거나 비어 있어 평가하지 않았습니다.,2024
BRD_20210631,이온정,0.0,평가 대상 아님,,,이번 공시의 가맹점 수가 0이거나 비어 있어 평가하지 않았습니다.,2024
BRD_20210632,C.&tree coffee,0.0,평가 대상 아님,,,이번 공시의 가맹점 수가 0이거나 비어 있어 평가하지 않았습니다.,2024
BRD_20210633,을왕리 꾸덕집,0.0,평가 대상 아님,,,이번 공시의 가맹점 수가 0이거나 비어 있어 평가하지 않았습니다.,2024
BRD_20210636,신치,0.0,평가 대상 아님,,,이번 공시의 가맹점 수가 0이거나 비어 있어 평가하지 않았습니다.,2024
BRD_20210648,WSTYLE DONUTS,0.0,평가 대상 아님,,,이번 공시의 가맹점 수가 0이거나 비어 있어 평가하지 않았습니다.,2024
BRD_20210649,WSTYLE BAGLE,0.0,평가 대상 아님,,,이번 공시의 가맹점 수가 0이거나 비어 있어 평가하지 않았습니다.,2024
BRD_20210650,WSTYLE BAKERY CAFE,0.0,평가 대상 아님,,,이번 공시의 가맹점 수가 0이거나 비어 있어 평가하지 않았습니다.,2024
BRD_20210654,쁘띠앤아모르,0.0,평가 대상 아님,,,이번 공시의 가맹점 수가 0이거나 비어 있어 평가하지 않았습니다.,2024
BRD_20210680,라께,0.0,평가 대상 아님,,,이번 공시의 가맹점 수가 0이거나 비어 있어 평가하지 않았습니다.,2024
BRD_20210691,오티타,0.0,평가 대상 아님,,,이번 공시의 가맹점 수가 0이거나 비어 있어 평가하지 않았습니다.,2024
BRD_20210703,새참만두버거,0.0,평가 대상 아님,,,이번 공시의 가맹점 수가 0이거나 비어 있어 평가하지 않았습니다.,2024
BRD_20210704,신포주막 since1991,0.0,평가 대상 아님,,,이번 공시의 가맹점 수가 0이거나 비어 있어 평가하지 않았습니다.,2024
BRD_20210716,라비올레뜨,0.0,평가 대상 아님,,,이번 공시의 가맹점 수가 0이거나 비어 있어 평가하지 않았습니다.,2024
BRD_20210723,혼닭떡볶이,0.0,평가 대상 아님,,,이번 공시의 가맹점 수가 0이거나 비어 있어 평가하지 않았습니다.,2024
BRD_20210725,열찬찌개,0.0,평가 대상 아님,,,이번 공시의 가맹점 수가 0이거나 비어 있어 평가하지 않았습니다.,2024
BRD_20210730,구상만,0.0,평가 대상 아님,,,이번 공시의 가맹점 수가 0이거나 비어 있어 평가하지 않았습니다.,2024
BRD_20210731,갑목(甲木),0.0,평가 대상 아님,,,이번 공시의 가맹점 수가 0이거나 비어 있어 평가하지 않았습니다.,2024
BRD_20210732,잉쓰(YINGSS),0.0,평가 대상 아님,,,이번 공시의 가맹점 수가 0이거나 비어 있어 평가하지 않았습니다.,2024
BRD_20210733,봉치킨,0.0,평가 대상 아님,,,이번 공시의 가맹점 수가 0이거나 비어 있어 평가하지 않았습니다.,2024
BRD_20210734,영희도시락,0.0,평가 대상 아님,,,이번 공시의 가맹점 수가 0이거나 비어 있어 평가하지 않았습니다.,2024
BRD_20210735,킹반미1964,0.0,평가 대상 아님,,,이번 공시의 가맹점 수가 0이거나 비어 있어 평가하지 않았습니다.,2024
BRD_20210746,CAFE DE 220VOLT,0.0,평가 대상 아님,,,이번 공시의 가맹점 수가 0이거나 비어 있어 평가하지 않았습니다.,2024
BRD_20210747,이지쿡,0.0,평가 대상 아님,,,이번 공시의 가맹점 수가 0이거나 비어 있어 평가하지 않았습니다.,2024
BRD_20210748,치킨프리덤,0.0,평가 대상 아님,,,이번 공시의 가맹점 수가 0이거나 비어 있어 평가하지 않았습니다.,2024
BRD_20210751,돼지생갈비상회,0.0,평가 대상 아님,,,이번 공시의 가맹점 수가 0이거나 비어 있어 평가하지 않았습니다.,2024
BRD_20210767,치맥각,0.0,평가 대상 아님,,,이번 공시의 가맹점 수가 0이거나 비어 있어 평가하지 않았습니다.,2024
BRD_20210769,문익점,0.0,평가 대상 아님,,,이번 공시의 가맹점 수가 0이거나 비어 있어 평가하지 않았습니다.,2024
BRD_20210772,비바리움 파크 카페,0.0,평가 대상 아님,,,이번 공시의 가맹점 수가 0이거나 비어 있어 평가하지 않았습니다.,2024
BRD_20210773,어천궁 돌솥매운탕,0.0,평가 대상 아님,,,이번 공시의 가맹점 수가 0이거나 비어 있어 평가하지 않았습니다.,2024
BRD_20210774,쑤뱅이토종백숙,0.0,평가 대상 아님,,,이번 공시의 가맹점 수가 0이거나 비어 있어 평가하지 않았습니다.,2024
BRD_20210778,명태인생,0.0,평가 대상 아님,,,이번 공시의 가맹점 수가 0이거나 비어 있어 평가하지 않았습니다.,2024
BRD_20210781,세상모든 닭요리,0.0,평가 대상 아님,,,이번 공시의 가맹점 수가 0이거나 비어 있어 평가하지 않았습니다.,2024
BRD_20210785,국밥킹,0.0,평가 대상 아님,,,이번 공시의 가맹점 수가 0이거나 비어 있어 평가하지 않았습니다.,2024
BRD_20210786,오구구이,0.0,평가 대상 아님,,,이번 공시의 가맹점 수가 0이거나 비어 있어 평가하지 않았습니다.,2024
BRD_20210787,대구일색,0.0,평가 대상 아님,,,이번 공시의 가맹점 수가 0이거나 비어 있어 평가하지 않았습니다.,2024
BRD_20210798,순살Queen,0.0,평가 대상 아님,,,이번 공시의 가맹점 수가 0이거나 비어 있어 평가하지 않았습니다.,2024
BRD_20210799,대한미국찌개,0.0,평가 대상 아님,,,이번 공시의 가맹점 수가 0이거나 비어 있어 평가하지 않았습니다.,2024
BRD_20210802,민철이네 만두전골,0.0,평가 대상 아님,,,이번 공시의 가맹점 수가 0이거나 비어 있어 평가하지 않았습니다.,2024
BRD_20210809,우리분식,0.0,평가 대상 아님,,,이번 공시의 가맹점 수가 0이거나 비어 있어 평가하지 않았습니다.,2024
BRD_20210824,청춘불판,0.0,평가 대상 아님,,,이번 공시의 가맹점 수가 0이거나 비어 있어 평가하지 않았습니다.,2024
BRD_20210829,그래죽,0.0,평가 대상 아님,,,이번 공시의 가맹점 수가 0이거나 비어 있어 평가하지 않았습니다.,2024
BRD_20210836,쭈사마,0.0,평가 대상 아님,,,이번 공시의 가맹점 수가 0이거나 비어 있어 평가하지 않았습니다.,2024
BRD_20210837,킹스더킹,0.0,평가 대상 아님,,,이번 공시의 가맹점 수가 0이거나 비어 있어 평가하지 않았습니다.,2024
BRD_20210845,엘치킨,0.0,평가 대상 아님,,,이번 공시의 가맹점 수가 0이거나 비어 있어 평가하지 않았습니다.,2024
BRD_20210857,힙춘향마라,0.0,평가 대상 아님,,,이번 공시의 가맹점 수가 0이거나 비어 있어 평가하지 않았습니다.,2024
BRD_20210867,천재치킨&탕수육,0.0,평가 대상 아님,,,이번 공시의 가맹점 수가 0이거나 비어 있어 평가하지 않았습니다.,2024
BRD_20210869,남토하우스,0.0,평가 대상 아님,,,이번 공시의 가맹점 수가 0이거나 비어 있어 평가하지 않았습니다.,2024
BRD_20210889|JNG_009520,안심푸드,0.0,평가 대상 아님,,,이번 공시의 가맹점 수가 0이거나 비어 있어 평가하지 않았습니다.,2024
BRD_20210909,상하이익스프레스,0.0,평가 대상 아님,,,이번 공시의 가맹점 수가 0이거나 비어 있어 평가하지 않았습니다.,2024
BRD_20210921,육겹살,0.0,평가 대상 아님,,,이번 공시의 가맹점 수가 0이거나 비어 있어 평가하지 않았습니다.,2024
BRD_20210927,신당분식,0.0,평가 대상 아님,,,이번 공시의 가맹점 수가 0이거나 비어 있어 평가하지 않았습니다.,2024
BRD_20210930,디키,0.0,평가 대상 아님,,,이번 공시의 가맹점 수가 0이거나 비어 있어 평가하지 않았습니다.,2024
BRD_20210946,와유,0.0,평가 대상 아님,,,이번 공시의 가맹점 수가 0이거나 비어 있어 평가하지 않았습니다.,2024
BRD_20210950,준식당,0.0,평가 대상 아님,,,이번 공시의 가맹점 수가 0이거나 비어 있어 평가하지 않았습니다.,2024
BRD_20210958,이태리식당,0.0,평가 대상 아님,,,이번 공시의 가맹점 수가 0이거나 비어 있어 평가하지 않았습니다.,2024
BRD_20210977,싸가정곱창&담윤순대국,0.0,평가 대상 아님,,,이번 공시의 가맹점 수가 0이거나 비어 있어 평가하지 않았습니다.,2024
BRD_20210983,치킨슈퍼,0.0,평가 대상 아님,,,이번 공시의 가맹점 수가 0이거나 비어 있어 평가하지 않았습니다.,2024
BRD_20210992,꽈뜨봉치킨,0.0,평가 대상 아님,,,이번 공시의 가맹점 수가 0이거나 비어 있어 평가하지 않았습니다.,2024
BRD_20210994,임수봉의 능이동태탕,0.0,평가 대상 아님,,,이번 공시의 가맹점 수가 0이거나 비어 있어 평가하지 않았습니다.,2024
BRD_20211006,마린보이꼼장어하우스,0.0,평가 대상 아님,,,이번 공시의 가맹점 수가 0이거나 비어 있어 평가하지 않았습니다.,2024
BRD_20211011,당소유,0.0,평가 대상 아님,,,이번 공시의 가맹점 수가 0이거나 비어 있어 평가하지 않았습니다.,2024
BRD_20211041,체크,0.0,평가 대상 아님,,,이번 공시의 가맹점 수가 0이거나 비어 있어 평가하지 않았습니다.,2024
BRD_20211057,쭈꾸미랩소디,0.0,평가 대상 아님,,,이번 공시의 가맹점 수가 0이거나 비어 있어 평가하지 않았습니다.,2024
BRD_20211068,부산빨간어묵포차,0.0,평가 대상 아님,,,이번 공시의 가맹점 수가 0이거나 비어 있어 평가하지 않았습니다.,2024
BRD_20211071,청담연한옥집,0.0,평가 대상 아님,,,이번 공시의 가맹점 수가 0이거나 비어 있어 평가하지 않았습니다.,2024
BRD_20211076,속초해물알찜,0.0,평가 대상 아님,,,이번 공시의 가맹점 수가 0이거나 비어 있어 평가하지 않았습니다.,2024
BRD_20211080,통큰갈비배달이야기,0.0,평가 대상 아님,,,이번 공시의 가맹점 수가 0이거나 비어 있어 평가하지 않았습니다.,2024
BRD_20211085,오로지닭,0.0,평가 대상 아님,,,이번 공시의 가맹점 수가 0이거나 비어 있어 평가하지 않았습니다.,2024
BRD_20211148,산더미뼈해장국,0.0,평가 대상 아님,,,이번 공시의 가맹점 수가 0이거나 비어 있어 평가하지 않았습니다.,2024
BRD_20211149,다함,0.0,평가 대상 아님,,,이번 공시의 가맹점 수가 0이거나 비어 있어 평가하지 않았습니다.,2024
BRD_20211157,조리미숯불곱창알찜,0.0,평가 대상 아님,,,이번 공시의 가맹점 수가 0이거나 비어 있어 평가하지 않았습니다.,2024
BRD_20211161,따로 삼계탕,0.0,평가 대상 아님,,,이번 공시의 가맹점 수가 0이거나 비어 있어 평가하지 않았습니다.,2024
BRD_20211165,청담낙곱새,0.0,평가 대상 아님,,,이번 공시의 가맹점 수가 0이거나 비어 있어 평가하지 않았습니다.,2024
BRD_20211168,놀라운떡볶이,0.0,평가 대상 아님,,,이번 공시의 가맹점 수가 0이거나 비어 있어 평가하지 않았습니다.,2024
BRD_20211179,대한치킨보감,0.0,평가 대상 아님,,,이번 공시의 가맹점 수가 0이거나 비어 있어 평가하지 않았습니다.,2024
BRD_20211188,막쇠,0.0,평가 대상 아님,,,이번 공시의 가맹점 수가 0이거나 비어 있어 평가하지 않았습니다.,2024
BRD_20211193,리치메이커,0.0,평가 대상 아님,,,이번 공시의 가맹점 수가 0이거나 비어 있어 평가하지 않았습니다.,2024
BRD_20211210,사또양념치킨,0.0,평가 대상 아님,,,이번 공시의 가맹점 수가 0이거나 비어 있어 평가하지 않았습니다.,2024
BRD_20211212|JNG_009796,꽃게당,0.0,평가 대상 아님,,,이번 공시의 가맹점 수가 0이거나 비어 있어 평가하지 않았습니다.,2024
BRD_20211218,신신불닭발,0.0,평가 대상 아님,,,이번 공시의 가맹점 수가 0이거나 비어 있어 평가하지 않았습니다.,2024
BRD_20211220,팔십도국밥청년들,0.0,평가 대상 아님,,,이번 공시의 가맹점 수가 0이거나 비어 있어 평가하지 않았습니다.,2024
BRD_20211225,광수육회,0.0,평가 대상 아님,,,이번 공시의 가맹점 수가 0이거나 비어 있어 평가하지 않았습니다.,2024
BRD_20211238,인생부엌,0.0,평가 대상 아님,,,이번 공시의 가맹점 수가 0이거나 비어 있어 평가하지 않았습니다.,2024
BRD_20211249,새삼,0.0,평가 대상 아님,,,이번 공시의 가맹점 수가 0이거나 비어 있어 평가하지 않았습니다.,2024
BRD_20211283,슬럿커피,0.0,평가 대상 아님,,,이번 공시의 가맹점 수가 0이거나 비어 있어 평가하지 않았습니다.,2024
BRD_20211300,추읍산개군 양평해장국,0.0,평가 대상 아님,,,이번 공시의 가맹점 수가 0이거나 비어 있어 평가하지 않았습니다.,2024
BRD_20211301,육심장인,0.0,평가 대상 아님,,,이번 공시의 가맹점 수가 0이거나 비어 있어 평가하지 않았습니다.,2024
BRD_20211316,닭강정공작소,0.0,평가 대상 아님,,,이번 공시의 가맹점 수가 0이거나 비어 있어 평가하지 않았습니다.,2024
BRD_20211317,완벽한덮밥,0.0,평가 대상 아님,,,이번 공시의 가맹점 수가 0이거나 비어 있어 평가하지 않았습니다.,2024
BRD_20211324,족발가왕,0.0,평가 대상 아님,,,이번 공시의 가맹점 수가 0이거나 비어 있어 평가하지 않았습니다.,2024
BRD_20211327,목육탕,0.0,평가 대상 아님,,,이번 공시의 가맹점 수가 0이거나 비어 있어 평가하지 않았습니다.,2024
BRD_20211332,밥상지교,0.0,평가 대상 아님,,,이번 공시의 가맹점 수가 0이거나 비어 있어 평가하지 않았습니다.,2024
BRD_20211334,아이갓마이사운드치킨,0.0,평가 대상 아님,,,이번 공시의 가맹점 수가 0이거나 비어 있어 평가하지 않았습니다.,2024
BRD_20211336,종로면선생,0.0,평가 대상 아님,,,이번 공시의 가맹점 수가 0이거나 비어 있어 평가하지 않았습니다.,2024
BRD_20211347,윤옥연할매떡볶이,0.0,평가 대상 아님,,,이번 공시의 가맹점 수가 0이거나 비어 있어 평가하지 않았습니다.,2024
BRD_20211354,팔당반점,0.0,평가 대상 아님,,,이번 공시의 가맹점 수가 0이거나 비어 있어 평가하지 않았습니다.,2024
BRD_20211355,소가마니눈꽃갈비살,0.0,평가 대상 아님,,,이번 공시의 가맹점 수가 0이거나 비어 있어 평가하지 않았습니다.,2024
BRD_20211361,비비당,0.0,평가 대상 아님,,,이번 공시의 가맹점 수가 0이거나 비어 있어 평가하지 않았습니다.,2024
BRD_20211364,빛뜰샤브,0.0,평가 대상 아님,,,이번 공시의 가맹점 수가 0이거나 비어 있어 평가하지 않았습니다.,2024
BRD_20211365,미남곱창,0.0,평가 대상 아님,,,이번 공시의 가맹점 수가 0이거나 비어 있어 평가하지 않았습니다.,2024
BRD_20211366,불화산떡볶이,0.0,평가 대상 아님,,,이번 공시의 가맹점 수가 0이거나 비어 있어 평가하지 않았습니다.,2024
BRD_20211378,춘장집,0.0,평가 대상 아님,,,이번 공시의 가맹점 수가 0이거나 비어 있어 평가하지 않았습니다.,2024
BRD_20211388,원트피자(Want Pizza),0.0,평가 대상 아님,,,이번 공시의 가맹점 수가 0이거나 비어 있어 평가하지 않았습니다.,2024
BRD_20211393,이게 곱창 볶음밥,0.0,평가 대상 아님,,,이번 공시의 가맹점 수가 0이거나 비어 있어 평가하지 않았습니다.,2024
BRD_20211394,홍개미,0.0,평가 대상 아님,,,이번 공시의 가맹점 수가 0이거나 비어 있어 평가하지 않았습니다.,2024
BRD_20211399,쿠킹타임,0.0,평가 대상 아님,,,이번 공시의 가맹점 수가 0이거나 비어 있어 평가하지 않았습니다.,2024
BRD_20211413,길섶한돈,0.0,평가 대상 아님,,,이번 공시의 가맹점 수가 0이거나 비어 있어 평가하지 않았습니다.,2024
BRD_20211429,성난물고기,0.0,평가 대상 아님,,,이번 공시의 가맹점 수가 0이거나 비어 있어 평가하지 않았습니다.,2024
BRD_20211443,김종구숯불 Burger&Coffee,0.0,평가 대상 아님,,,이번 공시의 가맹점 수가 0이거나 비어 있어 평가하지 않았습니다.,2024
BRD_20211477,몽키친,0.0,평가 대상 아님,,,이번 공시의 가맹점 수가 0이거나 비어 있어 평가하지 않았습니다.,2024
BRD_20211491,카페소프트,0.0,평가 대상 아님,,,이번 공시의 가맹점 수가 0이거나 비어 있어 평가하지 않았습니다.,2024
BRD_20211509,설해코다리,0.0,평가 대상 아님,,,이번 공시의 가맹점 수가 0이거나 비어 있어 평가하지 않았습니다.,2024
BRD_20211516,박스터지는두마리치킨,0.0,평가 대상 아님,,,이번 공시의 가맹점 수가 0이거나 비어 있어 평가하지 않았습니다.,2024
BRD_20211520,통큰갈비두번째이야기,0.0,평가 대상 아님,,,이번 공시의 가맹점 수가 0이거나 비어 있어 평가하지 않았습니다.,2024
BRD_20211532,마초레드,0.0,평가 대상 아님,,,이번 공시의 가맹점 수가 0이거나 비어 있어 평가하지 않았습니다.,2024
BRD_20211537,무쇠치킨,0.0,평가 대상 아님,,,이번 공시의 가맹점 수가 0이거나 비어 있어 평가하지 않았습니다.,2024
BRD_20211539,단천제일육개장,0.0,평가 대상 아님,,,이번 공시의 가맹점 수가 0이거나 비어 있어 평가하지 않았습니다.,2024
BRD_20211551,한끼의품격,0.0,평가 대상 아님,,,이번 공시의 가맹점 수가 0이거나 비어 있어 평가하지 않았습니다.,2024
BRD_20211556,참치학교,0.0,평가 대상 아님,,,이번 공시의 가맹점 수가 0이거나 비어 있어 평가하지 않았습니다.,2024
BRD_20211567,일조얼큰샤브칼국수,0.0,평가 대상 아님,,,이번 공시의 가맹점 수가 0이거나 비어 있어 평가하지 않았습니다.,2024
BRD_20211576,프롬더키친,0.0,평가 대상 아님,,,이번 공시의 가맹점 수가 0이거나 비어 있어 평가하지 않았습니다.,2024
BRD_20211577,메밀꽃필무렵,0.0,평가 대상 아님,,,이번 공시의 가맹점 수가 0이거나 비어 있어 평가하지 않았습니다.,2024
BRD_20211578,선넘는 떡볶이,0.0,평가 대상 아님,,,이번 공시의 가맹점 수가 0이거나 비어 있어 평가하지 않았습니다.,2024
BRD_20211580,소신이쏘,0.0,평가 대상 아님,,,이번 공시의 가맹점 수가 0이거나 비어 있어 평가하지 않았습니다.,2024
BRD_20211582,레츠카츠,0.0,평가 대상 아님,,,이번 공시의 가맹점 수가 0이거나 비어 있어 평가하지 않았습니다.,2024
BRD_20211586,내가 대한의 고기다,0.0,평가 대상 아님,,,이번 공시의 가맹점 수가 0이거나 비어 있어 평가하지 않았습니다.,2024
BRD_20211603,아침밥상동태찌개,0.0,평가 대상 아님,,,이번 공시의 가맹점 수가 0이거나 비어 있어 평가하지 않았습니다.,2024
BRD_20211606,류별난닭발,0.0,평가 대상 아님,,,이번 공시의 가맹점 수가 0이거나 비어 있어 평가하지 않았습니다.,2024
BRD_20211616,돈까스앤스테이크,0.0,평가 대상 아님,,,이번 공시의 가맹점 수가 0이거나 비어 있어 평가하지 않았습니다.,2024
BRD_20211617,맛있을꼬닭,0.0,평가 대상 아님,,,이번 공시의 가맹점 수가 0이거나 비어 있어 평가하지 않았습니다.,2024
BRD_20211638,불난반점,0.0,평가 대상 아님,,,이번 공시의 가맹점 수가 0이거나 비어 있어 평가하지 않았습니다.,2024
BRD_20211642,백년부대찌개,0.0,평가 대상 아님,,,이번 공시의 가맹점 수가 0이거나 비어 있어 평가하지 않았습니다.,2024
BRD_20211647,뉴 컷츠(NEW CUTS),0.0,평가 대상 아님,,,이번 공시의 가맹점 수가 0이거나 비어 있어 평가하지 않았습니다.,2024
BRD_20211648,시간을달리는족발,0.0,평가 대상 아님,,,이번 공시의 가맹점 수가 0이거나 비어 있어 평가하지 않았습니다.,2024
BRD_20211649,헬스토랑,0.0,평가 대상 아님,,,이번 공시의 가맹점 수가 0이거나 비어 있어 평가하지 않았습니다.,2024
BRD_20211659,브루원츠(brewants),0.0,평가 대상 아님,,,이번 공시의 가맹점 수가 0이거나 비어 있어 평가하지 않았습니다.,2024
BRD_20211666,달커스피디,0.0,평가 대상 아님,,,이번 공시의 가맹점 수가 0이거나 비어 있어 평가하지 않았습니다.,2024
BRD_20211672,쌀국수집을하려던소바집,0.0,평가 대상 아님,,,이번 공시의 가맹점 수가 0이거나 비어 있어 평가하지 않았습니다.,2024
BRD_20211676,요미맘,0.0,평가 대상 아님,,,이번 공시의 가맹점 수가 0이거나 비어 있어 평가하지 않았습니다.,2024
BRD_20211677,꽜시다,0.0,평가 대상 아님,,,이번 공시의 가맹점 수가 0이거나 비어 있어 평가하지 않았습니다.,2024
BRD_20211678,도론도론,0.0,평가 대상 아님,,,이번 공시의 가맹점 수가 0이거나 비어 있어 평가하지 않았습니다.,2024
BRD_20211681,우간다곱창,0.0,평가 대상 아님,,,이번 공시의 가맹점 수가 0이거나 비어 있어 평가하지 않았습니다.,2024
BRD_20211689,홈술포차,0.0,평가 대상 아님,,,이번 공시의 가맹점 수가 0이거나 비어 있어 평가하지 않았습니다.,2024
BRD_20211690,닭도리 뉴욕가다,0.0,평가 대상 아님,,,이번 공시의 가맹점 수가 0이거나 비어 있어 평가하지 않았습니다.,2024
BRD_20211691,상민이네 닭갈비,0.0,평가 대상 아님,,,이번 공시의 가맹점 수가 0이거나 비어 있어 평가하지 않았습니다.,2024
BRD_20211692,아노 초이스 참치,0.0,평가 대상 아님,,,이번 공시의 가맹점 수가 0이거나 비어 있어 평가하지 않았습니다.,2024
BRD_20211696,요리요리,0.0,평가 대상 아님,,,이번 공시의 가맹점 수가 0이거나 비어 있어 평가하지 않았습니다.,2024
BRD_20211697,완도미소,0.0,평가 대상 아님,,,이번 공시의 가맹점 수가 0이거나 비어 있어 평가하지 않았습니다.,2024
BRD_20211702,안녕불백,0.0,평가 대상 아님,,,이번 공시의 가맹점 수가 0이거나 비어 있어 평가하지 않았습니다.,2024
BRD_20211704,연탄카세,0.0,평가 대상 아님,,,이번 공시의 가맹점 수가 0이거나 비어 있어 평가하지 않았습니다.,2024
BRD_20211726,처음본 진곰탕,0.0,평가 대상 아님,,,이번 공시의 가맹점 수가 0이거나 비어 있어 평가하지 않았습니다.,2024
BRD_20211728,쫄덮방,0.0,평가 대상 아님,,,이번 공시의 가맹점 수가 0이거나 비어 있어 평가하지 않았습니다.,2024
BRD_20211730,용궁찜닭,0.0,평가 대상 아님,,,이번 공시의 가맹점 수가 0이거나 비어 있어 평가하지 않았습니다.,2024
BRD_20211731,행복한 카레야,0.0,평가 대상 아님,,,이번 공시의 가맹점 수가 0이거나 비어 있어 평가하지 않았습니다.,2024
BRD_20211732,하이타치,0.0,평가 대상 아님,,,이번 공시의 가맹점 수가 0이거나 비어 있어 평가하지 않았습니다.,2024
BRD_20211738,빵스커피,0.0,평가 대상 아님,,,이번 공시의 가맹점 수가 0이거나 비어 있어 평가하지 않았습니다.,2024
BRD_20211744,이자카야 완주,0.0,평가 대상 아님,,,이번 공시의 가맹점 수가 0이거나 비어 있어 평가하지 않았습니다.,2024
BRD_20211745,광부부대찌개,0.0,평가 대상 아님,,,이번 공시의 가맹점 수가 0이거나 비어 있어 평가하지 않았습니다.,2024
BRD_20211751,2도에이징,0.0,평가 대상 아님,,,이번 공시의 가맹점 수가 0이거나 비어 있어 평가하지 않았습니다.,2024
BRD_20211754,오전복,0.0,평가 대상 아님,,,이번 공시의 가맹점 수가 0이거나 비어 있어 평가하지 않았습니다.,2024
BRD_20211756,써든부대찌개,0.0,평가 대상 아님,,,이번 공시의 가맹점 수가 0이거나 비어 있어 평가하지 않았습니다.,2024
BRD_20211758,EGG182(에그182),0.0,평가 대상 아님,,,이번 공시의 가맹점 수가 0이거나 비어 있어 평가하지 않았습니다.,2024
BRD_20211768,광부커피,0.0,평가 대상 아님,,,이번 공시의 가맹점 수가 0이거나 비어 있어 평가하지 않았습니다.,2024
BRD_20211769,모모의 삼계탕,0.0,평가 대상 아님,,,이번 공시의 가맹점 수가 0이거나 비어 있어 평가하지 않았습니다.,2024
BRD_20211770,광수네 전골,0.0,평가 대상 아님,,,이번 공시의 가맹점 수가 0이거나 비어 있어 평가하지 않았습니다.,2024
BRD_20211771,박가네 갈비찜찜찜,0.0,평가 대상 아님,,,이번 공시의 가맹점 수가 0이거나 비어 있어 평가하지 않았습니다.,2024
BRD_20211773,삼돌박이,0.0,평가 대상 아님,,,이번 공시의 가맹점 수가 0이거나 비어 있어 평가하지 않았습니다.,2024
BRD_20211777,포트붕어빵카페,0.0,평가 대상 아님,,,이번 공시의 가맹점 수가 0이거나 비어 있어 평가하지 않았습니다.,2024
BRD_20211778,서귀포로맨스,0.0,평가 대상 아님,,,이번 공시의 가맹점 수가 0이거나 비어 있어 평가하지 않았습니다.,2024
BRD_20211788,순두부전문점오늘,0.0,평가 대상 아님,,,이번 공시의 가맹점 수가 0이거나 비어 있어 평가하지 않았습니다.,2024
BRD_20211791,서울깍두기,0.0,평가 대상 아님,,,이번 공시의 가맹점 수가 0이거나 비어 있어 평가하지 않았습니다.,2024
BRD_20211798,복만천하,0.0,평가 대상 아님,,,이번 공시의 가맹점 수가 0이거나 비어 있어 평가하지 않았습니다.,2024
BRD_20211804,색다른 감자탕,0.0,평가 대상 아님,,,이번 공시의 가맹점 수가 0이거나 비어 있어 평가하지 않았습니다.,2024
BRD_20211807,닭발슈퍼,0.0,평가 대상 아님,,,이번 공시의 가맹점 수가 0이거나 비어 있어 평가하지 않았습니다.,2024
BRD_20211819,투나잇텐동,0.0,평가 대상 아님,,,이번 공시의 가맹점 수가 0이거나 비어 있어 평가하지 않았습니다.,2024
BRD_20211821,쭈갑골,0.0,평가 대상 아님,,,이번 공시의 가맹점 수가 0이거나 비어 있어 평가하지 않았습니다.,2024
BRD_20211824,대감댁 왕뼈해장국,0.0,평가 대상 아님,,,이번 공시의 가맹점 수가 0이거나 비어 있어 평가하지 않았습니다.,2024
BRD_20211838,미래파,0.0,평가 대상 아님,,,이번 공시의 가맹점 수가 0이거나 비어 있어 평가하지 않았습니다.,2024
BRD_20211869,와삭(WASAK),0.0,평가 대상 아님,,,이번 공시의 가맹점 수가 0이거나 비어 있어 평가하지 않았습니다.,2024
BRD_20211874,정월당치킨,0.0,평가 대상 아님,,,이번 공시의 가맹점 수가 0이거나 비어 있어 평가하지 않았습니다.,2024
BRD_20211876,국밥슈퍼,0.0,평가 대상 아님,,,이번 공시의 가맹점 수가 0이거나 비어 있어 평가하지 않았습니다.,2024
BRD_20211878,소곰커피,0.0,평가 대상 아님,,,이번 공시의 가맹점 수가 0이거나 비어 있어 평가하지 않았습니다.,2024
BRD_20211880,팥도둑,0.0,평가 대상 아님,,,이번 공시의 가맹점 수가 0이거나 비어 있어 평가하지 않았습니다.,2024
BRD_20211881,젤라빈스,0.0,평가 대상 아님,,,이번 공시의 가맹점 수가 0이거나 비어 있어 평가하지 않았습니다.,2024
BRD_20211892,유쾌한 밥도둑,0.0,평가 대상 아님,,,이번 공시의 가맹점 수가 0이거나 비어 있어 평가하지 않았습니다.,2024
BRD_20211901,딜라익스프레스,0.0,평가 대상 아님,,,이번 공시의 가맹점 수가 0이거나 비어 있어 평가하지 않았습니다.,2024
BRD_20211902,로얄 레스토랑,0.0,평가 대상 아님,,,이번 공시의 가맹점 수가 0이거나 비어 있어 평가하지 않았습니다.,2024
BRD_20211912,스타피그,0.0,평가 대상 아님,,,이번 공시의 가맹점 수가 0이거나 비어 있어 평가하지 않았습니다.,2024
BRD_20211913,천하대장어,0.0,평가 대상 아님,,,이번 공시의 가맹점 수가 0이거나 비어 있어 평가하지 않았습니다.,2024
BRD_20211924,복정동떡볶이,0.0,평가 대상 아님,,,이번 공시의 가맹점 수가 0이거나 비어 있어 평가하지 않았습니다.,2024
BRD_20211927,서청미역,0.0,평가 대상 아님,,,이번 공시의 가맹점 수가 0이거나 비어 있어 평가하지 않았습니다.,2024
BRD_20211950,갈매기7번가,0.0,평가 대상 아님,,,이번 공시의 가맹점 수가 0이거나 비어 있어 평가하지 않았습니다.,2024
BRD_20211971,문어시대,0.0,평가 대상 아님,,,이번 공시의 가맹점 수가 0이거나 비어 있어 평가하지 않았습니다.,2024
BRD_20211985,쌩라면,0.0,평가 대상 아님,,,이번 공시의 가맹점 수가 0이거나 비어 있어 평가하지 않았습니다.,2024
BRD_20212014,김장순 食堂,0.0,평가 대상 아님,,,이번 공시의 가맹점 수가 0이거나 비어 있어 평가하지 않았습니다.,2024
BRD_20212022,장우동,0.0,평가 대상 아님,,,이번 공시의 가맹점 수가 0이거나 비어 있어 평가하지 않았습니다.,2024
BRD_20212024,방배동할매쭈꾸미,0.0,평가 대상 아님,,,이번 공시의 가맹점 수가 0이거나 비어 있어 평가하지 않았습니다.,2024
BRD_20212025,화품닭,0.0,평가 대상 아님,,,이번 공시의 가맹점 수가 0이거나 비어 있어 평가하지 않았습니다.,2024
BRD_20212035,생활덮밥,0.0,평가 대상 아님,,,이번 공시의 가맹점 수가 0이거나 비어 있어 평가하지 않았습니다.,2024
BRD_20212051,옹기닥,0.0,평가 대상 아님,,,이번 공시의 가맹점 수가 0이거나 비어 있어 평가하지 않았습니다.,2024
BRD_20212054,원스토랑,0.0,평가 대상 아님,,,이번 공시의 가맹점 수가 0이거나 비어 있어 평가하지 않았습니다.,2024
BRD_20212064|JNG_010519,백일묵은지 김치찜,0.0,평가 대상 아님,,,이번 공시의 가맹점 수가 0이거나 비어 있어 평가하지 않았습니다.,2024
BRD_20212067,닭치라,0.0,평가 대상 아님,,,이번 공시의 가맹점 수가 0이거나 비어 있어 평가하지 않았습니다.,2024
BRD_20212079,몽샹82,0.0,평가 대상 아님,,,이번 공시의 가맹점 수가 0이거나 비어 있어 평가하지 않았습니다.,2024
BRD_20212081,말죽거리분식,0.0,평가 대상 아님,,,이번 공시의 가맹점 수가 0이거나 비어 있어 평가하지 않았습니다.,2024
BRD_20212091,육만찬,0.0,평가 대상 아님,,,이번 공시의 가맹점 수가 0이거나 비어 있어 평가하지 않았습니다.,2024
BRD_20212108,개수리민물장어막국수,0.0,평가 대상 아님,,,이번 공시의 가맹점 수가 0이거나 비어 있어 평가하지 않았습니다.,2024
BRD_20212115|JNG_014541,버거형의어쩌다소고기국밥,0.0,평가 대상 아님,,,이번 공시의 가맹점 수가 0이거나 비어 있어 평가하지 않았습니다.,2024
BRD_20212143,밥때24시,0.0,평가 대상 아님,,,이번 공시의 가맹점 수가 0이거나 비어 있어 평가하지 않았습니다.,2024
BRD_20212151,구동원 연탄석쇠구이,0.0,평가 대상 아님,,,이번 공시의 가맹점 수가 0이거나 비어 있어 평가하지 않았습니다.,2024
BRD_20212152,날아라물회9900,0.0,평가 대상 아님,,,이번 공시의 가맹점 수가 0이거나 비어 있어 평가하지 않았습니다.,2024
BRD_20212153,강남역에서 맥주한잔,0.0,평가 대상 아님,,,이번 공시의 가맹점 수가 0이거나 비어 있어 평가하지 않았습니다.,2024
BRD_20212160,마리야갈비탕,0.0,평가 대상 아님,,,이번 공시의 가맹점 수가 0이거나 비어 있어 평가하지 않았습니다.,2024
BRD_20212161,고기추가장칼국수,0.0,평가 대상 아님,,,이번 공시의 가맹점 수가 0이거나 비어 있어 평가하지 않았습니다.,2024
BRD_20212165,타코랜드,0.0,평가 대상 아님,,,이번 공시의 가맹점 수가 0이거나 비어 있어 평가하지 않았습니다.,2024
BRD_20212166,카레왕자,0.0,평가 대상 아님,,,이번 공시의 가맹점 수가 0이거나 비어 있어 평가하지 않았습니다.,2024
BRD_20212167,천재짬뽕,0.0,평가 대상 아님,,,이번 공시의 가맹점 수가 0이거나 비어 있어 평가하지 않았습니다.,2024
BRD_20212176,카고피자,0.0,평가 대상 아님,,,이번 공시의 가맹점 수가 0이거나 비어 있어 평가하지 않았습니다.,2024
BRD_20212182,차눙,0.0,평가 대상 아님,,,이번 공시의 가맹점 수가 0이거나 비어 있어 평가하지 않았습니다.,2024
BRD_20212185,88소곱탄,0.0,평가 대상 아님,,,이번 공시의 가맹점 수가 0이거나 비어 있어 평가하지 않았습니다.,2024
BRD_20212187,슈퍼브카페,0.0,평가 대상 아님,,,이번 공시의 가맹점 수가 0이거나 비어 있어 평가하지 않았습니다.,2024
BRD_20212191,몬스타쉐프곱창,0.0,평가 대상 아님,,,이번 공시의 가맹점 수가 0이거나 비어 있어 평가하지 않았습니다.,2024
BRD_20212192,파송송계란탁,0.0,평가 대상 아님,,,이번 공시의 가맹점 수가 0이거나 비어 있어 평가하지 않았습니다.,2024
BRD_20212193,돼지기사,0.0,평가 대상 아님,,,이번 공시의 가맹점 수가 0이거나 비어 있어 평가하지 않았습니다.,2024
BRD_20212194,개미집낙곱새,0.0,평가 대상 아님,,,이번 공시의 가맹점 수가 0이거나 비어 있어 평가하지 않았습니다.,2024
BRD_20212199,양지말화로구이,0.0,평가 대상 아님,,,이번 공시의 가맹점 수가 0이거나 비어 있어 평가하지 않았습니다.,2024
BRD_20212210,무적의 태권삼겹,0.0,평가 대상 아님,,,이번 공시의 가맹점 수가 0이거나 비어 있어 평가하지 않았습니다.,2024
BRD_20212211,항아리카노 FRIED COFFEE,0.0,평가 대상 아님,,,이번 공시의 가맹점 수가 0이거나 비어 있어 평가하지 않았습니다.,2024
BRD_20212214,멀티치킨,0.0,평가 대상 아님,,,이번 공시의 가맹점 수가 0이거나 비어 있어 평가하지 않았습니다.,2024
BRD_20212215,냠냠피자,0.0,평가 대상 아님,,,이번 공시의 가맹점 수가 0이거나 비어 있어 평가하지 않았습니다.,2024
BRD_20212220,흔한치킨,0.0,평가 대상 아님,,,이번 공시의 가맹점 수가 0이거나 비어 있어 평가하지 않았습니다.,2024
BRD_20212221,크래프트 치킨,0.0,평가 대상 아님,,,이번 공시의 가맹점 수가 0이거나 비어 있어 평가하지 않았습니다.,2024
BRD_20212225,바름이네생선가게,0.0,평가 대상 아님,,,이번 공시의 가맹점 수가 0이거나 비어 있어 평가하지 않았습니다.,2024
BRD_20212234,미트인샐러드,0.0,평가 대상 아님,,,이번 공시의 가맹점 수가 0이거나 비어 있어 평가하지 않았습니다.,2024
BRD_20212235,블랙오아시스,0.0,평가 대상 아님,,,이번 공시의 가맹점 수가 0이거나 비어 있어 평가하지 않았습니다.,2024
BRD_20212241,닭발매니아,0.0,평가 대상 아님,,,이번 공시의 가맹점 수가 0이거나 비어 있어 평가하지 않았습니다.,2024
BRD_20212246,"시크릿키친(비밀의부엌), 아내의비밀레시피",0.0,평가 대상 아님,,,이번 공시의 가맹점 수가 0이거나 비어 있어 평가하지 않았습니다.,2024
BRD_20212251,정우채 무까 도시락,0.0,평가 대상 아님,,,이번 공시의 가맹점 수가 0이거나 비어 있어 평가하지 않았습니다.,2024
BRD_20212252,기성포차,0.0,평가 대상 아님,,,이번 공시의 가맹점 수가 0이거나 비어 있어 평가하지 않았습니다.,2024
BRD_20212253,리도딜리버리,0.0,평가 대상 아님,,,이번 공시의 가맹점 수가 0이거나 비어 있어 평가하지 않았습니다.,2024
BRD_20212260,완강정,0.0,평가 대상 아님,,,이번 공시의 가맹점 수가 0이거나 비어 있어 평가하지 않았습니다.,2024
BRD_20212263,향촌로타리,0.0,평가 대상 아님,,,이번 공시의 가맹점 수가 0이거나 비어 있어 평가하지 않았습니다.,2024
BRD_20212271,간단하게,0.0,평가 대상 아님,,,이번 공시의 가맹점 수가 0이거나 비어 있어 평가하지 않았습니다.,2024
BRD_20212278,쿠찹,0.0,평가 대상 아님,,,이번 공시의 가맹점 수가 0이거나 비어 있어 평가하지 않았습니다.,2024
BRD_20212332,그라체파스타,0.0,평가 대상 아님,,,이번 공시의 가맹점 수가 0이거나 비어 있어 평가하지 않았습니다.,2024
BRD_20212333,잘튀기는집,0.0,평가 대상 아님,,,이번 공시의 가맹점 수가 0이거나 비어 있어 평가하지 않았습니다.,2024
BRD_20212340,백만뷰레서피,0.0,평가 대상 아님,,,이번 공시의 가맹점 수가 0이거나 비어 있어 평가하지 않았습니다.,2024
BRD_20212343,오꼬리 두루두루,0.0,평가 대상 아님,,,이번 공시의 가맹점 수가 0이거나 비어 있어 평가하지 않았습니다.,2024
BRD_20212344,바다육향,0.0,평가 대상 아님,,,이번 공시의 가맹점 수가 0이거나 비어 있어 평가하지 않았습니다.,2024
BRD_20212351,범퍼커피(BUMPER COFFEE),0.0,평가 대상 아님,,,이번 공시의 가맹점 수가 0이거나 비어 있어 평가하지 않았습니다.,2024
BRD_20212352,이지비아파스타,0.0,평가 대상 아님,,,이번 공시의 가맹점 수가 0이거나 비어 있어 평가하지 않았습니다.,2024
BRD_20212353,조선의진국,0.0,평가 대상 아님,,,이번 공시의 가맹점 수가 0이거나 비어 있어 평가하지 않았습니다.,2024
BRD_20212386,야키토리몬돈,0.0,평가 대상 아님,,,이번 공시의 가맹점 수가 0이거나 비어 있어 평가하지 않았습니다.,2024
BRD_20212387,도쿄혼가츠,0.0,평가 대상 아님,,,이번 공시의 가맹점 수가 0이거나 비어 있어 평가하지 않았습니다.,2024
BRD_20212388,달떡볶이(달리는떡볶이),0.0,평가 대상 아님,,,이번 공시의 가맹점 수가 0이거나 비어 있어 평가하지 않았습니다.,2024
BRD_20212397,샐러벨,0.0,평가 대상 아님,,,이번 공시의 가맹점 수가 0이거나 비어 있어 평가하지 않았습니다.,2024
BRD_20212401,하박국오리참숯바베큐,0.0,평가 대상 아님,,,이번 공시의 가맹점 수가 0이거나 비어 있어 평가하지 않았습니다.,2024
BRD_20212402,일삼백 뼈칼국수 뼈불구이,0.0,평가 대상 아님,,,이번 공시의 가맹점 수가 0이거나 비어 있어 평가하지 않았습니다.,2024
BRD_20212403,식빵언니,0.0,평가 대상 아님,,,이번 공시의 가맹점 수가 0이거나 비어 있어 평가하지 않았습니다.,2024
BRD_20212407,언노운  커피&amp;베이커리,0.0,평가 대상 아님,,,이번 공시의 가맹점 수가 0이거나 비어 있어 평가하지 않았습니다.,2024
BRD_20212412,샌드로4가,0.0,평가 대상 아님,,,이번 공시의 가맹점 수가 0이거나 비어 있어 평가하지 않았습니다.,2024
BRD_20212422,미미된장집,0.0,평가 대상 아님,,,이번 공시의 가맹점 수가 0이거나 비어 있어 평가하지 않았습니다.,2024
BRD_20212425,미미찌개방,0.0,평가 대상 아님,,,이번 공시의 가맹점 수가 0이거나 비어 있어 평가하지 않았습니다.,2024
BRD_20212431,팡스 버거&샌드위치(Pang's Burger&Sandwich),0.0,평가 대상 아님,,,이번 공시의 가맹점 수가 0이거나 비어 있어 평가하지 않았습니다.,2024
BRD_20212432,티포인트(TEA Point),0.0,평가 대상 아님,,,이번 공시의 가맹점 수가 0이거나 비어 있어 평가하지 않았습니다.,2024
BRD_20212433,의정부칼국수,0.0,평가 대상 아님,,,이번 공시의 가맹점 수가 0이거나 비어 있어 평가하지 않았습니다.,2024
BRD_20212435,하얀고래,0.0,평가 대상 아님,,,이번 공시의 가맹점 수가 0이거나 비어 있어 평가하지 않았습니다.,2024
BRD_20212443,해물포,0.0,평가 대상 아님,,,이번 공시의 가맹점 수가 0이거나 비어 있어 평가하지 않았습니다.,2024
BRD_20212444,땅스 떡볶이,0.0,평가 대상 아님,,,이번 공시의 가맹점 수가 0이거나 비어 있어 평가하지 않았습니다.,2024
BRD_20212445,땅스 곱창전골,0.0,평가 대상 아님,,,이번 공시의 가맹점 수가 0이거나 비어 있어 평가하지 않았습니다.,2024
BRD_20212446,간편밥상,0.0,평가 대상 아님,,,이번 공시의 가맹점 수가 0이거나 비어 있어 평가하지 않았습니다.,2024
BRD_20212447,경성한우곱창,0.0,평가 대상 아님,,,이번 공시의 가맹점 수가 0이거나 비어 있어 평가하지 않았습니다.,2024
BRD_20212448,조선일등국밥,0.0,평가 대상 아님,,,이번 공시의 가맹점 수가 0이거나 비어 있어 평가하지 않았습니다.,2024
BRD_20212449,명륜분식,0.0,평가 대상 아님,,,이번 공시의 가맹점 수가 0이거나 비어 있어 평가하지 않았습니다.,2024
BRD_20212451,명륜하노이,0.0,평가 대상 아님,,,이번 공시의 가맹점 수가 0이거나 비어 있어 평가하지 않았습니다.,2024
BRD_20212452,명륜피자,0.0,평가 대상 아님,,,이번 공시의 가맹점 수가 0이거나 비어 있어 평가하지 않았습니다.,2024
BRD_20212455,명륜쥬스,0.0,평가 대상 아님,,,이번 공시의 가맹점 수가 0이거나 비어 있어 평가하지 않았습니다.,2024
BRD_20212456,명륜당제과,0.0,평가 대상 아님,,,이번 공시의 가맹점 수가 0이거나 비어 있어 평가하지 않았습니다.,2024
BRD_20212458,천하반점,0.0,평가 대상 아님,,,이번 공시의 가맹점 수가 0이거나 비어 있어 평가하지 않았습니다.,2024
BRD_20212459,명륜스시,0.0,평가 대상 아님,,,이번 공시의 가맹점 수가 0이거나 비어 있어 평가하지 않았습니다.,2024
BRD_20212460,명륜스테이크,0.0,평가 대상 아님,,,이번 공시의 가맹점 수가 0이거나 비어 있어 평가하지 않았습니다.,2024
BRD_20212461,바로 바이킹(baro buyking),0.0,평가 대상 아님,,,이번 공시의 가맹점 수가 0이거나 비어 있어 평가하지 않았습니다.,2024
BRD_20212462,메타버거(METABURGER),0.0,평가 대상 아님,,,이번 공시의 가맹점 수가 0이거나 비어 있어 평가하지 않았습니다.,2024
BRD_20212466,스시쿠마,0.0,평가 대상 아님,,,이번 공시의 가맹점 수가 0이거나 비어 있어 평가하지 않았습니다.,2024
BRD_20212469,떡수르돈수르,0.0,평가 대상 아님,,,이번 공시의 가맹점 수가 0이거나 비어 있어 평가하지 않았습니다.,2024
BRD_20212470,글고만식당,0.0,평가 대상 아님,,,이번 공시의 가맹점 수가 0이거나 비어 있어 평가하지 않았습니다.,2024
BRD_20212485,화도반점,0.0,평가 대상 아님,,,이번 공시의 가맹점 수가 0이거나 비어 있어 평가하지 않았습니다.,2024
BRD_20212489,투겹살,0.0,평가 대상 아님,,,이번 공시의 가맹점 수가 0이거나 비어 있어 평가하지 않았습니다.,2024
BRD_20212490,데일리오,0.0,평가 대상 아님,,,이번 공시의 가맹점 수가 0이거나 비어 있어 평가하지 않았습니다.,2024
BRD_20212491,스시테리아,0.0,평가 대상 아님,,,이번 공시의 가맹점 수가 0이거나 비어 있어 평가하지 않았습니다.,2024
BRD_20212492,스시루,0.0,평가 대상 아님,,,이번 공시의 가맹점 수가 0이거나 비어 있어 평가하지 않았습니다.,2024
BRD_20212493,Chopt 샌드위치,0.0,평가 대상 아님,,,이번 공시의 가맹점 수가 0이거나 비어 있어 평가하지 않았습니다.,2024
BRD_20212494,키토니,0.0,평가 대상 아님,,,이번 공시의 가맹점 수가 0이거나 비어 있어 평가하지 않았습니다.,2024
BRD_20212500,파인24(pine24),0.0,평가 대상 아님,,,이번 공시의 가맹점 수가 0이거나 비어 있어 평가하지 않았습니다.,2024
BRD_20212506,불난볶음밥,0.0,평가 대상 아님,,,이번 공시의 가맹점 수가 0이거나 비어 있어 평가하지 않았습니다.,2024
BRD_20212507,장빙고냉면,0.0,평가 대상 아님,,,이번 공시의 가맹점 수가 0이거나 비어 있어 평가하지 않았습니다.,2024
BRD_20212516,파페지(FaFeG),0.0,평가 대상 아님,,,이번 공시의 가맹점 수가 0이거나 비어 있어 평가하지 않았습니다.,2024
BRD_20212523,일등초장집,0.0,평가 대상 아님,,,이번 공시의 가맹점 수가 0이거나 비어 있어 평가하지 않았습니다.,2024
BRD_20212526,조그삼,0.0,평가 대상 아님,,,이번 공시의 가맹점 수가 0이거나 비어 있어 평가하지 않았습니다.,2024
BRD_20212532,오븐투닭,0.0,평가 대상 아님,,,이번 공시의 가맹점 수가 0이거나 비어 있어 평가하지 않았습니다.,2024
BRD_20212537,요즘찜닭,0.0,평가 대상 아님,,,이번 공시의 가맹점 수가 0이거나 비어 있어 평가하지 않았습니다.,2024
BRD_20212538,오마닭,0.0,평가 대상 아님,,,이번 공시의 가맹점 수가 0이거나 비어 있어 평가하지 않았습니다.,2024
BRD_20212539,옹쎄,0.0,평가 대상 아님,,,이번 공시의 가맹점 수가 0이거나 비어 있어 평가하지 않았습니다.,2024
BRD_20212540|JNG_010847,불타는돼지뽈때기,0.0,평가 대상 아님,,,이번 공시의 가맹점 수가 0이거나 비어 있어 평가하지 않았습니다.,2024
BRD_20212542,맛있는 짬뽕촌,0.0,평가 대상 아님,,,이번 공시의 가맹점 수가 0이거나 비어 있어 평가하지 않았습니다.,2024
BRD_20212544,라멘집이야,0.0,평가 대상 아님,,,이번 공시의 가맹점 수가 0이거나 비어 있어 평가하지 않았습니다.,2024
BRD_20212545,빈프,0.0,평가 대상 아님,,,이번 공시의 가맹점 수가 0이거나 비어 있어 평가하지 않았습니다.,2024
BRD_20212546,돈까스집이야,0.0,평가 대상 아님,,,이번 공시의 가맹점 수가 0이거나 비어 있어 평가하지 않았습니다.,2024
BRD_20212548,카레집이야,0.0,평가 대상 아님,,,이번 공시의 가맹점 수가 0이거나 비어 있어 평가하지 않았습니다.,2024
BRD_20212550,냉정식,0.0,평가 대상 아님,,,이번 공시의 가맹점 수가 0이거나 비어 있어 평가하지 않았습니다.,2024
BRD_20212551,치킨집이야,0.0,평가 대상 아님,,,이번 공시의 가맹점 수가 0이거나 비어 있어 평가하지 않았습니다.,2024
BRD_20212552,반주담당,0.0,평가 대상 아님,,,이번 공시의 가맹점 수가 0이거나 비어 있어 평가하지 않았습니다.,2024
BRD_20212553,버거집이야,0.0,평가 대상 아님,,,이번 공시의 가맹점 수가 0이거나 비어 있어 평가하지 않았습니다.,2024
BRD_20212554,마라탕집이야,0.0,평가 대상 아님,,,이번 공시의 가맹점 수가 0이거나 비어 있어 평가하지 않았습니다.,2024
BRD_20212556,고기집이야,0.0,평가 대상 아님,,,이번 공시의 가맹점 수가 0이거나 비어 있어 평가하지 않았습니다.,2024
BRD_20212557,샐러드집이야,0.0,평가 대상 아님,,,이번 공시의 가맹점 수가 0이거나 비어 있어 평가하지 않았습니다.,2024
BRD_20212558,이대성의진면목,0.0,평가 대상 아님,,,이번 공시의 가맹점 수가 0이거나 비어 있어 평가하지 않았습니다.,2024
BRD_20212564,개코얼큰이 불닭발,0.0,평가 대상 아님,,,이번 공시의 가맹점 수가 0이거나 비어 있어 평가하지 않았습니다.,2024
BRD_20212566,월등한만두,0.0,평가 대상 아님,,,이번 공시의 가맹점 수가 0이거나 비어 있어 평가하지 않았습니다.,2024
BRD_20212567,위대한부대찌개,0.0,평가 대상 아님,,,이번 공시의 가맹점 수가 0이거나 비어 있어 평가하지 않았습니다.,2024
BRD_20212582,샴빠샴뺘,0.0,평가 대상 아님,,,이번 공시의 가맹점 수가 0이거나 비어 있어 평가하지 않았습니다.,2024
BRD_20212586,시대닭갈비,0.0,평가 대상 아님,,,이번 공시의 가맹점 수가 0이거나 비어 있어 평가하지 않았습니다.,2024
BRD_20212587,시대돼지집,0.0,평가 대상 아님,,,이번 공시의 가맹점 수가 0이거나 비어 있어 평가하지 않았습니다.,2024
BRD_20212588,오케이 치킨&피자,0.0,평가 대상 아님,,,이번 공시의 가맹점 수가 0이거나 비어 있어 평가하지 않았습니다.,2024
BRD_20212593,열정시대,0.0,평가 대상 아님,,,이번 공시의 가맹점 수가 0이거나 비어 있어 평가하지 않았습니다.,2024
BRD_20212594,감동카페,0.0,평가 대상 아님,,,이번 공시의 가맹점 수가 0이거나 비어 있어 평가하지 않았습니다.,2024
BRD_20212598,디저트일구,0.0,평가 대상 아님,,,이번 공시의 가맹점 수가 0이거나 비어 있어 평가하지 않았습니다.,2024
BRD_20212599,혼고밥,0.0,평가 대상 아님,,,이번 공시의 가맹점 수가 0이거나 비어 있어 평가하지 않았습니다.,2024
BRD_20212601,육미다담,0.0,평가 대상 아님,,,이번 공시의 가맹점 수가 0이거나 비어 있어 평가하지 않았습니다.,2024
BRD_20212602,호선생찜닭8422,0.0,평가 대상 아님,,,이번 공시의 가맹점 수가 0이거나 비어 있어 평가하지 않았습니다.,2024
BRD_20212603,오마이스,0.0,평가 대상 아님,,,이번 공시의 가맹점 수가 0이거나 비어 있어 평가하지 않았습니다.,2024
BRD_20212605,아맵떡,0.0,평가 대상 아님,,,이번 공시의 가맹점 수가 0이거나 비어 있어 평가하지 않았습니다.,2024
BRD_20212606,뼈고집,0.0,평가 대상 아님,,,이번 공시의 가맹점 수가 0이거나 비어 있어 평가하지 않았습니다.,2024
BRD_20212608,초밥마켓,0.0,평가 대상 아님,,,이번 공시의 가맹점 수가 0이거나 비어 있어 평가하지 않았습니다.,2024
BRD_20212609,에이햅(Ahap),0.0,평가 대상 아님,,,이번 공시의 가맹점 수가 0이거나 비어 있어 평가하지 않았습니다.,2024
BRD_20212611,떡볶이명장,0.0,평가 대상 아님,,,이번 공시의 가맹점 수가 0이거나 비어 있어 평가하지 않았습니다.,2024
BRD_20212612,제육시대,0.0,평가 대상 아님,,,이번 공시의 가맹점 수가 0이거나 비어 있어 평가하지 않았습니다.,2024
BRD_20212613,M7500몬스터닭발,0.0,평가 대상 아님,,,이번 공시의 가맹점 수가 0이거나 비어 있어 평가하지 않았습니다.,2024
BRD_20212614,1985전설의곱창,0.0,평가 대상 아님,,,이번 공시의 가맹점 수가 0이거나 비어 있어 평가하지 않았습니다.,2024
BRD_20212616,Breaview(브레뷰),0.0,평가 대상 아님,,,이번 공시의 가맹점 수가 0이거나 비어 있어 평가하지 않았습니다.,2024
BRD_20212618,오계절,0.0,평가 대상 아님,,,이번 공시의 가맹점 수가 0이거나 비어 있어 평가하지 않았습니다.,2024
BRD_20212620,정직화삼겹,0.0,평가 대상 아님,,,이번 공시의 가맹점 수가 0이거나 비어 있어 평가하지 않았습니다.,2024
BRD_20212625,남궁돈만두명장,0.0,평가 대상 아님,,,이번 공시의 가맹점 수가 0이거나 비어 있어 평가하지 않았습니다.,2024
BRD_20212628,세가지 치킨 네가지 피자,0.0,평가 대상 아님,,,이번 공시의 가맹점 수가 0이거나 비어 있어 평가하지 않았습니다.,2024
BRD_20212634,봉호반점,0.0,평가 대상 아님,,,이번 공시의 가맹점 수가 0이거나 비어 있어 평가하지 않았습니다.,2024
BRD_20212638,풍년식당1979,0.0,평가 대상 아님,,,이번 공시의 가맹점 수가 0이거나 비어 있어 평가하지 않았습니다.,2024
BRD_20212639,온그릇비빔밥,0.0,평가 대상 아님,,,이번 공시의 가맹점 수가 0이거나 비어 있어 평가하지 않았습니다.,2024
BRD_20212657,고고장,0.0,평가 대상 아님,,,이번 공시의 가맹점 수가 0이거나 비어 있어 평가하지 않았습니다.,2024
BRD_20212661,올리브,0.0,평가 대상 아님,,,이번 공시의 가맹점 수가 0이거나 비어 있어 평가하지 않았습니다.,2024
BRD_20212663,심플쿡,0.0,평가 대상 아님,,,이번 공시의 가맹점 수가 0이거나 비어 있어 평가하지 않았습니다.,2024
BRD_20212664,여유한잔,0.0,평가 대상 아님,,,이번 공시의 가맹점 수가 0이거나 비어 있어 평가하지 않았습니다.,2024
BRD_20212666,오마이피자,0.0,평가 대상 아님,,,이번 공시의 가맹점 수가 0이거나 비어 있어 평가하지 않았습니다.,2024
BRD_20212667,골목맥주,0.0,평가 대상 아님,,,이번 공시의 가맹점 수가 0이거나 비어 있어 평가하지 않았습니다.,2024
BRD_20212669,꾹,0.0,평가 대상 아님,,,이번 공시의 가맹점 수가 0이거나 비어 있어 평가하지 않았습니다.,2024
BRD_20212670,란콰이퐁,0.0,평가 대상 아님,,,이번 공시의 가맹점 수가 0이거나 비어 있어 평가하지 않았습니다.,2024
BRD_20212671,명인홍어,0.0,평가 대상 아님,,,이번 공시의 가맹점 수가 0이거나 비어 있어 평가하지 않았습니다.,2024
BRD_20212672,산마루국밥,0.0,평가 대상 아님,,,이번 공시의 가맹점 수가 0이거나 비어 있어 평가하지 않았습니다.,2024
BRD_20212673,신의주랭면,0.0,평가 대상 아님,,,이번 공시의 가맹점 수가 0이거나 비어 있어 평가하지 않았습니다.,2024
BRD_20212675,오늘고기,0.0,평가 대상 아님,,,이번 공시의 가맹점 수가 0이거나 비어 있어 평가하지 않았습니다.,2024
BRD_20212676,오마떡,0.0,평가 대상 아님,,,이번 공시의 가맹점 수가 0이거나 비어 있어 평가하지 않았습니다.,2024
BRD_20212677,오마이김밥,0.0,평가 대상 아님,,,이번 공시의 가맹점 수가 0이거나 비어 있어 평가하지 않았습니다.,2024
BRD_20212678,오마족,0.0,평가 대상 아님,,,이번 공시의 가맹점 수가 0이거나 비어 있어 평가하지 않았습니다.,2024
BRD_20212679,유우진,0.0,평가 대상 아님,,,이번 공시의 가맹점 수가 0이거나 비어 있어 평가하지 않았습니다.,2024
BRD_20212680,카우보이그릴,0.0,평가 대상 아님,,,이번 공시의 가맹점 수가 0이거나 비어 있어 평가하지 않았습니다.,2024
BRD_20212681,햄버거타임,0.0,평가 대상 아님,,,이번 공시의 가맹점 수가 0이거나 비어 있어 평가하지 않았습니다.,2024
BRD_20212683,1998실내포차,0.0,평가 대상 아님,,,이번 공시의 가맹점 수가 0이거나 비어 있어 평가하지 않았습니다.,2024
BRD_20212686,천하제일마라홍,0.0,평가 대상 아님,,,이번 공시의 가맹점 수가 0이거나 비어 있어 평가하지 않았습니다.,2024
BRD_20212687,올바른파스타,0.0,평가 대상 아님,,,이번 공시의 가맹점 수가 0이거나 비어 있어 평가하지 않았습니다.,2024
BRD_20212689,니떡내떡,0.0,평가 대상 아님,,,이번 공시의 가맹점 수가 0이거나 비어 있어 평가하지 않았습니다.,2024
BRD_20212690,여우굴,0.0,평가 대상 아님,,,이번 공시의 가맹점 수가 0이거나 비어 있어 평가하지 않았습니다.,2024
BRD_20212696,감탄우동,0.0,평가 대상 아님,,,이번 공시의 가맹점 수가 0이거나 비어 있어 평가하지 않았습니다.,2024
BRD_20212699,가로등골목맥주,0.0,평가 대상 아님,,,이번 공시의 가맹점 수가 0이거나 비어 있어 평가하지 않았습니다.,2024
BRD_20212700,흑백도,0.0,평가 대상 아님,,,이번 공시의 가맹점 수가 0이거나 비어 있어 평가하지 않았습니다.,2024
BRD_20212708,제이브이엘(JVL)부대찌개 익스프레스,0.0,평가 대상 아님,,,이번 공시의 가맹점 수가 0이거나 비어 있어 평가하지 않았습니다.,2024
BRD_20212712,퀸비,0.0,평가 대상 아님,,,이번 공시의 가맹점 수가 0이거나 비어 있어 평가하지 않았습니다.,2024
BRD_20212714,맛담,0.0,평가 대상 아님,,,이번 공시의 가맹점 수가 0이거나 비어 있어 평가하지 않았습니다.,2024
BRD_20212715,쿠시혼,0.0,평가 대상 아님,,,이번 공시의 가맹점 수가 0이거나 비어 있어 평가하지 않았습니다.,2024
BRD_20212716,경몽루,0.0,평가 대상 아님,,,이번 공시의 가맹점 수가 0이거나 비어 있어 평가하지 않았습니다.,2024
BRD_20212717,레오커피&주스(LEO Coffee & Juice),0.0,평가 대상 아님,,,이번 공시의 가맹점 수가 0이거나 비어 있어 평가하지 않았습니다.,2024
BRD_20212720,대한버거,0.0,평가 대상 아님,,,이번 공시의 가맹점 수가 0이거나 비어 있어 평가하지 않았습니다.,2024
BRD_20212723,대한일식,0.0,평가 대상 아님,,,이번 공시의 가맹점 수가 0이거나 비어 있어 평가하지 않았습니다.,2024
BRD_20212725,대한커피,0.0,평가 대상 아님,,,이번 공시의 가맹점 수가 0이거나 비어 있어 평가하지 않았습니다.,2024
BRD_20212727,대한피자,0.0,평가 대상 아님,,,이번 공시의 가맹점 수가 0이거나 비어 있어 평가하지 않았습니다.,2024
BRD_20212738,이섭감자탕,0.0,평가 대상 아님,,,이번 공시의 가맹점 수가 0이거나 비어 있어 평가하지 않았습니다.,2024
BRD_20212744,뼈대장,0.0,평가 대상 아님,,,이번 공시의 가맹점 수가 0이거나 비어 있어 평가하지 않았습니다.,2024
BRD_20212745,대왕제육,0.0,평가 대상 아님,,,이번 공시의 가맹점 수가 0이거나 비어 있어 평가하지 않았습니다.,2024
BRD_20212748,비결치킨,0.0,평가 대상 아님,,,이번 공시의 가맹점 수가 0이거나 비어 있어 평가하지 않았습니다.,2024
BRD_20212749,비결카페,0.0,평가 대상 아님,,,이번 공시의 가맹점 수가 0이거나 비어 있어 평가하지 않았습니다.,2024
BRD_20212750,비결주점,0.0,평가 대상 아님,,,이번 공시의 가맹점 수가 0이거나 비어 있어 평가하지 않았습니다.,2024
BRD_20212751,비결족발,0.0,평가 대상 아님,,,이번 공시의 가맹점 수가 0이거나 비어 있어 평가하지 않았습니다.,2024
BRD_20212753,비결고기,0.0,평가 대상 아님,,,이번 공시의 가맹점 수가 0이거나 비어 있어 평가하지 않았습니다.,2024
BRD_20212755,브릭스도우,0.0,평가 대상 아님,,,이번 공시의 가맹점 수가 0이거나 비어 있어 평가하지 않았습니다.,2024
BRD_20212757,외계인방앗간,0.0,평가 대상 아님,,,이번 공시의 가맹점 수가 0이거나 비어 있어 평가하지 않았습니다.,2024
BRD_20212758,떡볶이 집(ZIP),0.0,평가 대상 아님,,,이번 공시의 가맹점 수가 0이거나 비어 있어 평가하지 않았습니다.,2024
BRD_20212761,엄마천원만,0.0,평가 대상 아님,,,이번 공시의 가맹점 수가 0이거나 비어 있어 평가하지 않았습니다.,2024
BRD_20212768,UP&UP Pizza,0.0,평가 대상 아님,,,이번 공시의 가맹점 수가 0이거나 비어 있어 평가하지 않았습니다.,2024
BRD_20212777,메타피자,0.0,평가 대상 아님,,,이번 공시의 가맹점 수가 0이거나 비어 있어 평가하지 않았습니다.,2024
BRD_20212778,금상어가,0.0,평가 대상 아님,,,이번 공시의 가맹점 수가 0이거나 비어 있어 평가하지 않았습니다.,2024
BRD_20212781,내가쉐프라면,0.0,평가 대상 아님,,,이번 공시의 가맹점 수가 0이거나 비어 있어 평가하지 않았습니다.,2024
BRD_20212785,아임스틸앵그리(I'm Still Angry),0.0,평가 대상 아님,,,이번 공시의 가맹점 수가 0이거나 비어 있어 평가하지 않았습니다.,2024
BRD_20212786,어썸스낵(Awesome Snack),0.0,평가 대상 아님,,,이번 공시의 가맹점 수가 0이거나 비어 있어 평가하지 않았습니다.,2024
BRD_20212789,예뻐지는커피,0.0,평가 대상 아님,,,이번 공시의 가맹점 수가 0이거나 비어 있어 평가하지 않았습니다.,2024
BRD_20212790,아임스틸헝그리(I'm Still Hungry),0.0,평가 대상 아님,,,이번 공시의 가맹점 수가 0이거나 비어 있어 평가하지 않았습니다.,2024
BRD_20212792,양은이네,0.0,평가 대상 아님,,,이번 공시의 가맹점 수가 0이거나 비어 있어 평가하지 않았습니다.,2024
BRD_20212795,덮끼,0.0,평가 대상 아님,,,이번 공시의 가맹점 수가 0이거나 비어 있어 평가하지 않았습니다.,2024
BRD_20212796,갈비고,0.0,평가 대상 아님,,,이번 공시의 가맹점 수가 0이거나 비어 있어 평가하지 않았습니다.,2024
BRD_20212797,금포당,0.0,평가 대상 아님,,,이번 공시의 가맹점 수가 0이거나 비어 있어 평가하지 않았습니다.,2024
BRD_20212821,펀피쉬,0.0,평가 대상 아님,,,이번 공시의 가맹점 수가 0이거나 비어 있어 평가하지 않았습니다.,2024
BRD_20212827,강릉수제어묵고로케,0.0,평가 대상 아님,,,이번 공시의 가맹점 수가 0이거나 비어 있어 평가하지 않았습니다.,2024
BRD_20212833,도드람 포크프라이드,0.0,평가 대상 아님,,,이번 공시의 가맹점 수가 0이거나 비어 있어 평가하지 않았습니다.,2024
BRD_20212834,상구맥주,0.0,평가 대상 아님,,,이번 공시의 가맹점 수가 0이거나 비어 있어 평가하지 않았습니다.,2024
BRD_20212841,알맞은치킨,0.0,평가 대상 아님,,,이번 공시의 가맹점 수가 0이거나 비어 있어 평가하지 않았습니다.,2024
BRD_20212863,창화루,0.0,평가 대상 아님,,,이번 공시의 가맹점 수가 0이거나 비어 있어 평가하지 않았습니다.,2024
BRD_20212884,와플랩,0.0,평가 대상 아님,,,이번 공시의 가맹점 수가 0이거나 비어 있어 평가하지 않았습니다.,2024
BRD_20212885,페이즐리,0.0,평가 대상 아님,,,이번 공시의 가맹점 수가 0이거나 비어 있어 평가하지 않았습니다.,2024
BRD_20212887,대백호짬뽕,0.0,평가 대상 아님,,,이번 공시의 가맹점 수가 0이거나 비어 있어 평가하지 않았습니다.,2024
BRD_20212891,무공닭갈비,0.0,평가 대상 아님,,,이번 공시의 가맹점 수가 0이거나 비어 있어 평가하지 않았습니다.,2024
BRD_20212893,단청커피,0.0,평가 대상 아님,,,이번 공시의 가맹점 수가 0이거나 비어 있어 평가하지 않았습니다.,2024
BRD_20212897,애슐리투고,0.0,평가 대상 아님,,,이번 공시의 가맹점 수가 0이거나 비어 있어 평가하지 않았습니다.,2024
BRD_20212909,맛있는스테이크,0.0,평가 대상 아님,,,이번 공시의 가맹점 수가 0이거나 비어 있어 평가하지 않았습니다.,2024
BRD_20212910,맛있는호프,0.0,평가 대상 아님,,,이번 공시의 가맹점 수가 0이거나 비어 있어 평가하지 않았습니다.,2024
BRD_20212913,임사부 국밥,0.0,평가 대상 아님,,,이번 공시의 가맹점 수가 0이거나 비어 있어 평가하지 않았습니다.,2024
BRD_20212919,맛있는스시,0.0,평가 대상 아님,,,이번 공시의 가맹점 수가 0이거나 비어 있어 평가하지 않았습니다.,2024
BRD_20212923,바른분식 도림국수,0.0,평가 대상 아님,,,이번 공시의 가맹점 수가 0이거나 비어 있어 평가하지 않았습니다.,2024
BRD_20212927,정백선 순대,0.0,평가 대상 아님,,,이번 공시의 가맹점 수가 0이거나 비어 있어 평가하지 않았습니다.,2024
BRD_20212933,마귀맥주,0.0,평가 대상 아님,,,이번 공시의 가맹점 수가 0이거나 비어 있어 평가하지 않았습니다.,2024
BRD_20212935,알콜스낵,0.0,평가 대상 아님,,,이번 공시의 가맹점 수가 0이거나 비어 있어 평가하지 않았습니다.,2024
BRD_20212937,쌀롱드 떡볶이,0.0,평가 대상 아님,,,이번 공시의 가맹점 수가 0이거나 비어 있어 평가하지 않았습니다.,2024
BRD_20212939,플레이펭,0.0,평가 대상 아님,,,이번 공시의 가맹점 수가 0이거나 비어 있어 평가하지 않았습니다.,2024
BRD_20212940,계림원,0.0,평가 대상 아님,,,이번 공시의 가맹점 수가 0이거나 비어 있어 평가하지 않았습니다.,2024
BRD_20212946,올뎃윙즈,0.0,평가 대상 아님,,,이번 공시의 가맹점 수가 0이거나 비어 있어 평가하지 않았습니다.,2024
BRD_20212949,비에스버거(BS BURGER),0.0,평가 대상 아님,,,이번 공시의 가맹점 수가 0이거나 비어 있어 평가하지 않았습니다.,2024
BRD_20212950,비에스치킨(BS Chicken),0.0,평가 대상 아님,,,이번 공시의 가맹점 수가 0이거나 비어 있어 평가하지 않았습니다.,2024
BRD_20212951,비에스카페(BS CAFE),0.0,평가 대상 아님,,,이번 공시의 가맹점 수가 0이거나 비어 있어 평가하지 않았습니다.,2024
BRD_20212953,구구닭발,0.0,평가 대상 아님,,,이번 공시의 가맹점 수가 0이거나 비어 있어 평가하지 않았습니다.,2024
BRD_20212954,청떡,0.0,평가 대상 아님,,,이번 공시의 가맹점 수가 0이거나 비어 있어 평가하지 않았습니다.,2024
BRD_20212955,세이슌,0.0,평가 대상 아님,,,이번 공시의 가맹점 수가 0이거나 비어 있어 평가하지 않았습니다.,2024
BRD_20212957,일맥커피,0.0,평가 대상 아님,,,이번 공시의 가맹점 수가 0이거나 비어 있어 평가하지 않았습니다.,2024
BRD_20212968,1일1디저트,0.0,평가 대상 아님,,,이번 공시의 가맹점 수가 0이거나 비어 있어 평가하지 않았습니다.,2024
BRD_20212969|JNG_020464,구미곱창,0.0,평가 대상 아님,,,이번 공시의 가맹점 수가 0이거나 비어 있어 평가하지 않았습니다.,2024
BRD_20212976,무모회,0.0,평가 대상 아님,,,이번 공시의 가맹점 수가 0이거나 비어 있어 평가하지 않았습니다.,2024
BRD_20212977,바로한죽,0.0,평가 대상 아님,,,이번 공시의 가맹점 수가 0이거나 비어 있어 평가하지 않았습니다.,2024
BRD_20212987|JNG_018564,금치찜,0.0,평가 대상 아님,,,이번 공시의 가맹점 수가 0이거나 비어 있어 평가하지 않았습니다.,2024
BRD_20212993,도노피자,0.0,평가 대상 아님,,,이번 공시의 가맹점 수가 0이거나 비어 있어 평가하지 않았습니다.,2024
BRD_20212994,푸닭,0.0,평가 대상 아님,,,이번 공시의 가맹점 수가 0이거나 비어 있어 평가하지 않았습니다.,2024
BRD_20212998,43 Zhouzhuang(저우장),0.0,평가 대상 아님,,,이번 공시의 가맹점 수가 0이거나 비어 있어 평가하지 않았습니다.,2024
BRD_20213001,43떡볶이,0.0,평가 대상 아님,,,이번 공시의 가맹점 수가 0이거나 비어 있어 평가하지 않았습니다.,2024
BRD_20213003,43로켓버거,0.0,평가 대상 아님,,,이번 공시의 가맹점 수가 0이거나 비어 있어 평가하지 않았습니다.,2024
BRD_20213008,인생뚝배기,0.0,평가 대상 아님,,,이번 공시의 가맹점 수가 0이거나 비어 있어 평가하지 않았습니다.,2024
BRD_20213010,목계지덕 싸울아비닭,0.0,평가 대상 아님,,,이번 공시의 가맹점 수가 0이거나 비어 있어 평가하지 않았습니다.,2024
BRD_20213014,통큰흑염소,0.0,평가 대상 아님,,,이번 공시의 가맹점 수가 0이거나 비어 있어 평가하지 않았습니다.,2024
BRD_20213026,족발집배원,0.0,평가 대상 아님,,,이번 공시의 가맹점 수가 0이거나 비어 있어 평가하지 않았습니다.,2024
BRD_20213033,에나로포차,0.0,평가 대상 아님,,,이번 공시의 가맹점 수가 0이거나 비어 있어 평가하지 않았습니다.,2024
BRD_20213034,에나로칼국수,0.0,평가 대상 아님,,,이번 공시의 가맹점 수가 0이거나 비어 있어 평가하지 않았습니다.,2024
BRD_20213038,전국민 김치찌개랑제육 맛집,0.0,평가 대상 아님,,,이번 공시의 가맹점 수가 0이거나 비어 있어 평가하지 않았습니다.,2024
BRD_20213041,볶닭불닭,0.0,평가 대상 아님,,,이번 공시의 가맹점 수가 0이거나 비어 있어 평가하지 않았습니다.,2024
BRD_20213045,썬즈오렌지커피,0.0,평가 대상 아님,,,이번 공시의 가맹점 수가 0이거나 비어 있어 평가하지 않았습니다.,2024
BRD_20213047,경성매운갈비찜,0.0,평가 대상 아님,,,이번 공시의 가맹점 수가 0이거나 비어 있어 평가하지 않았습니다.,2024
BRD_20213048,이천국밥수육,0.0,평가 대상 아님,,,이번 공시의 가맹점 수가 0이거나 비어 있어 평가하지 않았습니다.,2024
BRD_20213049,이화육감부,0.0,평가 대상 아님,,,이번 공시의 가맹점 수가 0이거나 비어 있어 평가하지 않았습니다.,2024
BRD_20213050,실비옥,0.0,평가 대상 아님,,,이번 공시의 가맹점 수가 0이거나 비어 있어 평가하지 않았습니다.,2024
BRD_20213051,경성분식,0.0,평가 대상 아님,,,이번 공시의 가맹점 수가 0이거나 비어 있어 평가하지 않았습니다.,2024
BRD_20213052,동춘당꽈배기,0.0,평가 대상 아님,,,이번 공시의 가맹점 수가 0이거나 비어 있어 평가하지 않았습니다.,2024
BRD_20213053,경성다이닝,0.0,평가 대상 아님,,,이번 공시의 가맹점 수가 0이거나 비어 있어 평가하지 않았습니다.,2024
BRD_20213054,봉식이치킨,0.0,평가 대상 아님,,,이번 공시의 가맹점 수가 0이거나 비어 있어 평가하지 않았습니다.,2024
BRD_20213055,와인살롱,0.0,평가 대상 아님,,,이번 공시의 가맹점 수가 0이거나 비어 있어 평가하지 않았습니다.,2024
BRD_20213056,태리피자,0.0,평가 대상 아님,,,이번 공시의 가맹점 수가 0이거나 비어 있어 평가하지 않았습니다.,2024
BRD_20213058,참숯오리공장,0.0,평가 대상 아님,,,이번 공시의 가맹점 수가 0이거나 비어 있어 평가하지 않았습니다.,2024
BRD_20213060,찌개대첩,0.0,평가 대상 아님,,,이번 공시의 가맹점 수가 0이거나 비어 있어 평가하지 않았습니다.,2024
BRD_20213066,커피머피,0.0,평가 대상 아님,,,이번 공시의 가맹점 수가 0이거나 비어 있어 평가하지 않았습니다.,2024
BRD_20213069,쿠로,0.0,평가 대상 아님,,,이번 공시의 가맹점 수가 0이거나 비어 있어 평가하지 않았습니다.,2024
BRD_20213071,머그디저트랩,0.0,평가 대상 아님,,,이번 공시의 가맹점 수가 0이거나 비어 있어 평가하지 않았습니다.,2024
BRD_20213072,2F Coffee,0.0,평가 대상 아님,,,이번 공시의 가맹점 수가 0이거나 비어 있어 평가하지 않았습니다.,2024
BRD_20213085,오정태민물장어&김재롱오리구이,0.0,평가 대상 아님,,,이번 공시의 가맹점 수가 0이거나 비어 있어 평가하지 않았습니다.,2024
BRD_20213087,바다CCM(씨씨엠)커피,0.0,평가 대상 아님,,,이번 공시의 가맹점 수가 0이거나 비어 있어 평가하지 않았습니다.,2024
BRD_20213088,바다생우럭한마리매운탕,0.0,평가 대상 아님,,,이번 공시의 가맹점 수가 0이거나 비어 있어 평가하지 않았습니다.,2024
BRD_20213090,바다동태탕솥밥전문점,0.0,평가 대상 아님,,,이번 공시의 가맹점 수가 0이거나 비어 있어 평가하지 않았습니다.,2024
BRD_20213092,바다저니맨의 크보와인바33,0.0,평가 대상 아님,,,이번 공시의 가맹점 수가 0이거나 비어 있어 평가하지 않았습니다.,2024
BRD_20213093,흑삼골염소요리전문점,0.0,평가 대상 아님,,,이번 공시의 가맹점 수가 0이거나 비어 있어 평가하지 않았습니다.,2024
BRD_20213101,밀내음,0.0,평가 대상 아님,,,이번 공시의 가맹점 수가 0이거나 비어 있어 평가하지 않았습니다.,2024
BRD_20213103,샤브토랑,0.0,평가 대상 아님,,,이번 공시의 가맹점 수가 0이거나 비어 있어 평가하지 않았습니다.,2024
BRD_20213108,바다익투스꽈배기&망고쥬스,0.0,평가 대상 아님,,,이번 공시의 가맹점 수가 0이거나 비어 있어 평가하지 않았습니다.,2024
BRD_20213109,바다마라나타 베이커리&커피,0.0,평가 대상 아님,,,이번 공시의 가맹점 수가 0이거나 비어 있어 평가하지 않았습니다.,2024
BRD_20213111,오뼈집,0.0,평가 대상 아님,,,이번 공시의 가맹점 수가 0이거나 비어 있어 평가하지 않았습니다.,2024
BRD_20213115,고아트커피,0.0,평가 대상 아님,,,이번 공시의 가맹점 수가 0이거나 비어 있어 평가하지 않았습니다.,2024
BRD_20213116,상하이마라꼬치,0.0,평가 대상 아님,,,이번 공시의 가맹점 수가 0이거나 비어 있어 평가하지 않았습니다.,2024
BRD_20213120,육미찬탄,0.0,평가 대상 아님,,,이번 공시의 가맹점 수가 0이거나 비어 있어 평가하지 않았습니다.,2024
BRD_20213121,중화 요란방,0.0,평가 대상 아님,,,이번 공시의 가맹점 수가 0이거나 비어 있어 평가하지 않았습니다.,2024
BRD_20213137,1인전용김치찜&찌개마을,0.0,평가 대상 아님,,,이번 공시의 가맹점 수가 0이거나 비어 있어 평가하지 않았습니다.,2024
BRD_20213144,모심뚝배기,0.0,평가 대상 아님,,,이번 공시의 가맹점 수가 0이거나 비어 있어 평가하지 않았습니다.,2024
BRD_20213155,제철그륵,0.0,평가 대상 아님,,,이번 공시의 가맹점 수가 0이거나 비어 있어 평가하지 않았습니다.,2024
BRD_20213161,메칸더김밥,0.0,평가 대상 아님,,,이번 공시의 가맹점 수가 0이거나 비어 있어 평가하지 않았습니다.,2024
BRD_20213163,떡공대,0.0,평가 대상 아님,,,이번 공시의 가맹점 수가 0이거나 비어 있어 평가하지 않았습니다.,2024
BRD_20213164,밀라노뽕,0.0,평가 대상 아님,,,이번 공시의 가맹점 수가 0이거나 비어 있어 평가하지 않았습니다.,2024
BRD_20213165,맛남의휴게소,0.0,평가 대상 아님,,,이번 공시의 가맹점 수가 0이거나 비어 있어 평가하지 않았습니다.,2024
BRD_20213200,복정동야시장,0.0,평가 대상 아님,,,이번 공시의 가맹점 수가 0이거나 비어 있어 평가하지 않았습니다.,2024
BRD_20213211,프렌즈카레,0.0,평가 대상 아님,,,이번 공시의 가맹점 수가 0이거나 비어 있어 평가하지 않았습니다.,2024
BRD_20213216,갈비대장,0.0,평가 대상 아님,,,이번 공시의 가맹점 수가 0이거나 비어 있어 평가하지 않았습니다.,2024
BRD_20213217,식사만사,0.0,평가 대상 아님,,,이번 공시의 가맹점 수가 0이거나 비어 있어 평가하지 않았습니다.,2024
BRD_20213218,오리엔탈익스프레스,0.0,평가 대상 아님,,,이번 공시의 가맹점 수가 0이거나 비어 있어 평가하지 않았습니다.,2024
BRD_20213230,가츠파스타,0.0,평가 대상 아님,,,이번 공시의 가맹점 수가 0이거나 비어 있어 평가하지 않았습니다.,2024
BRD_20213243,오늘은함바그(오함박),0.0,평가 대상 아님,,,이번 공시의 가맹점 수가 0이거나 비어 있어 평가하지 않았습니다.,2024
BRD_20213255,더카페드림(THE카페드림),0.0,평가 대상 아님,,,이번 공시의 가맹점 수가 0이거나 비어 있어 평가하지 않았습니다.,2024
BRD_20213266,커피다운,0.0,평가 대상 아님,,,이번 공시의 가맹점 수가 0이거나 비어 있어 평가하지 않았습니다.,2024
BRD_20213268,데일리브레드,0.0,평가 대상 아님,,,이번 공시의 가맹점 수가 0이거나 비어 있어 평가하지 않았습니다.,2024
BRD_20213269,데일리라이스,0.0,평가 대상 아님,,,이번 공시의 가맹점 수가 0이거나 비어 있어 평가하지 않았습니다.,2024
BRD_20213270,데일리곱창,0.0,평가 대상 아님,,,이번 공시의 가맹점 수가 0이거나 비어 있어 평가하지 않았습니다.,2024
BRD_20213271,데일리비어,0.0,평가 대상 아님,,,이번 공시의 가맹점 수가 0이거나 비어 있어 평가하지 않았습니다.,2024
BRD_20213272,데일리닭갈비,0.0,평가 대상 아님,,,이번 공시의 가맹점 수가 0이거나 비어 있어 평가하지 않았습니다.,2024
BRD_20213273,데일리누들,0.0,평가 대상 아님,,,이번 공시의 가맹점 수가 0이거나 비어 있어 평가하지 않았습니다.,2024
BRD_20213274,데일리사이공,0.0,평가 대상 아님,,,이번 공시의 가맹점 수가 0이거나 비어 있어 평가하지 않았습니다.,2024
BRD_20213275,데일리키트,0.0,평가 대상 아님,,,이번 공시의 가맹점 수가 0이거나 비어 있어 평가하지 않았습니다.,2024
BRD_20213276,데일리도시락,0.0,평가 대상 아님,,,이번 공시의 가맹점 수가 0이거나 비어 있어 평가하지 않았습니다.,2024
BRD_20213277,데일리미트,0.0,평가 대상 아님,,,이번 공시의 가맹점 수가 0이거나 비어 있어 평가하지 않았습니다.,2024
BRD_20213278,데일리버거,0.0,평가 대상 아님,,,이번 공시의 가맹점 수가 0이거나 비어 있어 평가하지 않았습니다.,2024
BRD_20213279,데일리반점,0.0,평가 대상 아님,,,이번 공시의 가맹점 수가 0이거나 비어 있어 평가하지 않았습니다.,2024
BRD_20213280,데일리찌개,0.0,평가 대상 아님,,,이번 공시의 가맹점 수가 0이거나 비어 있어 평가하지 않았습니다.,2024
BRD_20213281,데일리치킨,0.0,평가 대상 아님,,,이번 공시의 가맹점 수가 0이거나 비어 있어 평가하지 않았습니다.,2024
BRD_20213282,데일리피자,0.0,평가 대상 아님,,,이번 공시의 가맹점 수가 0이거나 비어 있어 평가하지 않았습니다.,2024
BRD_20213283,데일리족발,0.0,평가 대상 아님,,,이번 공시의 가맹점 수가 0이거나 비어 있어 평가하지 않았습니다.,2024
BRD_20213284,데일리카츠,0.0,평가 대상 아님,,,이번 공시의 가맹점 수가 0이거나 비어 있어 평가하지 않았습니다.,2024
BRD_20213285,데일리김밥,0.0,평가 대상 아님,,,이번 공시의 가맹점 수가 0이거나 비어 있어 평가하지 않았습니다.,2024
BRD_20213287,육지로간 돼지,0.0,평가 대상 아님,,,이번 공시의 가맹점 수가 0이거나 비어 있어 평가하지 않았습니다.,2024
BRD_20213288,쉐프의 스프,0.0,평가 대상 아님,,,이번 공시의 가맹점 수가 0이거나 비어 있어 평가하지 않았습니다.,2024
BRD_20213308,육즙당,0.0,평가 대상 아님,,,이번 공시의 가맹점 수가 0이거나 비어 있어 평가하지 않았습니다.,2024
BRD_20213311,피자에잇,0.0,평가 대상 아님,,,이번 공시의 가맹점 수가 0이거나 비어 있어 평가하지 않았습니다.,2024
BRD_20213313,링글치킨,0.0,평가 대상 아님,,,이번 공시의 가맹점 수가 0이거나 비어 있어 평가하지 않았습니다.,2024
BRD_20213314,롱쓰직화불닭발,0.0,평가 대상 아님,,,이번 공시의 가맹점 수가 0이거나 비어 있어 평가하지 않았습니다.,2024
BRD_20213336,엉맥,0.0,평가 대상 아님,,,이번 공시의 가맹점 수가 0이거나 비어 있어 평가하지 않았습니다.,2024
BRD_20213337,엉터리집,0.0,평가 대상 아님,,,이번 공시의 가맹점 수가 0이거나 비어 있어 평가하지 않았습니다.,2024
BRD_20213338,흑석돈,0.0,평가 대상 아님,,,이번 공시의 가맹점 수가 0이거나 비어 있어 평가하지 않았습니다.,2024
BRD_20213339,주칠일,0.0,평가 대상 아님,,,이번 공시의 가맹점 수가 0이거나 비어 있어 평가하지 않았습니다.,2024
BRD_20213340,양양집,0.0,평가 대상 아님,,,이번 공시의 가맹점 수가 0이거나 비어 있어 평가하지 않았습니다.,2024
BRD_20213341,팔당한옥집,0.0,평가 대상 아님,,,이번 공시의 가맹점 수가 0이거나 비어 있어 평가하지 않았습니다.,2024
BRD_20213343,후딱한끼,0.0,평가 대상 아님,,,이번 공시의 가맹점 수가 0이거나 비어 있어 평가하지 않았습니다.,2024
BRD_20213345,숯부래,0.0,평가 대상 아님,,,이번 공시의 가맹점 수가 0이거나 비어 있어 평가하지 않았습니다.,2024
BRD_20213346,순살이치킨,0.0,평가 대상 아님,,,이번 공시의 가맹점 수가 0이거나 비어 있어 평가하지 않았습니다.,2024
BRD_20213348,수수카츠 돈카츠&김치찌개,0.0,평가 대상 아님,,,이번 공시의 가맹점 수가 0이거나 비어 있어 평가하지 않았습니다.,2024
BRD_20213350,카페 에스가든,0.0,평가 대상 아님,,,이번 공시의 가맹점 수가 0이거나 비어 있어 평가하지 않았습니다.,2024
BRD_20213351,상상식당,0.0,평가 대상 아님,,,이번 공시의 가맹점 수가 0이거나 비어 있어 평가하지 않았습니다.,2024
BRD_20213352,씨이오다방,0.0,평가 대상 아님,,,이번 공시의 가맹점 수가 0이거나 비어 있어 평가하지 않았습니다.,2024
BRD_20213354,씨이오요거트,0.0,평가 대상 아님,,,이번 공시의 가맹점 수가 0이거나 비어 있어 평가하지 않았습니다.,2024
BRD_20213355,씨이오음료수,0.0,평가 대상 아님,,,이번 공시의 가맹점 수가 0이거나 비어 있어 평가하지 않았습니다.,2024
BRD_20213356,씨이오족발,0.0,평가 대상 아님,,,이번 공시의 가맹점 수가 0이거나 비어 있어 평가하지 않았습니다.,2024
BRD_20213357,씨이오짬뽕,0.0,평가 대상 아님,,,이번 공시의 가맹점 수가 0이거나 비어 있어 평가하지 않았습니다.,2024
BRD_20213358,씨이오초밥,0.0,평가 대상 아님,,,이번 공시의 가맹점 수가 0이거나 비어 있어 평가하지 않았습니다.,2024
BRD_20213359,씨이오카페인,0.0,평가 대상 아님,,,이번 공시의 가맹점 수가 0이거나 비어 있어 평가하지 않았습니다.,2024
BRD_20213361,씨이오피자,0.0,평가 대상 아님,,,이번 공시의 가맹점 수가 0이거나 비어 있어 평가하지 않았습니다.,2024
BRD_20213367,주스the씨이오,0.0,평가 대상 아님,,,이번 공시의 가맹점 수가 0이거나 비어 있어 평가하지 않았습니다.,2024
BRD_20213368,씨이오카레,0.0,평가 대상 아님,,,이번 공시의 가맹점 수가 0이거나 비어 있어 평가하지 않았습니다.,2024
BRD_20213370,백년고등어1750,0.0,평가 대상 아님,,,이번 공시의 가맹점 수가 0이거나 비어 있어 평가하지 않았습니다.,2024
BRD_20213371,씨이오주스,0.0,평가 대상 아님,,,이번 공시의 가맹점 수가 0이거나 비어 있어 평가하지 않았습니다.,2024
BRD_20213372,씨이오스무디,0.0,평가 대상 아님,,,이번 공시의 가맹점 수가 0이거나 비어 있어 평가하지 않았습니다.,2024
BRD_20213373,씨이오베이커리,0.0,평가 대상 아님,,,이번 공시의 가맹점 수가 0이거나 비어 있어 평가하지 않았습니다.,2024
BRD_20213374,씨이오맵떡&치킨,0.0,평가 대상 아님,,,이번 공시의 가맹점 수가 0이거나 비어 있어 평가하지 않았습니다.,2024
BRD_20213375,씨이오국수,0.0,평가 대상 아님,,,이번 공시의 가맹점 수가 0이거나 비어 있어 평가하지 않았습니다.,2024
BRD_20213376,씨이오버거,0.0,평가 대상 아님,,,이번 공시의 가맹점 수가 0이거나 비어 있어 평가하지 않았습니다.,2024
BRD_20213377,태능감자탕,0.0,평가 대상 아님,,,이번 공시의 가맹점 수가 0이거나 비어 있어 평가하지 않았습니다.,2024
BRD_20213378,씨이오샌드위치,0.0,평가 대상 아님,,,이번 공시의 가맹점 수가 0이거나 비어 있어 평가하지 않았습니다.,2024
BRD_20213379,씨이오맛떡&탕후루,0.0,평가 대상 아님,,,이번 공시의 가맹점 수가 0이거나 비어 있어 평가하지 않았습니다.,2024
BRD_20213380,씨이오로스팅,0.0,평가 대상 아님,,,이번 공시의 가맹점 수가 0이거나 비어 있어 평가하지 않았습니다.,2024
BRD_20213381,씨이오떡볶이,0.0,평가 대상 아님,,,이번 공시의 가맹점 수가 0이거나 비어 있어 평가하지 않았습니다.,2024
BRD_20213382,대부솥뚜껑삼겹살,0.0,평가 대상 아님,,,이번 공시의 가맹점 수가 0이거나 비어 있어 평가하지 않았습니다.,2024
BRD_20213383,바다민족,0.0,평가 대상 아님,,,이번 공시의 가맹점 수가 0이거나 비어 있어 평가하지 않았습니다.,2024
BRD_20213384,청년스시,0.0,평가 대상 아님,,,이번 공시의 가맹점 수가 0이거나 비어 있어 평가하지 않았습니다.,2024
BRD_20213385,오징어네,0.0,평가 대상 아님,,,이번 공시의 가맹점 수가 0이거나 비어 있어 평가하지 않았습니다.,2024
BRD_20213386,어부장터,0.0,평가 대상 아님,,,이번 공시의 가맹점 수가 0이거나 비어 있어 평가하지 않았습니다.,2024
BRD_20213387,천일애,0.0,평가 대상 아님,,,이번 공시의 가맹점 수가 0이거나 비어 있어 평가하지 않았습니다.,2024
BRD_20213388,빈앤코코,0.0,평가 대상 아님,,,이번 공시의 가맹점 수가 0이거나 비어 있어 평가하지 않았습니다.,2024
BRD_20213389,어부야시장,0.0,평가 대상 아님,,,이번 공시의 가맹점 수가 0이거나 비어 있어 평가하지 않았습니다.,2024
BRD_20213390,차이쿡,0.0,평가 대상 아님,,,이번 공시의 가맹점 수가 0이거나 비어 있어 평가하지 않았습니다.,2024
BRD_20213391,만왕,0.0,평가 대상 아님,,,이번 공시의 가맹점 수가 0이거나 비어 있어 평가하지 않았습니다.,2024
BRD_20213398,셰프들의밥상,0.0,평가 대상 아님,,,이번 공시의 가맹점 수가 0이거나 비어 있어 평가하지 않았습니다.,2024
BRD_20213403,국가닭표,0.0,평가 대상 아님,,,이번 공시의 가맹점 수가 0이거나 비어 있어 평가하지 않았습니다.,2024
BRD_20213410,이구아나,0.0,평가 대상 아님,,,이번 공시의 가맹점 수가 0이거나 비어 있어 평가하지 않았습니다.,2024
BRD_20213412,오마이바디,0.0,평가 대상 아님,,,이번 공시의 가맹점 수가 0이거나 비어 있어 평가하지 않았습니다.,2024
BRD_20213418,팔도찜닭,0.0,평가 대상 아님,,,이번 공시의 가맹점 수가 0이거나 비어 있어 평가하지 않았습니다.,2024
BRD_20213428,별정가,0.0,평가 대상 아님,,,이번 공시의 가맹점 수가 0이거나 비어 있어 평가하지 않았습니다.,2024
BRD_20213444,단당,0.0,평가 대상 아님,,,이번 공시의 가맹점 수가 0이거나 비어 있어 평가하지 않았습니다.,2024
BRD_20213450,모래상자,0.0,평가 대상 아님,,,이번 공시의 가맹점 수가 0이거나 비어 있어 평가하지 않았습니다.,2024
BRD_20213451,별빛가로등,0.0,평가 대상 아님,,,이번 공시의 가맹점 수가 0이거나 비어 있어 평가하지 않았습니다.,2024
BRD_20213452,낭만취객,0.0,평가 대상 아님,,,이번 공시의 가맹점 수가 0이거나 비어 있어 평가하지 않았습니다.,2024
BRD_20213453,동그라미식당,0.0,평가 대상 아님,,,이번 공시의 가맹점 수가 0이거나 비어 있어 평가하지 않았습니다.,2024
BRD_20213455,내일날씨맑음,0.0,평가 대상 아님,,,이번 공시의 가맹점 수가 0이거나 비어 있어 평가하지 않았습니다.,2024
BRD_20213471,안녕오사카,0.0,평가 대상 아님,,,이번 공시의 가맹점 수가 0이거나 비어 있어 평가하지 않았습니다.,2024
BRD_20213474,아임유얼파스타,0.0,평가 대상 아님,,,이번 공시의 가맹점 수가 0이거나 비어 있어 평가하지 않았습니다.,2024
BRD_20213475,혼꼬치둘어묵,0.0,평가 대상 아님,,,이번 공시의 가맹점 수가 0이거나 비어 있어 평가하지 않았습니다.,2024
BRD_20213477,떡볶이먹자했자나,0.0,평가 대상 아님,,,이번 공시의 가맹점 수가 0이거나 비어 있어 평가하지 않았습니다.,2024
BRD_20213479,조선우탕,0.0,평가 대상 아님,,,이번 공시의 가맹점 수가 0이거나 비어 있어 평가하지 않았습니다.,2024
BRD_20213480,이태리면집,0.0,평가 대상 아님,,,이번 공시의 가맹점 수가 0이거나 비어 있어 평가하지 않았습니다.,2024
BRD_20213481,더리얼닭,0.0,평가 대상 아님,,,이번 공시의 가맹점 수가 0이거나 비어 있어 평가하지 않았습니다.,2024
BRD_20213488,빨석구족발,0.0,평가 대상 아님,,,이번 공시의 가맹점 수가 0이거나 비어 있어 평가하지 않았습니다.,2024
BRD_20213490,롱쓰떡볶이,0.0,평가 대상 아님,,,이번 공시의 가맹점 수가 0이거나 비어 있어 평가하지 않았습니다.,2024
BRD_20213493,빨석구떡볶이,0.0,평가 대상 아님,,,이번 공시의 가맹점 수가 0이거나 비어 있어 평가하지 않았습니다.,2024
BRD_20213494,고아트와인,0.0,평가 대상 아님,,,이번 공시의 가맹점 수가 0이거나 비어 있어 평가하지 않았습니다.,2024
BRD_20213516,오고가든,0.0,평가 대상 아님,,,이번 공시의 가맹점 수가 0이거나 비어 있어 평가하지 않았습니다.,2024
BRD_20213517,정사장바베큐치킨,0.0,평가 대상 아님,,,이번 공시의 가맹점 수가 0이거나 비어 있어 평가하지 않았습니다.,2024
BRD_20213523,천합칼국수,0.0,평가 대상 아님,,,이번 공시의 가맹점 수가 0이거나 비어 있어 평가하지 않았습니다.,2024
BRD_20213543,난피쉬&칩스(naan FISH&CHIPS),0.0,평가 대상 아님,,,이번 공시의 가맹점 수가 0이거나 비어 있어 평가하지 않았습니다.,2024
BRD_20213555,정성팔도김밥,0.0,평가 대상 아님,,,이번 공시의 가맹점 수가 0이거나 비어 있어 평가하지 않았습니다.,2024
BRD_20213557,디트로이트부대찌개,0.0,평가 대상 아님,,,이번 공시의 가맹점 수가 0이거나 비어 있어 평가하지 않았습니다.,2024
BRD_20213558,왕비옥,0.0,평가 대상 아님,,,이번 공시의 가맹점 수가 0이거나 비어 있어 평가하지 않았습니다.,2024
BRD_20213559,정칼국수,0.0,평가 대상 아님,,,이번 공시의 가맹점 수가 0이거나 비어 있어 평가하지 않았습니다.,2024
BRD_20213560,돈까스올데이,0.0,평가 대상 아님,,,이번 공시의 가맹점 수가 0이거나 비어 있어 평가하지 않았습니다.,2024
BRD_20213564,피자올데이,0.0,평가 대상 아님,,,이번 공시의 가맹점 수가 0이거나 비어 있어 평가하지 않았습니다.,2024
BRD_20213574,스윗샌드,0.0,평가 대상 아님,,,이번 공시의 가맹점 수가 0이거나 비어 있어 평가하지 않았습니다.,2024
BRD_20213586,주유별장,0.0,평가 대상 아님,,,이번 공시의 가맹점 수가 0이거나 비어 있어 평가하지 않았습니다.,2024
BRD_20213587,틸앤비(Till&Bee),0.0,평가 대상 아님,,,이번 공시의 가맹점 수가 0이거나 비어 있어 평가하지 않았습니다.,2024
BRD_20213588,키친토(KICHINTO),0.0,평가 대상 아님,,,이번 공시의 가맹점 수가 0이거나 비어 있어 평가하지 않았습니다.,2024
BRD_20213589,배터리파크 (BATTERY PARK),0.0,평가 대상 아님,,,이번 공시의 가맹점 수가 0이거나 비어 있어 평가하지 않았습니다.,2024
BRD_20213590,스티키팟(STICKYPOT),0.0,평가 대상 아님,,,이번 공시의 가맹점 수가 0이거나 비어 있어 평가하지 않았습니다.,2024
BRD_20213591,플로이(ploi),0.0,평가 대상 아님,,,이번 공시의 가맹점 수가 0이거나 비어 있어 평가하지 않았습니다.,2024
BRD_20213592,라디오베이(RADIO BAY),0.0,평가 대상 아님,,,이번 공시의 가맹점 수가 0이거나 비어 있어 평가하지 않았습니다.,2024
BRD_20213593,코바치(KOBACHI),0.0,평가 대상 아님,,,이번 공시의 가맹점 수가 0이거나 비어 있어 평가하지 않았습니다.,2024
BRD_20213594,보버라운지(BOVER),0.0,평가 대상 아님,,,이번 공시의 가맹점 수가 0이거나 비어 있어 평가하지 않았습니다.,2024
BRD_20213598,메르쎄시 밀크랜드,0.0,평가 대상 아님,,,이번 공시의 가맹점 수가 0이거나 비어 있어 평가하지 않았습니다.,2024
BRD_20213600,천년명가닭강정,0.0,평가 대상 아님,,,이번 공시의 가맹점 수가 0이거나 비어 있어 평가하지 않았습니다.,2024
BRD_20213601,카페메르쎄시,0.0,평가 대상 아님,,,이번 공시의 가맹점 수가 0이거나 비어 있어 평가하지 않았습니다.,2024
BRD_20213604,서울후라이,0.0,평가 대상 아님,,,이번 공시의 가맹점 수가 0이거나 비어 있어 평가하지 않았습니다.,2024
BRD_20213605,청춘불뼈찜 감자탕,0.0,평가 대상 아님,,,이번 공시의 가맹점 수가 0이거나 비어 있어 평가하지 않았습니다.,2024
BRD_20213609,창곡동4가지족발,0.0,평가 대상 아님,,,이번 공시의 가맹점 수가 0이거나 비어 있어 평가하지 않았습니다.,2024
BRD_20213610,송탄버거(ST버거),0.0,평가 대상 아님,,,이번 공시의 가맹점 수가 0이거나 비어 있어 평가하지 않았습니다.,2024
BRD_20213611,조선항아리육개장,0.0,평가 대상 아님,,,이번 공시의 가맹점 수가 0이거나 비어 있어 평가하지 않았습니다.,2024
BRD_20213612,순백회관,0.0,평가 대상 아님,,,이번 공시의 가맹점 수가 0이거나 비어 있어 평가하지 않았습니다.,2024
BRD_20213613,만두올데이,0.0,평가 대상 아님,,,이번 공시의 가맹점 수가 0이거나 비어 있어 평가하지 않았습니다.,2024
BRD_20213616,샐러드사공일,0.0,평가 대상 아님,,,이번 공시의 가맹점 수가 0이거나 비어 있어 평가하지 않았습니다.,2024
BRD_20213621,더컵,0.0,평가 대상 아님,,,이번 공시의 가맹점 수가 0이거나 비어 있어 평가하지 않았습니다.,2024
BRD_20213623,버거킴,0.0,평가 대상 아님,,,이번 공시의 가맹점 수가 0이거나 비어 있어 평가하지 않았습니다.,2024
BRD_20213638,베르벨,0.0,평가 대상 아님,,,이번 공시의 가맹점 수가 0이거나 비어 있어 평가하지 않았습니다.,2024
BRD_20213639,자모갈비탕,0.0,평가 대상 아님,,,이번 공시의 가맹점 수가 0이거나 비어 있어 평가하지 않았습니다.,2024
BRD_20213641,우육면공방,0.0,평가 대상 아님,,,이번 공시의 가맹점 수가 0이거나 비어 있어 평가하지 않았습니다.,2024
BRD_20213642,타미갈비탕,0.0,평가 대상 아님,,,이번 공시의 가맹점 수가 0이거나 비어 있어 평가하지 않았습니다.,2024
BRD_20213643,사자갈비탕,0.0,평가 대상 아님,,,이번 공시의 가맹점 수가 0이거나 비어 있어 평가하지 않았습니다.,2024
BRD_20213644,구조갈비탕,0.0,평가 대상 아님,,,이번 공시의 가맹점 수가 0이거나 비어 있어 평가하지 않았습니다.,2024
BRD_20213646,오크베리,0.0,평가 대상 아님,,,이번 공시의 가맹점 수가 0이거나 비어 있어 평가하지 않았습니다.,2024
BRD_20213647,모다갈비탕,0.0,평가 대상 아님,,,이번 공시의 가맹점 수가 0이거나 비어 있어 평가하지 않았습니다.,2024
BRD_20213648,깨진뚝배기,0.0,평가 대상 아님,,,이번 공시의 가맹점 수가 0이거나 비어 있어 평가하지 않았습니다.,2024
BRD_20213649,마자갈비탕,0.0,평가 대상 아님,,,이번 공시의 가맹점 수가 0이거나 비어 있어 평가하지 않았습니다.,2024
BRD_20213650,오뎅카세,0.0,평가 대상 아님,,,이번 공시의 가맹점 수가 0이거나 비어 있어 평가하지 않았습니다.,2024
BRD_20213651,다미갈비탕,0.0,평가 대상 아님,,,이번 공시의 가맹점 수가 0이거나 비어 있어 평가하지 않았습니다.,2024
BRD_20213652,이자카야 탕,0.0,평가 대상 아님,,,이번 공시의 가맹점 수가 0이거나 비어 있어 평가하지 않았습니다.,2024
BRD_20213653,모야갈비탕,0.0,평가 대상 아님,,,이번 공시의 가맹점 수가 0이거나 비어 있어 평가하지 않았습니다.,2024
BRD_20213657,다리갈비탕,0.0,평가 대상 아님,,,이번 공시의 가맹점 수가 0이거나 비어 있어 평가하지 않았습니다.,2024
BRD_20213658,자비갈비탕,0.0,평가 대상 아님,,,이번 공시의 가맹점 수가 0이거나 비어 있어 평가하지 않았습니다.,2024
BRD_20213659,훠궈먹고,0.0,평가 대상 아님,,,이번 공시의 가맹점 수가 0이거나 비어 있어 평가하지 않았습니다.,2024
BRD_20213661,역전의 찜닭,0.0,평가 대상 아님,,,이번 공시의 가맹점 수가 0이거나 비어 있어 평가하지 않았습니다.,2024
BRD_20213662,냉면참맛있는집,0.0,평가 대상 아님,,,이번 공시의 가맹점 수가 0이거나 비어 있어 평가하지 않았습니다.,2024
BRD_20213663,요거트플렉스아이스크림,0.0,평가 대상 아님,,,이번 공시의 가맹점 수가 0이거나 비어 있어 평가하지 않았습니다.,2024
BRD_20213664,고기듬뿍 마약덮밥,0.0,평가 대상 아님,,,이번 공시의 가맹점 수가 0이거나 비어 있어 평가하지 않았습니다.,2024
BRD_20213665,삼덕직화막창,0.0,평가 대상 아님,,,이번 공시의 가맹점 수가 0이거나 비어 있어 평가하지 않았습니다.,2024
BRD_20213672,이지피자(EZPZ),0.0,평가 대상 아님,,,이번 공시의 가맹점 수가 0이거나 비어 있어 평가하지 않았습니다.,2024
BRD_20213684,육선생 직화제육구이,0.0,평가 대상 아님,,,이번 공시의 가맹점 수가 0이거나 비어 있어 평가하지 않았습니다.,2024
BRD_20213685,육육닭발,0.0,평가 대상 아님,,,이번 공시의 가맹점 수가 0이거나 비어 있어 평가하지 않았습니다.,2024
BRD_20213687,파스타 클래스,0.0,평가 대상 아님,,,이번 공시의 가맹점 수가 0이거나 비어 있어 평가하지 않았습니다.,2024
BRD_20213688,디디떡볶이,0.0,평가 대상 아님,,,이번 공시의 가맹점 수가 0이거나 비어 있어 평가하지 않았습니다.,2024
BRD_20213690,팔도분식,0.0,평가 대상 아님,,,이번 공시의 가맹점 수가 0이거나 비어 있어 평가하지 않았습니다.,2024
BRD_20213691,하종화의 얼큰육개장,0.0,평가 대상 아님,,,이번 공시의 가맹점 수가 0이거나 비어 있어 평가하지 않았습니다.,2024
BRD_20213699,옛날고깃집,0.0,평가 대상 아님,,,이번 공시의 가맹점 수가 0이거나 비어 있어 평가하지 않았습니다.,2024
BRD_20213701,홈닭스,0.0,평가 대상 아님,,,이번 공시의 가맹점 수가 0이거나 비어 있어 평가하지 않았습니다.,2024
BRD_20213702,쁘띠포레,0.0,평가 대상 아님,,,이번 공시의 가맹점 수가 0이거나 비어 있어 평가하지 않았습니다.,2024
BRD_20213729,킹덤버거,0.0,평가 대상 아님,,,이번 공시의 가맹점 수가 0이거나 비어 있어 평가하지 않았습니다.,2024
BRD_20213734,본팔도국밥,0.0,평가 대상 아님,,,이번 공시의 가맹점 수가 0이거나 비어 있어 평가하지 않았습니다.,2024
BRD_20213739,낭만블루,0.0,평가 대상 아님,,,이번 공시의 가맹점 수가 0이거나 비어 있어 평가하지 않았습니다.,2024
BRD_20213740,상상미가,0.0,평가 대상 아님,,,이번 공시의 가맹점 수가 0이거나 비어 있어 평가하지 않았습니다.,2024
BRD_20213745,윤반점,0.0,평가 대상 아님,,,이번 공시의 가맹점 수가 0이거나 비어 있어 평가하지 않았습니다.,2024
BRD_20213746,고고팬,0.0,평가 대상 아님,,,이번 공시의 가맹점 수가 0이거나 비어 있어 평가하지 않았습니다.,2024
BRD_20213747,칸칸두마리치킨,0.0,평가 대상 아님,,,이번 공시의 가맹점 수가 0이거나 비어 있어 평가하지 않았습니다.,2024
BRD_20213748,cafe ttoara,0.0,평가 대상 아님,,,이번 공시의 가맹점 수가 0이거나 비어 있어 평가하지 않았습니다.,2024
BRD_20213753,펄스에잇,0.0,평가 대상 아님,,,이번 공시의 가맹점 수가 0이거나 비어 있어 평가하지 않았습니다.,2024
BRD_20213757,일점가,0.0,평가 대상 아님,,,이번 공시의 가맹점 수가 0이거나 비어 있어 평가하지 않았습니다.,2024
BRD_20213766,포차김선생,0.0,평가 대상 아님,,,이번 공시의 가맹점 수가 0이거나 비어 있어 평가하지 않았습니다.,2024
BRD_20213770|JNG_011468,위풍당,0.0,평가 대상 아님,,,이번 공시의 가맹점 수가 0이거나 비어 있어 평가하지 않았습니다.,2024
BRD_20213778,바다토끼쟁이영양센타,0.0,평가 대상 아님,,,이번 공시의 가맹점 수가 0이거나 비어 있어 평가하지 않았습니다.,2024
BRD_20213790,Dr치킨,0.0,평가 대상 아님,,,이번 공시의 가맹점 수가 0이거나 비어 있어 평가하지 않았습니다.,2024
BRD_20213798,일팔닭강정,0.0,평가 대상 아님,,,이번 공시의 가맹점 수가 0이거나 비어 있어 평가하지 않았습니다.,2024
BRD_20213803,맛닭 짚불 닭갈비,0.0,평가 대상 아님,,,이번 공시의 가맹점 수가 0이거나 비어 있어 평가하지 않았습니다.,2024
BRD_20213804,맛닭을 품은 찜닭,0.0,평가 대상 아님,,,이번 공시의 가맹점 수가 0이거나 비어 있어 평가하지 않았습니다.,2024
BRD_20213805,맛닭을 품은 후닭,0.0,평가 대상 아님,,,이번 공시의 가맹점 수가 0이거나 비어 있어 평가하지 않았습니다.,2024
BRD_20213811,피자오리진,0.0,평가 대상 아님,,,이번 공시의 가맹점 수가 0이거나 비어 있어 평가하지 않았습니다.,2024
BRD_20213814,1982만두LAB,0.0,평가 대상 아님,,,이번 공시의 가맹점 수가 0이거나 비어 있어 평가하지 않았습니다.,2024
BRD_20213825,돈워리돈해피,0.0,평가 대상 아님,,,이번 공시의 가맹점 수가 0이거나 비어 있어 평가하지 않았습니다.,2024
BRD_20213826,엉터리묵은지김치찜,0.0,평가 대상 아님,,,이번 공시의 가맹점 수가 0이거나 비어 있어 평가하지 않았습니다.,2024
BRD_20213832,통통한 갈비찜닭,0.0,평가 대상 아님,,,이번 공시의 가맹점 수가 0이거나 비어 있어 평가하지 않았습니다.,2024
BRD_20213834,마포갈비회관,0.0,평가 대상 아님,,,이번 공시의 가맹점 수가 0이거나 비어 있어 평가하지 않았습니다.,2024
BRD_20213839,독짓골제주해장국,0.0,평가 대상 아님,,,이번 공시의 가맹점 수가 0이거나 비어 있어 평가하지 않았습니다.,2024
BRD_20213840,고봉덮밥,0.0,평가 대상 아님,,,이번 공시의 가맹점 수가 0이거나 비어 있어 평가하지 않았습니다.,2024
BRD_20213852,오이시덴,0.0,평가 대상 아님,,,이번 공시의 가맹점 수가 0이거나 비어 있어 평가하지 않았습니다.,2024
BRD_20213855,비스트로 W,0.0,평가 대상 아님,,,이번 공시의 가맹점 수가 0이거나 비어 있어 평가하지 않았습니다.,2024
BRD_20213856,숨,0.0,평가 대상 아님,,,이번 공시의 가맹점 수가 0이거나 비어 있어 평가하지 않았습니다.,2024
BRD_20213858,염왕치킨,0.0,평가 대상 아님,,,이번 공시의 가맹점 수가 0이거나 비어 있어 평가하지 않았습니다.,2024
BRD_20213859,불꾼,0.0,평가 대상 아님,,,이번 공시의 가맹점 수가 0이거나 비어 있어 평가하지 않았습니다.,2024
BRD_20213863,육즈비삼겹,0.0,평가 대상 아님,,,이번 공시의 가맹점 수가 0이거나 비어 있어 평가하지 않았습니다.,2024
BRD_20213864,잇지커피,0.0,평가 대상 아님,,,이번 공시의 가맹점 수가 0이거나 비어 있어 평가하지 않았습니다.,2024
BRD_20213866,정성식,0.0,평가 대상 아님,,,이번 공시의 가맹점 수가 0이거나 비어 있어 평가하지 않았습니다.,2024
BRD_20213871,코스모파스타,0.0,평가 대상 아님,,,이번 공시의 가맹점 수가 0이거나 비어 있어 평가하지 않았습니다.,2024
BRD_20213872,코스모피자,0.0,평가 대상 아님,,,이번 공시의 가맹점 수가 0이거나 비어 있어 평가하지 않았습니다.,2024
BRD_20213873,코스모포차,0.0,평가 대상 아님,,,이번 공시의 가맹점 수가 0이거나 비어 있어 평가하지 않았습니다.,2024
BRD_20213874,코스모치킨,0.0,평가 대상 아님,,,이번 공시의 가맹점 수가 0이거나 비어 있어 평가하지 않았습니다.,2024
BRD_20213876,코스모짬뽕,0.0,평가 대상 아님,,,이번 공시의 가맹점 수가 0이거나 비어 있어 평가하지 않았습니다.,2024
BRD_20213878,카페코스모,0.0,평가 대상 아님,,,이번 공시의 가맹점 수가 0이거나 비어 있어 평가하지 않았습니다.,2024
BRD_20213879,코스모한우국밥,0.0,평가 대상 아님,,,이번 공시의 가맹점 수가 0이거나 비어 있어 평가하지 않았습니다.,2024
BRD_20213881,코스모쌀국수,0.0,평가 대상 아님,,,이번 공시의 가맹점 수가 0이거나 비어 있어 평가하지 않았습니다.,2024
BRD_20213890,만월당,0.0,평가 대상 아님,,,이번 공시의 가맹점 수가 0이거나 비어 있어 평가하지 않았습니다.,2024
BRD_20213891,경성카츠,0.0,평가 대상 아님,,,이번 공시의 가맹점 수가 0이거나 비어 있어 평가하지 않았습니다.,2024
BRD_20213892,경양분식,0.0,평가 대상 아님,,,이번 공시의 가맹점 수가 0이거나 비어 있어 평가하지 않았습니다.,2024
BRD_20213893,가락시장북촌순두부,0.0,평가 대상 아님,,,이번 공시의 가맹점 수가 0이거나 비어 있어 평가하지 않았습니다.,2024
BRD_20213894,몬스터치킨,0.0,평가 대상 아님,,,이번 공시의 가맹점 수가 0이거나 비어 있어 평가하지 않았습니다.,2024
BRD_20213897,꾸브라덤,0.0,평가 대상 아님,,,이번 공시의 가맹점 수가 0이거나 비어 있어 평가하지 않았습니다.,2024
BRD_20213905,올데이김밥,0.0,평가 대상 아님,,,이번 공시의 가맹점 수가 0이거나 비어 있어 평가하지 않았습니다.,2024
BRD_20213912,소바스키,0.0,평가 대상 아님,,,이번 공시의 가맹점 수가 0이거나 비어 있어 평가하지 않았습니다.,2024
BRD_20213918,그린만나,0.0,평가 대상 아님,,,이번 공시의 가맹점 수가 0이거나 비어 있어 평가하지 않았습니다.,2024
BRD_20213926,강남술상&강남밥상,0.0,평가 대상 아님,,,이번 공시의 가맹점 수가 0이거나 비어 있어 평가하지 않았습니다.,2024
BRD_20213928,별빛가든 김치찌개&김치찜,0.0,평가 대상 아님,,,이번 공시의 가맹점 수가 0이거나 비어 있어 평가하지 않았습니다.,2024
BRD_20213929,신돈,0.0,평가 대상 아님,,,이번 공시의 가맹점 수가 0이거나 비어 있어 평가하지 않았습니다.,2024
BRD_20213953,리아파스타&순살치킨,0.0,평가 대상 아님,,,이번 공시의 가맹점 수가 0이거나 비어 있어 평가하지 않았습니다.,2024
BRD_20213955,포케웨이타코웨이,0.0,평가 대상 아님,,,이번 공시의 가맹점 수가 0이거나 비어 있어 평가하지 않았습니다.,2024
BRD_20213959,우진해장국,0.0,평가 대상 아님,,,이번 공시의 가맹점 수가 0이거나 비어 있어 평가하지 않았습니다.,2024
BRD_20213961,대동분식,0.0,평가 대상 아님,,,이번 공시의 가맹점 수가 0이거나 비어 있어 평가하지 않았습니다.,2024
BRD_20213962,대동치킨,0.0,평가 대상 아님,,,이번 공시의 가맹점 수가 0이거나 비어 있어 평가하지 않았습니다.,2024
BRD_20213963,TOGETHER COFFEE  (투게더커피),0.0,평가 대상 아님,,,이번 공시의 가맹점 수가 0이거나 비어 있어 평가하지 않았습니다.,2024
BRD_20213964,TOGETHER BEER (투게더비어),0.0,평가 대상 아님,,,이번 공시의 가맹점 수가 0이거나 비어 있어 평가하지 않았습니다.,2024
BRD_20213965,그냥떡볶이,0.0,평가 대상 아님,,,이번 공시의 가맹점 수가 0이거나 비어 있어 평가하지 않았습니다.,2024
BRD_20213968,해방국수,0.0,평가 대상 아님,,,이번 공시의 가맹점 수가 0이거나 비어 있어 평가하지 않았습니다.,2024
BRD_20213977,닭갈비가 싸닭,0.0,평가 대상 아님,,,이번 공시의 가맹점 수가 0이거나 비어 있어 평가하지 않았습니다.,2024
BRD_20213986,맛나분식,0.0,평가 대상 아님,,,이번 공시의 가맹점 수가 0이거나 비어 있어 평가하지 않았습니다.,2024
BRD_20213989,오늘도 냉면,0.0,평가 대상 아님,,,이번 공시의 가맹점 수가 0이거나 비어 있어 평가하지 않았습니다.,2024
BRD_20213992,온유가,0.0,평가 대상 아님,,,이번 공시의 가맹점 수가 0이거나 비어 있어 평가하지 않았습니다.,2024
BRD_20213993,나피자,0.0,평가 대상 아님,,,이번 공시의 가맹점 수가 0이거나 비어 있어 평가하지 않았습니다.,2024
BRD_20213996,곱창의품격,0.0,평가 대상 아님,,,이번 공시의 가맹점 수가 0이거나 비어 있어 평가하지 않았습니다.,2024
BRD_20213998,육즙이가득한집,0.0,평가 대상 아님,,,이번 공시의 가맹점 수가 0이거나 비어 있어 평가하지 않았습니다.,2024
BRD_20213999,진대창,0.0,평가 대상 아님,,,이번 공시의 가맹점 수가 0이거나 비어 있어 평가하지 않았습니다.,2024
BRD_20214019,형제코다리,0.0,평가 대상 아님,,,이번 공시의 가맹점 수가 0이거나 비어 있어 평가하지 않았습니다.,2024
BRD_20214022,옛날맥주,0.0,평가 대상 아님,,,이번 공시의 가맹점 수가 0이거나 비어 있어 평가하지 않았습니다.,2024
BRD_20214025|JNG_011584,코코올리파스타앤피자,0.0,평가 대상 아님,,,이번 공시의 가맹점 수가 0이거나 비어 있어 평가하지 않았습니다.,2024
BRD_20214026,감동찬찌개,0.0,평가 대상 아님,,,이번 공시의 가맹점 수가 0이거나 비어 있어 평가하지 않았습니다.,2024
BRD_20214027,진한그릇,0.0,평가 대상 아님,,,이번 공시의 가맹점 수가 0이거나 비어 있어 평가하지 않았습니다.,2024
BRD_20214028,본가오진심흑염소,0.0,평가 대상 아님,,,이번 공시의 가맹점 수가 0이거나 비어 있어 평가하지 않았습니다.,2024
BRD_20214029,샌드리카노,0.0,평가 대상 아님,,,이번 공시의 가맹점 수가 0이거나 비어 있어 평가하지 않았습니다.,2024
BRD_20214030,뭐라커리,0.0,평가 대상 아님,,,이번 공시의 가맹점 수가 0이거나 비어 있어 평가하지 않았습니다.,2024
BRD_20214031,감동도시락,0.0,평가 대상 아님,,,이번 공시의 가맹점 수가 0이거나 비어 있어 평가하지 않았습니다.,2024
BRD_20214032,고기는고기역,0.0,평가 대상 아님,,,이번 공시의 가맹점 수가 0이거나 비어 있어 평가하지 않았습니다.,2024
BRD_20214034,국밥이오진당,0.0,평가 대상 아님,,,이번 공시의 가맹점 수가 0이거나 비어 있어 평가하지 않았습니다.,2024
BRD_20214035,피자라칸다,0.0,평가 대상 아님,,,이번 공시의 가맹점 수가 0이거나 비어 있어 평가하지 않았습니다.,2024
BRD_20214036,미미순두부,0.0,평가 대상 아님,,,이번 공시의 가맹점 수가 0이거나 비어 있어 평가하지 않았습니다.,2024
BRD_20214037,유니제과,0.0,평가 대상 아님,,,이번 공시의 가맹점 수가 0이거나 비어 있어 평가하지 않았습니다.,2024
BRD_20214038,꾸분,0.0,평가 대상 아님,,,이번 공시의 가맹점 수가 0이거나 비어 있어 평가하지 않았습니다.,2024
BRD_20214039,도토리주막,0.0,평가 대상 아님,,,이번 공시의 가맹점 수가 0이거나 비어 있어 평가하지 않았습니다.,2024
BRD_20214041,시대맥주,0.0,평가 대상 아님,,,이번 공시의 가맹점 수가 0이거나 비어 있어 평가하지 않았습니다.,2024
BRD_20214042,이글이글베이글,0.0,평가 대상 아님,,,이번 공시의 가맹점 수가 0이거나 비어 있어 평가하지 않았습니다.,2024
BRD_20214043,이태리분식집,0.0,평가 대상 아님,,,이번 공시의 가맹점 수가 0이거나 비어 있어 평가하지 않았습니다.,2024
BRD_20214045,룩셈블랑제리,0.0,평가 대상 아님,,,이번 공시의 가맹점 수가 0이거나 비어 있어 평가하지 않았습니다.,2024
BRD_20214046,통큰두마리장닭,0.0,평가 대상 아님,,,이번 공시의 가맹점 수가 0이거나 비어 있어 평가하지 않았습니다.,2024
BRD_20214047,포차비,0.0,평가 대상 아님,,,이번 공시의 가맹점 수가 0이거나 비어 있어 평가하지 않았습니다.,2024
BRD_20214048,해머비어,0.0,평가 대상 아님,,,이번 공시의 가맹점 수가 0이거나 비어 있어 평가하지 않았습니다.,2024
BRD_20214051,숯불치킨. 김종구닭도리탕,0.0,평가 대상 아님,,,이번 공시의 가맹점 수가 0이거나 비어 있어 평가하지 않았습니다.,2024
BRD_20214052,김종구닭칼국수육보쌈,0.0,평가 대상 아님,,,이번 공시의 가맹점 수가 0이거나 비어 있어 평가하지 않았습니다.,2024
BRD_20214053,김종구부산막곱창,0.0,평가 대상 아님,,,이번 공시의 가맹점 수가 0이거나 비어 있어 평가하지 않았습니다.,2024
BRD_20214054,김종구굴보쌈&국밥,0.0,평가 대상 아님,,,이번 공시의 가맹점 수가 0이거나 비어 있어 평가하지 않았습니다.,2024
BRD_20214058,사이공올데이,0.0,평가 대상 아님,,,이번 공시의 가맹점 수가 0이거나 비어 있어 평가하지 않았습니다.,2024
BRD_20214059,올데이레스토랑,0.0,평가 대상 아님,,,이번 공시의 가맹점 수가 0이거나 비어 있어 평가하지 않았습니다.,2024
BRD_20214065,산골솥뚜껑,0.0,평가 대상 아님,,,이번 공시의 가맹점 수가 0이거나 비어 있어 평가하지 않았습니다.,2024
BRD_20214066,일공일 닭곱차,0.0,평가 대상 아님,,,이번 공시의 가맹점 수가 0이거나 비어 있어 평가하지 않았습니다.,2024
BRD_20214067,마라상회,0.0,평가 대상 아님,,,이번 공시의 가맹점 수가 0이거나 비어 있어 평가하지 않았습니다.,2024
BRD_20214068,치킨올데이,0.0,평가 대상 아님,,,이번 공시의 가맹점 수가 0이거나 비어 있어 평가하지 않았습니다.,2024
BRD_20214069,분식상회,0.0,평가 대상 아님,,,이번 공시의 가맹점 수가 0이거나 비어 있어 평가하지 않았습니다.,2024
BRD_20214070,에그리데이,0.0,평가 대상 아님,,,이번 공시의 가맹점 수가 0이거나 비어 있어 평가하지 않았습니다.,2024
BRD_20214089,첸사부의마라탕반,0.0,평가 대상 아님,,,이번 공시의 가맹점 수가 0이거나 비어 있어 평가하지 않았습니다.,2024
BRD_20214091,정읍옛날김밥,0.0,평가 대상 아님,,,이번 공시의 가맹점 수가 0이거나 비어 있어 평가하지 않았습니다.,2024
BRD_20214099,탐스 바베큐,0.0,평가 대상 아님,,,이번 공시의 가맹점 수가 0이거나 비어 있어 평가하지 않았습니다.,2024
BRD_20214100,스타셰프 임성근의 한끗 다른 국이야기,0.0,평가 대상 아님,,,이번 공시의 가맹점 수가 0이거나 비어 있어 평가하지 않았습니다.,2024
BRD_20214106,디커피,0.0,평가 대상 아님,,,이번 공시의 가맹점 수가 0이거나 비어 있어 평가하지 않았습니다.,2024
BRD_20214107,미래칼국수,0.0,평가 대상 아님,,,이번 공시의 가맹점 수가 0이거나 비어 있어 평가하지 않았습니다.,2024
BRD_20214109,요거브릭,0.0,평가 대상 아님,,,이번 공시의 가맹점 수가 0이거나 비어 있어 평가하지 않았습니다.,2024
BRD_20214115,미스터피자&떡볶이,0.0,평가 대상 아님,,,이번 공시의 가맹점 수가 0이거나 비어 있어 평가하지 않았습니다.,2024
BRD_20214116,미피샌드,0.0,평가 대상 아님,,,이번 공시의 가맹점 수가 0이거나 비어 있어 평가하지 않았습니다.,2024
BRD_20214118,꾸브라빈,0.0,평가 대상 아님,,,이번 공시의 가맹점 수가 0이거나 비어 있어 평가하지 않았습니다.,2024
BRD_20214124,올데이버거,0.0,평가 대상 아님,,,이번 공시의 가맹점 수가 0이거나 비어 있어 평가하지 않았습니다.,2024
BRD_20214125,올데이빙수,0.0,평가 대상 아님,,,이번 공시의 가맹점 수가 0이거나 비어 있어 평가하지 않았습니다.,2024
BRD_20214132,순전 뚝배기명가,0.0,평가 대상 아님,,,이번 공시의 가맹점 수가 0이거나 비어 있어 평가하지 않았습니다.,2024
BRD_20214144,치킨양복점,0.0,평가 대상 아님,,,이번 공시의 가맹점 수가 0이거나 비어 있어 평가하지 않았습니다.,2024
BRD_20214145,헤이요거트,0.0,평가 대상 아님,,,이번 공시의 가맹점 수가 0이거나 비어 있어 평가하지 않았습니다.,2024
BRD_20214153,서영불닭발,0.0,평가 대상 아님,,,이번 공시의 가맹점 수가 0이거나 비어 있어 평가하지 않았습니다.,2024
BRD_20214155,나폴리백반,0.0,평가 대상 아님,,,이번 공시의 가맹점 수가 0이거나 비어 있어 평가하지 않았습니다.,2024
BRD_20214156,판다스낵(PANDA SNACK),0.0,평가 대상 아님,,,이번 공시의 가맹점 수가 0이거나 비어 있어 평가하지 않았습니다.,2024
BRD_20214159,풍문고기,0.0,평가 대상 아님,,,이번 공시의 가맹점 수가 0이거나 비어 있어 평가하지 않았습니다.,2024
BRD_20214164,올바른개성손만두,0.0,평가 대상 아님,,,이번 공시의 가맹점 수가 0이거나 비어 있어 평가하지 않았습니다.,2024
BRD_20214165,레드라인홀덤펍,0.0,평가 대상 아님,,,이번 공시의 가맹점 수가 0이거나 비어 있어 평가하지 않았습니다.,2024
BRD_20214173|JNG_011689,산더미해물찜 해담,0.0,평가 대상 아님,,,이번 공시의 가맹점 수가 0이거나 비어 있어 평가하지 않았습니다.,2024
BRD_20214174,올담 아인슈바인학센,0.0,평가 대상 아님,,,이번 공시의 가맹점 수가 0이거나 비어 있어 평가하지 않았습니다.,2024
BRD_20214175,이태리키친,0.0,평가 대상 아님,,,이번 공시의 가맹점 수가 0이거나 비어 있어 평가하지 않았습니다.,2024
BRD_20214176,일등 게장,0.0,평가 대상 아님,,,이번 공시의 가맹점 수가 0이거나 비어 있어 평가하지 않았습니다.,2024
BRD_20214177|JNG_018026,필살무쇠삼겹,0.0,평가 대상 아님,,,이번 공시의 가맹점 수가 0이거나 비어 있어 평가하지 않았습니다.,2024
BRD_20214178,을지포차,0.0,평가 대상 아님,,,이번 공시의 가맹점 수가 0이거나 비어 있어 평가하지 않았습니다.,2024
BRD_20214180,오늘도 쭈꾸미,0.0,평가 대상 아님,,,이번 공시의 가맹점 수가 0이거나 비어 있어 평가하지 않았습니다.,2024
BRD_20214186|JNG_011694,포차킹,0.0,평가 대상 아님,,,이번 공시의 가맹점 수가 0이거나 비어 있어 평가하지 않았습니다.,2024
BRD_20214188,올담타코야끼,0.0,평가 대상 아님,,,이번 공시의 가맹점 수가 0이거나 비어 있어 평가하지 않았습니다.,2024
BRD_20214190,울트라 막회,0.0,평가 대상 아님,,,이번 공시의 가맹점 수가 0이거나 비어 있어 평가하지 않았습니다.,2024
BRD_20214191,스페셜 초밥,0.0,평가 대상 아님,,,이번 공시의 가맹점 수가 0이거나 비어 있어 평가하지 않았습니다.,2024
BRD_20214192|JNG_010725,꼬꼬믹스치킨,0.0,평가 대상 아님,,,이번 공시의 가맹점 수가 0이거나 비어 있어 평가하지 않았습니다.,2024
BRD_20214212,오파스타,0.0,평가 대상 아님,,,이번 공시의 가맹점 수가 0이거나 비어 있어 평가하지 않았습니다.,2024
BRD_20214221,상전,0.0,평가 대상 아님,,,이번 공시의 가맹점 수가 0이거나 비어 있어 평가하지 않았습니다.,2024
BRD_20214226,머그정,0.0,평가 대상 아님,,,이번 공시의 가맹점 수가 0이거나 비어 있어 평가하지 않았습니다.,2024
BRD_20214228,광화문커피,0.0,평가 대상 아님,,,이번 공시의 가맹점 수가 0이거나 비어 있어 평가하지 않았습니다.,2024
BRD_20214229,머그플레이팅,0.0,평가 대상 아님,,,이번 공시의 가맹점 수가 0이거나 비어 있어 평가하지 않았습니다.,2024
BRD_20214239,꺼다리,0.0,평가 대상 아님,,,이번 공시의 가맹점 수가 0이거나 비어 있어 평가하지 않았습니다.,2024
BRD_20214247,올데이포차,0.0,평가 대상 아님,,,이번 공시의 가맹점 수가 0이거나 비어 있어 평가하지 않았습니다.,2024
BRD_20214251,풍류시인,0.0,평가 대상 아님,,,이번 공시의 가맹점 수가 0이거나 비어 있어 평가하지 않았습니다.,2024
BRD_20214252,순면가,0.0,평가 대상 아님,,,이번 공시의 가맹점 수가 0이거나 비어 있어 평가하지 않았습니다.,2024
BRD_20214253,어나더닭,0.0,평가 대상 아님,,,이번 공시의 가맹점 수가 0이거나 비어 있어 평가하지 않았습니다.,2024
BRD_20214261,명품서현해장,0.0,평가 대상 아님,,,이번 공시의 가맹점 수가 0이거나 비어 있어 평가하지 않았습니다.,2024
BRD_20214269,내가바라던 볶음BAB,0.0,평가 대상 아님,,,이번 공시의 가맹점 수가 0이거나 비어 있어 평가하지 않았습니다.,2024
BRD_20214271,밀키프레소 (MILKY PRESSO),0.0,평가 대상 아님,,,이번 공시의 가맹점 수가 0이거나 비어 있어 평가하지 않았습니다.,2024
BRD_20214280,도야꽃집,0.0,평가 대상 아님,,,이번 공시의 가맹점 수가 0이거나 비어 있어 평가하지 않았습니다.,2024
BRD_20214281,들밥차반,0.0,평가 대상 아님,,,이번 공시의 가맹점 수가 0이거나 비어 있어 평가하지 않았습니다.,2024
BRD_20214284,팔분족발보쌈,0.0,평가 대상 아님,,,이번 공시의 가맹점 수가 0이거나 비어 있어 평가하지 않았습니다.,2024
BRD_20214286,팔분 김치찜&김치찌개,0.0,평가 대상 아님,,,이번 공시의 가맹점 수가 0이거나 비어 있어 평가하지 않았습니다.,2024
BRD_20214287,주식커피,0.0,평가 대상 아님,,,이번 공시의 가맹점 수가 0이거나 비어 있어 평가하지 않았습니다.,2024
BRD_20214288,야식을 부탁해,0.0,평가 대상 아님,,,이번 공시의 가맹점 수가 0이거나 비어 있어 평가하지 않았습니다.,2024
BRD_20214289,츄릅(chooroop),0.0,평가 대상 아님,,,이번 공시의 가맹점 수가 0이거나 비어 있어 평가하지 않았습니다.,2024
BRD_20214291,쪽찌,0.0,평가 대상 아님,,,이번 공시의 가맹점 수가 0이거나 비어 있어 평가하지 않았습니다.,2024
BRD_20214294,한식1번가와교실의밥상,0.0,평가 대상 아님,,,이번 공시의 가맹점 수가 0이거나 비어 있어 평가하지 않았습니다.,2024
BRD_20214296,동국당 칼국수&돈까스,0.0,평가 대상 아님,,,이번 공시의 가맹점 수가 0이거나 비어 있어 평가하지 않았습니다.,2024
BRD_20214297,별별장터,0.0,평가 대상 아님,,,이번 공시의 가맹점 수가 0이거나 비어 있어 평가하지 않았습니다.,2024
BRD_20214298,더 요리정,0.0,평가 대상 아님,,,이번 공시의 가맹점 수가 0이거나 비어 있어 평가하지 않았습니다.,2024
BRD_20214300,진서 칼국수&돈까스,0.0,평가 대상 아님,,,이번 공시의 가맹점 수가 0이거나 비어 있어 평가하지 않았습니다.,2024
BRD_20214301,아담치킨,0.0,평가 대상 아님,,,이번 공시의 가맹점 수가 0이거나 비어 있어 평가하지 않았습니다.,2024
BRD_20214303,램1997,0.0,평가 대상 아님,,,이번 공시의 가맹점 수가 0이거나 비어 있어 평가하지 않았습니다.,2024
BRD_20214306,달맞이광장바베큐,0.0,평가 대상 아님,,,이번 공시의 가맹점 수가 0이거나 비어 있어 평가하지 않았습니다.,2024
BRD_20214308,상무감자탕,0.0,평가 대상 아님,,,이번 공시의 가맹점 수가 0이거나 비어 있어 평가하지 않았습니다.,2024
BRD_20214310,옥란이네,0.0,평가 대상 아님,,,이번 공시의 가맹점 수가 0이거나 비어 있어 평가하지 않았습니다.,2024
BRD_20214311,해장가,0.0,평가 대상 아님,,,이번 공시의 가맹점 수가 0이거나 비어 있어 평가하지 않았습니다.,2024
BRD_20214314,텀즈업PUB,0.0,평가 대상 아님,,,이번 공시의 가맹점 수가 0이거나 비어 있어 평가하지 않았습니다.,2024
BRD_20214315,달매우동,0.0,평가 대상 아님,,,이번 공시의 가맹점 수가 0이거나 비어 있어 평가하지 않았습니다.,2024
BRD_20214316,꽁다리분식,0.0,평가 대상 아님,,,이번 공시의 가맹점 수가 0이거나 비어 있어 평가하지 않았습니다.,2024
BRD_20214317,피자더블업,0.0,평가 대상 아님,,,이번 공시의 가맹점 수가 0이거나 비어 있어 평가하지 않았습니다.,2024
BRD_20214318,치킨도리,0.0,평가 대상 아님,,,이번 공시의 가맹점 수가 0이거나 비어 있어 평가하지 않았습니다.,2024
BRD_20214319,포캉스,0.0,평가 대상 아님,,,이번 공시의 가맹점 수가 0이거나 비어 있어 평가하지 않았습니다.,2024
BRD_20214320,부루노버거&샌드위치,0.0,평가 대상 아님,,,이번 공시의 가맹점 수가 0이거나 비어 있어 평가하지 않았습니다.,2024
BRD_20214321,월화수카페,0.0,평가 대상 아님,,,이번 공시의 가맹점 수가 0이거나 비어 있어 평가하지 않았습니다.,2024
BRD_20214322,엄마네 냉장고,0.0,평가 대상 아님,,,이번 공시의 가맹점 수가 0이거나 비어 있어 평가하지 않았습니다.,2024
BRD_20214323,늘솜가든,0.0,평가 대상 아님,,,이번 공시의 가맹점 수가 0이거나 비어 있어 평가하지 않았습니다.,2024
BRD_20214324,정갈분식,0.0,평가 대상 아님,,,이번 공시의 가맹점 수가 0이거나 비어 있어 평가하지 않았습니다.,2024
BRD_20214332,두마족의 시대,0.0,평가 대상 아님,,,이번 공시의 가맹점 수가 0이거나 비어 있어 평가하지 않았습니다.,2024
BRD_20214333,취향마라 마라탕,0.0,평가 대상 아님,,,이번 공시의 가맹점 수가 0이거나 비어 있어 평가하지 않았습니다.,2024
BRD_20214353,우화한닭삼계,0.0,평가 대상 아님,,,이번 공시의 가맹점 수가 0이거나 비어 있어 평가하지 않았습니다.,2024
BRD_20214354,계수작,0.0,평가 대상 아님,,,이번 공시의 가맹점 수가 0이거나 비어 있어 평가하지 않았습니다.,2024
BRD_20214376,끼니위드팜,0.0,평가 대상 아님,,,이번 공시의 가맹점 수가 0이거나 비어 있어 평가하지 않았습니다.,2024
BRD_20214379,밀곳,0.0,평가 대상 아님,,,이번 공시의 가맹점 수가 0이거나 비어 있어 평가하지 않았습니다.,2024
BRD_20214382,옐로우 치볶이,0.0,평가 대상 아님,,,이번 공시의 가맹점 수가 0이거나 비어 있어 평가하지 않았습니다.,2024
BRD_20214383,앵그리포테이토,0.0,평가 대상 아님,,,이번 공시의 가맹점 수가 0이거나 비어 있어 평가하지 않았습니다.,2024
BRD_20214386,금두꺼비펍,0.0,평가 대상 아님,,,이번 공시의 가맹점 수가 0이거나 비어 있어 평가하지 않았습니다.,2024
BRD_20214387,떡볶이사냥,0.0,평가 대상 아님,,,이번 공시의 가맹점 수가 0이거나 비어 있어 평가하지 않았습니다.,2024
BRD_20214392,올데이자카야,0.0,평가 대상 아님,,,이번 공시의 가맹점 수가 0이거나 비어 있어 평가하지 않았습니다.,2024
BRD_20214395,경성반점,0.0,평가 대상 아님,,,이번 공시의 가맹점 수가 0이거나 비어 있어 평가하지 않았습니다.,2024
BRD_20214401,육미명가 도문작,0.0,평가 대상 아님,,,이번 공시의 가맹점 수가 0이거나 비어 있어 평가하지 않았습니다.,2024
BRD_20214402,유명진의 대패사랑 에브리33데이(EVERY33DAY),0.0,평가 대상 아님,,,이번 공시의 가맹점 수가 0이거나 비어 있어 평가하지 않았습니다.,2024
BRD_20214404,프라이드치킨1977,0.0,평가 대상 아님,,,이번 공시의 가맹점 수가 0이거나 비어 있어 평가하지 않았습니다.,2024
BRD_20214405,조선의라면,0.0,평가 대상 아님,,,이번 공시의 가맹점 수가 0이거나 비어 있어 평가하지 않았습니다.,2024
BRD_20214407,하노이배쌀집,0.0,평가 대상 아님,,,이번 공시의 가맹점 수가 0이거나 비어 있어 평가하지 않았습니다.,2024
BRD_20214409,고스테이크,0.0,평가 대상 아님,,,이번 공시의 가맹점 수가 0이거나 비어 있어 평가하지 않았습니다.,2024
BRD_20214410,스시로야,0.0,평가 대상 아님,,,이번 공시의 가맹점 수가 0이거나 비어 있어 평가하지 않았습니다.,2024
BRD_20214420,오붓,0.0,평가 대상 아님,,,이번 공시의 가맹점 수가 0이거나 비어 있어 평가하지 않았습니다.,2024
BRD_20214426,칙플라잉,0.0,평가 대상 아님,,,이번 공시의 가맹점 수가 0이거나 비어 있어 평가하지 않았습니다.,2024
BRD_20214431,두리버거,0.0,평가 대상 아님,,,이번 공시의 가맹점 수가 0이거나 비어 있어 평가하지 않았습니다.,2024
BRD_20214432|JNG_011567,모락짬뽕,0.0,평가 대상 아님,,,이번 공시의 가맹점 수가 0이거나 비어 있어 평가하지 않았습니다.,2024
BRD_20214448,라이스타이밍,0.0,평가 대상 아님,,,이번 공시의 가맹점 수가 0이거나 비어 있어 평가하지 않았습니다.,2024
BRD_20214449,카페포트럭(caffe-Potluck),0.0,평가 대상 아님,,,이번 공시의 가맹점 수가 0이거나 비어 있어 평가하지 않았습니다.,2024
BRD_20214451,미주락(MIJURAK),0.0,평가 대상 아님,,,이번 공시의 가맹점 수가 0이거나 비어 있어 평가하지 않았습니다.,2024
BRD_20214455,저 세상 불닭 떡볶이,0.0,평가 대상 아님,,,이번 공시의 가맹점 수가 0이거나 비어 있어 평가하지 않았습니다.,2024
BRD_20214456,일족즉발,0.0,평가 대상 아님,,,이번 공시의 가맹점 수가 0이거나 비어 있어 평가하지 않았습니다.,2024
BRD_20214460,파파마라,0.0,평가 대상 아님,,,이번 공시의 가맹점 수가 0이거나 비어 있어 평가하지 않았습니다.,2024
BRD_20214464,"타코,투데이",0.0,평가 대상 아님,,,이번 공시의 가맹점 수가 0이거나 비어 있어 평가하지 않았습니다.,2024
BRD_20214468,팔곡보쌈,0.0,평가 대상 아님,,,이번 공시의 가맹점 수가 0이거나 비어 있어 평가하지 않았습니다.,2024
BRD_20214471,마음을 담다,0.0,평가 대상 아님,,,이번 공시의 가맹점 수가 0이거나 비어 있어 평가하지 않았습니다.,2024
BRD_20214475,스트리트 캠프,0.0,평가 대상 아님,,,이번 공시의 가맹점 수가 0이거나 비어 있어 평가하지 않았습니다.,2024
BRD_20214476|JNG_011881,써니문,0.0,평가 대상 아님,,,이번 공시의 가맹점 수가 0이거나 비어 있어 평가하지 않았습니다.,2024
BRD_20214478,NBM,0.0,평가 대상 아님,,,이번 공시의 가맹점 수가 0이거나 비어 있어 평가하지 않았습니다.,2024
BRD_20214480,해물올데이,0.0,평가 대상 아님,,,이번 공시의 가맹점 수가 0이거나 비어 있어 평가하지 않았습니다.,2024
BRD_20214484,그린힐 커피,0.0,평가 대상 아님,,,이번 공시의 가맹점 수가 0이거나 비어 있어 평가하지 않았습니다.,2024
BRD_20214489,우치노콧페,0.0,평가 대상 아님,,,이번 공시의 가맹점 수가 0이거나 비어 있어 평가하지 않았습니다.,2024
BRD_20214496,고기를 디자인하다,0.0,평가 대상 아님,,,이번 공시의 가맹점 수가 0이거나 비어 있어 평가하지 않았습니다.,2024
BRD_20214516,커피는,0.0,평가 대상 아님,,,이번 공시의 가맹점 수가 0이거나 비어 있어 평가하지 않았습니다.,2024
BRD_20214517,제육중독,0.0,평가 대상 아님,,,이번 공시의 가맹점 수가 0이거나 비어 있어 평가하지 않았습니다.,2024
BRD_20214519,황금곱도리세상을놀라게하다,0.0,평가 대상 아님,,,이번 공시의 가맹점 수가 0이거나 비어 있어 평가하지 않았습니다.,2024
BRD_20214520,룡룡버거하우스,0.0,평가 대상 아님,,,이번 공시의 가맹점 수가 0이거나 비어 있어 평가하지 않았습니다.,2024
BRD_20214528,DOLTA,0.0,평가 대상 아님,,,이번 공시의 가맹점 수가 0이거나 비어 있어 평가하지 않았습니다.,2024
BRD_20214529,진교떡볶이,0.0,평가 대상 아님,,,이번 공시의 가맹점 수가 0이거나 비어 있어 평가하지 않았습니다.,2024
BRD_20214530,안산정군포차,0.0,평가 대상 아님,,,이번 공시의 가맹점 수가 0이거나 비어 있어 평가하지 않았습니다.,2024
BRD_20214538,남자의팬,0.0,평가 대상 아님,,,이번 공시의 가맹점 수가 0이거나 비어 있어 평가하지 않았습니다.,2024
BRD_20214539,홍마산,0.0,평가 대상 아님,,,이번 공시의 가맹점 수가 0이거나 비어 있어 평가하지 않았습니다.,2024
BRD_20214540,한양성,0.0,평가 대상 아님,,,이번 공시의 가맹점 수가 0이거나 비어 있어 평가하지 않았습니다.,2024
BRD_20214541,부자닭,0.0,평가 대상 아님,,,이번 공시의 가맹점 수가 0이거나 비어 있어 평가하지 않았습니다.,2024
BRD_20214542,바다본,0.0,평가 대상 아님,,,이번 공시의 가맹점 수가 0이거나 비어 있어 평가하지 않았습니다.,2024
BRD_20214543,와따,0.0,평가 대상 아님,,,이번 공시의 가맹점 수가 0이거나 비어 있어 평가하지 않았습니다.,2024
BRD_20214544,더생와플,0.0,평가 대상 아님,,,이번 공시의 가맹점 수가 0이거나 비어 있어 평가하지 않았습니다.,2024
BRD_20214545,돈까스민족,0.0,평가 대상 아님,,,이번 공시의 가맹점 수가 0이거나 비어 있어 평가하지 않았습니다.,2024
BRD_20214546,꿀꿀청춘,0.0,평가 대상 아님,,,이번 공시의 가맹점 수가 0이거나 비어 있어 평가하지 않았습니다.,2024
BRD_20214547,키로족발,0.0,평가 대상 아님,,,이번 공시의 가맹점 수가 0이거나 비어 있어 평가하지 않았습니다.,2024
BRD_20214548,뼈대집,0.0,평가 대상 아님,,,이번 공시의 가맹점 수가 0이거나 비어 있어 평가하지 않았습니다.,2024
BRD_20214549,조선닭발,0.0,평가 대상 아님,,,이번 공시의 가맹점 수가 0이거나 비어 있어 평가하지 않았습니다.,2024
BRD_20214550,쓰리랑,0.0,평가 대상 아님,,,이번 공시의 가맹점 수가 0이거나 비어 있어 평가하지 않았습니다.,2024
BRD_20214551,초밥대첩,0.0,평가 대상 아님,,,이번 공시의 가맹점 수가 0이거나 비어 있어 평가하지 않았습니다.,2024
BRD_20214552,훅스치킨,0.0,평가 대상 아님,,,이번 공시의 가맹점 수가 0이거나 비어 있어 평가하지 않았습니다.,2024
BRD_20214554,뼈칼,0.0,평가 대상 아님,,,이번 공시의 가맹점 수가 0이거나 비어 있어 평가하지 않았습니다.,2024
BRD_20214575,키조개 삼합 폭식,0.0,평가 대상 아님,,,이번 공시의 가맹점 수가 0이거나 비어 있어 평가하지 않았습니다.,2024
BRD_20214576,팔분갈비찜,0.0,평가 대상 아님,,,이번 공시의 가맹점 수가 0이거나 비어 있어 평가하지 않았습니다.,2024
BRD_20214577,해장국 홀릭,0.0,평가 대상 아님,,,이번 공시의 가맹점 수가 0이거나 비어 있어 평가하지 않았습니다.,2024
BRD_20214578,리스아라비카,0.0,평가 대상 아님,,,이번 공시의 가맹점 수가 0이거나 비어 있어 평가하지 않았습니다.,2024
BRD_20214579,마셔라 부어라,0.0,평가 대상 아님,,,이번 공시의 가맹점 수가 0이거나 비어 있어 평가하지 않았습니다.,2024
BRD_20214583,통큰솥뚜껑닭볶음탕,0.0,평가 대상 아님,,,이번 공시의 가맹점 수가 0이거나 비어 있어 평가하지 않았습니다.,2024
BRD_20214594,이태리다방,0.0,평가 대상 아님,,,이번 공시의 가맹점 수가 0이거나 비어 있어 평가하지 않았습니다.,2024
BRD_20214595,청담곱창,0.0,평가 대상 아님,,,이번 공시의 가맹점 수가 0이거나 비어 있어 평가하지 않았습니다.,2024
BRD_20214602,어포항,0.0,평가 대상 아님,,,이번 공시의 가맹점 수가 0이거나 비어 있어 평가하지 않았습니다.,2024
BRD_20214603,청춘생선,0.0,평가 대상 아님,,,이번 공시의 가맹점 수가 0이거나 비어 있어 평가하지 않았습니다.,2024
BRD_20214604,바른왕,0.0,평가 대상 아님,,,이번 공시의 가맹점 수가 0이거나 비어 있어 평가하지 않았습니다.,2024
BRD_20214606,곰상사,0.0,평가 대상 아님,,,이번 공시의 가맹점 수가 0이거나 비어 있어 평가하지 않았습니다.,2024
BRD_20214628,대한당,0.0,평가 대상 아님,,,이번 공시의 가맹점 수가 0이거나 비어 있어 평가하지 않았습니다.,2024
BRD_20214631,고메스테이크,0.0,평가 대상 아님,,,이번 공시의 가맹점 수가 0이거나 비어 있어 평가하지 않았습니다.,2024
BRD_20214636,TOT,0.0,평가 대상 아님,,,이번 공시의 가맹점 수가 0이거나 비어 있어 평가하지 않았습니다.,2024
BRD_20214640,저팔돼지,0.0,평가 대상 아님,,,이번 공시의 가맹점 수가 0이거나 비어 있어 평가하지 않았습니다.,2024
BRD_20214641,원더돈까스,0.0,평가 대상 아님,,,이번 공시의 가맹점 수가 0이거나 비어 있어 평가하지 않았습니다.,2024
BRD_20214642,오메가참치,0.0,평가 대상 아님,,,이번 공시의 가맹점 수가 0이거나 비어 있어 평가하지 않았습니다.,2024
BRD_20214643,미온세덮밥,0.0,평가 대상 아님,,,이번 공시의 가맹점 수가 0이거나 비어 있어 평가하지 않았습니다.,2024
BRD_20214644,킹스족발,0.0,평가 대상 아님,,,이번 공시의 가맹점 수가 0이거나 비어 있어 평가하지 않았습니다.,2024
BRD_20214645,왕표곱창,0.0,평가 대상 아님,,,이번 공시의 가맹점 수가 0이거나 비어 있어 평가하지 않았습니다.,2024
BRD_20214646,활어명수,0.0,평가 대상 아님,,,이번 공시의 가맹점 수가 0이거나 비어 있어 평가하지 않았습니다.,2024
BRD_20214661,청고장 대패무한,0.0,평가 대상 아님,,,이번 공시의 가맹점 수가 0이거나 비어 있어 평가하지 않았습니다.,2024
BRD_20214662,명동칼국수,0.0,평가 대상 아님,,,이번 공시의 가맹점 수가 0이거나 비어 있어 평가하지 않았습니다.,2024
BRD_20214675,신 쭈황,0.0,평가 대상 아님,,,이번 공시의 가맹점 수가 0이거나 비어 있어 평가하지 않았습니다.,2024
BRD_20214676,마쯔노야,0.0,평가 대상 아님,,,이번 공시의 가맹점 수가 0이거나 비어 있어 평가하지 않았습니다.,2024
BRD_20214677,참치제작소,0.0,평가 대상 아님,,,이번 공시의 가맹점 수가 0이거나 비어 있어 평가하지 않았습니다.,2024
BRD_20214678,만선어시장,0.0,평가 대상 아님,,,이번 공시의 가맹점 수가 0이거나 비어 있어 평가하지 않았습니다.,2024
BRD_20214679,초밥의 민족,0.0,평가 대상 아님,,,이번 공시의 가맹점 수가 0이거나 비어 있어 평가하지 않았습니다.,2024
BRD_20214680,어부정찬미역,0.0,평가 대상 아님,,,이번 공시의 가맹점 수가 0이거나 비어 있어 평가하지 않았습니다.,2024
BRD_20214681,모리야,0.0,평가 대상 아님,,,이번 공시의 가맹점 수가 0이거나 비어 있어 평가하지 않았습니다.,2024
BRD_20214682,북평댁칼국수,0.0,평가 대상 아님,,,이번 공시의 가맹점 수가 0이거나 비어 있어 평가하지 않았습니다.,2024
BRD_20214683,불당짬뽕,0.0,평가 대상 아님,,,이번 공시의 가맹점 수가 0이거나 비어 있어 평가하지 않았습니다.,2024
BRD_20214684,주당집,0.0,평가 대상 아님,,,이번 공시의 가맹점 수가 0이거나 비어 있어 평가하지 않았습니다.,2024
BRD_20214685,무모한 도시락,0.0,평가 대상 아님,,,이번 공시의 가맹점 수가 0이거나 비어 있어 평가하지 않았습니다.,2024
BRD_20214687,최춘배닭도리탕,0.0,평가 대상 아님,,,이번 공시의 가맹점 수가 0이거나 비어 있어 평가하지 않았습니다.,2024
BRD_20214688,치밥에몽,0.0,평가 대상 아님,,,이번 공시의 가맹점 수가 0이거나 비어 있어 평가하지 않았습니다.,2024
BRD_20214689,"파스타 Bee,,",0.0,평가 대상 아님,,,이번 공시의 가맹점 수가 0이거나 비어 있어 평가하지 않았습니다.,2024
BRD_20214692,폭탄치밥,0.0,평가 대상 아님,,,이번 공시의 가맹점 수가 0이거나 비어 있어 평가하지 않았습니다.,2024
BRD_20214693,대한 갈비가,0.0,평가 대상 아님,,,이번 공시의 가맹점 수가 0이거나 비어 있어 평가하지 않았습니다.,2024
BRD_20214694,순살특공대,0.0,평가 대상 아님,,,이번 공시의 가맹점 수가 0이거나 비어 있어 평가하지 않았습니다.,2024
BRD_20214698,콩나물떡볶이,0.0,평가 대상 아님,,,이번 공시의 가맹점 수가 0이거나 비어 있어 평가하지 않았습니다.,2024
BRD_20214705,햇살이네 칼라닭강정,0.0,평가 대상 아님,,,이번 공시의 가맹점 수가 0이거나 비어 있어 평가하지 않았습니다.,2024
BRD_20214706,햇살이네 직화구이,0.0,평가 대상 아님,,,이번 공시의 가맹점 수가 0이거나 비어 있어 평가하지 않았습니다.,2024
BRD_20214707,본품삼계탕,0.0,평가 대상 아님,,,이번 공시의 가맹점 수가 0이거나 비어 있어 평가하지 않았습니다.,2024
BRD_20214708,본품딜리버리,0.0,평가 대상 아님,,,이번 공시의 가맹점 수가 0이거나 비어 있어 평가하지 않았습니다.,2024
BRD_20214712,초심포차,0.0,평가 대상 아님,,,이번 공시의 가맹점 수가 0이거나 비어 있어 평가하지 않았습니다.,2024
BRD_20214717,카페핑크뮬리,0.0,평가 대상 아님,,,이번 공시의 가맹점 수가 0이거나 비어 있어 평가하지 않았습니다.,2024
BRD_20214718,우마이미세,0.0,평가 대상 아님,,,이번 공시의 가맹점 수가 0이거나 비어 있어 평가하지 않았습니다.,2024
BRD_20214726,매직트리(MAGIC TREE),0.0,평가 대상 아님,,,이번 공시의 가맹점 수가 0이거나 비어 있어 평가하지 않았습니다.,2024
BRD_20214733|JNG_012029,정본국밥,0.0,평가 대상 아님,,,이번 공시의 가맹점 수가 0이거나 비어 있어 평가하지 않았습니다.,2024
BRD_20214735,프로메사나우,0.0,평가 대상 아님,,,이번 공시의 가맹점 수가 0이거나 비어 있어 평가하지 않았습니다.,2024
BRD_20214739,티프리피자(T-FREE PIZZA),0.0,평가 대상 아님,,,이번 공시의 가맹점 수가 0이거나 비어 있어 평가하지 않았습니다.,2024
BRD_20214745,통참치킨,0.0,평가 대상 아님,,,이번 공시의 가맹점 수가 0이거나 비어 있어 평가하지 않았습니다.,2024
BRD_20214747,조선1607샤브칼국수,0.0,평가 대상 아님,,,이번 공시의 가맹점 수가 0이거나 비어 있어 평가하지 않았습니다.,2024
BRD_20214748,피그보쌈집,0.0,평가 대상 아님,,,이번 공시의 가맹점 수가 0이거나 비어 있어 평가하지 않았습니다.,2024
BRD_20214757,탄불이갈비,0.0,평가 대상 아님,,,이번 공시의 가맹점 수가 0이거나 비어 있어 평가하지 않았습니다.,2024
BRD_20214771,아미쉬스테이크,0.0,평가 대상 아님,,,이번 공시의 가맹점 수가 0이거나 비어 있어 평가하지 않았습니다.,2024
BRD_20214772,연스지,0.0,평가 대상 아님,,,이번 공시의 가맹점 수가 0이거나 비어 있어 평가하지 않았습니다.,2024
BRD_20214773,오하오,0.0,평가 대상 아님,,,이번 공시의 가맹점 수가 0이거나 비어 있어 평가하지 않았습니다.,2024
BRD_20214779,돈까스닷컴,0.0,평가 대상 아님,,,이번 공시의 가맹점 수가 0이거나 비어 있어 평가하지 않았습니다.,2024
BRD_20214783,팝콘도시,0.0,평가 대상 아님,,,이번 공시의 가맹점 수가 0이거나 비어 있어 평가하지 않았습니다.,2024
BRD_20214785,명랑시대치킨,0.0,평가 대상 아님,,,이번 공시의 가맹점 수가 0이거나 비어 있어 평가하지 않았습니다.,2024
BRD_20214786,이리와짬뽕,0.0,평가 대상 아님,,,이번 공시의 가맹점 수가 0이거나 비어 있어 평가하지 않았습니다.,2024
BRD_20214798,롤스타,0.0,평가 대상 아님,,,이번 공시의 가맹점 수가 0이거나 비어 있어 평가하지 않았습니다.,2024
BRD_20214799,갯벌탐사,0.0,평가 대상 아님,,,이번 공시의 가맹점 수가 0이거나 비어 있어 평가하지 않았습니다.,2024
BRD_20214800,인생탕수,0.0,평가 대상 아님,,,이번 공시의 가맹점 수가 0이거나 비어 있어 평가하지 않았습니다.,2024
BRD_20214807,구포축산물공판장,0.0,평가 대상 아님,,,이번 공시의 가맹점 수가 0이거나 비어 있어 평가하지 않았습니다.,2024
BRD_20214809,고대장 고기식단,0.0,평가 대상 아님,,,이번 공시의 가맹점 수가 0이거나 비어 있어 평가하지 않았습니다.,2024
BRD_20214816,무궁한꼬치피었습니다,0.0,평가 대상 아님,,,이번 공시의 가맹점 수가 0이거나 비어 있어 평가하지 않았습니다.,2024
BRD_20214817,써니문치킨,0.0,평가 대상 아님,,,이번 공시의 가맹점 수가 0이거나 비어 있어 평가하지 않았습니다.,2024
BRD_20214818,팔도냉면,0.0,평가 대상 아님,,,이번 공시의 가맹점 수가 0이거나 비어 있어 평가하지 않았습니다.,2024
BRD_20214819,비어포스1,0.0,평가 대상 아님,,,이번 공시의 가맹점 수가 0이거나 비어 있어 평가하지 않았습니다.,2024
BRD_20214820,효자동청와짬뽕,0.0,평가 대상 아님,,,이번 공시의 가맹점 수가 0이거나 비어 있어 평가하지 않았습니다.,2024
BRD_20214821,미쓰미떡볶이,0.0,평가 대상 아님,,,이번 공시의 가맹점 수가 0이거나 비어 있어 평가하지 않았습니다.,2024
BRD_20214822,너디스,0.0,평가 대상 아님,,,이번 공시의 가맹점 수가 0이거나 비어 있어 평가하지 않았습니다.,2024
BRD_20214823,일타갈비삼계탕,0.0,평가 대상 아님,,,이번 공시의 가맹점 수가 0이거나 비어 있어 평가하지 않았습니다.,2024
BRD_20214826,차이나볼(ChinaBowl),0.0,평가 대상 아님,,,이번 공시의 가맹점 수가 0이거나 비어 있어 평가하지 않았습니다.,2024
BRD_20214827,최고존,0.0,평가 대상 아님,,,이번 공시의 가맹점 수가 0이거나 비어 있어 평가하지 않았습니다.,2024
BRD_20214828,배신떡볶이,0.0,평가 대상 아님,,,이번 공시의 가맹점 수가 0이거나 비어 있어 평가하지 않았습니다.,2024
BRD_20214834,더땅피자치킨,0.0,평가 대상 아님,,,이번 공시의 가맹점 수가 0이거나 비어 있어 평가하지 않았습니다.,2024
BRD_20214837,고깃바,0.0,평가 대상 아님,,,이번 공시의 가맹점 수가 0이거나 비어 있어 평가하지 않았습니다.,2024
BRD_20214838,고고카페,0.0,평가 대상 아님,,,이번 공시의 가맹점 수가 0이거나 비어 있어 평가하지 않았습니다.,2024
BRD_20214844,유달구수산물직판장,0.0,평가 대상 아님,,,이번 공시의 가맹점 수가 0이거나 비어 있어 평가하지 않았습니다.,2024
BRD_20214847,맘스쿡,0.0,평가 대상 아님,,,이번 공시의 가맹점 수가 0이거나 비어 있어 평가하지 않았습니다.,2024
BRD_20214852,명랑축산,0.0,평가 대상 아님,,,이번 공시의 가맹점 수가 0이거나 비어 있어 평가하지 않았습니다.,2024
BRD_20214855,블링블링,0.0,평가 대상 아님,,,이번 공시의 가맹점 수가 0이거나 비어 있어 평가하지 않았습니다.,2024
BRD_20214856,더죽,0.0,평가 대상 아님,,,이번 공시의 가맹점 수가 0이거나 비어 있어 평가하지 않았습니다.,2024
BRD_20214857,도쿄부르스,0.0,평가 대상 아님,,,이번 공시의 가맹점 수가 0이거나 비어 있어 평가하지 않았습니다.,2024
BRD_20214858,순대장,0.0,평가 대상 아님,,,이번 공시의 가맹점 수가 0이거나 비어 있어 평가하지 않았습니다.,2024
BRD_20214859,육회한왕,0.0,평가 대상 아님,,,이번 공시의 가맹점 수가 0이거나 비어 있어 평가하지 않았습니다.,2024
BRD_20214861,끓임당,0.0,평가 대상 아님,,,이번 공시의 가맹점 수가 0이거나 비어 있어 평가하지 않았습니다.,2024
BRD_20214866,빨강다람쥐,0.0,평가 대상 아님,,,이번 공시의 가맹점 수가 0이거나 비어 있어 평가하지 않았습니다.,2024
BRD_20214867,스시앤락,0.0,평가 대상 아님,,,이번 공시의 가맹점 수가 0이거나 비어 있어 평가하지 않았습니다.,2024
BRD_20214868,마마꼬,0.0,평가 대상 아님,,,이번 공시의 가맹점 수가 0이거나 비어 있어 평가하지 않았습니다.,2024
BRD_20214870,미미족,0.0,평가 대상 아님,,,이번 공시의 가맹점 수가 0이거나 비어 있어 평가하지 않았습니다.,2024
BRD_20214872,곱도리탕전문점,0.0,평가 대상 아님,,,이번 공시의 가맹점 수가 0이거나 비어 있어 평가하지 않았습니다.,2024
BRD_20214873,브래드바이피플,0.0,평가 대상 아님,,,이번 공시의 가맹점 수가 0이거나 비어 있어 평가하지 않았습니다.,2024
BRD_20214874,카페바이피플,0.0,평가 대상 아님,,,이번 공시의 가맹점 수가 0이거나 비어 있어 평가하지 않았습니다.,2024
BRD_20214875,피자바이피플,0.0,평가 대상 아님,,,이번 공시의 가맹점 수가 0이거나 비어 있어 평가하지 않았습니다.,2024
BRD_20214876,요거트바이피플,0.0,평가 대상 아님,,,이번 공시의 가맹점 수가 0이거나 비어 있어 평가하지 않았습니다.,2024
BRD_20214881,천시원 떡볶이,0.0,평가 대상 아님,,,이번 공시의 가맹점 수가 0이거나 비어 있어 평가하지 않았습니다.,2024
BRD_20214882,천시원 닭칼국수,0.0,평가 대상 아님,,,이번 공시의 가맹점 수가 0이거나 비어 있어 평가하지 않았습니다.,2024
BRD_20214883,뚝딱,0.0,평가 대상 아님,,,이번 공시의 가맹점 수가 0이거나 비어 있어 평가하지 않았습니다.,2024
BRD_20214885,버블커피(BUBBLE COFFEE),0.0,평가 대상 아님,,,이번 공시의 가맹점 수가 0이거나 비어 있어 평가하지 않았습니다.,2024
BRD_20214887,쟌(ZYAN),0.0,평가 대상 아님,,,이번 공시의 가맹점 수가 0이거나 비어 있어 평가하지 않았습니다.,2024
BRD_20214888,다이닝인,0.0,평가 대상 아님,,,이번 공시의 가맹점 수가 0이거나 비어 있어 평가하지 않았습니다.,2024
BRD_20214889,자미원,0.0,평가 대상 아님,,,이번 공시의 가맹점 수가 0이거나 비어 있어 평가하지 않았습니다.,2024
BRD_20214890,태미원,0.0,평가 대상 아님,,,이번 공시의 가맹점 수가 0이거나 비어 있어 평가하지 않았습니다.,2024
BRD_20214891,뉴에라 쉐프,0.0,평가 대상 아님,,,이번 공시의 가맹점 수가 0이거나 비어 있어 평가하지 않았습니다.,2024
BRD_20214892,뉴에라 버거,0.0,평가 대상 아님,,,이번 공시의 가맹점 수가 0이거나 비어 있어 평가하지 않았습니다.,2024
BRD_20214904,무모한 피자,0.0,평가 대상 아님,,,이번 공시의 가맹점 수가 0이거나 비어 있어 평가하지 않았습니다.,2024
BRD_20214905,무모한 분식,0.0,평가 대상 아님,,,이번 공시의 가맹점 수가 0이거나 비어 있어 평가하지 않았습니다.,2024
BRD_20214908,신흥회관,0.0,평가 대상 아님,,,이번 공시의 가맹점 수가 0이거나 비어 있어 평가하지 않았습니다.,2024
BRD_20214909,요모야,0.0,평가 대상 아님,,,이번 공시의 가맹점 수가 0이거나 비어 있어 평가하지 않았습니다.,2024
BRD_20214910,무모한 육해공,0.0,평가 대상 아님,,,이번 공시의 가맹점 수가 0이거나 비어 있어 평가하지 않았습니다.,2024
BRD_20214912,무학회관,0.0,평가 대상 아님,,,이번 공시의 가맹점 수가 0이거나 비어 있어 평가하지 않았습니다.,2024
BRD_20214913,버거락,0.0,평가 대상 아님,,,이번 공시의 가맹점 수가 0이거나 비어 있어 평가하지 않았습니다.,2024
BRD_20214914,봉순이네 쭈꾸미,0.0,평가 대상 아님,,,이번 공시의 가맹점 수가 0이거나 비어 있어 평가하지 않았습니다.,2024
BRD_20214918,차곡차곡,0.0,평가 대상 아님,,,이번 공시의 가맹점 수가 0이거나 비어 있어 평가하지 않았습니다.,2024
BRD_20214923,기술면집 백밀원,0.0,평가 대상 아님,,,이번 공시의 가맹점 수가 0이거나 비어 있어 평가하지 않았습니다.,2024
BRD_20214932,용길이네 곱창집,0.0,평가 대상 아님,,,이번 공시의 가맹점 수가 0이거나 비어 있어 평가하지 않았습니다.,2024
BRD_20214933,홍꽁,0.0,평가 대상 아님,,,이번 공시의 가맹점 수가 0이거나 비어 있어 평가하지 않았습니다.,2024
BRD_20214935,죠이엘로,0.0,평가 대상 아님,,,이번 공시의 가맹점 수가 0이거나 비어 있어 평가하지 않았습니다.,2024
BRD_20214936,춘계정,0.0,평가 대상 아님,,,이번 공시의 가맹점 수가 0이거나 비어 있어 평가하지 않았습니다.,2024
BRD_20214940,도리마리,0.0,평가 대상 아님,,,이번 공시의 가맹점 수가 0이거나 비어 있어 평가하지 않았습니다.,2024
BRD_20214943,치킨바이피플,0.0,평가 대상 아님,,,이번 공시의 가맹점 수가 0이거나 비어 있어 평가하지 않았습니다.,2024
BRD_20214946,호랭이닭발,0.0,평가 대상 아님,,,이번 공시의 가맹점 수가 0이거나 비어 있어 평가하지 않았습니다.,2024
BRD_20214950,불탄왕뼈구이,0.0,평가 대상 아님,,,이번 공시의 가맹점 수가 0이거나 비어 있어 평가하지 않았습니다.,2024
BRD_20214956,쇼플카페,0.0,평가 대상 아님,,,이번 공시의 가맹점 수가 0이거나 비어 있어 평가하지 않았습니다.,2024
BRD_20214970,냉큼오소,0.0,평가 대상 아님,,,이번 공시의 가맹점 수가 0이거나 비어 있어 평가하지 않았습니다.,2024
BRD_20214973,마마리사,0.0,평가 대상 아님,,,이번 공시의 가맹점 수가 0이거나 비어 있어 평가하지 않았습니다.,2024
BRD_20215013,고기그릇,0.0,평가 대상 아님,,,이번 공시의 가맹점 수가 0이거나 비어 있어 평가하지 않았습니다.,2024
BRD_20215014,호랑이전골,0.0,평가 대상 아님,,,이번 공시의 가맹점 수가 0이거나 비어 있어 평가하지 않았습니다.,2024
BRD_20215015,에그몬(EGGMON),0.0,평가 대상 아님,,,이번 공시의 가맹점 수가 0이거나 비어 있어 평가하지 않았습니다.,2024
BRD_20215016,테이블비(Table.B),0.0,평가 대상 아님,,,이번 공시의 가맹점 수가 0이거나 비어 있어 평가하지 않았습니다.,2024
BRD_20215017,서춘화닭강정,0.0,평가 대상 아님,,,이번 공시의 가맹점 수가 0이거나 비어 있어 평가하지 않았습니다.,2024
BRD_20215023,몽계몽계,0.0,평가 대상 아님,,,이번 공시의 가맹점 수가 0이거나 비어 있어 평가하지 않았습니다.,2024
BRD_20215024,월드와이드해장국,0.0,평가 대상 아님,,,이번 공시의 가맹점 수가 0이거나 비어 있어 평가하지 않았습니다.,2024
BRD_20215025,도그닷(DOGDOT),0.0,평가 대상 아님,,,이번 공시의 가맹점 수가 0이거나 비어 있어 평가하지 않았습니다.,2024
BRD_20215026,월드와이드불닭발,0.0,평가 대상 아님,,,이번 공시의 가맹점 수가 0이거나 비어 있어 평가하지 않았습니다.,2024
BRD_20215027,월드와이드포차,0.0,평가 대상 아님,,,이번 공시의 가맹점 수가 0이거나 비어 있어 평가하지 않았습니다.,2024
BRD_20215030,올드머그,0.0,평가 대상 아님,,,이번 공시의 가맹점 수가 0이거나 비어 있어 평가하지 않았습니다.,2024
BRD_20215040,미식감동,0.0,평가 대상 아님,,,이번 공시의 가맹점 수가 0이거나 비어 있어 평가하지 않았습니다.,2024
BRD_20215042,북일관,0.0,평가 대상 아님,,,이번 공시의 가맹점 수가 0이거나 비어 있어 평가하지 않았습니다.,2024
BRD_20215043,젠스키야키,0.0,평가 대상 아님,,,이번 공시의 가맹점 수가 0이거나 비어 있어 평가하지 않았습니다.,2024
BRD_20215044,피치브라더스,0.0,평가 대상 아님,,,이번 공시의 가맹점 수가 0이거나 비어 있어 평가하지 않았습니다.,2024
BRD_20215045,향연,0.0,평가 대상 아님,,,이번 공시의 가맹점 수가 0이거나 비어 있어 평가하지 않았습니다.,2024
BRD_20215046,마구로센세,0.0,평가 대상 아님,,,이번 공시의 가맹점 수가 0이거나 비어 있어 평가하지 않았습니다.,2024
BRD_20215047,시먼당,0.0,평가 대상 아님,,,이번 공시의 가맹점 수가 0이거나 비어 있어 평가하지 않았습니다.,2024
BRD_20215048,푸링,0.0,평가 대상 아님,,,이번 공시의 가맹점 수가 0이거나 비어 있어 평가하지 않았습니다.,2024
BRD_20215049,부라더떡볶이,0.0,평가 대상 아님,,,이번 공시의 가맹점 수가 0이거나 비어 있어 평가하지 않았습니다.,2024
BRD_20215050,부통김밥,0.0,평가 대상 아님,,,이번 공시의 가맹점 수가 0이거나 비어 있어 평가하지 않았습니다.,2024
BRD_20215051,육밀도,0.0,평가 대상 아님,,,이번 공시의 가맹점 수가 0이거나 비어 있어 평가하지 않았습니다.,2024
BRD_20215058,DEAR Meek (디어미크),0.0,평가 대상 아님,,,이번 공시의 가맹점 수가 0이거나 비어 있어 평가하지 않았습니다.,2024
BRD_20215059,더블피자알통치킨,0.0,평가 대상 아님,,,이번 공시의 가맹점 수가 0이거나 비어 있어 평가하지 않았습니다.,2024
BRD_20215065,유달구아구찜,0.0,평가 대상 아님,,,이번 공시의 가맹점 수가 0이거나 비어 있어 평가하지 않았습니다.,2024
BRD_20215068,조선왕족,0.0,평가 대상 아님,,,이번 공시의 가맹점 수가 0이거나 비어 있어 평가하지 않았습니다.,2024
BRD_20215069,맛올,0.0,평가 대상 아님,,,이번 공시의 가맹점 수가 0이거나 비어 있어 평가하지 않았습니다.,2024
BRD_20215070,햇님이네닭갈비,0.0,평가 대상 아님,,,이번 공시의 가맹점 수가 0이거나 비어 있어 평가하지 않았습니다.,2024
BRD_20215074,맛올포차,0.0,평가 대상 아님,,,이번 공시의 가맹점 수가 0이거나 비어 있어 평가하지 않았습니다.,2024
BRD_20215075,배테랑,0.0,평가 대상 아님,,,이번 공시의 가맹점 수가 0이거나 비어 있어 평가하지 않았습니다.,2024
BRD_20215076,수비드명가,0.0,평가 대상 아님,,,이번 공시의 가맹점 수가 0이거나 비어 있어 평가하지 않았습니다.,2024
BRD_20215080,공룡밥상,0.0,평가 대상 아님,,,이번 공시의 가맹점 수가 0이거나 비어 있어 평가하지 않았습니다.,2024
BRD_20215082,달인의곱창,0.0,평가 대상 아님,,,이번 공시의 가맹점 수가 0이거나 비어 있어 평가하지 않았습니다.,2024
BRD_20215084,낭만닭꼬치,0.0,평가 대상 아님,,,이번 공시의 가맹점 수가 0이거나 비어 있어 평가하지 않았습니다.,2024
BRD_20215085,낭만스시,0.0,평가 대상 아님,,,이번 공시의 가맹점 수가 0이거나 비어 있어 평가하지 않았습니다.,2024
BRD_20215086,온 티(ON TEA),0.0,평가 대상 아님,,,이번 공시의 가맹점 수가 0이거나 비어 있어 평가하지 않았습니다.,2024
BRD_20215091,가가솥밥,0.0,평가 대상 아님,,,이번 공시의 가맹점 수가 0이거나 비어 있어 평가하지 않았습니다.,2024
BRD_20215093,네모난돈까스,0.0,평가 대상 아님,,,이번 공시의 가맹점 수가 0이거나 비어 있어 평가하지 않았습니다.,2024
BRD_20215094,코펜하겐돈까스,0.0,평가 대상 아님,,,이번 공시의 가맹점 수가 0이거나 비어 있어 평가하지 않았습니다.,2024
BRD_20215095,달이다,0.0,평가 대상 아님,,,이번 공시의 가맹점 수가 0이거나 비어 있어 평가하지 않았습니다.,2024
BRD_20215103,피자먹닭,0.0,평가 대상 아님,,,이번 공시의 가맹점 수가 0이거나 비어 있어 평가하지 않았습니다.,2024
BRD_20215108,카페에이지이디(카페AGED),0.0,평가 대상 아님,,,이번 공시의 가맹점 수가 0이거나 비어 있어 평가하지 않았습니다.,2024
BRD_20215168,잠원순대국,0.0,평가 대상 아님,,,이번 공시의 가맹점 수가 0이거나 비어 있어 평가하지 않았습니다.,2024
BRD_20215175,클로버 커피(Clover Coffee),0.0,평가 대상 아님,,,이번 공시의 가맹점 수가 0이거나 비어 있어 평가하지 않았습니다.,2024
BRD_20215176,그릴파이브(Grill5),0.0,평가 대상 아님,,,이번 공시의 가맹점 수가 0이거나 비어 있어 평가하지 않았습니다.,2024
BRD_20215291,본연제 유황먹인 닭한마리&칼국수,0.0,평가 대상 아님,,,이번 공시의 가맹점 수가 0이거나 비어 있어 평가하지 않았습니다.,2024
BRD_20215298,짬뽕올데이,0.0,평가 대상 아님,,,이번 공시의 가맹점 수가 0이거나 비어 있어 평가하지 않았습니다.,2024
BRD_20215299,육회전,0.0,평가 대상 아님,,,이번 공시의 가맹점 수가 0이거나 비어 있어 평가하지 않았습니다.,2024
BRD_20215300,셀프바스켓,0.0,평가 대상 아님,,,이번 공시의 가맹점 수가 0이거나 비어 있어 평가하지 않았습니다.,2024
BRD_20215303,첫걸음이유식,0.0,평가 대상 아님,,,이번 공시의 가맹점 수가 0이거나 비어 있어 평가하지 않았습니다.,2024
BRD_20215317,코끼리정,0.0,평가 대상 아님,,,이번 공시의 가맹점 수가 0이거나 비어 있어 평가하지 않았습니다.,2024
BRD_20215318,천년밀,0.0,평가 대상 아님,,,이번 공시의 가맹점 수가 0이거나 비어 있어 평가하지 않았습니다.,2024
BRD_20215319,트럼프심고메,0.0,평가 대상 아님,,,이번 공시의 가맹점 수가 0이거나 비어 있어 평가하지 않았습니다.,2024
BRD_20215325,달밤엔맥주일보,0.0,평가 대상 아님,,,이번 공시의 가맹점 수가 0이거나 비어 있어 평가하지 않았습니다.,2024
BRD_20215329,샐리치,0.0,평가 대상 아님,,,이번 공시의 가맹점 수가 0이거나 비어 있어 평가하지 않았습니다.,2024
BRD_20215330,삼땡날,0.0,평가 대상 아님,,,이번 공시의 가맹점 수가 0이거나 비어 있어 평가하지 않았습니다.,2024
BRD_20215332,동까스1988,0.0,평가 대상 아님,,,이번 공시의 가맹점 수가 0이거나 비어 있어 평가하지 않았습니다.,2024
BRD_20215333,바리스타미스김,0.0,평가 대상 아님,,,이번 공시의 가맹점 수가 0이거나 비어 있어 평가하지 않았습니다.,2024
BRD_20215340,서초동김치찌개,0.0,평가 대상 아님,,,이번 공시의 가맹점 수가 0이거나 비어 있어 평가하지 않았습니다.,2024
BRD_20215341,서초동반점,0.0,평가 대상 아님,,,이번 공시의 가맹점 수가 0이거나 비어 있어 평가하지 않았습니다.,2024
BRD_20215342,서초동떡볶이,0.0,평가 대상 아님,,,이번 공시의 가맹점 수가 0이거나 비어 있어 평가하지 않았습니다.,2024
BRD_20215343,서초동파스타,0.0,평가 대상 아님,,,이번 공시의 가맹점 수가 0이거나 비어 있어 평가하지 않았습니다.,2024
BRD_20215344,서초동쌀국수집,0.0,평가 대상 아님,,,이번 공시의 가맹점 수가 0이거나 비어 있어 평가하지 않았습니다.,2024
BRD_20215345,서초동피자,0.0,평가 대상 아님,,,이번 공시의 가맹점 수가 0이거나 비어 있어 평가하지 않았습니다.,2024
BRD_20215349,서초동오늘뭐먹지,0.0,평가 대상 아님,,,이번 공시의 가맹점 수가 0이거나 비어 있어 평가하지 않았습니다.,2024
BRD_20215350,서초동버블버블,0.0,평가 대상 아님,,,이번 공시의 가맹점 수가 0이거나 비어 있어 평가하지 않았습니다.,2024
BRD_20215351,서초동한잔,0.0,평가 대상 아님,,,이번 공시의 가맹점 수가 0이거나 비어 있어 평가하지 않았습니다.,2024
BRD_20215352,서초동라멘장인,0.0,평가 대상 아님,,,이번 공시의 가맹점 수가 0이거나 비어 있어 평가하지 않았습니다.,2024
BRD_20215353,버거옥(Burger-Ok),0.0,평가 대상 아님,,,이번 공시의 가맹점 수가 0이거나 비어 있어 평가하지 않았습니다.,2024
BRD_20215354,서초동닭다리,0.0,평가 대상 아님,,,이번 공시의 가맹점 수가 0이거나 비어 있어 평가하지 않았습니다.,2024
BRD_20215355,서초동면옥,0.0,평가 대상 아님,,,이번 공시의 가맹점 수가 0이거나 비어 있어 평가하지 않았습니다.,2024
BRD_20215356,서초동바게트,0.0,평가 대상 아님,,,이번 공시의 가맹점 수가 0이거나 비어 있어 평가하지 않았습니다.,2024
BRD_20215357,서초동에스프레소,0.0,평가 대상 아님,,,이번 공시의 가맹점 수가 0이거나 비어 있어 평가하지 않았습니다.,2024
BRD_20215359,JeeGoo Coffee(지구 커피),0.0,평가 대상 아님,,,이번 공시의 가맹점 수가 0이거나 비어 있어 평가하지 않았습니다.,2024
BRD_20215362,화난돼지,0.0,평가 대상 아님,,,이번 공시의 가맹점 수가 0이거나 비어 있어 평가하지 않았습니다.,2024
BRD_20215364,떡나라볶이,0.0,평가 대상 아님,,,이번 공시의 가맹점 수가 0이거나 비어 있어 평가하지 않았습니다.,2024
BRD_20215365,생전포차,0.0,평가 대상 아님,,,이번 공시의 가맹점 수가 0이거나 비어 있어 평가하지 않았습니다.,2024
BRD_20215366,딱마리치킨,0.0,평가 대상 아님,,,이번 공시의 가맹점 수가 0이거나 비어 있어 평가하지 않았습니다.,2024
BRD_20215370,홍닝차,0.0,평가 대상 아님,,,이번 공시의 가맹점 수가 0이거나 비어 있어 평가하지 않았습니다.,2024
BRD_20215373,이든편백찜,0.0,평가 대상 아님,,,이번 공시의 가맹점 수가 0이거나 비어 있어 평가하지 않았습니다.,2024
BRD_20215376,밥상천하,0.0,평가 대상 아님,,,이번 공시의 가맹점 수가 0이거나 비어 있어 평가하지 않았습니다.,2024
BRD_20215378,미스터마라,0.0,평가 대상 아님,,,이번 공시의 가맹점 수가 0이거나 비어 있어 평가하지 않았습니다.,2024
BRD_20215379,하프피자,0.0,평가 대상 아님,,,이번 공시의 가맹점 수가 0이거나 비어 있어 평가하지 않았습니다.,2024
BRD_20215380,키친살롱,0.0,평가 대상 아님,,,이번 공시의 가맹점 수가 0이거나 비어 있어 평가하지 않았습니다.,2024
BRD_20215389,무대패집,0.0,평가 대상 아님,,,이번 공시의 가맹점 수가 0이거나 비어 있어 평가하지 않았습니다.,2024
BRD_20215390,무모한 족발&amp;보쌈,0.0,평가 대상 아님,,,이번 공시의 가맹점 수가 0이거나 비어 있어 평가하지 않았습니다.,2024
BRD_20215397,에브리쿡,0.0,평가 대상 아님,,,이번 공시의 가맹점 수가 0이거나 비어 있어 평가하지 않았습니다.,2024
BRD_20215398,족발의정석,0.0,평가 대상 아님,,,이번 공시의 가맹점 수가 0이거나 비어 있어 평가하지 않았습니다.,2024
BRD_20215399,맛남휴게소,0.0,평가 대상 아님,,,이번 공시의 가맹점 수가 0이거나 비어 있어 평가하지 않았습니다.,2024
BRD_20215407,올데이크레페(ALL DAY CREPE),0.0,평가 대상 아님,,,이번 공시의 가맹점 수가 0이거나 비어 있어 평가하지 않았습니다.,2024
BRD_20215409,유달구한우폭탄,0.0,평가 대상 아님,,,이번 공시의 가맹점 수가 0이거나 비어 있어 평가하지 않았습니다.,2024
BRD_20215411,곱디곱닭,0.0,평가 대상 아님,,,이번 공시의 가맹점 수가 0이거나 비어 있어 평가하지 않았습니다.,2024
BRD_20215417,집으로간장게장,0.0,평가 대상 아님,,,이번 공시의 가맹점 수가 0이거나 비어 있어 평가하지 않았습니다.,2024
BRD_20215418,몽글몽글카레,0.0,평가 대상 아님,,,이번 공시의 가맹점 수가 0이거나 비어 있어 평가하지 않았습니다.,2024
BRD_20215420,떡싸롱 튀김의신,0.0,평가 대상 아님,,,이번 공시의 가맹점 수가 0이거나 비어 있어 평가하지 않았습니다.,2024
BRD_20215421,맛도리,0.0,평가 대상 아님,,,이번 공시의 가맹점 수가 0이거나 비어 있어 평가하지 않았습니다.,2024
BRD_20215422,샵인샵딜리버리 국밥,0.0,평가 대상 아님,,,이번 공시의 가맹점 수가 0이거나 비어 있어 평가하지 않았습니다.,2024
BRD_20215424,움치킨,0.0,평가 대상 아님,,,이번 공시의 가맹점 수가 0이거나 비어 있어 평가하지 않았습니다.,2024
BRD_20215425,리북관,0.0,평가 대상 아님,,,이번 공시의 가맹점 수가 0이거나 비어 있어 평가하지 않았습니다.,2024
BRD_20215426,일미,0.0,평가 대상 아님,,,이번 공시의 가맹점 수가 0이거나 비어 있어 평가하지 않았습니다.,2024
BRD_20215427,칭칭,0.0,평가 대상 아님,,,이번 공시의 가맹점 수가 0이거나 비어 있어 평가하지 않았습니다.,2024
BRD_20215430,미락제면1941,0.0,평가 대상 아님,,,이번 공시의 가맹점 수가 0이거나 비어 있어 평가하지 않았습니다.,2024
BRD_20215439,굽는계절,0.0,평가 대상 아님,,,이번 공시의 가맹점 수가 0이거나 비어 있어 평가하지 않았습니다.,2024
BRD_20215449,카페데크21,0.0,평가 대상 아님,,,이번 공시의 가맹점 수가 0이거나 비어 있어 평가하지 않았습니다.,2024
BRD_20215450,하누곱도리,0.0,평가 대상 아님,,,이번 공시의 가맹점 수가 0이거나 비어 있어 평가하지 않았습니다.,2024
BRD_20215457,수미네,0.0,평가 대상 아님,,,이번 공시의 가맹점 수가 0이거나 비어 있어 평가하지 않았습니다.,2024
BRD_20215459,쉐프스 그릴(Chef's grill),0.0,평가 대상 아님,,,이번 공시의 가맹점 수가 0이거나 비어 있어 평가하지 않았습니다.,2024
BRD_20215466,홀리도리,0.0,평가 대상 아님,,,이번 공시의 가맹점 수가 0이거나 비어 있어 평가하지 않았습니다.,2024
BRD_20215468,무모한 치킨,0.0,평가 대상 아님,,,이번 공시의 가맹점 수가 0이거나 비어 있어 평가하지 않았습니다.,2024
BRD_20215472,백석해장국,0.0,평가 대상 아님,,,이번 공시의 가맹점 수가 0이거나 비어 있어 평가하지 않았습니다.,2024
BRD_20215474,주당포,0.0,평가 대상 아님,,,이번 공시의 가맹점 수가 0이거나 비어 있어 평가하지 않았습니다.,2024
BRD_20215478,삼굡꼬기만,0.0,평가 대상 아님,,,이번 공시의 가맹점 수가 0이거나 비어 있어 평가하지 않았습니다.,2024
BRD_20215491,UFO피자,0.0,평가 대상 아님,,,이번 공시의 가맹점 수가 0이거나 비어 있어 평가하지 않았습니다.,2024
BRD_20215492,월등한떡볶이,0.0,평가 대상 아님,,,이번 공시의 가맹점 수가 0이거나 비어 있어 평가하지 않았습니다.,2024
BRD_20215494,화려한카레,0.0,평가 대상 아님,,,이번 공시의 가맹점 수가 0이거나 비어 있어 평가하지 않았습니다.,2024
BRD_20215495,만랩치킨,0.0,평가 대상 아님,,,이번 공시의 가맹점 수가 0이거나 비어 있어 평가하지 않았습니다.,2024
BRD_20215496,1985전설의부대찌개,0.0,평가 대상 아님,,,이번 공시의 가맹점 수가 0이거나 비어 있어 평가하지 않았습니다.,2024
BRD_20215497,모조리덮밥,0.0,평가 대상 아님,,,이번 공시의 가맹점 수가 0이거나 비어 있어 평가하지 않았습니다.,2024
BRD_20215498,족발킹,0.0,평가 대상 아님,,,이번 공시의 가맹점 수가 0이거나 비어 있어 평가하지 않았습니다.,2024
BRD_20215499,화려한식당,0.0,평가 대상 아님,,,이번 공시의 가맹점 수가 0이거나 비어 있어 평가하지 않았습니다.,2024
BRD_20215501,"냉면 드세요, 두번 드세요",0.0,평가 대상 아님,,,이번 공시의 가맹점 수가 0이거나 비어 있어 평가하지 않았습니다.,2024
BRD_20215510,오아워(5hour),0.0,평가 대상 아님,,,이번 공시의 가맹점 수가 0이거나 비어 있어 평가하지 않았습니다.,2024
BRD_20215512,별막창,0.0,평가 대상 아님,,,이번 공시의 가맹점 수가 0이거나 비어 있어 평가하지 않았습니다.,2024
BRD_20215516,대호돈 돼지국밥,0.0,평가 대상 아님,,,이번 공시의 가맹점 수가 0이거나 비어 있어 평가하지 않았습니다.,2024
BRD_20215537,조선무청시래기,0.0,평가 대상 아님,,,이번 공시의 가맹점 수가 0이거나 비어 있어 평가하지 않았습니다.,2024
BRD_20215568,호랑이찜닭,0.0,평가 대상 아님,,,이번 공시의 가맹점 수가 0이거나 비어 있어 평가하지 않았습니다.,2024
BRD_20215570,애니커피하우스,0.0,평가 대상 아님,,,이번 공시의 가맹점 수가 0이거나 비어 있어 평가하지 않았습니다.,2024
BRD_20215581,황남비빔밥,0.0,평가 대상 아님,,,이번 공시의 가맹점 수가 0이거나 비어 있어 평가하지 않았습니다.,2024
BRD_20215597,GREENY DAY,0.0,평가 대상 아님,,,이번 공시의 가맹점 수가 0이거나 비어 있어 평가하지 않았습니다.,2024
BRD_20215600,솥당,0.0,평가 대상 아님,,,이번 공시의 가맹점 수가 0이거나 비어 있어 평가하지 않았습니다.,2024
BRD_20215619,샐러디팝,0.0,평가 대상 아님,,,이번 공시의 가맹점 수가 0이거나 비어 있어 평가하지 않았습니다.,2024
BRD_20215635,치킨스쿨,0.0,평가 대상 아님,,,이번 공시의 가맹점 수가 0이거나 비어 있어 평가하지 않았습니다.,2024
BRD_20215638,일편등심,0.0,평가 대상 아님,,,이번 공시의 가맹점 수가 0이거나 비어 있어 평가하지 않았습니다.,2024
BRD_20215639,돈박집,0.0,평가 대상 아님,,,이번 공시의 가맹점 수가 0이거나 비어 있어 평가하지 않았습니다.,2024
BRD_20215646,더조림,0.0,평가 대상 아님,,,이번 공시의 가맹점 수가 0이거나 비어 있어 평가하지 않았습니다.,2024
BRD_20215647,에이플러스 아구찜·알찜,0.0,평가 대상 아님,,,이번 공시의 가맹점 수가 0이거나 비어 있어 평가하지 않았습니다.,2024
BRD_20215648,통큰남자 김치찜,0.0,평가 대상 아님,,,이번 공시의 가맹점 수가 0이거나 비어 있어 평가하지 않았습니다.,2024
BRD_20215652,홍홍대패,0.0,평가 대상 아님,,,이번 공시의 가맹점 수가 0이거나 비어 있어 평가하지 않았습니다.,2024
BRD_20215653,요아잇,0.0,평가 대상 아님,,,이번 공시의 가맹점 수가 0이거나 비어 있어 평가하지 않았습니다.,2024
BRD_20215655,BEEF DINING ONDO,0.0,평가 대상 아님,,,이번 공시의 가맹점 수가 0이거나 비어 있어 평가하지 않았습니다.,2024
BRD_20215656,본감자탕,0.0,평가 대상 아님,,,이번 공시의 가맹점 수가 0이거나 비어 있어 평가하지 않았습니다.,2024
BRD_20215661,053마제소바,0.0,평가 대상 아님,,,이번 공시의 가맹점 수가 0이거나 비어 있어 평가하지 않았습니다.,2024
BRD_20215662,바른아구찜 1983,0.0,평가 대상 아님,,,이번 공시의 가맹점 수가 0이거나 비어 있어 평가하지 않았습니다.,2024
BRD_20215663,조선맥주,0.0,평가 대상 아님,,,이번 공시의 가맹점 수가 0이거나 비어 있어 평가하지 않았습니다.,2024
BRD_20215664,샤브애작,0.0,평가 대상 아님,,,이번 공시의 가맹점 수가 0이거나 비어 있어 평가하지 않았습니다.,2024
BRD_20215665,조선밥상,0.0,평가 대상 아님,,,이번 공시의 가맹점 수가 0이거나 비어 있어 평가하지 않았습니다.,2024
BRD_20215667,조선푸줏간,0.0,평가 대상 아님,,,이번 공시의 가맹점 수가 0이거나 비어 있어 평가하지 않았습니다.,2024
BRD_20215668,약바위치킨,0.0,평가 대상 아님,,,이번 공시의 가맹점 수가 0이거나 비어 있어 평가하지 않았습니다.,2024
BRD_20215671,꾸브닝,0.0,평가 대상 아님,,,이번 공시의 가맹점 수가 0이거나 비어 있어 평가하지 않았습니다.,2024
BRD_20215674,곱창에 반하다,0.0,평가 대상 아님,,,이번 공시의 가맹점 수가 0이거나 비어 있어 평가하지 않았습니다.,2024
BRD_20215675,The 대단한커피,0.0,평가 대상 아님,,,이번 공시의 가맹점 수가 0이거나 비어 있어 평가하지 않았습니다.,2024
BRD_20215677,미쓰리냉삼집,0.0,평가 대상 아님,,,이번 공시의 가맹점 수가 0이거나 비어 있어 평가하지 않았습니다.,2024
BRD_20215678,소담오리,0.0,평가 대상 아님,,,이번 공시의 가맹점 수가 0이거나 비어 있어 평가하지 않았습니다.,2024
BRD_20215681,스테이키 앳 애니타임,0.0,평가 대상 아님,,,이번 공시의 가맹점 수가 0이거나 비어 있어 평가하지 않았습니다.,2024
BRD_20215687,슈퍼치킨,0.0,평가 대상 아님,,,이번 공시의 가맹점 수가 0이거나 비어 있어 평가하지 않았습니다.,2024
BRD_20215688,두아구찜,0.0,평가 대상 아님,,,이번 공시의 가맹점 수가 0이거나 비어 있어 평가하지 않았습니다.,2024
BRD_20215689,우야지 분식[딜리버리],0.0,평가 대상 아님,,,이번 공시의 가맹점 수가 0이거나 비어 있어 평가하지 않았습니다.,2024
BRD_20215690,우야지 숯불닭구이,0.0,평가 대상 아님,,,이번 공시의 가맹점 수가 0이거나 비어 있어 평가하지 않았습니다.,2024
BRD_20215691,우야지 맥주,0.0,평가 대상 아님,,,이번 공시의 가맹점 수가 0이거나 비어 있어 평가하지 않았습니다.,2024
BRD_20215694,우아한닭도리,0.0,평가 대상 아님,,,이번 공시의 가맹점 수가 0이거나 비어 있어 평가하지 않았습니다.,2024
BRD_20215695,비빔밥참잘하는집,0.0,평가 대상 아님,,,이번 공시의 가맹점 수가 0이거나 비어 있어 평가하지 않았습니다.,2024
BRD_20215696,두떡분식 - 떡볶이와치킨&강정,0.0,평가 대상 아님,,,이번 공시의 가맹점 수가 0이거나 비어 있어 평가하지 않았습니다.,2024
BRD_20215698,호랭이초밥앤물회,0.0,평가 대상 아님,,,이번 공시의 가맹점 수가 0이거나 비어 있어 평가하지 않았습니다.,2024
BRD_20215700,탄불쭈꾸미,0.0,평가 대상 아님,,,이번 공시의 가맹점 수가 0이거나 비어 있어 평가하지 않았습니다.,2024
BRD_20215701,미소마을,0.0,평가 대상 아님,,,이번 공시의 가맹점 수가 0이거나 비어 있어 평가하지 않았습니다.,2024
BRD_20215706,홍천화로구이,0.0,평가 대상 아님,,,이번 공시의 가맹점 수가 0이거나 비어 있어 평가하지 않았습니다.,2024
BRD_20215730,시프닭,0.0,평가 대상 아님,,,이번 공시의 가맹점 수가 0이거나 비어 있어 평가하지 않았습니다.,2024
BRD_20215746,홍이본가,0.0,평가 대상 아님,,,이번 공시의 가맹점 수가 0이거나 비어 있어 평가하지 않았습니다.,2024
BRD_20215747,고바우집,0.0,평가 대상 아님,,,이번 공시의 가맹점 수가 0이거나 비어 있어 평가하지 않았습니다.,2024
BRD_20215759,repit,0.0,평가 대상 아님,,,이번 공시의 가맹점 수가 0이거나 비어 있어 평가하지 않았습니다.,2024
BRD_20215769,스시 테마리겐,0.0,평가 대상 아님,,,이번 공시의 가맹점 수가 0이거나 비어 있어 평가하지 않았습니다.,2024
BRD_20215770,오색만찬푸드랩,0.0,평가 대상 아님,,,이번 공시의 가맹점 수가 0이거나 비어 있어 평가하지 않았습니다.,2024
BRD_20215772,나는 파스타 조리사,0.0,평가 대상 아님,,,이번 공시의 가맹점 수가 0이거나 비어 있어 평가하지 않았습니다.,2024
BRD_20215773,정말로 맛있는 떡볶이,0.0,평가 대상 아님,,,이번 공시의 가맹점 수가 0이거나 비어 있어 평가하지 않았습니다.,2024
BRD_20215776,돈플러스,0.0,평가 대상 아님,,,이번 공시의 가맹점 수가 0이거나 비어 있어 평가하지 않았습니다.,2024
BRD_20215780,한끼김치찜,0.0,평가 대상 아님,,,이번 공시의 가맹점 수가 0이거나 비어 있어 평가하지 않았습니다.,2024
BRD_20215788,타코잉,0.0,평가 대상 아님,,,이번 공시의 가맹점 수가 0이거나 비어 있어 평가하지 않았습니다.,2024
BRD_20215815,연탄해,0.0,평가 대상 아님,,,이번 공시의 가맹점 수가 0이거나 비어 있어 평가하지 않았습니다.,2024
BRD_20215816,감성카페,0.0,평가 대상 아님,,,이번 공시의 가맹점 수가 0이거나 비어 있어 평가하지 않았습니다.,2024
BRD_20215817,육회만새,0.0,평가 대상 아님,,,이번 공시의 가맹점 수가 0이거나 비어 있어 평가하지 않았습니다.,2024
BRD_20215822,맑은,0.0,평가 대상 아님,,,이번 공시의 가맹점 수가 0이거나 비어 있어 평가하지 않았습니다.,2024
BRD_20215823,초가집 국물두루치기,0.0,평가 대상 아님,,,이번 공시의 가맹점 수가 0이거나 비어 있어 평가하지 않았습니다.,2024
BRD_20215824,미정,0.0,평가 대상 아님,,,이번 공시의 가맹점 수가 0이거나 비어 있어 평가하지 않았습니다.,2024
BRD_20215825,치킨먹고갈래요?,0.0,평가 대상 아님,,,이번 공시의 가맹점 수가 0이거나 비어 있어 평가하지 않았습니다.,2024
BRD_20215826,충무김밥,0.0,평가 대상 아님,,,이번 공시의 가맹점 수가 0이거나 비어 있어 평가하지 않았습니다.,2024
BRD_20215829,하루플레이스,0.0,평가 대상 아님,,,이번 공시의 가맹점 수가 0이거나 비어 있어 평가하지 않았습니다.,2024
BRD_20215830,베네딕트,0.0,평가 대상 아님,,,이번 공시의 가맹점 수가 0이거나 비어 있어 평가하지 않았습니다.,2024
BRD_20215834,세왕치킨,0.0,평가 대상 아님,,,이번 공시의 가맹점 수가 0이거나 비어 있어 평가하지 않았습니다.,2024
BRD_20215840,라미떼,0.0,평가 대상 아님,,,이번 공시의 가맹점 수가 0이거나 비어 있어 평가하지 않았습니다.,2024
BRD_20215843,감동식혜,0.0,평가 대상 아님,,,이번 공시의 가맹점 수가 0이거나 비어 있어 평가하지 않았습니다.,2024
BRD_20215870,꾸바라치킨,0.0,평가 대상 아님,,,이번 공시의 가맹점 수가 0이거나 비어 있어 평가하지 않았습니다.,2024
BRD_20220006,대한삼겹,0.0,평가 대상 아님,,,이번 공시의 가맹점 수가 0이거나 비어 있어 평가하지 않았습니다.,2024
BRD_20220018,계문점,0.0,평가 대상 아님,,,이번 공시의 가맹점 수가 0이거나 비어 있어 평가하지 않았습니다.,2024
BRD_20220071,복주부,0.0,평가 대상 아님,,,이번 공시의 가맹점 수가 0이거나 비어 있어 평가하지 않았습니다.,2024
BRD_20220082,고기스타망치,0.0,평가 대상 아님,,,이번 공시의 가맹점 수가 0이거나 비어 있어 평가하지 않았습니다.,2024
BRD_20220084,두넛샵,0.0,평가 대상 아님,,,이번 공시의 가맹점 수가 0이거나 비어 있어 평가하지 않았습니다.,2024
BRD_20220101,핸드메이드,0.0,평가 대상 아님,,,이번 공시의 가맹점 수가 0이거나 비어 있어 평가하지 않았습니다.,2024
BRD_20220105,띵똥와플,0.0,평가 대상 아님,,,이번 공시의 가맹점 수가 0이거나 비어 있어 평가하지 않았습니다.,2024
BRD_20220110,또오리,0.0,평가 대상 아님,,,이번 공시의 가맹점 수가 0이거나 비어 있어 평가하지 않았습니다.,2024
BRD_20220112,카페에이.아이,0.0,평가 대상 아님,,,이번 공시의 가맹점 수가 0이거나 비어 있어 평가하지 않았습니다.,2024
BRD_20220123,고기의 신전,0.0,평가 대상 아님,,,이번 공시의 가맹점 수가 0이거나 비어 있어 평가하지 않았습니다.,2024
BRD_20220129,마츠노하나,0.0,평가 대상 아님,,,이번 공시의 가맹점 수가 0이거나 비어 있어 평가하지 않았습니다.,2024
BRD_20220134,"붕어네, 커피",0.0,평가 대상 아님,,,이번 공시의 가맹점 수가 0이거나 비어 있어 평가하지 않았습니다.,2024
BRD_20220139,비맨션커피&amp;토스트,0.0,평가 대상 아님,,,이번 공시의 가맹점 수가 0이거나 비어 있어 평가하지 않았습니다.,2024
BRD_20220141,서울떡갈비,0.0,평가 대상 아님,,,이번 공시의 가맹점 수가 0이거나 비어 있어 평가하지 않았습니다.,2024
BRD_20220157,조이포 joypho,0.0,평가 대상 아님,,,이번 공시의 가맹점 수가 0이거나 비어 있어 평가하지 않았습니다.,2024
BRD_20220158|JNG_018050,도른자두루치기쭈꾸미,0.0,평가 대상 아님,,,이번 공시의 가맹점 수가 0이거나 비어 있어 평가하지 않았습니다.,2024
BRD_20220192,순살넘버파이브,0.0,평가 대상 아님,,,이번 공시의 가맹점 수가 0이거나 비어 있어 평가하지 않았습니다.,2024
BRD_20220196,짬뽕작전,0.0,평가 대상 아님,,,이번 공시의 가맹점 수가 0이거나 비어 있어 평가하지 않았습니다.,2024
BRD_20220235,우피후피&더리틀코너,0.0,평가 대상 아님,,,이번 공시의 가맹점 수가 0이거나 비어 있어 평가하지 않았습니다.,2024
BRD_20220237,오프로스터리,0.0,평가 대상 아님,,,이번 공시의 가맹점 수가 0이거나 비어 있어 평가하지 않았습니다.,2024
BRD_20220244,춘뽕,0.0,평가 대상 아님,,,이번 공시의 가맹점 수가 0이거나 비어 있어 평가하지 않았습니다.,2024
BRD_20220256,퀵반,0.0,평가 대상 아님,,,이번 공시의 가맹점 수가 0이거나 비어 있어 평가하지 않았습니다.,2024
BRD_20220258,고소미부엌,0.0,평가 대상 아님,,,이번 공시의 가맹점 수가 0이거나 비어 있어 평가하지 않았습니다.,2024
BRD_20220266,구스아일랜드,0.0,평가 대상 아님,,,이번 공시의 가맹점 수가 0이거나 비어 있어 평가하지 않았습니다.,2024
BRD_20220291,우시장국밥,0.0,평가 대상 아님,,,이번 공시의 가맹점 수가 0이거나 비어 있어 평가하지 않았습니다.,2024
BRD_20220295,조선불고기밀면,0.0,평가 대상 아님,,,이번 공시의 가맹점 수가 0이거나 비어 있어 평가하지 않았습니다.,2024
BRD_20220300,이음떡볶이,0.0,평가 대상 아님,,,이번 공시의 가맹점 수가 0이거나 비어 있어 평가하지 않았습니다.,2024
BRD_20220310,사운드빈 (Sound bean),0.0,평가 대상 아님,,,이번 공시의 가맹점 수가 0이거나 비어 있어 평가하지 않았습니다.,2024
BRD_20220311,카페수르,0.0,평가 대상 아님,,,이번 공시의 가맹점 수가 0이거나 비어 있어 평가하지 않았습니다.,2024
BRD_20220335,애리스커피스탠드,0.0,평가 대상 아님,,,이번 공시의 가맹점 수가 0이거나 비어 있어 평가하지 않았습니다.,2024
BRD_20220354,또오리만두,0.0,평가 대상 아님,,,이번 공시의 가맹점 수가 0이거나 비어 있어 평가하지 않았습니다.,2024
BRD_20220360,우츠와,0.0,평가 대상 아님,,,이번 공시의 가맹점 수가 0이거나 비어 있어 평가하지 않았습니다.,2024
BRD_20220376,조현우국밥,0.0,평가 대상 아님,,,이번 공시의 가맹점 수가 0이거나 비어 있어 평가하지 않았습니다.,2024
BRD_20220381,사람없는커피어때,0.0,평가 대상 아님,,,이번 공시의 가맹점 수가 0이거나 비어 있어 평가하지 않았습니다.,2024
BRD_20220387,마음한줄김밥집,0.0,평가 대상 아님,,,이번 공시의 가맹점 수가 0이거나 비어 있어 평가하지 않았습니다.,2024
BRD_20220393,커피식구,0.0,평가 대상 아님,,,이번 공시의 가맹점 수가 0이거나 비어 있어 평가하지 않았습니다.,2024
BRD_20220394,무무옥,0.0,평가 대상 아님,,,이번 공시의 가맹점 수가 0이거나 비어 있어 평가하지 않았습니다.,2024
BRD_20220412,조선김치짜글이,0.0,평가 대상 아님,,,이번 공시의 가맹점 수가 0이거나 비어 있어 평가하지 않았습니다.,2024
BRD_20220413,썰스데이파티(Thursday party),0.0,평가 대상 아님,,,이번 공시의 가맹점 수가 0이거나 비어 있어 평가하지 않았습니다.,2024
BRD_20220418,머지커피,0.0,평가 대상 아님,,,이번 공시의 가맹점 수가 0이거나 비어 있어 평가하지 않았습니다.,2024
BRD_20220422,나우키친,0.0,평가 대상 아님,,,이번 공시의 가맹점 수가 0이거나 비어 있어 평가하지 않았습니다.,2024
BRD_20220438,마담치킨,0.0,평가 대상 아님,,,이번 공시의 가맹점 수가 0이거나 비어 있어 평가하지 않았습니다.,2024
BRD_20220452,버거앤파스타(Burger & Pasta),0.0,평가 대상 아님,,,이번 공시의 가맹점 수가 0이거나 비어 있어 평가하지 않았습니다.,2024
BRD_20220462,파도수산,0.0,평가 대상 아님,,,이번 공시의 가맹점 수가 0이거나 비어 있어 평가하지 않았습니다.,2024
BRD_20220472,도축하는 삼촌,0.0,평가 대상 아님,,,이번 공시의 가맹점 수가 0이거나 비어 있어 평가하지 않았습니다.,2024
BRD_20220480,끼룩이네,0.0,평가 대상 아님,,,이번 공시의 가맹점 수가 0이거나 비어 있어 평가하지 않았습니다.,2024
BRD_20220512,키쿠키앤커피(KEY COOKIE&COFFEE),0.0,평가 대상 아님,,,이번 공시의 가맹점 수가 0이거나 비어 있어 평가하지 않았습니다.,2024
BRD_20220538,1kg정성담은죽,0.0,평가 대상 아님,,,이번 공시의 가맹점 수가 0이거나 비어 있어 평가하지 않았습니다.,2024
BRD_20220539,막국수파는집,0.0,평가 대상 아님,,,이번 공시의 가맹점 수가 0이거나 비어 있어 평가하지 않았습니다.,2024
BRD_20220540,달수네곱도리,0.0,평가 대상 아님,,,이번 공시의 가맹점 수가 0이거나 비어 있어 평가하지 않았습니다.,2024
BRD_20220570,청담닭개장,0.0,평가 대상 아님,,,이번 공시의 가맹점 수가 0이거나 비어 있어 평가하지 않았습니다.,2024
BRD_20220571,호산나떡볶이,0.0,평가 대상 아님,,,이번 공시의 가맹점 수가 0이거나 비어 있어 평가하지 않았습니다.,2024
BRD_20220573,추추 추어탕,0.0,평가 대상 아님,,,이번 공시의 가맹점 수가 0이거나 비어 있어 평가하지 않았습니다.,2024
BRD_20220575,옐로우타코,0.0,평가 대상 아님,,,이번 공시의 가맹점 수가 0이거나 비어 있어 평가하지 않았습니다.,2024
BRD_20220591,한양역,0.0,평가 대상 아님,,,이번 공시의 가맹점 수가 0이거나 비어 있어 평가하지 않았습니다.,2024
BRD_20220595,미가오니기라즈,0.0,평가 대상 아님,,,이번 공시의 가맹점 수가 0이거나 비어 있어 평가하지 않았습니다.,2024
BRD_20220599,옥면가,0.0,평가 대상 아님,,,이번 공시의 가맹점 수가 0이거나 비어 있어 평가하지 않았습니다.,2024
BRD_20220600,농가통닭,0.0,평가 대상 아님,,,이번 공시의 가맹점 수가 0이거나 비어 있어 평가하지 않았습니다.,2024
BRD_20220602,김서영 완도맛집,0.0,평가 대상 아님,,,이번 공시의 가맹점 수가 0이거나 비어 있어 평가하지 않았습니다.,2024
BRD_20220609,일로집,0.0,평가 대상 아님,,,이번 공시의 가맹점 수가 0이거나 비어 있어 평가하지 않았습니다.,2024
BRD_20220616,본대가,0.0,평가 대상 아님,,,이번 공시의 가맹점 수가 0이거나 비어 있어 평가하지 않았습니다.,2024
BRD_20220617,장충동 B&F 왕족발 보쌈 since 1999,0.0,평가 대상 아님,,,이번 공시의 가맹점 수가 0이거나 비어 있어 평가하지 않았습니다.,2024
BRD_20220619,맥주아비,0.0,평가 대상 아님,,,이번 공시의 가맹점 수가 0이거나 비어 있어 평가하지 않았습니다.,2024
BRD_20220624,식물학,0.0,평가 대상 아님,,,이번 공시의 가맹점 수가 0이거나 비어 있어 평가하지 않았습니다.,2024
BRD_20220625,다꾸바숯불두마리치킨,0.0,평가 대상 아님,,,이번 공시의 가맹점 수가 0이거나 비어 있어 평가하지 않았습니다.,2024
BRD_20220626,남도보쌈짚,0.0,평가 대상 아님,,,이번 공시의 가맹점 수가 0이거나 비어 있어 평가하지 않았습니다.,2024
BRD_20220628,비광닭발,0.0,평가 대상 아님,,,이번 공시의 가맹점 수가 0이거나 비어 있어 평가하지 않았습니다.,2024
BRD_20220644,라디오스타,0.0,평가 대상 아님,,,이번 공시의 가맹점 수가 0이거나 비어 있어 평가하지 않았습니다.,2024
BRD_20220652,족의한수,0.0,평가 대상 아님,,,이번 공시의 가맹점 수가 0이거나 비어 있어 평가하지 않았습니다.,2024
BRD_20220655,Bara 1998,0.0,평가 대상 아님,,,이번 공시의 가맹점 수가 0이거나 비어 있어 평가하지 않았습니다.,2024
BRD_20220675,알천지,0.0,평가 대상 아님,,,이번 공시의 가맹점 수가 0이거나 비어 있어 평가하지 않았습니다.,2024
BRD_20220690,스폰티니,0.0,평가 대상 아님,,,이번 공시의 가맹점 수가 0이거나 비어 있어 평가하지 않았습니다.,2024
BRD_20220696,맛깔포차,0.0,평가 대상 아님,,,이번 공시의 가맹점 수가 0이거나 비어 있어 평가하지 않았습니다.,2024
BRD_20220709,시장불닭발,0.0,평가 대상 아님,,,이번 공시의 가맹점 수가 0이거나 비어 있어 평가하지 않았습니다.,2024
BRD_20220717,송호황토마을,0.0,평가 대상 아님,,,이번 공시의 가맹점 수가 0이거나 비어 있어 평가하지 않았습니다.,2024
BRD_20220730,연쭈,0.0,평가 대상 아님,,,이번 공시의 가맹점 수가 0이거나 비어 있어 평가하지 않았습니다.,2024
BRD_20220735,토종 닭갈비 덮밥,0.0,평가 대상 아님,,,이번 공시의 가맹점 수가 0이거나 비어 있어 평가하지 않았습니다.,2024
BRD_20220758,원더빠리,0.0,평가 대상 아님,,,이번 공시의 가맹점 수가 0이거나 비어 있어 평가하지 않았습니다.,2024
BRD_20220786,악마의닭발 천사의치킨,0.0,평가 대상 아님,,,이번 공시의 가맹점 수가 0이거나 비어 있어 평가하지 않았습니다.,2024
BRD_20220800,혼밥카세,0.0,평가 대상 아님,,,이번 공시의 가맹점 수가 0이거나 비어 있어 평가하지 않았습니다.,2024
BRD_20220803,골목참치,0.0,평가 대상 아님,,,이번 공시의 가맹점 수가 0이거나 비어 있어 평가하지 않았습니다.,2024
BRD_20220806,팔당원조칼제비,0.0,평가 대상 아님,,,이번 공시의 가맹점 수가 0이거나 비어 있어 평가하지 않았습니다.,2024
BRD_20220822,K420,0.0,평가 대상 아님,,,이번 공시의 가맹점 수가 0이거나 비어 있어 평가하지 않았습니다.,2024
BRD_20220825,엄청큰조선의갈비탕&냉면,0.0,평가 대상 아님,,,이번 공시의 가맹점 수가 0이거나 비어 있어 평가하지 않았습니다.,2024
BRD_20220837,팔팔미담,0.0,평가 대상 아님,,,이번 공시의 가맹점 수가 0이거나 비어 있어 평가하지 않았습니다.,2024
BRD_20220844,돼지띠식당,0.0,평가 대상 아님,,,이번 공시의 가맹점 수가 0이거나 비어 있어 평가하지 않았습니다.,2024
BRD_20220845,고시해정,0.0,평가 대상 아님,,,이번 공시의 가맹점 수가 0이거나 비어 있어 평가하지 않았습니다.,2024
BRD_20220848,땅스족발,0.0,평가 대상 아님,,,이번 공시의 가맹점 수가 0이거나 비어 있어 평가하지 않았습니다.,2024
BRD_20220862,발라닭,0.0,평가 대상 아님,,,이번 공시의 가맹점 수가 0이거나 비어 있어 평가하지 않았습니다.,2024
BRD_20220866,누루,0.0,평가 대상 아님,,,이번 공시의 가맹점 수가 0이거나 비어 있어 평가하지 않았습니다.,2024
BRD_20220871,용장어요리전문점,0.0,평가 대상 아님,,,이번 공시의 가맹점 수가 0이거나 비어 있어 평가하지 않았습니다.,2024
BRD_20220874,명월카츠,0.0,평가 대상 아님,,,이번 공시의 가맹점 수가 0이거나 비어 있어 평가하지 않았습니다.,2024
BRD_20220894,드바르트(DEBART),0.0,평가 대상 아님,,,이번 공시의 가맹점 수가 0이거나 비어 있어 평가하지 않았습니다.,2024
BRD_20220901,푸드시스터즈,0.0,평가 대상 아님,,,이번 공시의 가맹점 수가 0이거나 비어 있어 평가하지 않았습니다.,2024
BRD_20220906,강남랭겹,0.0,평가 대상 아님,,,이번 공시의 가맹점 수가 0이거나 비어 있어 평가하지 않았습니다.,2024
BRD_20220915,그리너 포케,0.0,평가 대상 아님,,,이번 공시의 가맹점 수가 0이거나 비어 있어 평가하지 않았습니다.,2024
BRD_20220922,어부신광호,0.0,평가 대상 아님,,,이번 공시의 가맹점 수가 0이거나 비어 있어 평가하지 않았습니다.,2024
BRD_20220926,그리너 그릭요거트,0.0,평가 대상 아님,,,이번 공시의 가맹점 수가 0이거나 비어 있어 평가하지 않았습니다.,2024
BRD_20220928,묵향,0.0,평가 대상 아님,,,이번 공시의 가맹점 수가 0이거나 비어 있어 평가하지 않았습니다.,2024
BRD_20220929,맛나린양꼬치,0.0,평가 대상 아님,,,이번 공시의 가맹점 수가 0이거나 비어 있어 평가하지 않았습니다.,2024
BRD_20220950,아뜨뜨,0.0,평가 대상 아님,,,이번 공시의 가맹점 수가 0이거나 비어 있어 평가하지 않았습니다.,2024
BRD_20220957,카츠반,0.0,평가 대상 아님,,,이번 공시의 가맹점 수가 0이거나 비어 있어 평가하지 않았습니다.,2024
BRD_20220984,온당국수,0.0,평가 대상 아님,,,이번 공시의 가맹점 수가 0이거나 비어 있어 평가하지 않았습니다.,2024
BRD_20220988,해남해장국,0.0,평가 대상 아님,,,이번 공시의 가맹점 수가 0이거나 비어 있어 평가하지 않았습니다.,2024
BRD_20221006,조선돼지국밥,0.0,평가 대상 아님,,,이번 공시의 가맹점 수가 0이거나 비어 있어 평가하지 않았습니다.,2024
BRD_20221041,무궁반점,0.0,평가 대상 아님,,,이번 공시의 가맹점 수가 0이거나 비어 있어 평가하지 않았습니다.,2024
BRD_20221046,반찬톡톡,0.0,평가 대상 아님,,,이번 공시의 가맹점 수가 0이거나 비어 있어 평가하지 않았습니다.,2024
BRD_20221051,탕탕공방,0.0,평가 대상 아님,,,이번 공시의 가맹점 수가 0이거나 비어 있어 평가하지 않았습니다.,2024
BRD_20221053,찬란한분식떡볶이,0.0,평가 대상 아님,,,이번 공시의 가맹점 수가 0이거나 비어 있어 평가하지 않았습니다.,2024
BRD_20221064,치후,0.0,평가 대상 아님,,,이번 공시의 가맹점 수가 0이거나 비어 있어 평가하지 않았습니다.,2024
BRD_20221067,비타카페,0.0,평가 대상 아님,,,이번 공시의 가맹점 수가 0이거나 비어 있어 평가하지 않았습니다.,2024
BRD_20221073,롤리볼리,0.0,평가 대상 아님,,,이번 공시의 가맹점 수가 0이거나 비어 있어 평가하지 않았습니다.,2024
BRD_20221083,일호점미역,0.0,평가 대상 아님,,,이번 공시의 가맹점 수가 0이거나 비어 있어 평가하지 않았습니다.,2024
BRD_20221086,내림,0.0,평가 대상 아님,,,이번 공시의 가맹점 수가 0이거나 비어 있어 평가하지 않았습니다.,2024
BRD_20221088,도사정일면,0.0,평가 대상 아님,,,이번 공시의 가맹점 수가 0이거나 비어 있어 평가하지 않았습니다.,2024
BRD_20221092,잭인뉴욕스테이크하우스,0.0,평가 대상 아님,,,이번 공시의 가맹점 수가 0이거나 비어 있어 평가하지 않았습니다.,2024
BRD_20221093,삼청골명가the수제비,0.0,평가 대상 아님,,,이번 공시의 가맹점 수가 0이거나 비어 있어 평가하지 않았습니다.,2024
BRD_20221104,정가네숯불갈비,0.0,평가 대상 아님,,,이번 공시의 가맹점 수가 0이거나 비어 있어 평가하지 않았습니다.,2024
BRD_20221121,솔트앤스낵,0.0,평가 대상 아님,,,이번 공시의 가맹점 수가 0이거나 비어 있어 평가하지 않았습니다.,2024
BRD_20221130,마름모식당,0.0,평가 대상 아님,,,이번 공시의 가맹점 수가 0이거나 비어 있어 평가하지 않았습니다.,2024
BRD_20221149,중식의 큰 별,0.0,평가 대상 아님,,,이번 공시의 가맹점 수가 0이거나 비어 있어 평가하지 않았습니다.,2024
BRD_20221158,떡짱분식,0.0,평가 대상 아님,,,이번 공시의 가맹점 수가 0이거나 비어 있어 평가하지 않았습니다.,2024
BRD_20221176,가마솥의누룽지,0.0,평가 대상 아님,,,이번 공시의 가맹점 수가 0이거나 비어 있어 평가하지 않았습니다.,2024
BRD_20221182,김유정통영굴밥,0.0,평가 대상 아님,,,이번 공시의 가맹점 수가 0이거나 비어 있어 평가하지 않았습니다.,2024
BRD_20221189,인생국물두루치기,0.0,평가 대상 아님,,,이번 공시의 가맹점 수가 0이거나 비어 있어 평가하지 않았습니다.,2024
BRD_20221190,발리맥주,0.0,평가 대상 아님,,,이번 공시의 가맹점 수가 0이거나 비어 있어 평가하지 않았습니다.,2024
BRD_20221192,달콤베리베리,0.0,평가 대상 아님,,,이번 공시의 가맹점 수가 0이거나 비어 있어 평가하지 않았습니다.,2024
BRD_20221213,쎄봉크루아상 크로플마을,0.0,평가 대상 아님,,,이번 공시의 가맹점 수가 0이거나 비어 있어 평가하지 않았습니다.,2024
BRD_20221220,건어물연구소,0.0,평가 대상 아님,,,이번 공시의 가맹점 수가 0이거나 비어 있어 평가하지 않았습니다.,2024
BRD_20221221,고력당,0.0,평가 대상 아님,,,이번 공시의 가맹점 수가 0이거나 비어 있어 평가하지 않았습니다.,2024
BRD_20221229,일익스프레스,0.0,평가 대상 아님,,,이번 공시의 가맹점 수가 0이거나 비어 있어 평가하지 않았습니다.,2024
BRD_20221234,조개비치,0.0,평가 대상 아님,,,이번 공시의 가맹점 수가 0이거나 비어 있어 평가하지 않았습니다.,2024
BRD_20221239,강남참치정육점,0.0,평가 대상 아님,,,이번 공시의 가맹점 수가 0이거나 비어 있어 평가하지 않았습니다.,2024
BRD_20221243,오늘냉면,0.0,평가 대상 아님,,,이번 공시의 가맹점 수가 0이거나 비어 있어 평가하지 않았습니다.,2024
BRD_20221255,맵스 떡볶이,0.0,평가 대상 아님,,,이번 공시의 가맹점 수가 0이거나 비어 있어 평가하지 않았습니다.,2024
BRD_20221259,오성방앗간떡볶이,0.0,평가 대상 아님,,,이번 공시의 가맹점 수가 0이거나 비어 있어 평가하지 않았습니다.,2024
BRD_20221277,오우가,0.0,평가 대상 아님,,,이번 공시의 가맹점 수가 0이거나 비어 있어 평가하지 않았습니다.,2024
BRD_20221281,몬떼비 서울(MONTEBI SEOUL),0.0,평가 대상 아님,,,이번 공시의 가맹점 수가 0이거나 비어 있어 평가하지 않았습니다.,2024
BRD_20221286,화산 포갈비,0.0,평가 대상 아님,,,이번 공시의 가맹점 수가 0이거나 비어 있어 평가하지 않았습니다.,2024
BRD_20221290,진빼이 갈비 ＆ 냉면,0.0,평가 대상 아님,,,이번 공시의 가맹점 수가 0이거나 비어 있어 평가하지 않았습니다.,2024
BRD_20221291,진수궁중삼계탕,0.0,평가 대상 아님,,,이번 공시의 가맹점 수가 0이거나 비어 있어 평가하지 않았습니다.,2024
BRD_20221320|JNG_017012,그릭샐,0.0,평가 대상 아님,,,이번 공시의 가맹점 수가 0이거나 비어 있어 평가하지 않았습니다.,2024
BRD_20221328,중화객잔,0.0,평가 대상 아님,,,이번 공시의 가맹점 수가 0이거나 비어 있어 평가하지 않았습니다.,2024
BRD_20221335,카페인사계(Cafe in Sagye),0.0,평가 대상 아님,,,이번 공시의 가맹점 수가 0이거나 비어 있어 평가하지 않았습니다.,2024
BRD_20221336,중화칼면,0.0,평가 대상 아님,,,이번 공시의 가맹점 수가 0이거나 비어 있어 평가하지 않았습니다.,2024
BRD_20221344,짜글이주의보,0.0,평가 대상 아님,,,이번 공시의 가맹점 수가 0이거나 비어 있어 평가하지 않았습니다.,2024
BRD_20221345,여운재,0.0,평가 대상 아님,,,이번 공시의 가맹점 수가 0이거나 비어 있어 평가하지 않았습니다.,2024
BRD_20221346,청담김치찜,0.0,평가 대상 아님,,,이번 공시의 가맹점 수가 0이거나 비어 있어 평가하지 않았습니다.,2024
BRD_20221370,느루집,0.0,평가 대상 아님,,,이번 공시의 가맹점 수가 0이거나 비어 있어 평가하지 않았습니다.,2024
BRD_20221383,떡볶이의대부,0.0,평가 대상 아님,,,이번 공시의 가맹점 수가 0이거나 비어 있어 평가하지 않았습니다.,2024
BRD_20221396,짬뽕밥상,0.0,평가 대상 아님,,,이번 공시의 가맹점 수가 0이거나 비어 있어 평가하지 않았습니다.,2024
BRD_20221402,라라카츠,0.0,평가 대상 아님,,,이번 공시의 가맹점 수가 0이거나 비어 있어 평가하지 않았습니다.,2024
BRD_20221412,위대한짜글이,0.0,평가 대상 아님,,,이번 공시의 가맹점 수가 0이거나 비어 있어 평가하지 않았습니다.,2024
BRD_20221425,마스터쿡,0.0,평가 대상 아님,,,이번 공시의 가맹점 수가 0이거나 비어 있어 평가하지 않았습니다.,2024
BRD_20221427,로마로사,0.0,평가 대상 아님,,,이번 공시의 가맹점 수가 0이거나 비어 있어 평가하지 않았습니다.,2024
BRD_20221428,추억담은,0.0,평가 대상 아님,,,이번 공시의 가맹점 수가 0이거나 비어 있어 평가하지 않았습니다.,2024
BRD_20221435,오매매오국밥,0.0,평가 대상 아님,,,이번 공시의 가맹점 수가 0이거나 비어 있어 평가하지 않았습니다.,2024
BRD_20221444,버거 비앤비,0.0,평가 대상 아님,,,이번 공시의 가맹점 수가 0이거나 비어 있어 평가하지 않았습니다.,2024
BRD_20221459,전순남 할매족발,0.0,평가 대상 아님,,,이번 공시의 가맹점 수가 0이거나 비어 있어 평가하지 않았습니다.,2024
BRD_20221462,부자 김밥 · 라면,0.0,평가 대상 아님,,,이번 공시의 가맹점 수가 0이거나 비어 있어 평가하지 않았습니다.,2024
BRD_20221464,후레쉬빌,0.0,평가 대상 아님,,,이번 공시의 가맹점 수가 0이거나 비어 있어 평가하지 않았습니다.,2024
BRD_20221466,포대포,0.0,평가 대상 아님,,,이번 공시의 가맹점 수가 0이거나 비어 있어 평가하지 않았습니다.,2024
BRD_20221470,블랙모티브커피,0.0,평가 대상 아님,,,이번 공시의 가맹점 수가 0이거나 비어 있어 평가하지 않았습니다.,2024
BRD_20230003,김봉환의오류닭발,0.0,평가 대상 아님,,,이번 공시의 가맹점 수가 0이거나 비어 있어 평가하지 않았습니다.,2024
BRD_20230010,두강곱창,0.0,평가 대상 아님,,,이번 공시의 가맹점 수가 0이거나 비어 있어 평가하지 않았습니다.,2024
BRD_20230022,곽쌍동할매메밀막국수국밥,0.0,평가 대상 아님,,,이번 공시의 가맹점 수가 0이거나 비어 있어 평가하지 않았습니다.,2024
BRD_20230027,본토막창,0.0,평가 대상 아님,,,이번 공시의 가맹점 수가 0이거나 비어 있어 평가하지 않았습니다.,2024
BRD_20230029,화덕에 통째로 구운 족발,0.0,평가 대상 아님,,,이번 공시의 가맹점 수가 0이거나 비어 있어 평가하지 않았습니다.,2024
BRD_20230039,청담호두,0.0,평가 대상 아님,,,이번 공시의 가맹점 수가 0이거나 비어 있어 평가하지 않았습니다.,2024
BRD_20230041,감성커피 테라스,0.0,평가 대상 아님,,,이번 공시의 가맹점 수가 0이거나 비어 있어 평가하지 않았습니다.,2024
BRD_20230043,칙피스,0.0,평가 대상 아님,,,이번 공시의 가맹점 수가 0이거나 비어 있어 평가하지 않았습니다.,2024
BRD_20230053,황돈,0.0,평가 대상 아님,,,이번 공시의 가맹점 수가 0이거나 비어 있어 평가하지 않았습니다.,2024
BRD_20230054,료미,0.0,평가 대상 아님,,,이번 공시의 가맹점 수가 0이거나 비어 있어 평가하지 않았습니다.,2024
BRD_20230055,최부영칼국수,0.0,평가 대상 아님,,,이번 공시의 가맹점 수가 0이거나 비어 있어 평가하지 않았습니다.,2024
BRD_20230057,싸움닭,0.0,평가 대상 아님,,,이번 공시의 가맹점 수가 0이거나 비어 있어 평가하지 않았습니다.,2024
BRD_20230060,오워래 수제돈까스,0.0,평가 대상 아님,,,이번 공시의 가맹점 수가 0이거나 비어 있어 평가하지 않았습니다.,2024
BRD_20230069,아이러브마라탕,0.0,평가 대상 아님,,,이번 공시의 가맹점 수가 0이거나 비어 있어 평가하지 않았습니다.,2024
BRD_20230087,낙원곱창,0.0,평가 대상 아님,,,이번 공시의 가맹점 수가 0이거나 비어 있어 평가하지 않았습니다.,2024
BRD_20230088,두물머리양평해장국,0.0,평가 대상 아님,,,이번 공시의 가맹점 수가 0이거나 비어 있어 평가하지 않았습니다.,2024
BRD_20230090,마포구이마당,0.0,평가 대상 아님,,,이번 공시의 가맹점 수가 0이거나 비어 있어 평가하지 않았습니다.,2024
BRD_20230102,하누김찌,0.0,평가 대상 아님,,,이번 공시의 가맹점 수가 0이거나 비어 있어 평가하지 않았습니다.,2024
BRD_20230111,우정한우곱창,0.0,평가 대상 아님,,,이번 공시의 가맹점 수가 0이거나 비어 있어 평가하지 않았습니다.,2024
BRD_20230123,요고참,0.0,평가 대상 아님,,,이번 공시의 가맹점 수가 0이거나 비어 있어 평가하지 않았습니다.,2024
BRD_20230125,맛드림김밥나라,0.0,평가 대상 아님,,,이번 공시의 가맹점 수가 0이거나 비어 있어 평가하지 않았습니다.,2024
BRD_20230131,바담칼국수,0.0,평가 대상 아님,,,이번 공시의 가맹점 수가 0이거나 비어 있어 평가하지 않았습니다.,2024
BRD_20230135|JNG_018277,구일로보쌈,0.0,평가 대상 아님,,,이번 공시의 가맹점 수가 0이거나 비어 있어 평가하지 않았습니다.,2024
BRD_20230135|JNG_019924,홍紅곱도리탕(홍홍곱도리탕),0.0,평가 대상 아님,,,이번 공시의 가맹점 수가 0이거나 비어 있어 평가하지 않았습니다.,2024
BRD_20230141,힘난다치킨,0.0,평가 대상 아님,,,이번 공시의 가맹점 수가 0이거나 비어 있어 평가하지 않았습니다.,2024
BRD_20230153,신들린술집,0.0,평가 대상 아님,,,이번 공시의 가맹점 수가 0이거나 비어 있어 평가하지 않았습니다.,2024
BRD_20230160|JNG_014541,버거형의어쩌다떡볶이,0.0,평가 대상 아님,,,이번 공시의 가맹점 수가 0이거나 비어 있어 평가하지 않았습니다.,2024
BRD_20230162,월계수식당,0.0,평가 대상 아님,,,이번 공시의 가맹점 수가 0이거나 비어 있어 평가하지 않았습니다.,2024
BRD_20230167,버거룰,0.0,평가 대상 아님,,,이번 공시의 가맹점 수가 0이거나 비어 있어 평가하지 않았습니다.,2024
BRD_20230177,마라장룡,0.0,평가 대상 아님,,,이번 공시의 가맹점 수가 0이거나 비어 있어 평가하지 않았습니다.,2024
BRD_20230186,낭만삼겹살,0.0,평가 대상 아님,,,이번 공시의 가맹점 수가 0이거나 비어 있어 평가하지 않았습니다.,2024
BRD_20230194,더멍24,0.0,평가 대상 아님,,,이번 공시의 가맹점 수가 0이거나 비어 있어 평가하지 않았습니다.,2024
BRD_20230209,맵돈,0.0,평가 대상 아님,,,이번 공시의 가맹점 수가 0이거나 비어 있어 평가하지 않았습니다.,2024
BRD_20230232,뉴욕베이글,0.0,평가 대상 아님,,,이번 공시의 가맹점 수가 0이거나 비어 있어 평가하지 않았습니다.,2024
BRD_20230239,방촌 양고기,0.0,평가 대상 아님,,,이번 공시의 가맹점 수가 0이거나 비어 있어 평가하지 않았습니다.,2024
BRD_20230246,미소곱창,0.0,평가 대상 아님,,,이번 공시의 가맹점 수가 0이거나 비어 있어 평가하지 않았습니다.,2024
BRD_20230262,하이팔로우,0.0,평가 대상 아님,,,이번 공시의 가맹점 수가 0이거나 비어 있어 평가하지 않았습니다.,2024
BRD_20230267,탐나는순대돼지국밥,0.0,평가 대상 아님,,,이번 공시의 가맹점 수가 0이거나 비어 있어 평가하지 않았습니다.,2024
BRD_20230270,태조석갈비,0.0,평가 대상 아님,,,이번 공시의 가맹점 수가 0이거나 비어 있어 평가하지 않았습니다.,2024
BRD_20230281,대동면옥,0.0,평가 대상 아님,,,이번 공시의 가맹점 수가 0이거나 비어 있어 평가하지 않았습니다.,2024
BRD_20230292,서울토리,0.0,평가 대상 아님,,,이번 공시의 가맹점 수가 0이거나 비어 있어 평가하지 않았습니다.,2024
BRD_20230304,빵이당,0.0,평가 대상 아님,,,이번 공시의 가맹점 수가 0이거나 비어 있어 평가하지 않았습니다.,2024
BRD_20230305,오가정집밥,0.0,평가 대상 아님,,,이번 공시의 가맹점 수가 0이거나 비어 있어 평가하지 않았습니다.,2024
BRD_20230306,미스터프랭키리페어샵,0.0,평가 대상 아님,,,이번 공시의 가맹점 수가 0이거나 비어 있어 평가하지 않았습니다.,2024
BRD_20230308,까만떡볶이깜떡,0.0,평가 대상 아님,,,이번 공시의 가맹점 수가 0이거나 비어 있어 평가하지 않았습니다.,2024
BRD_20230312,안철주시골한상,0.0,평가 대상 아님,,,이번 공시의 가맹점 수가 0이거나 비어 있어 평가하지 않았습니다.,2024
BRD_20230313,왕실전골아구찜&칼국수,0.0,평가 대상 아님,,,이번 공시의 가맹점 수가 0이거나 비어 있어 평가하지 않았습니다.,2024
BRD_20230318,떴다파닭,0.0,평가 대상 아님,,,이번 공시의 가맹점 수가 0이거나 비어 있어 평가하지 않았습니다.,2024
BRD_20230331,미진1954,0.0,평가 대상 아님,,,이번 공시의 가맹점 수가 0이거나 비어 있어 평가하지 않았습니다.,2024
BRD_20230342,수수한 家,0.0,평가 대상 아님,,,이번 공시의 가맹점 수가 0이거나 비어 있어 평가하지 않았습니다.,2024
BRD_20230344,춘자육개장,0.0,평가 대상 아님,,,이번 공시의 가맹점 수가 0이거나 비어 있어 평가하지 않았습니다.,2024
BRD_20230345,쭈화당,0.0,평가 대상 아님,,,이번 공시의 가맹점 수가 0이거나 비어 있어 평가하지 않았습니다.,2024
BRD_20230346,돈츄,0.0,평가 대상 아님,,,이번 공시의 가맹점 수가 0이거나 비어 있어 평가하지 않았습니다.,2024
BRD_20230347,동네맛집족발집,0.0,평가 대상 아님,,,이번 공시의 가맹점 수가 0이거나 비어 있어 평가하지 않았습니다.,2024
BRD_20230348,동네맛집고깃집,0.0,평가 대상 아님,,,이번 공시의 가맹점 수가 0이거나 비어 있어 평가하지 않았습니다.,2024
BRD_20230349,동네맛집국수집,0.0,평가 대상 아님,,,이번 공시의 가맹점 수가 0이거나 비어 있어 평가하지 않았습니다.,2024
BRD_20230351,동네맛집뼈구이술집,0.0,평가 대상 아님,,,이번 공시의 가맹점 수가 0이거나 비어 있어 평가하지 않았습니다.,2024
BRD_20230357,샐러드김밥,0.0,평가 대상 아님,,,이번 공시의 가맹점 수가 0이거나 비어 있어 평가하지 않았습니다.,2024
BRD_20230375,강포김치찜,0.0,평가 대상 아님,,,이번 공시의 가맹점 수가 0이거나 비어 있어 평가하지 않았습니다.,2024
BRD_20230378,배뽈딱 한돈 김치찜,0.0,평가 대상 아님,,,이번 공시의 가맹점 수가 0이거나 비어 있어 평가하지 않았습니다.,2024
BRD_20230379,바당돌담,0.0,평가 대상 아님,,,이번 공시의 가맹점 수가 0이거나 비어 있어 평가하지 않았습니다.,2024
BRD_20230419,든든커피,0.0,평가 대상 아님,,,이번 공시의 가맹점 수가 0이거나 비어 있어 평가하지 않았습니다.,2024
BRD_20230424,포차시켜바바,0.0,평가 대상 아님,,,이번 공시의 가맹점 수가 0이거나 비어 있어 평가하지 않았습니다.,2024
BRD_20230426,마루벤벤,0.0,평가 대상 아님,,,이번 공시의 가맹점 수가 0이거나 비어 있어 평가하지 않았습니다.,2024
BRD_20230431,국밥이가,0.0,평가 대상 아님,,,이번 공시의 가맹점 수가 0이거나 비어 있어 평가하지 않았습니다.,2024
BRD_20230432,휘니치로,0.0,평가 대상 아님,,,이번 공시의 가맹점 수가 0이거나 비어 있어 평가하지 않았습니다.,2024
BRD_20230443,복미가라멘,0.0,평가 대상 아님,,,이번 공시의 가맹점 수가 0이거나 비어 있어 평가하지 않았습니다.,2024
BRD_20230446,동백커피,0.0,평가 대상 아님,,,이번 공시의 가맹점 수가 0이거나 비어 있어 평가하지 않았습니다.,2024
BRD_20230451,포브라더스 하모니어스(4 Brothers Harmonious),0.0,평가 대상 아님,,,이번 공시의 가맹점 수가 0이거나 비어 있어 평가하지 않았습니다.,2024
BRD_20230459,영추이숯불두마리치킨,0.0,평가 대상 아님,,,이번 공시의 가맹점 수가 0이거나 비어 있어 평가하지 않았습니다.,2024
BRD_20230461,포차1번지 먹새통,0.0,평가 대상 아님,,,이번 공시의 가맹점 수가 0이거나 비어 있어 평가하지 않았습니다.,2024
BRD_20230470,용식이삼겹,0.0,평가 대상 아님,,,이번 공시의 가맹점 수가 0이거나 비어 있어 평가하지 않았습니다.,2024
BRD_20230471,마찌김치찌개&고기냉면,0.0,평가 대상 아님,,,이번 공시의 가맹점 수가 0이거나 비어 있어 평가하지 않았습니다.,2024
BRD_20230473,큰큰커피,0.0,평가 대상 아님,,,이번 공시의 가맹점 수가 0이거나 비어 있어 평가하지 않았습니다.,2024
BRD_20230475,상무칡냉면,0.0,평가 대상 아님,,,이번 공시의 가맹점 수가 0이거나 비어 있어 평가하지 않았습니다.,2024
BRD_20230479,홍춘마라,0.0,평가 대상 아님,,,이번 공시의 가맹점 수가 0이거나 비어 있어 평가하지 않았습니다.,2024
BRD_20230486,쨍&신짜오 쌀국수,0.0,평가 대상 아님,,,이번 공시의 가맹점 수가 0이거나 비어 있어 평가하지 않았습니다.,2024
BRD_20230493,본팔백,0.0,평가 대상 아님,,,이번 공시의 가맹점 수가 0이거나 비어 있어 평가하지 않았습니다.,2024
BRD_20230505,그리즐리버거,0.0,평가 대상 아님,,,이번 공시의 가맹점 수가 0이거나 비어 있어 평가하지 않았습니다.,2024
BRD_20230510,번트커피(Burnt Coffee),0.0,평가 대상 아님,,,이번 공시의 가맹점 수가 0이거나 비어 있어 평가하지 않았습니다.,2024
BRD_20230513,한근집,0.0,평가 대상 아님,,,이번 공시의 가맹점 수가 0이거나 비어 있어 평가하지 않았습니다.,2024
BRD_20230518,카페티베어(Cafe T Bear),0.0,평가 대상 아님,,,이번 공시의 가맹점 수가 0이거나 비어 있어 평가하지 않았습니다.,2024
BRD_20230520,캔모아,0.0,평가 대상 아님,,,이번 공시의 가맹점 수가 0이거나 비어 있어 평가하지 않았습니다.,2024
BRD_20230525,섬 맛의 공방 제주이야기,0.0,평가 대상 아님,,,이번 공시의 가맹점 수가 0이거나 비어 있어 평가하지 않았습니다.,2024
BRD_20230527,신도원중식뷔페,0.0,평가 대상 아님,,,이번 공시의 가맹점 수가 0이거나 비어 있어 평가하지 않았습니다.,2024
BRD_20230530,진참치&진튜나,0.0,평가 대상 아님,,,이번 공시의 가맹점 수가 0이거나 비어 있어 평가하지 않았습니다.,2024
BRD_20230532,비바로마,0.0,평가 대상 아님,,,이번 공시의 가맹점 수가 0이거나 비어 있어 평가하지 않았습니다.,2024
BRD_20230536,장가네일품순두부,0.0,평가 대상 아님,,,이번 공시의 가맹점 수가 0이거나 비어 있어 평가하지 않았습니다.,2024
BRD_20230537,제주일품순두부,0.0,평가 대상 아님,,,이번 공시의 가맹점 수가 0이거나 비어 있어 평가하지 않았습니다.,2024
BRD_20230577,수신닭발,0.0,평가 대상 아님,,,이번 공시의 가맹점 수가 0이거나 비어 있어 평가하지 않았습니다.,2024
BRD_20230601,대단한 탕후루,0.0,평가 대상 아님,,,이번 공시의 가맹점 수가 0이거나 비어 있어 평가하지 않았습니다.,2024
BRD_20230606,카페포코,0.0,평가 대상 아님,,,이번 공시의 가맹점 수가 0이거나 비어 있어 평가하지 않았습니다.,2024
BRD_20230608,구바집,0.0,평가 대상 아님,,,이번 공시의 가맹점 수가 0이거나 비어 있어 평가하지 않았습니다.,2024
BRD_20230609,팔각정,0.0,평가 대상 아님,,,이번 공시의 가맹점 수가 0이거나 비어 있어 평가하지 않았습니다.,2024
BRD_20230611,축항물회,0.0,평가 대상 아님,,,이번 공시의 가맹점 수가 0이거나 비어 있어 평가하지 않았습니다.,2024
BRD_20230615,임서방쪼림닭,0.0,평가 대상 아님,,,이번 공시의 가맹점 수가 0이거나 비어 있어 평가하지 않았습니다.,2024
BRD_20230628,봄카츠,0.0,평가 대상 아님,,,이번 공시의 가맹점 수가 0이거나 비어 있어 평가하지 않았습니다.,2024
BRD_20230630,예이 KEEP EATING,0.0,평가 대상 아님,,,이번 공시의 가맹점 수가 0이거나 비어 있어 평가하지 않았습니다.,2024
BRD_20230638|JNG_015093,모두계란빵,0.0,평가 대상 아님,,,이번 공시의 가맹점 수가 0이거나 비어 있어 평가하지 않았습니다.,2024
BRD_20230657,조선한우소머리국밥,0.0,평가 대상 아님,,,이번 공시의 가맹점 수가 0이거나 비어 있어 평가하지 않았습니다.,2024
BRD_20230661,침스버거,0.0,평가 대상 아님,,,이번 공시의 가맹점 수가 0이거나 비어 있어 평가하지 않았습니다.,2024
BRD_20230662,차여사국밥,0.0,평가 대상 아님,,,이번 공시의 가맹점 수가 0이거나 비어 있어 평가하지 않았습니다.,2024
BRD_20230663,원조마늘곱창,0.0,평가 대상 아님,,,이번 공시의 가맹점 수가 0이거나 비어 있어 평가하지 않았습니다.,2024
BRD_20230674,킵샐러드,0.0,평가 대상 아님,,,이번 공시의 가맹점 수가 0이거나 비어 있어 평가하지 않았습니다.,2024
BRD_20230687|JNG_015148,정원갈비,0.0,평가 대상 아님,,,이번 공시의 가맹점 수가 0이거나 비어 있어 평가하지 않았습니다.,2024
BRD_20230689,해화로,0.0,평가 대상 아님,,,이번 공시의 가맹점 수가 0이거나 비어 있어 평가하지 않았습니다.,2024
BRD_20230693,냉면장수,0.0,평가 대상 아님,,,이번 공시의 가맹점 수가 0이거나 비어 있어 평가하지 않았습니다.,2024
BRD_20230695,호랑이 냉면,0.0,평가 대상 아님,,,이번 공시의 가맹점 수가 0이거나 비어 있어 평가하지 않았습니다.,2024
BRD_20230700,아는커피,0.0,평가 대상 아님,,,이번 공시의 가맹점 수가 0이거나 비어 있어 평가하지 않았습니다.,2024
BRD_20230706,맘스빈,0.0,평가 대상 아님,,,이번 공시의 가맹점 수가 0이거나 비어 있어 평가하지 않았습니다.,2024
BRD_20230709,화리화리,0.0,평가 대상 아님,,,이번 공시의 가맹점 수가 0이거나 비어 있어 평가하지 않았습니다.,2024
BRD_20230722,육탐미,0.0,평가 대상 아님,,,이번 공시의 가맹점 수가 0이거나 비어 있어 평가하지 않았습니다.,2024
BRD_20230729,평화연남,0.0,평가 대상 아님,,,이번 공시의 가맹점 수가 0이거나 비어 있어 평가하지 않았습니다.,2024
BRD_20230732,삼청동김치찜,0.0,평가 대상 아님,,,이번 공시의 가맹점 수가 0이거나 비어 있어 평가하지 않았습니다.,2024
BRD_20230736,샐러드러버,0.0,평가 대상 아님,,,이번 공시의 가맹점 수가 0이거나 비어 있어 평가하지 않았습니다.,2024
BRD_20230749,스시오마주,0.0,평가 대상 아님,,,이번 공시의 가맹점 수가 0이거나 비어 있어 평가하지 않았습니다.,2024
BRD_20230751,압구정곱창,0.0,평가 대상 아님,,,이번 공시의 가맹점 수가 0이거나 비어 있어 평가하지 않았습니다.,2024
BRD_20230757,사이코우타코야끼,0.0,평가 대상 아님,,,이번 공시의 가맹점 수가 0이거나 비어 있어 평가하지 않았습니다.,2024
BRD_20230780,바비후 맥주,0.0,평가 대상 아님,,,이번 공시의 가맹점 수가 0이거나 비어 있어 평가하지 않았습니다.,2024
BRD_20230781|JNG_005970,열알타코,0.0,평가 대상 아님,,,이번 공시의 가맹점 수가 0이거나 비어 있어 평가하지 않았습니다.,2024
BRD_20230783,홍백이,0.0,평가 대상 아님,,,이번 공시의 가맹점 수가 0이거나 비어 있어 평가하지 않았습니다.,2024
BRD_20230790,산타바바라,0.0,평가 대상 아님,,,이번 공시의 가맹점 수가 0이거나 비어 있어 평가하지 않았습니다.,2024
BRD_20230793,그릴박스,0.0,평가 대상 아님,,,이번 공시의 가맹점 수가 0이거나 비어 있어 평가하지 않았습니다.,2024
BRD_20230798,잇츠피자,0.0,평가 대상 아님,,,이번 공시의 가맹점 수가 0이거나 비어 있어 평가하지 않았습니다.,2024
BRD_20230806,남산드럼통,0.0,평가 대상 아님,,,이번 공시의 가맹점 수가 0이거나 비어 있어 평가하지 않았습니다.,2024
BRD_20230818,대박물갈비,0.0,평가 대상 아님,,,이번 공시의 가맹점 수가 0이거나 비어 있어 평가하지 않았습니다.,2024
BRD_20230820,신사만장어,0.0,평가 대상 아님,,,이번 공시의 가맹점 수가 0이거나 비어 있어 평가하지 않았습니다.,2024
BRD_20230830,또순이,0.0,평가 대상 아님,,,이번 공시의 가맹점 수가 0이거나 비어 있어 평가하지 않았습니다.,2024
BRD_20230836|JNG_013241,하륜무쇠집,0.0,평가 대상 아님,,,이번 공시의 가맹점 수가 0이거나 비어 있어 평가하지 않았습니다.,2024
BRD_20230840|JNG_009245,명품숯불돼지갈비,0.0,평가 대상 아님,,,이번 공시의 가맹점 수가 0이거나 비어 있어 평가하지 않았습니다.,2024
BRD_20230849,메가요거트,0.0,평가 대상 아님,,,이번 공시의 가맹점 수가 0이거나 비어 있어 평가하지 않았습니다.,2024
BRD_20230852,막창명가 노건,0.0,평가 대상 아님,,,이번 공시의 가맹점 수가 0이거나 비어 있어 평가하지 않았습니다.,2024
BRD_20230865,오군포차,0.0,평가 대상 아님,,,이번 공시의 가맹점 수가 0이거나 비어 있어 평가하지 않았습니다.,2024
BRD_20230868,골목안채,0.0,평가 대상 아님,,,이번 공시의 가맹점 수가 0이거나 비어 있어 평가하지 않았습니다.,2024
BRD_20230871,연고기,0.0,평가 대상 아님,,,이번 공시의 가맹점 수가 0이거나 비어 있어 평가하지 않았습니다.,2024
BRD_20230887,다린,0.0,평가 대상 아님,,,이번 공시의 가맹점 수가 0이거나 비어 있어 평가하지 않았습니다.,2024
BRD_20230890,멜로우시티,0.0,평가 대상 아님,,,이번 공시의 가맹점 수가 0이거나 비어 있어 평가하지 않았습니다.,2024
BRD_20230892,돈까스쿨,0.0,평가 대상 아님,,,이번 공시의 가맹점 수가 0이거나 비어 있어 평가하지 않았습니다.,2024
BRD_20230894|JNG_015384,큰불닭발,0.0,평가 대상 아님,,,이번 공시의 가맹점 수가 0이거나 비어 있어 평가하지 않았습니다.,2024
BRD_20230904,코끼리카페,0.0,평가 대상 아님,,,이번 공시의 가맹점 수가 0이거나 비어 있어 평가하지 않았습니다.,2024
BRD_20230908,페로어페로,0.0,평가 대상 아님,,,이번 공시의 가맹점 수가 0이거나 비어 있어 평가하지 않았습니다.,2024
BRD_20230910,아프리카 막창,0.0,평가 대상 아님,,,이번 공시의 가맹점 수가 0이거나 비어 있어 평가하지 않았습니다.,2024
BRD_20230912,분더커피바(wundercoffeebar),0.0,평가 대상 아님,,,이번 공시의 가맹점 수가 0이거나 비어 있어 평가하지 않았습니다.,2024
BRD_20230913,현차이나,0.0,평가 대상 아님,,,이번 공시의 가맹점 수가 0이거나 비어 있어 평가하지 않았습니다.,2024
BRD_20230926,루크커피브루어스(LEWK COFFEE BREWERS),0.0,평가 대상 아님,,,이번 공시의 가맹점 수가 0이거나 비어 있어 평가하지 않았습니다.,2024
BRD_20230927,육해왕,0.0,평가 대상 아님,,,이번 공시의 가맹점 수가 0이거나 비어 있어 평가하지 않았습니다.,2024
BRD_20230933,망우찜쌈밥,0.0,평가 대상 아님,,,이번 공시의 가맹점 수가 0이거나 비어 있어 평가하지 않았습니다.,2024
BRD_20230940,오케이파스타,0.0,평가 대상 아님,,,이번 공시의 가맹점 수가 0이거나 비어 있어 평가하지 않았습니다.,2024
BRD_20230944,츠키젠(TSUKIZEN),0.0,평가 대상 아님,,,이번 공시의 가맹점 수가 0이거나 비어 있어 평가하지 않았습니다.,2024
BRD_20230954,스탠다드 스퀘어,0.0,평가 대상 아님,,,이번 공시의 가맹점 수가 0이거나 비어 있어 평가하지 않았습니다.,2024
BRD_20230959,카레후카미&수제카츠,0.0,평가 대상 아님,,,이번 공시의 가맹점 수가 0이거나 비어 있어 평가하지 않았습니다.,2024
BRD_20230966,마이게 김치찜&김치찌개다,0.0,평가 대상 아님,,,이번 공시의 가맹점 수가 0이거나 비어 있어 평가하지 않았습니다.,2024
BRD_20230973,속초 옛고을 순두부,0.0,평가 대상 아님,,,이번 공시의 가맹점 수가 0이거나 비어 있어 평가하지 않았습니다.,2024
BRD_20230976,바카커피,0.0,평가 대상 아님,,,이번 공시의 가맹점 수가 0이거나 비어 있어 평가하지 않았습니다.,2024
BRD_20230992,마니산산채,0.0,평가 대상 아님,,,이번 공시의 가맹점 수가 0이거나 비어 있어 평가하지 않았습니다.,2024
BRD_20231009,카페온나,0.0,평가 대상 아님,,,이번 공시의 가맹점 수가 0이거나 비어 있어 평가하지 않았습니다.,2024
BRD_20231014,설가옥,0.0,평가 대상 아님,,,이번 공시의 가맹점 수가 0이거나 비어 있어 평가하지 않았습니다.,2024
BRD_20231015,김미화코다리,0.0,평가 대상 아님,,,이번 공시의 가맹점 수가 0이거나 비어 있어 평가하지 않았습니다.,2024
BRD_20231043,베이베이,0.0,평가 대상 아님,,,이번 공시의 가맹점 수가 0이거나 비어 있어 평가하지 않았습니다.,2024
BRD_20231047,깡그리 한식포차주막,0.0,평가 대상 아님,,,이번 공시의 가맹점 수가 0이거나 비어 있어 평가하지 않았습니다.,2024
BRD_20231049,엉클존슨부대찌개,0.0,평가 대상 아님,,,이번 공시의 가맹점 수가 0이거나 비어 있어 평가하지 않았습니다.,2024
BRD_20231053,드렁캔,0.0,평가 대상 아님,,,이번 공시의 가맹점 수가 0이거나 비어 있어 평가하지 않았습니다.,2024
BRD_20231064,홍고추불닭발 RED PEPPER BUL DAK BAL,0.0,평가 대상 아님,,,이번 공시의 가맹점 수가 0이거나 비어 있어 평가하지 않았습니다.,2024
BRD_20231078,맛나우,0.0,평가 대상 아님,,,이번 공시의 가맹점 수가 0이거나 비어 있어 평가하지 않았습니다.,2024
BRD_20231085,막닭구이,0.0,평가 대상 아님,,,이번 공시의 가맹점 수가 0이거나 비어 있어 평가하지 않았습니다.,2024
BRD_20231093,냉면발전소,0.0,평가 대상 아님,,,이번 공시의 가맹점 수가 0이거나 비어 있어 평가하지 않았습니다.,2024
BRD_20231094,필메이트,0.0,평가 대상 아님,,,이번 공시의 가맹점 수가 0이거나 비어 있어 평가하지 않았습니다.,2024
BRD_20231108,어씽(EARTHING),0.0,평가 대상 아님,,,이번 공시의 가맹점 수가 0이거나 비어 있어 평가하지 않았습니다.,2024
BRD_20231112,소와나(SOWANA),0.0,평가 대상 아님,,,이번 공시의 가맹점 수가 0이거나 비어 있어 평가하지 않았습니다.,2024
BRD_20231120,멘부쿠제면소,0.0,평가 대상 아님,,,이번 공시의 가맹점 수가 0이거나 비어 있어 평가하지 않았습니다.,2024
BRD_20231121,든든국밥,0.0,평가 대상 아님,,,이번 공시의 가맹점 수가 0이거나 비어 있어 평가하지 않았습니다.,2024
BRD_20231127,Tom's 김밥,0.0,평가 대상 아님,,,이번 공시의 가맹점 수가 0이거나 비어 있어 평가하지 않았습니다.,2024
BRD_20231128,배다른오리,0.0,평가 대상 아님,,,이번 공시의 가맹점 수가 0이거나 비어 있어 평가하지 않았습니다.,2024
BRD_20231134,항아리닭갈비막국수,0.0,평가 대상 아님,,,이번 공시의 가맹점 수가 0이거나 비어 있어 평가하지 않았습니다.,2024
BRD_20231135,멘니하마루(?にハマる),0.0,평가 대상 아님,,,이번 공시의 가맹점 수가 0이거나 비어 있어 평가하지 않았습니다.,2024
BRD_20231136,퍼그피자,0.0,평가 대상 아님,,,이번 공시의 가맹점 수가 0이거나 비어 있어 평가하지 않았습니다.,2024
BRD_20231137,청춘물닭갈비,0.0,평가 대상 아님,,,이번 공시의 가맹점 수가 0이거나 비어 있어 평가하지 않았습니다.,2024
BRD_20231141,도우대디(Dough Daddy),0.0,평가 대상 아님,,,이번 공시의 가맹점 수가 0이거나 비어 있어 평가하지 않았습니다.,2024
BRD_20231148,이장군 족발·보쌈,0.0,평가 대상 아님,,,이번 공시의 가맹점 수가 0이거나 비어 있어 평가하지 않았습니다.,2024
BRD_20231154,버니그린,0.0,평가 대상 아님,,,이번 공시의 가맹점 수가 0이거나 비어 있어 평가하지 않았습니다.,2024
BRD_20231158,효자동 원조 순대국,0.0,평가 대상 아님,,,이번 공시의 가맹점 수가 0이거나 비어 있어 평가하지 않았습니다.,2024
BRD_20231174,자쿠자쿠,0.0,평가 대상 아님,,,이번 공시의 가맹점 수가 0이거나 비어 있어 평가하지 않았습니다.,2024
BRD_20231178,미락,0.0,평가 대상 아님,,,이번 공시의 가맹점 수가 0이거나 비어 있어 평가하지 않았습니다.,2024
BRD_20231188,라마(LAMA),0.0,평가 대상 아님,,,이번 공시의 가맹점 수가 0이거나 비어 있어 평가하지 않았습니다.,2024
BRD_20231193,샤오마라,0.0,평가 대상 아님,,,이번 공시의 가맹점 수가 0이거나 비어 있어 평가하지 않았습니다.,2024
BRD_20231202,양평회관,0.0,평가 대상 아님,,,이번 공시의 가맹점 수가 0이거나 비어 있어 평가하지 않았습니다.,2024
BRD_20231206,미인계,0.0,평가 대상 아님,,,이번 공시의 가맹점 수가 0이거나 비어 있어 평가하지 않았습니다.,2024
BRD_20231210,오름,0.0,평가 대상 아님,,,이번 공시의 가맹점 수가 0이거나 비어 있어 평가하지 않았습니다.,2024
BRD_20231215,후라이드치킨ZIP,0.0,평가 대상 아님,,,이번 공시의 가맹점 수가 0이거나 비어 있어 평가하지 않았습니다.,2024
BRD_20231218,당신은지금떡볶이가땡긴다,0.0,평가 대상 아님,,,이번 공시의 가맹점 수가 0이거나 비어 있어 평가하지 않았습니다.,2024
BRD_20231219,곱창클라쓰,0.0,평가 대상 아님,,,이번 공시의 가맹점 수가 0이거나 비어 있어 평가하지 않았습니다.,2024
BRD_20231229,끄트머리집,0.0,평가 대상 아님,,,이번 공시의 가맹점 수가 0이거나 비어 있어 평가하지 않았습니다.,2024
BRD_20231232,그린포유,0.0,평가 대상 아님,,,이번 공시의 가맹점 수가 0이거나 비어 있어 평가하지 않았습니다.,2024
BRD_20231233,남대문전주식당,0.0,평가 대상 아님,,,이번 공시의 가맹점 수가 0이거나 비어 있어 평가하지 않았습니다.,2024
BRD_20231257,엠마샹스,0.0,평가 대상 아님,,,이번 공시의 가맹점 수가 0이거나 비어 있어 평가하지 않았습니다.,2024
BRD_20231261,치즈당,0.0,평가 대상 아님,,,이번 공시의 가맹점 수가 0이거나 비어 있어 평가하지 않았습니다.,2024
BRD_20231280,알찬해물,0.0,평가 대상 아님,,,이번 공시의 가맹점 수가 0이거나 비어 있어 평가하지 않았습니다.,2024
BRD_20231282,육미제당,0.0,평가 대상 아님,,,이번 공시의 가맹점 수가 0이거나 비어 있어 평가하지 않았습니다.,2024
BRD_20231283,반미프엉,0.0,평가 대상 아님,,,이번 공시의 가맹점 수가 0이거나 비어 있어 평가하지 않았습니다.,2024
BRD_20231287,안주박사술박사,0.0,평가 대상 아님,,,이번 공시의 가맹점 수가 0이거나 비어 있어 평가하지 않았습니다.,2024
BRD_20231298,찌개엔쉬운족발,0.0,평가 대상 아님,,,이번 공시의 가맹점 수가 0이거나 비어 있어 평가하지 않았습니다.,2024
BRD_20231307,참치여라,0.0,평가 대상 아님,,,이번 공시의 가맹점 수가 0이거나 비어 있어 평가하지 않았습니다.,2024
BRD_20231327,미가훠궈,0.0,평가 대상 아님,,,이번 공시의 가맹점 수가 0이거나 비어 있어 평가하지 않았습니다.,2024
BRD_20231334,파센토,0.0,평가 대상 아님,,,이번 공시의 가맹점 수가 0이거나 비어 있어 평가하지 않았습니다.,2024
BRD_20231337,우미학,0.0,평가 대상 아님,,,이번 공시의 가맹점 수가 0이거나 비어 있어 평가하지 않았습니다.,2024
BRD_20231338,후타츠,0.0,평가 대상 아님,,,이번 공시의 가맹점 수가 0이거나 비어 있어 평가하지 않았습니다.,2024
BRD_20231342,홍익회관,0.0,평가 대상 아님,,,이번 공시의 가맹점 수가 0이거나 비어 있어 평가하지 않았습니다.,2024
BRD_20231344,꽃창살,0.0,평가 대상 아님,,,이번 공시의 가맹점 수가 0이거나 비어 있어 평가하지 않았습니다.,2024
BRD_20231345,돌판집,0.0,평가 대상 아님,,,이번 공시의 가맹점 수가 0이거나 비어 있어 평가하지 않았습니다.,2024
BRD_20231350,이지비부대찌개,0.0,평가 대상 아님,,,이번 공시의 가맹점 수가 0이거나 비어 있어 평가하지 않았습니다.,2024
BRD_20231353,수풀림,0.0,평가 대상 아님,,,이번 공시의 가맹점 수가 0이거나 비어 있어 평가하지 않았습니다.,2024
BRD_20231364,사랑방꽃갈비,0.0,평가 대상 아님,,,이번 공시의 가맹점 수가 0이거나 비어 있어 평가하지 않았습니다.,2024
BRD_20231365,미니마니모,0.0,평가 대상 아님,,,이번 공시의 가맹점 수가 0이거나 비어 있어 평가하지 않았습니다.,2024
BRD_20231371,프룻짐,0.0,평가 대상 아님,,,이번 공시의 가맹점 수가 0이거나 비어 있어 평가하지 않았습니다.,2024
BRD_20231372,마마홈스,0.0,평가 대상 아님,,,이번 공시의 가맹점 수가 0이거나 비어 있어 평가하지 않았습니다.,2024
BRD_20231375,카인다카츠(Kinda Katsu),0.0,평가 대상 아님,,,이번 공시의 가맹점 수가 0이거나 비어 있어 평가하지 않았습니다.,2024
BRD_20231385,소우창,0.0,평가 대상 아님,,,이번 공시의 가맹점 수가 0이거나 비어 있어 평가하지 않았습니다.,2024
BRD_20231387,도제,0.0,평가 대상 아님,,,이번 공시의 가맹점 수가 0이거나 비어 있어 평가하지 않았습니다.,2024
BRD_20231408,투계더치킨,0.0,평가 대상 아님,,,이번 공시의 가맹점 수가 0이거나 비어 있어 평가하지 않았습니다.,2024
BRD_20231416,빵집오빠,0.0,평가 대상 아님,,,이번 공시의 가맹점 수가 0이거나 비어 있어 평가하지 않았습니다.,2024
BRD_20231420,탕후루소녀,0.0,평가 대상 아님,,,이번 공시의 가맹점 수가 0이거나 비어 있어 평가하지 않았습니다.,2024
BRD_20231437,오사카카츠,0.0,평가 대상 아님,,,이번 공시의 가맹점 수가 0이거나 비어 있어 평가하지 않았습니다.,2024
BRD_20231452,한우집투뿔사위,0.0,평가 대상 아님,,,이번 공시의 가맹점 수가 0이거나 비어 있어 평가하지 않았습니다.,2024
BRD_20231453,곱이빛나는밤에,0.0,평가 대상 아님,,,이번 공시의 가맹점 수가 0이거나 비어 있어 평가하지 않았습니다.,2024
BRD_20231466,양싸부,0.0,평가 대상 아님,,,이번 공시의 가맹점 수가 0이거나 비어 있어 평가하지 않았습니다.,2024
BRD_20231467,혼찌,0.0,평가 대상 아님,,,이번 공시의 가맹점 수가 0이거나 비어 있어 평가하지 않았습니다.,2024
BRD_20231484,야미케이크 (YAMMY CAKE),0.0,평가 대상 아님,,,이번 공시의 가맹점 수가 0이거나 비어 있어 평가하지 않았습니다.,2024
BRD_20231494,그립핑거스,0.0,평가 대상 아님,,,이번 공시의 가맹점 수가 0이거나 비어 있어 평가하지 않았습니다.,2024
BRD_20231495,제육의달인,0.0,평가 대상 아님,,,이번 공시의 가맹점 수가 0이거나 비어 있어 평가하지 않았습니다.,2024
BRD_20231500,김통,0.0,평가 대상 아님,,,이번 공시의 가맹점 수가 0이거나 비어 있어 평가하지 않았습니다.,2024
BRD_20231519,와플앤피플 (Waffle&people),0.0,평가 대상 아님,,,이번 공시의 가맹점 수가 0이거나 비어 있어 평가하지 않았습니다.,2024
BRD_20231545,라화각마라탕,0.0,평가 대상 아님,,,이번 공시의 가맹점 수가 0이거나 비어 있어 평가하지 않았습니다.,2024
BRD_20231562,찜&장,0.0,평가 대상 아님,,,이번 공시의 가맹점 수가 0이거나 비어 있어 평가하지 않았습니다.,2024
BRD_20231563,교동해물국밥,0.0,평가 대상 아님,,,이번 공시의 가맹점 수가 0이거나 비어 있어 평가하지 않았습니다.,2024
BRD_20231572,싱싱탕후루,0.0,평가 대상 아님,,,이번 공시의 가맹점 수가 0이거나 비어 있어 평가하지 않았습니다.,2024
BRD_20231581,홍이네,0.0,평가 대상 아님,,,이번 공시의 가맹점 수가 0이거나 비어 있어 평가하지 않았습니다.,2024
BRD_20231585,혜연옥,0.0,평가 대상 아님,,,이번 공시의 가맹점 수가 0이거나 비어 있어 평가하지 않았습니다.,2024
BRD_20231590,시골돼지담양숯불갈비,0.0,평가 대상 아님,,,이번 공시의 가맹점 수가 0이거나 비어 있어 평가하지 않았습니다.,2024
BRD_20231593,논개한우,0.0,평가 대상 아님,,,이번 공시의 가맹점 수가 0이거나 비어 있어 평가하지 않았습니다.,2024
BRD_20231600,반송돈,0.0,평가 대상 아님,,,이번 공시의 가맹점 수가 0이거나 비어 있어 평가하지 않았습니다.,2024
BRD_20231619,오늘의 빵,0.0,평가 대상 아님,,,이번 공시의 가맹점 수가 0이거나 비어 있어 평가하지 않았습니다.,2024
BRD_20231634,가솔린앤로지스,0.0,평가 대상 아님,,,이번 공시의 가맹점 수가 0이거나 비어 있어 평가하지 않았습니다.,2024
BRD_20231635,이준봉 문정갈빗집,0.0,평가 대상 아님,,,이번 공시의 가맹점 수가 0이거나 비어 있어 평가하지 않았습니다.,2024
BRD_20231642,카페앤코(CAFE&Co),0.0,평가 대상 아님,,,이번 공시의 가맹점 수가 0이거나 비어 있어 평가하지 않았습니다.,2024
BRD_20231643,내만치,0.0,평가 대상 아님,,,이번 공시의 가맹점 수가 0이거나 비어 있어 평가하지 않았습니다.,2024
BRD_20231646,돈돼기리 갈비찜전문점,0.0,평가 대상 아님,,,이번 공시의 가맹점 수가 0이거나 비어 있어 평가하지 않았습니다.,2024
BRD_20231648,희유(喜YOU)탕후루,0.0,평가 대상 아님,,,이번 공시의 가맹점 수가 0이거나 비어 있어 평가하지 않았습니다.,2024
BRD_20231654,술꾼이대감의한잔,0.0,평가 대상 아님,,,이번 공시의 가맹점 수가 0이거나 비어 있어 평가하지 않았습니다.,2024
BRD_20231668,팔광반점,0.0,평가 대상 아님,,,이번 공시의 가맹점 수가 0이거나 비어 있어 평가하지 않았습니다.,2024
BRD_20231677,만조쿠가츠,0.0,평가 대상 아님,,,이번 공시의 가맹점 수가 0이거나 비어 있어 평가하지 않았습니다.,2024
BRD_20231730,오소오소,0.0,평가 대상 아님,,,이번 공시의 가맹점 수가 0이거나 비어 있어 평가하지 않았습니다.,2024
BRD_20231733,배가무 닭볶음탕,0.0,평가 대상 아님,,,이번 공시의 가맹점 수가 0이거나 비어 있어 평가하지 않았습니다.,2024
BRD_20231739,루틴(routine)111,0.0,평가 대상 아님,,,이번 공시의 가맹점 수가 0이거나 비어 있어 평가하지 않았습니다.,2024
BRD_20231740,함박꼬기와플,0.0,평가 대상 아님,,,이번 공시의 가맹점 수가 0이거나 비어 있어 평가하지 않았습니다.,2024
BRD_20231761,엉터리생고기세번째이야기프리미엄코리안비비큐,0.0,평가 대상 아님,,,이번 공시의 가맹점 수가 0이거나 비어 있어 평가하지 않았습니다.,2024
BRD_20231762,슈룹,0.0,평가 대상 아님,,,이번 공시의 가맹점 수가 0이거나 비어 있어 평가하지 않았습니다.,2024
BRD_20231765,무궁무진,0.0,평가 대상 아님,,,이번 공시의 가맹점 수가 0이거나 비어 있어 평가하지 않았습니다.,2024
BRD_20231771,한양돼지찌개,0.0,평가 대상 아님,,,이번 공시의 가맹점 수가 0이거나 비어 있어 평가하지 않았습니다.,2024
BRD_20231774,메이즈메이즈,0.0,평가 대상 아님,,,이번 공시의 가맹점 수가 0이거나 비어 있어 평가하지 않았습니다.,2024
BRD_20231776,옐로 드래곤 커리,0.0,평가 대상 아님,,,이번 공시의 가맹점 수가 0이거나 비어 있어 평가하지 않았습니다.,2024
BRD_20231777,장육식당,0.0,평가 대상 아님,,,이번 공시의 가맹점 수가 0이거나 비어 있어 평가하지 않았습니다.,2024
BRD_20231780,신암연탄한장이글포차,0.0,평가 대상 아님,,,이번 공시의 가맹점 수가 0이거나 비어 있어 평가하지 않았습니다.,2024
BRD_20231783,비엔나도그,0.0,평가 대상 아님,,,이번 공시의 가맹점 수가 0이거나 비어 있어 평가하지 않았습니다.,2024
BRD_20231786,이바램,0.0,평가 대상 아님,,,이번 공시의 가맹점 수가 0이거나 비어 있어 평가하지 않았습니다.,2024
BRD_20231789,청정스시,0.0,평가 대상 아님,,,이번 공시의 가맹점 수가 0이거나 비어 있어 평가하지 않았습니다.,2024
BRD_20231800,봉쥬르호떡,0.0,평가 대상 아님,,,이번 공시의 가맹점 수가 0이거나 비어 있어 평가하지 않았습니다.,2024
BRD_20231807,명가돌집,0.0,평가 대상 아님,,,이번 공시의 가맹점 수가 0이거나 비어 있어 평가하지 않았습니다.,2024
BRD_20231810,지금.과일,0.0,평가 대상 아님,,,이번 공시의 가맹점 수가 0이거나 비어 있어 평가하지 않았습니다.,2024
BRD_20231812,명랑꼬마김밥,0.0,평가 대상 아님,,,이번 공시의 가맹점 수가 0이거나 비어 있어 평가하지 않았습니다.,2024
BRD_20231818,달콤다담,0.0,평가 대상 아님,,,이번 공시의 가맹점 수가 0이거나 비어 있어 평가하지 않았습니다.,2024
BRD_20231831,총총칼국수,0.0,평가 대상 아님,,,이번 공시의 가맹점 수가 0이거나 비어 있어 평가하지 않았습니다.,2024
BRD_20231832,피르메스,0.0,평가 대상 아님,,,이번 공시의 가맹점 수가 0이거나 비어 있어 평가하지 않았습니다.,2024
BRD_20231838,덮밥시대,0.0,평가 대상 아님,,,이번 공시의 가맹점 수가 0이거나 비어 있어 평가하지 않았습니다.,2024
BRD_20231839,고고뎅빨간어묵,0.0,평가 대상 아님,,,이번 공시의 가맹점 수가 0이거나 비어 있어 평가하지 않았습니다.,2024
BRD_20231851,맥주고깐,0.0,평가 대상 아님,,,이번 공시의 가맹점 수가 0이거나 비어 있어 평가하지 않았습니다.,2024
BRD_20231853,샤브뜰,0.0,평가 대상 아님,,,이번 공시의 가맹점 수가 0이거나 비어 있어 평가하지 않았습니다.,2024
BRD_20231858,제육감,0.0,평가 대상 아님,,,이번 공시의 가맹점 수가 0이거나 비어 있어 평가하지 않았습니다.,2024
BRD_20231867,1984박재환형제닭도리,0.0,평가 대상 아님,,,이번 공시의 가맹점 수가 0이거나 비어 있어 평가하지 않았습니다.,2024
BRD_20231868,장터왕족발,0.0,평가 대상 아님,,,이번 공시의 가맹점 수가 0이거나 비어 있어 평가하지 않았습니다.,2024
BRD_20231872,도원경,0.0,평가 대상 아님,,,이번 공시의 가맹점 수가 0이거나 비어 있어 평가하지 않았습니다.,2024
BRD_20231873|JNG_016518,빅피처커피,0.0,평가 대상 아님,,,이번 공시의 가맹점 수가 0이거나 비어 있어 평가하지 않았습니다.,2024
BRD_20231879,DK분식,0.0,평가 대상 아님,,,이번 공시의 가맹점 수가 0이거나 비어 있어 평가하지 않았습니다.,2024
BRD_20231882,유러즈,0.0,평가 대상 아님,,,이번 공시의 가맹점 수가 0이거나 비어 있어 평가하지 않았습니다.,2024
BRD_20231889,무궁화주택,0.0,평가 대상 아님,,,이번 공시의 가맹점 수가 0이거나 비어 있어 평가하지 않았습니다.,2024
BRD_20231896,원조국물닭발,0.0,평가 대상 아님,,,이번 공시의 가맹점 수가 0이거나 비어 있어 평가하지 않았습니다.,2024
BRD_20231899,이해윤 추어명가,0.0,평가 대상 아님,,,이번 공시의 가맹점 수가 0이거나 비어 있어 평가하지 않았습니다.,2024
BRD_20231902,젬스톤,0.0,평가 대상 아님,,,이번 공시의 가맹점 수가 0이거나 비어 있어 평가하지 않았습니다.,2024
BRD_20231908,알찬제육,0.0,평가 대상 아님,,,이번 공시의 가맹점 수가 0이거나 비어 있어 평가하지 않았습니다.,2024
BRD_20240007|JNG_016599,하이웨이드라이버,0.0,평가 대상 아님,,,이번 공시의 가맹점 수가 0이거나 비어 있어 평가하지 않았습니다.,2024
BRD_20240011,베이크베이크,0.0,평가 대상 아님,,,이번 공시의 가맹점 수가 0이거나 비어 있어 평가하지 않았습니다.,2024
BRD_20240013|JNG_016605,송계옥,0.0,평가 대상 아님,,,이번 공시의 가맹점 수가 0이거나 비어 있어 평가하지 않았습니다.,2024
BRD_20240022,패티를굽는사람들,0.0,평가 대상 아님,,,이번 공시의 가맹점 수가 0이거나 비어 있어 평가하지 않았습니다.,2024
BRD_20240023,명동쭈꾸미,0.0,평가 대상 아님,,,이번 공시의 가맹점 수가 0이거나 비어 있어 평가하지 않았습니다.,2024
BRD_20240024,진또배기강릉짬뽕순두부,0.0,평가 대상 아님,,,이번 공시의 가맹점 수가 0이거나 비어 있어 평가하지 않았습니다.,2024
BRD_20240026,은율당,0.0,평가 대상 아님,,,이번 공시의 가맹점 수가 0이거나 비어 있어 평가하지 않았습니다.,2024
BRD_20240027|JNG_014694,화춘가든,0.0,평가 대상 아님,,,이번 공시의 가맹점 수가 0이거나 비어 있어 평가하지 않았습니다.,2024
BRD_20240035,맛승 대구왕뽈찜,0.0,평가 대상 아님,,,이번 공시의 가맹점 수가 0이거나 비어 있어 평가하지 않았습니다.,2024
BRD_20240038,폴인라떼,0.0,평가 대상 아님,,,이번 공시의 가맹점 수가 0이거나 비어 있어 평가하지 않았습니다.,2024
BRD_20240046,대단한 돈까스,0.0,평가 대상 아님,,,이번 공시의 가맹점 수가 0이거나 비어 있어 평가하지 않았습니다.,2024
BRD_20240050,칸단하이볼,0.0,평가 대상 아님,,,이번 공시의 가맹점 수가 0이거나 비어 있어 평가하지 않았습니다.,2024
BRD_20240058,루,0.0,평가 대상 아님,,,이번 공시의 가맹점 수가 0이거나 비어 있어 평가하지 않았습니다.,2024
BRD_20240059,한우싸롱,0.0,평가 대상 아님,,,이번 공시의 가맹점 수가 0이거나 비어 있어 평가하지 않았습니다.,2024
BRD_20240061,마라1299,0.0,평가 대상 아님,,,이번 공시의 가맹점 수가 0이거나 비어 있어 평가하지 않았습니다.,2024
BRD_20240063|JNG_016664,이풀리,0.0,평가 대상 아님,,,이번 공시의 가맹점 수가 0이거나 비어 있어 평가하지 않았습니다.,2024
BRD_20240065,족발이다,0.0,평가 대상 아님,,,이번 공시의 가맹점 수가 0이거나 비어 있어 평가하지 않았습니다.,2024
BRD_20240085,강정판다,0.0,평가 대상 아님,,,이번 공시의 가맹점 수가 0이거나 비어 있어 평가하지 않았습니다.,2024
BRD_20240086|JNG_016693,별난버섯집,0.0,평가 대상 아님,,,이번 공시의 가맹점 수가 0이거나 비어 있어 평가하지 않았습니다.,2024
BRD_20240087,우녹집,0.0,평가 대상 아님,,,이번 공시의 가맹점 수가 0이거나 비어 있어 평가하지 않았습니다.,2024
BRD_20240088,아사라베이커리,0.0,평가 대상 아님,,,이번 공시의 가맹점 수가 0이거나 비어 있어 평가하지 않았습니다.,2024
BRD_20240091,와우소문난감자탕,0.0,평가 대상 아님,,,이번 공시의 가맹점 수가 0이거나 비어 있어 평가하지 않았습니다.,2024
BRD_20240092|JNG_017878,백삼도,0.0,평가 대상 아님,,,이번 공시의 가맹점 수가 0이거나 비어 있어 평가하지 않았습니다.,2024
BRD_20240093,꼭지네,0.0,평가 대상 아님,,,이번 공시의 가맹점 수가 0이거나 비어 있어 평가하지 않았습니다.,2024
BRD_20240097,럭키마라탕,0.0,평가 대상 아님,,,이번 공시의 가맹점 수가 0이거나 비어 있어 평가하지 않았습니다.,2024
BRD_20240098,피피노피자,0.0,평가 대상 아님,,,이번 공시의 가맹점 수가 0이거나 비어 있어 평가하지 않았습니다.,2024
BRD_20240105,오월당,0.0,평가 대상 아님,,,이번 공시의 가맹점 수가 0이거나 비어 있어 평가하지 않았습니다.,2024
BRD_20240106|JNG_016845,자루야키용산로,0.0,평가 대상 아님,,,이번 공시의 가맹점 수가 0이거나 비어 있어 평가하지 않았습니다.,2024
BRD_20240115,팝콘팔라트(popcorn pallat),0.0,평가 대상 아님,,,이번 공시의 가맹점 수가 0이거나 비어 있어 평가하지 않았습니다.,2024
BRD_20240125,백양식당,0.0,평가 대상 아님,,,이번 공시의 가맹점 수가 0이거나 비어 있어 평가하지 않았습니다.,2024
BRD_20240126|JNG_016741,정칼짱,0.0,평가 대상 아님,,,이번 공시의 가맹점 수가 0이거나 비어 있어 평가하지 않았습니다.,2024
BRD_20240130,PD밥상,0.0,평가 대상 아님,,,이번 공시의 가맹점 수가 0이거나 비어 있어 평가하지 않았습니다.,2024
BRD_20240134,판교집,0.0,평가 대상 아님,,,이번 공시의 가맹점 수가 0이거나 비어 있어 평가하지 않았습니다.,2024
BRD_20240135,옥화식당,0.0,평가 대상 아님,,,이번 공시의 가맹점 수가 0이거나 비어 있어 평가하지 않았습니다.,2024
BRD_20240141|JNG_016761,전나도,0.0,평가 대상 아님,,,이번 공시의 가맹점 수가 0이거나 비어 있어 평가하지 않았습니다.,2024
BRD_20240146,무월식탁,0.0,평가 대상 아님,,,이번 공시의 가맹점 수가 0이거나 비어 있어 평가하지 않았습니다.,2024
BRD_20240147,참다선칼국수,0.0,평가 대상 아님,,,이번 공시의 가맹점 수가 0이거나 비어 있어 평가하지 않았습니다.,2024
BRD_20240155,피탕김탕,0.0,평가 대상 아님,,,이번 공시의 가맹점 수가 0이거나 비어 있어 평가하지 않았습니다.,2024
BRD_20240159|JNG_016780,효미역,0.0,평가 대상 아님,,,이번 공시의 가맹점 수가 0이거나 비어 있어 평가하지 않았습니다.,2024
BRD_20240161,이모가있는집,0.0,평가 대상 아님,,,이번 공시의 가맹점 수가 0이거나 비어 있어 평가하지 않았습니다.,2024
BRD_20240165,하오하오 마라,0.0,평가 대상 아님,,,이번 공시의 가맹점 수가 0이거나 비어 있어 평가하지 않았습니다.,2024
BRD_20240170,더탑김밥,0.0,평가 대상 아님,,,이번 공시의 가맹점 수가 0이거나 비어 있어 평가하지 않았습니다.,2024
BRD_20240172,바우 닭강정,0.0,평가 대상 아님,,,이번 공시의 가맹점 수가 0이거나 비어 있어 평가하지 않았습니다.,2024
BRD_20240176,불당마라깡패,0.0,평가 대상 아님,,,이번 공시의 가맹점 수가 0이거나 비어 있어 평가하지 않았습니다.,2024
BRD_20240182,3초등심,0.0,평가 대상 아님,,,이번 공시의 가맹점 수가 0이거나 비어 있어 평가하지 않았습니다.,2024
BRD_20240184|JNG_016486,샤브큐,0.0,평가 대상 아님,,,이번 공시의 가맹점 수가 0이거나 비어 있어 평가하지 않았습니다.,2024
BRD_20240189,피자모짜,0.0,평가 대상 아님,,,이번 공시의 가맹점 수가 0이거나 비어 있어 평가하지 않았습니다.,2024
BRD_20240191,아씨네 족발,0.0,평가 대상 아님,,,이번 공시의 가맹점 수가 0이거나 비어 있어 평가하지 않았습니다.,2024
BRD_20240193,꽃게담다by알찬게장,0.0,평가 대상 아님,,,이번 공시의 가맹점 수가 0이거나 비어 있어 평가하지 않았습니다.,2024
BRD_20240194,삼장샤브칼국수,0.0,평가 대상 아님,,,이번 공시의 가맹점 수가 0이거나 비어 있어 평가하지 않았습니다.,2024
BRD_20240195,라부인신마라탕,0.0,평가 대상 아님,,,이번 공시의 가맹점 수가 0이거나 비어 있어 평가하지 않았습니다.,2024
BRD_20240196,시래담,0.0,평가 대상 아님,,,이번 공시의 가맹점 수가 0이거나 비어 있어 평가하지 않았습니다.,2024
BRD_20240201,사츠키커리,0.0,평가 대상 아님,,,이번 공시의 가맹점 수가 0이거나 비어 있어 평가하지 않았습니다.,2024
BRD_20240212,빗갈,0.0,평가 대상 아님,,,이번 공시의 가맹점 수가 0이거나 비어 있어 평가하지 않았습니다.,2024
BRD_20240224,고택,0.0,평가 대상 아님,,,이번 공시의 가맹점 수가 0이거나 비어 있어 평가하지 않았습니다.,2024
BRD_20240227,다온닭강정,0.0,평가 대상 아님,,,이번 공시의 가맹점 수가 0이거나 비어 있어 평가하지 않았습니다.,2024
BRD_20240231,탕탕이,0.0,평가 대상 아님,,,이번 공시의 가맹점 수가 0이거나 비어 있어 평가하지 않았습니다.,2024
BRD_20240238,한양감자탕 순대국,0.0,평가 대상 아님,,,이번 공시의 가맹점 수가 0이거나 비어 있어 평가하지 않았습니다.,2024
BRD_20240239,한양뚝배기,0.0,평가 대상 아님,,,이번 공시의 가맹점 수가 0이거나 비어 있어 평가하지 않았습니다.,2024
BRD_20240246|JNG_016336,루츠커피랩(ROOTS COFFEE Lab.),0.0,평가 대상 아님,,,이번 공시의 가맹점 수가 0이거나 비어 있어 평가하지 않았습니다.,2024
BRD_20240247,구들짱황소곱창,0.0,평가 대상 아님,,,이번 공시의 가맹점 수가 0이거나 비어 있어 평가하지 않았습니다.,2024
BRD_20240250|JNG_016886,씅난돼지,0.0,평가 대상 아님,,,이번 공시의 가맹점 수가 0이거나 비어 있어 평가하지 않았습니다.,2024
BRD_20240264,착한마라탕,0.0,평가 대상 아님,,,이번 공시의 가맹점 수가 0이거나 비어 있어 평가하지 않았습니다.,2024
BRD_20240271|JNG_020176,방아실 연탄구이,0.0,평가 대상 아님,,,이번 공시의 가맹점 수가 0이거나 비어 있어 평가하지 않았습니다.,2024
BRD_20240287,오늘닭발해,0.0,평가 대상 아님,,,이번 공시의 가맹점 수가 0이거나 비어 있어 평가하지 않았습니다.,2024
BRD_20240288,삼춘김밥,0.0,평가 대상 아님,,,이번 공시의 가맹점 수가 0이거나 비어 있어 평가하지 않았습니다.,2024
BRD_20240291,양각도,0.0,평가 대상 아님,,,이번 공시의 가맹점 수가 0이거나 비어 있어 평가하지 않았습니다.,2024
BRD_20240292,온미가,0.0,평가 대상 아님,,,이번 공시의 가맹점 수가 0이거나 비어 있어 평가하지 않았습니다.,2024
BRD_20240293,미림 숯불갈비,0.0,평가 대상 아님,,,이번 공시의 가맹점 수가 0이거나 비어 있어 평가하지 않았습니다.,2024
BRD_20240298,울산밀면전문점,0.0,평가 대상 아님,,,이번 공시의 가맹점 수가 0이거나 비어 있어 평가하지 않았습니다.,2024
BRD_20240302|JNG_016943,을지로쌀국수,0.0,평가 대상 아님,,,이번 공시의 가맹점 수가 0이거나 비어 있어 평가하지 않았습니다.,2024
BRD_20240311,그릭판다,0.0,평가 대상 아님,,,이번 공시의 가맹점 수가 0이거나 비어 있어 평가하지 않았습니다.,2024
BRD_20240319,윌웰(We’llWell),0.0,평가 대상 아님,,,이번 공시의 가맹점 수가 0이거나 비어 있어 평가하지 않았습니다.,2024
BRD_20240326,풍곡가든,0.0,평가 대상 아님,,,이번 공시의 가맹점 수가 0이거나 비어 있어 평가하지 않았습니다.,2024
BRD_20240327|JNG_017734,입맛을 훔친 순댓국,0.0,평가 대상 아님,,,이번 공시의 가맹점 수가 0이거나 비어 있어 평가하지 않았습니다.,2024
BRD_20240334|JNG_016739,더김스타치킨,0.0,평가 대상 아님,,,이번 공시의 가맹점 수가 0이거나 비어 있어 평가하지 않았습니다.,2024
BRD_20240336,유미의식탐,0.0,평가 대상 아님,,,이번 공시의 가맹점 수가 0이거나 비어 있어 평가하지 않았습니다.,2024
BRD_20240340,오늘,0.0,평가 대상 아님,,,이번 공시의 가맹점 수가 0이거나 비어 있어 평가하지 않았습니다.,2024
BRD_20240341,계주,0.0,평가 대상 아님,,,이번 공시의 가맹점 수가 0이거나 비어 있어 평가하지 않았습니다.,2024
BRD_20240344,짬뽕선수,0.0,평가 대상 아님,,,이번 공시의 가맹점 수가 0이거나 비어 있어 평가하지 않았습니다.,2024
BRD_20240350,사랑채막국수,0.0,평가 대상 아님,,,이번 공시의 가맹점 수가 0이거나 비어 있어 평가하지 않았습니다.,2024
BRD_20240351,이브릭스,0.0,평가 대상 아님,,,이번 공시의 가맹점 수가 0이거나 비어 있어 평가하지 않았습니다.,2024
BRD_20240353|JNG_016628,일품 광복수제비,0.0,평가 대상 아님,,,이번 공시의 가맹점 수가 0이거나 비어 있어 평가하지 않았습니다.,2024
BRD_20240354,떡감,0.0,평가 대상 아님,,,이번 공시의 가맹점 수가 0이거나 비어 있어 평가하지 않았습니다.,2024
BRD_20240358,돗꽈비,0.0,평가 대상 아님,,,이번 공시의 가맹점 수가 0이거나 비어 있어 평가하지 않았습니다.,2024
BRD_20240359,1879,0.0,평가 대상 아님,,,이번 공시의 가맹점 수가 0이거나 비어 있어 평가하지 않았습니다.,2024
BRD_20240370,유박사 차이니즈,0.0,평가 대상 아님,,,이번 공시의 가맹점 수가 0이거나 비어 있어 평가하지 않았습니다.,2024
BRD_20240386,frausong,0.0,평가 대상 아님,,,이번 공시의 가맹점 수가 0이거나 비어 있어 평가하지 않았습니다.,2024
BRD_20240387,육회꽃필무렵,0.0,평가 대상 아님,,,이번 공시의 가맹점 수가 0이거나 비어 있어 평가하지 않았습니다.,2024
BRD_20240389,프엉호이안,0.0,평가 대상 아님,,,이번 공시의 가맹점 수가 0이거나 비어 있어 평가하지 않았습니다.,2024
BRD_20240395,춘천 광판리 숯불 닭갈비,0.0,평가 대상 아님,,,이번 공시의 가맹점 수가 0이거나 비어 있어 평가하지 않았습니다.,2024
BRD_20240398,홍파스타,0.0,평가 대상 아님,,,이번 공시의 가맹점 수가 0이거나 비어 있어 평가하지 않았습니다.,2024
BRD_20240416,산청리56솥뚜껑생삼겹살,0.0,평가 대상 아님,,,이번 공시의 가맹점 수가 0이거나 비어 있어 평가하지 않았습니다.,2024
BRD_20240418,팔도 1991,0.0,평가 대상 아님,,,이번 공시의 가맹점 수가 0이거나 비어 있어 평가하지 않았습니다.,2024
BRD_20240423,오늘그대와 &,0.0,평가 대상 아님,,,이번 공시의 가맹점 수가 0이거나 비어 있어 평가하지 않았습니다.,2024
BRD_20240428,고품석갈비,0.0,평가 대상 아님,,,이번 공시의 가맹점 수가 0이거나 비어 있어 평가하지 않았습니다.,2024
BRD_20240432,왕표연탄구이,0.0,평가 대상 아님,,,이번 공시의 가맹점 수가 0이거나 비어 있어 평가하지 않았습니다.,2024
BRD_20240435,시카고윙 (CHICAGO WINGG),0.0,평가 대상 아님,,,이번 공시의 가맹점 수가 0이거나 비어 있어 평가하지 않았습니다.,2024
BRD_20240443,진갈집,0.0,평가 대상 아님,,,이번 공시의 가맹점 수가 0이거나 비어 있어 평가하지 않았습니다.,2024
BRD_20240445,시댁,0.0,평가 대상 아님,,,이번 공시의 가맹점 수가 0이거나 비어 있어 평가하지 않았습니다.,2024
BRD_20240453,신에제육N77辛쭈꾸미,0.0,평가 대상 아님,,,이번 공시의 가맹점 수가 0이거나 비어 있어 평가하지 않았습니다.,2024
BRD_20240457,대단한 초밥,0.0,평가 대상 아님,,,이번 공시의 가맹점 수가 0이거나 비어 있어 평가하지 않았습니다.,2024
BRD_20240465,화달구연탄쭈꾸미,0.0,평가 대상 아님,,,이번 공시의 가맹점 수가 0이거나 비어 있어 평가하지 않았습니다.,2024
BRD_20240475,록희원,0.0,평가 대상 아님,,,이번 공시의 가맹점 수가 0이거나 비어 있어 평가하지 않았습니다.,2024
BRD_20240483,이심김밥,0.0,평가 대상 아님,,,이번 공시의 가맹점 수가 0이거나 비어 있어 평가하지 않았습니다.,2024
BRD_20240484,우동상회,0.0,평가 대상 아님,,,이번 공시의 가맹점 수가 0이거나 비어 있어 평가하지 않았습니다.,2024
BRD_20240486,밥부심,0.0,평가 대상 아님,,,이번 공시의 가맹점 수가 0이거나 비어 있어 평가하지 않았습니다.,2024
BRD_20240489,해물점,0.0,평가 대상 아님,,,이번 공시의 가맹점 수가 0이거나 비어 있어 평가하지 않았습니다.,2024
BRD_20240494,만복정,0.0,평가 대상 아님,,,이번 공시의 가맹점 수가 0이거나 비어 있어 평가하지 않았습니다.,2024
BRD_20240505,남매국밥,0.0,평가 대상 아님,,,이번 공시의 가맹점 수가 0이거나 비어 있어 평가하지 않았습니다.,2024
BRD_20240506,채선당 면가,0.0,평가 대상 아님,,,이번 공시의 가맹점 수가 0이거나 비어 있어 평가하지 않았습니다.,2024
BRD_20240512,국제제면소,0.0,평가 대상 아님,,,이번 공시의 가맹점 수가 0이거나 비어 있어 평가하지 않았습니다.,2024
BRD_20240514,마님김밥,0.0,평가 대상 아님,,,이번 공시의 가맹점 수가 0이거나 비어 있어 평가하지 않았습니다.,2024
BRD_20240516,모녀낙곱새,0.0,평가 대상 아님,,,이번 공시의 가맹점 수가 0이거나 비어 있어 평가하지 않았습니다.,2024
BRD_20240517,국밥명작,0.0,평가 대상 아님,,,이번 공시의 가맹점 수가 0이거나 비어 있어 평가하지 않았습니다.,2024
BRD_20240521,날씬한 수지의 건강한 오트밀,0.0,평가 대상 아님,,,이번 공시의 가맹점 수가 0이거나 비어 있어 평가하지 않았습니다.,2024
BRD_20240524,에이에스커피(AS COFFEE),0.0,평가 대상 아님,,,이번 공시의 가맹점 수가 0이거나 비어 있어 평가하지 않았습니다.,2024
BRD_20240525,제벌가,0.0,평가 대상 아님,,,이번 공시의 가맹점 수가 0이거나 비어 있어 평가하지 않았습니다.,2024
BRD_20240535,빈플러스,0.0,평가 대상 아님,,,이번 공시의 가맹점 수가 0이거나 비어 있어 평가하지 않았습니다.,2024
BRD_20240536,명태애찬,0.0,평가 대상 아님,,,이번 공시의 가맹점 수가 0이거나 비어 있어 평가하지 않았습니다.,2024
BRD_20240539,몽글계란덮밥,0.0,평가 대상 아님,,,이번 공시의 가맹점 수가 0이거나 비어 있어 평가하지 않았습니다.,2024
BRD_20240542,일산닭칼국수,0.0,평가 대상 아님,,,이번 공시의 가맹점 수가 0이거나 비어 있어 평가하지 않았습니다.,2024
BRD_20240544,249 광양불고기,0.0,평가 대상 아님,,,이번 공시의 가맹점 수가 0이거나 비어 있어 평가하지 않았습니다.,2024
BRD_20240556,빈앤브레드,0.0,평가 대상 아님,,,이번 공시의 가맹점 수가 0이거나 비어 있어 평가하지 않았습니다.,2024
BRD_20240567,천지 두루치기,0.0,평가 대상 아님,,,이번 공시의 가맹점 수가 0이거나 비어 있어 평가하지 않았습니다.,2024
BRD_20240581,피키즈 도넛타임,0.0,평가 대상 아님,,,이번 공시의 가맹점 수가 0이거나 비어 있어 평가하지 않았습니다.,2024
BRD_20240583,88국제시장,0.0,평가 대상 아님,,,이번 공시의 가맹점 수가 0이거나 비어 있어 평가하지 않았습니다.,2024
BRD_20240587,일등대패,0.0,평가 대상 아님,,,이번 공시의 가맹점 수가 0이거나 비어 있어 평가하지 않았습니다.,2024
BRD_20240588,THEBEERBAT(더비어배트),0.0,평가 대상 아님,,,이번 공시의 가맹점 수가 0이거나 비어 있어 평가하지 않았습니다.,2024
BRD_20240596,짬뽕GO,0.0,평가 대상 아님,,,이번 공시의 가맹점 수가 0이거나 비어 있어 평가하지 않았습니다.,2024
BRD_20240611,에그서울,0.0,평가 대상 아님,,,이번 공시의 가맹점 수가 0이거나 비어 있어 평가하지 않았습니다.,2024
BRD_20240617,야끼니꾸 테짱,0.0,평가 대상 아님,,,이번 공시의 가맹점 수가 0이거나 비어 있어 평가하지 않았습니다.,2024
BRD_20240618,오색대왕빙수,0.0,평가 대상 아님,,,이번 공시의 가맹점 수가 0이거나 비어 있어 평가하지 않았습니다.,2024
BRD_20240619,귯걸귯보이,0.0,평가 대상 아님,,,이번 공시의 가맹점 수가 0이거나 비어 있어 평가하지 않았습니다.,2024
BRD_20240622,와따분식,0.0,평가 대상 아님,,,이번 공시의 가맹점 수가 0이거나 비어 있어 평가하지 않았습니다.,2024
BRD_20240623,핏자공작소,0.0,평가 대상 아님,,,이번 공시의 가맹점 수가 0이거나 비어 있어 평가하지 않았습니다.,2024
BRD_20240627,리프레쉬보울(Refresh Bowl),0.0,평가 대상 아님,,,이번 공시의 가맹점 수가 0이거나 비어 있어 평가하지 않았습니다.,2024
BRD_20240629,동교리순대국,0.0,평가 대상 아님,,,이번 공시의 가맹점 수가 0이거나 비어 있어 평가하지 않았습니다.,2024
BRD_20240630,똘비왕족발,0.0,평가 대상 아님,,,이번 공시의 가맹점 수가 0이거나 비어 있어 평가하지 않았습니다.,2024
BRD_20240634,멘무샤 탄탄다이로,0.0,평가 대상 아님,,,이번 공시의 가맹점 수가 0이거나 비어 있어 평가하지 않았습니다.,2024
BRD_20240641,그릭요거트데이,0.0,평가 대상 아님,,,이번 공시의 가맹점 수가 0이거나 비어 있어 평가하지 않았습니다.,2024
BRD_20240644,노랑한상정육식점,0.0,평가 대상 아님,,,이번 공시의 가맹점 수가 0이거나 비어 있어 평가하지 않았습니다.,2024
BRD_20240649,오늘도마순대국,0.0,평가 대상 아님,,,이번 공시의 가맹점 수가 0이거나 비어 있어 평가하지 않았습니다.,2024
BRD_20240652,꿉는 남자,0.0,평가 대상 아님,,,이번 공시의 가맹점 수가 0이거나 비어 있어 평가하지 않았습니다.,2024
BRD_20240655,쿠우쿠우 블루레일,0.0,평가 대상 아님,,,이번 공시의 가맹점 수가 0이거나 비어 있어 평가하지 않았습니다.,2024
BRD_20240656,무쇠쫄갈비,0.0,평가 대상 아님,,,이번 공시의 가맹점 수가 0이거나 비어 있어 평가하지 않았습니다.,2024
BRD_20240663,토리&비어,0.0,평가 대상 아님,,,이번 공시의 가맹점 수가 0이거나 비어 있어 평가하지 않았습니다.,2024
BRD_20240666,취팔러마,0.0,평가 대상 아님,,,이번 공시의 가맹점 수가 0이거나 비어 있어 평가하지 않았습니다.,2024
BRD_20240672,천서리막국수,0.0,평가 대상 아님,,,이번 공시의 가맹점 수가 0이거나 비어 있어 평가하지 않았습니다.,2024
BRD_20240678,앙트레,0.0,평가 대상 아님,,,이번 공시의 가맹점 수가 0이거나 비어 있어 평가하지 않았습니다.,2024
BRD_20240685,디어벨류(Dear Value),0.0,평가 대상 아님,,,이번 공시의 가맹점 수가 0이거나 비어 있어 평가하지 않았습니다.,2024
BRD_20240690,타이로드,0.0,평가 대상 아님,,,이번 공시의 가맹점 수가 0이거나 비어 있어 평가하지 않았습니다.,2024
BRD_20240701,88로타리집,0.0,평가 대상 아님,,,이번 공시의 가맹점 수가 0이거나 비어 있어 평가하지 않았습니다.,2024
BRD_20240705,금대솔정육생고기,0.0,평가 대상 아님,,,이번 공시의 가맹점 수가 0이거나 비어 있어 평가하지 않았습니다.,2024
BRD_20240707,우도 톳 김밥,0.0,평가 대상 아님,,,이번 공시의 가맹점 수가 0이거나 비어 있어 평가하지 않았습니다.,2024
BRD_20240709,큰손 샤브샤브,0.0,평가 대상 아님,,,이번 공시의 가맹점 수가 0이거나 비어 있어 평가하지 않았습니다.,2024
BRD_20240714,하이콴 쌀국수,0.0,평가 대상 아님,,,이번 공시의 가맹점 수가 0이거나 비어 있어 평가하지 않았습니다.,2024
BRD_20240721,자각,0.0,평가 대상 아님,,,이번 공시의 가맹점 수가 0이거나 비어 있어 평가하지 않았습니다.,2024
BRD_20240725,항우소곱창,0.0,평가 대상 아님,,,이번 공시의 가맹점 수가 0이거나 비어 있어 평가하지 않았습니다.,2024
BRD_20240729,다이키흰고래,0.0,평가 대상 아님,,,이번 공시의 가맹점 수가 0이거나 비어 있어 평가하지 않았습니다.,2024
BRD_20240730,소장각,0.0,평가 대상 아님,,,이번 공시의 가맹점 수가 0이거나 비어 있어 평가하지 않았습니다.,2024
BRD_20240733,그남자의파스타,0.0,평가 대상 아님,,,이번 공시의 가맹점 수가 0이거나 비어 있어 평가하지 않았습니다.,2024
BRD_20240734,타파스빈,0.0,평가 대상 아님,,,이번 공시의 가맹점 수가 0이거나 비어 있어 평가하지 않았습니다.,2024
BRD_20240736,우마미덴,0.0,평가 대상 아님,,,이번 공시의 가맹점 수가 0이거나 비어 있어 평가하지 않았습니다.,2024
BRD_20240746,면천갈비,0.0,평가 대상 아님,,,이번 공시의 가맹점 수가 0이거나 비어 있어 평가하지 않았습니다.,2024
BRD_20240749,뉴욕러브베이글,0.0,평가 대상 아님,,,이번 공시의 가맹점 수가 0이거나 비어 있어 평가하지 않았습니다.,2024
BRD_20240756,랜떡,0.0,평가 대상 아님,,,이번 공시의 가맹점 수가 0이거나 비어 있어 평가하지 않았습니다.,2024
BRD_20240757,탄광촌 닭갈비,0.0,평가 대상 아님,,,이번 공시의 가맹점 수가 0이거나 비어 있어 평가하지 않았습니다.,2024
BRD_20240760,국민만족 720,0.0,평가 대상 아님,,,이번 공시의 가맹점 수가 0이거나 비어 있어 평가하지 않았습니다.,2024
BRD_20240763,크레페마스터,0.0,평가 대상 아님,,,이번 공시의 가맹점 수가 0이거나 비어 있어 평가하지 않았습니다.,2024
BRD_20240764,내가 진짜 김치찜&김치찌개 다,0.0,평가 대상 아님,,,이번 공시의 가맹점 수가 0이거나 비어 있어 평가하지 않았습니다.,2024
BRD_20240777,대건명가 콜드팬트리,0.0,평가 대상 아님,,,이번 공시의 가맹점 수가 0이거나 비어 있어 평가하지 않았습니다.,2024
BRD_20240780,일품보쌈,0.0,평가 대상 아님,,,이번 공시의 가맹점 수가 0이거나 비어 있어 평가하지 않았습니다.,2024
BRD_20240781,빅마마버거,0.0,평가 대상 아님,,,이번 공시의 가맹점 수가 0이거나 비어 있어 평가하지 않았습니다.,2024
BRD_20240782,화닭 숯불 두마리치킨,0.0,평가 대상 아님,,,이번 공시의 가맹점 수가 0이거나 비어 있어 평가하지 않았습니다.,2024
BRD_20240783,탕수육가장잘튀기는집,0.0,평가 대상 아님,,,이번 공시의 가맹점 수가 0이거나 비어 있어 평가하지 않았습니다.,2024
BRD_20240784,이찌방타코야키,0.0,평가 대상 아님,,,이번 공시의 가맹점 수가 0이거나 비어 있어 평가하지 않았습니다.,2024
BRD_20240786,계탄족,0.0,평가 대상 아님,,,이번 공시의 가맹점 수가 0이거나 비어 있어 평가하지 않았습니다.,2024
BRD_20240796,극락갈비찜,0.0,평가 대상 아님,,,이번 공시의 가맹점 수가 0이거나 비어 있어 평가하지 않았습니다.,2024
BRD_20240805,正갈 갈비후라이드,0.0,평가 대상 아님,,,이번 공시의 가맹점 수가 0이거나 비어 있어 평가하지 않았습니다.,2024
BRD_20240806,소사면옥,0.0,평가 대상 아님,,,이번 공시의 가맹점 수가 0이거나 비어 있어 평가하지 않았습니다.,2024
BRD_20240817,쭈꾸으리,0.0,평가 대상 아님,,,이번 공시의 가맹점 수가 0이거나 비어 있어 평가하지 않았습니다.,2024
BRD_20240821,칠칠맥주,0.0,평가 대상 아님,,,이번 공시의 가맹점 수가 0이거나 비어 있어 평가하지 않았습니다.,2024
BRD_20240822,광천옥,0.0,평가 대상 아님,,,이번 공시의 가맹점 수가 0이거나 비어 있어 평가하지 않았습니다.,2024
BRD_20240825,한양곰탕,0.0,평가 대상 아님,,,이번 공시의 가맹점 수가 0이거나 비어 있어 평가하지 않았습니다.,2024
BRD_20240826,송하원 한방 삼계탕,0.0,평가 대상 아님,,,이번 공시의 가맹점 수가 0이거나 비어 있어 평가하지 않았습니다.,2024
BRD_20240831,한끼니쿠,0.0,평가 대상 아님,,,이번 공시의 가맹점 수가 0이거나 비어 있어 평가하지 않았습니다.,2024
BRD_20240832,큰집닭강정,0.0,평가 대상 아님,,,이번 공시의 가맹점 수가 0이거나 비어 있어 평가하지 않았습니다.,2024
BRD_20240833,나는냉면 너는모밀,0.0,평가 대상 아님,,,이번 공시의 가맹점 수가 0이거나 비어 있어 평가하지 않았습니다.,2024
BRD_20240841,큐브뮤직타운,0.0,평가 대상 아님,,,이번 공시의 가맹점 수가 0이거나 비어 있어 평가하지 않았습니다.,2024
BRD_20240845,허떡1977,0.0,평가 대상 아님,,,이번 공시의 가맹점 수가 0이거나 비어 있어 평가하지 않았습니다.,2024
BRD_20240850,서영연어,0.0,평가 대상 아님,,,이번 공시의 가맹점 수가 0이거나 비어 있어 평가하지 않았습니다.,2024
BRD_20240851,서영육회,0.0,평가 대상 아님,,,이번 공시의 가맹점 수가 0이거나 비어 있어 평가하지 않았습니다.,2024
BRD_20240861,부루나뽀빠이냉면,0.0,평가 대상 아님,,,이번 공시의 가맹점 수가 0이거나 비어 있어 평가하지 않았습니다.,2024
BRD_20240868,유니컵 커피,0.0,평가 대상 아님,,,이번 공시의 가맹점 수가 0이거나 비어 있어 평가하지 않았습니다.,2024
BRD_20240869,브루클린 푸드트레일러,0.0,평가 대상 아님,,,이번 공시의 가맹점 수가 0이거나 비어 있어 평가하지 않았습니다.,2024
BRD_20240871,우야꼬닭강정,0.0,평가 대상 아님,,,이번 공시의 가맹점 수가 0이거나 비어 있어 평가하지 않았습니다.,2024
BRD_20240873,주가대첩,0.0,평가 대상 아님,,,이번 공시의 가맹점 수가 0이거나 비어 있어 평가하지 않았습니다.,2024
BRD_20240875,그날이후 불타는삼겹살,0.0,평가 대상 아님,,,이번 공시의 가맹점 수가 0이거나 비어 있어 평가하지 않았습니다.,2024
BRD_20240884,벚골도토리막국수,0.0,평가 대상 아님,,,이번 공시의 가맹점 수가 0이거나 비어 있어 평가하지 않았습니다.,2024
BRD_20240888,청춘볶음밥,0.0,평가 대상 아님,,,이번 공시의 가맹점 수가 0이거나 비어 있어 평가하지 않았습니다.,2024
BRD_20240899,수유골목냉면,0.0,평가 대상 아님,,,이번 공시의 가맹점 수가 0이거나 비어 있어 평가하지 않았습니다.,2024
BRD_20240900,4도씨맥주,0.0,평가 대상 아님,,,이번 공시의 가맹점 수가 0이거나 비어 있어 평가하지 않았습니다.,2024
BRD_20240903,10대생활의달인 이상현 두루반점,0.0,평가 대상 아님,,,이번 공시의 가맹점 수가 0이거나 비어 있어 평가하지 않았습니다.,2024
BRD_20240908,여의나룻,0.0,평가 대상 아님,,,이번 공시의 가맹점 수가 0이거나 비어 있어 평가하지 않았습니다.,2024
BRD_20240920,마왕찜닭,0.0,평가 대상 아님,,,이번 공시의 가맹점 수가 0이거나 비어 있어 평가하지 않았습니다.,2024
BRD_20240930,이쁜여우 핫도그,0.0,평가 대상 아님,,,이번 공시의 가맹점 수가 0이거나 비어 있어 평가하지 않았습니다.,2024
BRD_20240932,호랭이반점,0.0,평가 대상 아님,,,이번 공시의 가맹점 수가 0이거나 비어 있어 평가하지 않았습니다.,2024
BRD_20240935,미랑샤브,0.0,평가 대상 아님,,,이번 공시의 가맹점 수가 0이거나 비어 있어 평가하지 않았습니다.,2024
BRD_20240937,앤센스커피,0.0,평가 대상 아님,,,이번 공시의 가맹점 수가 0이거나 비어 있어 평가하지 않았습니다.,2024
BRD_20240938,송화유수탕반,0.0,평가 대상 아님,,,이번 공시의 가맹점 수가 0이거나 비어 있어 평가하지 않았습니다.,2024
BRD_20240944,우아한 아구찜,0.0,평가 대상 아님,,,이번 공시의 가맹점 수가 0이거나 비어 있어 평가하지 않았습니다.,2024
BRD_20240950,위글루션,0.0,평가 대상 아님,,,이번 공시의 가맹점 수가 0이거나 비어 있어 평가하지 않았습니다.,2024
BRD_20240959,WAKEY(웨이키),0.0,평가 대상 아님,,,이번 공시의 가맹점 수가 0이거나 비어 있어 평가하지 않았습니다.,2024
BRD_20240960,온더보더(ON THE BORDER),0.0,평가 대상 아님,,,이번 공시의 가맹점 수가 0이거나 비어 있어 평가하지 않았습니다.,2024
BRD_20240963,오송다락,0.0,평가 대상 아님,,,이번 공시의 가맹점 수가 0이거나 비어 있어 평가하지 않았습니다.,2024
BRD_20240973,조선펍차,0.0,평가 대상 아님,,,이번 공시의 가맹점 수가 0이거나 비어 있어 평가하지 않았습니다.,2024
BRD_20240975,만석 덴하우스,0.0,평가 대상 아님,,,이번 공시의 가맹점 수가 0이거나 비어 있어 평가하지 않았습니다.,2024
BRD_20240977,커피팡,0.0,평가 대상 아님,,,이번 공시의 가맹점 수가 0이거나 비어 있어 평가하지 않았습니다.,2024
BRD_20240984,마츠노키,0.0,평가 대상 아님,,,이번 공시의 가맹점 수가 0이거나 비어 있어 평가하지 않았습니다.,2024
BRD_20240988,일월분식,0.0,평가 대상 아님,,,이번 공시의 가맹점 수가 0이거나 비어 있어 평가하지 않았습니다.,2024
BRD_20240989,하마고기,0.0,평가 대상 아님,,,이번 공시의 가맹점 수가 0이거나 비어 있어 평가하지 않았습니다.,2024
BRD_20240990,우연한만남마마오리,0.0,평가 대상 아님,,,이번 공시의 가맹점 수가 0이거나 비어 있어 평가하지 않았습니다.,2024
BRD_20240991,일오삼와인,0.0,평가 대상 아님,,,이번 공시의 가맹점 수가 0이거나 비어 있어 평가하지 않았습니다.,2024
BRD_20240993,백년집,0.0,평가 대상 아님,,,이번 공시의 가맹점 수가 0이거나 비어 있어 평가하지 않았습니다.,2024
BRD_20241008,한잔의술 레트로포차,0.0,평가 대상 아님,,,이번 공시의 가맹점 수가 0이거나 비어 있어 평가하지 않았습니다.,2024
BRD_20241009,풋풋,0.0,평가 대상 아님,,,이번 공시의 가맹점 수가 0이거나 비어 있어 평가하지 않았습니다.,2024
BRD_20241010,숙성의 달인,0.0,평가 대상 아님,,,이번 공시의 가맹점 수가 0이거나 비어 있어 평가하지 않았습니다.,2024
BRD_20241014,우월관,0.0,평가 대상 아님,,,이번 공시의 가맹점 수가 0이거나 비어 있어 평가하지 않았습니다.,2024
BRD_20241015,연남족발1987,0.0,평가 대상 아님,,,이번 공시의 가맹점 수가 0이거나 비어 있어 평가하지 않았습니다.,2024
BRD_20241016,빠빠킹돈까스&쫄면구역,0.0,평가 대상 아님,,,이번 공시의 가맹점 수가 0이거나 비어 있어 평가하지 않았습니다.,2024
BRD_20241023,샤화숲,0.0,평가 대상 아님,,,이번 공시의 가맹점 수가 0이거나 비어 있어 평가하지 않았습니다.,2024
BRD_20241027,산더미미성돼지국밥,0.0,평가 대상 아님,,,이번 공시의 가맹점 수가 0이거나 비어 있어 평가하지 않았습니다.,2024
BRD_20241031,압구정 후라이팬,0.0,평가 대상 아님,,,이번 공시의 가맹점 수가 0이거나 비어 있어 평가하지 않았습니다.,2024
BRD_20241032,덕미리흑염소전문,0.0,평가 대상 아님,,,이번 공시의 가맹점 수가 0이거나 비어 있어 평가하지 않았습니다.,2024
BRD_20241034,삼미화로,0.0,평가 대상 아님,,,이번 공시의 가맹점 수가 0이거나 비어 있어 평가하지 않았습니다.,2024
BRD_20241036,거작 들기름한우육회비빔밥,0.0,평가 대상 아님,,,이번 공시의 가맹점 수가 0이거나 비어 있어 평가하지 않았습니다.,2024
BRD_20241037,미반미역국정찬,0.0,평가 대상 아님,,,이번 공시의 가맹점 수가 0이거나 비어 있어 평가하지 않았습니다.,2024
BRD_20241043,뽁분식,0.0,평가 대상 아님,,,이번 공시의 가맹점 수가 0이거나 비어 있어 평가하지 않았습니다.,2024
BRD_20241046,신사냉삼촌,0.0,평가 대상 아님,,,이번 공시의 가맹점 수가 0이거나 비어 있어 평가하지 않았습니다.,2024
BRD_20241049,행복아래행운마을,0.0,평가 대상 아님,,,이번 공시의 가맹점 수가 0이거나 비어 있어 평가하지 않았습니다.,2024
BRD_20241051,행복청국장보리밥,0.0,평가 대상 아님,,,이번 공시의 가맹점 수가 0이거나 비어 있어 평가하지 않았습니다.,2024
BRD_20241055,로이드페스츄리(ROI de PASTRY),0.0,평가 대상 아님,,,이번 공시의 가맹점 수가 0이거나 비어 있어 평가하지 않았습니다.,2024
BRD_20241057,가츠시,0.0,평가 대상 아님,,,이번 공시의 가맹점 수가 0이거나 비어 있어 평가하지 않았습니다.,2024
BRD_20241060,아양돈,0.0,평가 대상 아님,,,이번 공시의 가맹점 수가 0이거나 비어 있어 평가하지 않았습니다.,2024
BRD_20241063,진 강남족발,0.0,평가 대상 아님,,,이번 공시의 가맹점 수가 0이거나 비어 있어 평가하지 않았습니다.,2024
BRD_20241064,사계절흑염소,0.0,평가 대상 아님,,,이번 공시의 가맹점 수가 0이거나 비어 있어 평가하지 않았습니다.,2024
BRD_20241067,별국수,0.0,평가 대상 아님,,,이번 공시의 가맹점 수가 0이거나 비어 있어 평가하지 않았습니다.,2024
BRD_20241069,파친코(PACHINKO),0.0,평가 대상 아님,,,이번 공시의 가맹점 수가 0이거나 비어 있어 평가하지 않았습니다.,2024
BRD_20241070,장안라운지,0.0,평가 대상 아님,,,이번 공시의 가맹점 수가 0이거나 비어 있어 평가하지 않았습니다.,2024
BRD_20241071,하오반점,0.0,평가 대상 아님,,,이번 공시의 가맹점 수가 0이거나 비어 있어 평가하지 않았습니다.,2024
BRD_20241077,숙성고기 구팔이,0.0,평가 대상 아님,,,이번 공시의 가맹점 수가 0이거나 비어 있어 평가하지 않았습니다.,2024
BRD_20241080,카페몬스터,0.0,평가 대상 아님,,,이번 공시의 가맹점 수가 0이거나 비어 있어 평가하지 않았습니다.,2024
BRD_20241085,임만순숯불갈비,0.0,평가 대상 아님,,,이번 공시의 가맹점 수가 0이거나 비어 있어 평가하지 않았습니다.,2024
BRD_20241090,욱이국밥,0.0,평가 대상 아님,,,이번 공시의 가맹점 수가 0이거나 비어 있어 평가하지 않았습니다.,2024
BRD_20241092,콩월,0.0,평가 대상 아님,,,이번 공시의 가맹점 수가 0이거나 비어 있어 평가하지 않았습니다.,2024
BRD_20241093,맛있는거팔아요,0.0,평가 대상 아님,,,이번 공시의 가맹점 수가 0이거나 비어 있어 평가하지 않았습니다.,2024
BRD_20241098,오유내김,0.0,평가 대상 아님,,,이번 공시의 가맹점 수가 0이거나 비어 있어 평가하지 않았습니다.,2024
BRD_20241102,식객단골집,0.0,평가 대상 아님,,,이번 공시의 가맹점 수가 0이거나 비어 있어 평가하지 않았습니다.,2024
BRD_20241112,모어덴투데이 (MORE THAN TODAY),0.0,평가 대상 아님,,,이번 공시의 가맹점 수가 0이거나 비어 있어 평가하지 않았습니다.,2024
BRD_20241113,손의손,0.0,평가 대상 아님,,,이번 공시의 가맹점 수가 0이거나 비어 있어 평가하지 않았습니다.,2024
BRD_20241119,지축김밥,0.0,평가 대상 아님,,,이번 공시의 가맹점 수가 0이거나 비어 있어 평가하지 않았습니다.,2024
BRD_20241122,구움씨,0.0,평가 대상 아님,,,이번 공시의 가맹점 수가 0이거나 비어 있어 평가하지 않았습니다.,2024
BRD_20241123,베이보릿,0.0,평가 대상 아님,,,이번 공시의 가맹점 수가 0이거나 비어 있어 평가하지 않았습니다.,2024
BRD_20241124,죽앤죽,0.0,평가 대상 아님,,,이번 공시의 가맹점 수가 0이거나 비어 있어 평가하지 않았습니다.,2024
BRD_20241127,설레이는..연이,0.0,평가 대상 아님,,,이번 공시의 가맹점 수가 0이거나 비어 있어 평가하지 않았습니다.,2024
BRD_20241128,유쾌한꼬막,0.0,평가 대상 아님,,,이번 공시의 가맹점 수가 0이거나 비어 있어 평가하지 않았습니다.,2024
BRD_20241133,백산화로,0.0,평가 대상 아님,,,이번 공시의 가맹점 수가 0이거나 비어 있어 평가하지 않았습니다.,2024
BRD_20241135,키친요디,0.0,평가 대상 아님,,,이번 공시의 가맹점 수가 0이거나 비어 있어 평가하지 않았습니다.,2024
BRD_20241140,은비갈비,0.0,평가 대상 아님,,,이번 공시의 가맹점 수가 0이거나 비어 있어 평가하지 않았습니다.,2024
BRD_20241147,한라불쭈꾸미,0.0,평가 대상 아님,,,이번 공시의 가맹점 수가 0이거나 비어 있어 평가하지 않았습니다.,2024
BRD_20241155,팔도휴게소,0.0,평가 대상 아님,,,이번 공시의 가맹점 수가 0이거나 비어 있어 평가하지 않았습니다.,2024
BRD_20241156,연남,0.0,평가 대상 아님,,,이번 공시의 가맹점 수가 0이거나 비어 있어 평가하지 않았습니다.,2024
BRD_20241165,여름이네,0.0,평가 대상 아님,,,이번 공시의 가맹점 수가 0이거나 비어 있어 평가하지 않았습니다.,2024
BRD_20241167,파일론,0.0,평가 대상 아님,,,이번 공시의 가맹점 수가 0이거나 비어 있어 평가하지 않았습니다.,2024
BRD_20241169,파일론 익스프레스,0.0,평가 대상 아님,,,이번 공시의 가맹점 수가 0이거나 비어 있어 평가하지 않았습니다.,2024
BRD_20241170,파일론 샵인샵,0.0,평가 대상 아님,,,이번 공시의 가맹점 수가 0이거나 비어 있어 평가하지 않았습니다.,2024
BRD_20241177,양림온칼,0.0,평가 대상 아님,,,이번 공시의 가맹점 수가 0이거나 비어 있어 평가하지 않았습니다.,2024
BRD_20241178,영화당,0.0,평가 대상 아님,,,이번 공시의 가맹점 수가 0이거나 비어 있어 평가하지 않았습니다.,2024
BRD_20241180,진사천훠궈,0.0,평가 대상 아님,,,이번 공시의 가맹점 수가 0이거나 비어 있어 평가하지 않았습니다.,2024
BRD_20241184,윤반장 역전오리,0.0,평가 대상 아님,,,이번 공시의 가맹점 수가 0이거나 비어 있어 평가하지 않았습니다.,2024
BRD_20241189,시나몬하우스,0.0,평가 대상 아님,,,이번 공시의 가맹점 수가 0이거나 비어 있어 평가하지 않았습니다.,2024
BRD_20241192,119마라탕,0.0,평가 대상 아님,,,이번 공시의 가맹점 수가 0이거나 비어 있어 평가하지 않았습니다.,2024
BRD_20241193,꾸슬(GGUSLE),0.0,평가 대상 아님,,,이번 공시의 가맹점 수가 0이거나 비어 있어 평가하지 않았습니다.,2024
BRD_20241196,베베,0.0,평가 대상 아님,,,이번 공시의 가맹점 수가 0이거나 비어 있어 평가하지 않았습니다.,2024
BRD_20241198,TSG소금화로,0.0,평가 대상 아님,,,이번 공시의 가맹점 수가 0이거나 비어 있어 평가하지 않았습니다.,2024
BRD_20241199,조통치킨,0.0,평가 대상 아님,,,이번 공시의 가맹점 수가 0이거나 비어 있어 평가하지 않았습니다.,2024
BRD_20241204,통영 메르치45 김밥 엔 국수,0.0,평가 대상 아님,,,이번 공시의 가맹점 수가 0이거나 비어 있어 평가하지 않았습니다.,2024
BRD_20241205,치미치미,0.0,평가 대상 아님,,,이번 공시의 가맹점 수가 0이거나 비어 있어 평가하지 않았습니다.,2024
BRD_20241207,무휼,0.0,평가 대상 아님,,,이번 공시의 가맹점 수가 0이거나 비어 있어 평가하지 않았습니다.,2024
BRD_20241208,주류충전소,0.0,평가 대상 아님,,,이번 공시의 가맹점 수가 0이거나 비어 있어 평가하지 않았습니다.,2024
BRD_20241210,로지오뎅 (ROJI ODEN),0.0,평가 대상 아님,,,이번 공시의 가맹점 수가 0이거나 비어 있어 평가하지 않았습니다.,2024
BRD_20241218,더밥상,0.0,평가 대상 아님,,,이번 공시의 가맹점 수가 0이거나 비어 있어 평가하지 않았습니다.,2024
BRD_20241221,참치저장소더쉐프스마구로,0.0,평가 대상 아님,,,이번 공시의 가맹점 수가 0이거나 비어 있어 평가하지 않았습니다.,2024
BRD_20241227,그로또,0.0,평가 대상 아님,,,이번 공시의 가맹점 수가 0이거나 비어 있어 평가하지 않았습니다.,2024
BRD_20241228,코지리틀,0.0,평가 대상 아님,,,이번 공시의 가맹점 수가 0이거나 비어 있어 평가하지 않았습니다.,2024
BRD_20241230,최순옥 명품국밥,0.0,평가 대상 아님,,,이번 공시의 가맹점 수가 0이거나 비어 있어 평가하지 않았습니다.,2024
BRD_20241231,힙피커피(heap.p coffee),0.0,평가 대상 아님,,,이번 공시의 가맹점 수가 0이거나 비어 있어 평가하지 않았습니다.,2024
BRD_20241234,우몽,0.0,평가 대상 아님,,,이번 공시의 가맹점 수가 0이거나 비어 있어 평가하지 않았습니다.,2024
BRD_20241247,치밥의달인,0.0,평가 대상 아님,,,이번 공시의 가맹점 수가 0이거나 비어 있어 평가하지 않았습니다.,2024
BRD_20241248,파사리바베큐치킨,0.0,평가 대상 아님,,,이번 공시의 가맹점 수가 0이거나 비어 있어 평가하지 않았습니다.,2024
BRD_20241255,중화산닭발,0.0,평가 대상 아님,,,이번 공시의 가맹점 수가 0이거나 비어 있어 평가하지 않았습니다.,2024
BRD_20241257,흑풍대패삼겹,0.0,평가 대상 아님,,,이번 공시의 가맹점 수가 0이거나 비어 있어 평가하지 않았습니다.,2024
BRD_20241258,소금빵앗간,0.0,평가 대상 아님,,,이번 공시의 가맹점 수가 0이거나 비어 있어 평가하지 않았습니다.,2024
BRD_20241259,호호담,0.0,평가 대상 아님,,,이번 공시의 가맹점 수가 0이거나 비어 있어 평가하지 않았습니다.,2024
BRD_20241260,다원정 소고기국밥,0.0,평가 대상 아님,,,이번 공시의 가맹점 수가 0이거나 비어 있어 평가하지 않았습니다.,2024
BRD_20241270,국민핵교 옛날도시락,0.0,평가 대상 아님,,,이번 공시의 가맹점 수가 0이거나 비어 있어 평가하지 않았습니다.,2024
BRD_20241275,경가(京家),0.0,평가 대상 아님,,,이번 공시의 가맹점 수가 0이거나 비어 있어 평가하지 않았습니다.,2024
BRD_20241276,연탄구이 운탄,0.0,평가 대상 아님,,,이번 공시의 가맹점 수가 0이거나 비어 있어 평가하지 않았습니다.,2024
BRD_20241277,모두의닭강정,0.0,평가 대상 아님,,,이번 공시의 가맹점 수가 0이거나 비어 있어 평가하지 않았습니다.,2024
BRD_20241278,신사(SINSA)꽃게당,0.0,평가 대상 아님,,,이번 공시의 가맹점 수가 0이거나 비어 있어 평가하지 않았습니다.,2024
BRD_20241280,두두치킨,0.0,평가 대상 아님,,,이번 공시의 가맹점 수가 0이거나 비어 있어 평가하지 않았습니다.,2024
BRD_20241282,윤씨네목공소,0.0,평가 대상 아님,,,이번 공시의 가맹점 수가 0이거나 비어 있어 평가하지 않았습니다.,2024
BRD_20241288,프롬프트,0.0,평가 대상 아님,,,이번 공시의 가맹점 수가 0이거나 비어 있어 평가하지 않았습니다.,2024
BRD_20241289,이소현제대루막창,0.0,평가 대상 아님,,,이번 공시의 가맹점 수가 0이거나 비어 있어 평가하지 않았습니다.,2024
BRD_20241292,타누키쿠시,0.0,평가 대상 아님,,,이번 공시의 가맹점 수가 0이거나 비어 있어 평가하지 않았습니다.,2024
BRD_20241299,성화금탕마라탕,0.0,평가 대상 아님,,,이번 공시의 가맹점 수가 0이거나 비어 있어 평가하지 않았습니다.,2024
BRD_20241302,마인네하우스,0.0,평가 대상 아님,,,이번 공시의 가맹점 수가 0이거나 비어 있어 평가하지 않았습니다.,2024
BRD_20241306,봉명읍미쓰리,0.0,평가 대상 아님,,,이번 공시의 가맹점 수가 0이거나 비어 있어 평가하지 않았습니다.,2024
BRD_20241309,요거트에브리띵,0.0,평가 대상 아님,,,이번 공시의 가맹점 수가 0이거나 비어 있어 평가하지 않았습니다.,2024
BRD_20241316,대한면국,0.0,평가 대상 아님,,,이번 공시의 가맹점 수가 0이거나 비어 있어 평가하지 않았습니다.,2024
BRD_20241321,짜장도사,0.0,평가 대상 아님,,,이번 공시의 가맹점 수가 0이거나 비어 있어 평가하지 않았습니다.,2024
BRD_20241322,푸롤리(Fulolli),0.0,평가 대상 아님,,,이번 공시의 가맹점 수가 0이거나 비어 있어 평가하지 않았습니다.,2024
BRD_20241324,플라잉드래곤,0.0,평가 대상 아님,,,이번 공시의 가맹점 수가 0이거나 비어 있어 평가하지 않았습니다.,2024
BRD_20241325,이상달낙곱새,0.0,평가 대상 아님,,,이번 공시의 가맹점 수가 0이거나 비어 있어 평가하지 않았습니다.,2024
BRD_20241328,행운손만두,0.0,평가 대상 아님,,,이번 공시의 가맹점 수가 0이거나 비어 있어 평가하지 않았습니다.,2024
BRD_20241331,청년양식,0.0,평가 대상 아님,,,이번 공시의 가맹점 수가 0이거나 비어 있어 평가하지 않았습니다.,2024
BRD_20241332,효반,0.0,평가 대상 아님,,,이번 공시의 가맹점 수가 0이거나 비어 있어 평가하지 않았습니다.,2024
BRD_20241333,육앤품,0.0,평가 대상 아님,,,이번 공시의 가맹점 수가 0이거나 비어 있어 평가하지 않았습니다.,2024
BRD_20241334,덕산뒷고기,0.0,평가 대상 아님,,,이번 공시의 가맹점 수가 0이거나 비어 있어 평가하지 않았습니다.,2024
BRD_20241337,말똥도나스,0.0,평가 대상 아님,,,이번 공시의 가맹점 수가 0이거나 비어 있어 평가하지 않았습니다.,2024
BRD_20241338,조코노래타운,0.0,평가 대상 아님,,,이번 공시의 가맹점 수가 0이거나 비어 있어 평가하지 않았습니다.,2024
BRD_20241342,우마주,0.0,평가 대상 아님,,,이번 공시의 가맹점 수가 0이거나 비어 있어 평가하지 않았습니다.,2024
BRD_20241350,국빱집,0.0,평가 대상 아님,,,이번 공시의 가맹점 수가 0이거나 비어 있어 평가하지 않았습니다.,2024
BRD_20241353,미식낙곱새,0.0,평가 대상 아님,,,이번 공시의 가맹점 수가 0이거나 비어 있어 평가하지 않았습니다.,2024
BRD_20241354,리얼짜글이,0.0,평가 대상 아님,,,이번 공시의 가맹점 수가 0이거나 비어 있어 평가하지 않았습니다.,2024
BRD_20241355,돼봉삼겹살,0.0,평가 대상 아님,,,이번 공시의 가맹점 수가 0이거나 비어 있어 평가하지 않았습니다.,2024
BRD_20241357,산울림삼겹살,0.0,평가 대상 아님,,,이번 공시의 가맹점 수가 0이거나 비어 있어 평가하지 않았습니다.,2024
BRD_20241362,우가네감자탕,0.0,평가 대상 아님,,,이번 공시의 가맹점 수가 0이거나 비어 있어 평가하지 않았습니다.,2024
BRD_20241365,토이아이스,0.0,평가 대상 아님,,,이번 공시의 가맹점 수가 0이거나 비어 있어 평가하지 않았습니다.,2024
BRD_20241366,진심감자탕,0.0,평가 대상 아님,,,이번 공시의 가맹점 수가 0이거나 비어 있어 평가하지 않았습니다.,2024
BRD_20241369,만만축산,0.0,평가 대상 아님,,,이번 공시의 가맹점 수가 0이거나 비어 있어 평가하지 않았습니다.,2024
BRD_20241371,명인빵지순례,0.0,평가 대상 아님,,,이번 공시의 가맹점 수가 0이거나 비어 있어 평가하지 않았습니다.,2024
BRD_20241374,남대갈뚝배기,0.0,평가 대상 아님,,,이번 공시의 가맹점 수가 0이거나 비어 있어 평가하지 않았습니다.,2024
BRD_20241379,TSG통삼국 짜글이&김치찌개,0.0,평가 대상 아님,,,이번 공시의 가맹점 수가 0이거나 비어 있어 평가하지 않았습니다.,2024
BRD_20241385,제로한식,0.0,평가 대상 아님,,,이번 공시의 가맹점 수가 0이거나 비어 있어 평가하지 않았습니다.,2024
BRD_20241386,덕만이네 밥집,0.0,평가 대상 아님,,,이번 공시의 가맹점 수가 0이거나 비어 있어 평가하지 않았습니다.,2024
BRD_20241393,할매가곰탕,0.0,평가 대상 아님,,,이번 공시의 가맹점 수가 0이거나 비어 있어 평가하지 않았습니다.,2024
BRD_20241397,마마치킨,0.0,평가 대상 아님,,,이번 공시의 가맹점 수가 0이거나 비어 있어 평가하지 않았습니다.,2024
BRD_20241398,동백본가,0.0,평가 대상 아님,,,이번 공시의 가맹점 수가 0이거나 비어 있어 평가하지 않았습니다.,2024
BRD_20241400,혼자와썹,0.0,평가 대상 아님,,,이번 공시의 가맹점 수가 0이거나 비어 있어 평가하지 않았습니다.,2024
BRD_20241406,고도,0.0,평가 대상 아님,,,이번 공시의 가맹점 수가 0이거나 비어 있어 평가하지 않았습니다.,2024
BRD_20241408,이앤김밥,0.0,평가 대상 아님,,,이번 공시의 가맹점 수가 0이거나 비어 있어 평가하지 않았습니다.,2024
BRD_20241410,오티씨 커피,0.0,평가 대상 아님,,,이번 공시의 가맹점 수가 0이거나 비어 있어 평가하지 않았습니다.,2024
BRD_20241413,처음본 기력민물장어,0.0,평가 대상 아님,,,이번 공시의 가맹점 수가 0이거나 비어 있어 평가하지 않았습니다.,2024
BRD_20241415,한끼플러스,0.0,평가 대상 아님,,,이번 공시의 가맹점 수가 0이거나 비어 있어 평가하지 않았습니다.,2024
BRD_20241416,근처식당,0.0,평가 대상 아님,,,이번 공시의 가맹점 수가 0이거나 비어 있어 평가하지 않았습니다.,2024
BRD_20241417,사토규카츠,0.0,평가 대상 아님,,,이번 공시의 가맹점 수가 0이거나 비어 있어 평가하지 않았습니다.,2024
BRD_20241421,꼬꼬잭,0.0,평가 대상 아님,,,이번 공시의 가맹점 수가 0이거나 비어 있어 평가하지 않았습니다.,2024
BRD_20241423,한찜두찜 돼지김치찜,0.0,평가 대상 아님,,,이번 공시의 가맹점 수가 0이거나 비어 있어 평가하지 않았습니다.,2024
BRD_20241424,노마진 두마리치킨,0.0,평가 대상 아님,,,이번 공시의 가맹점 수가 0이거나 비어 있어 평가하지 않았습니다.,2024
BRD_20241439,쿠시인,0.0,평가 대상 아님,,,이번 공시의 가맹점 수가 0이거나 비어 있어 평가하지 않았습니다.,2024
BRD_20241442,더블업,0.0,평가 대상 아님,,,이번 공시의 가맹점 수가 0이거나 비어 있어 평가하지 않았습니다.,2024
BRD_20241443,요거티,0.0,평가 대상 아님,,,이번 공시의 가맹점 수가 0이거나 비어 있어 평가하지 않았습니다.,2024
BRD_20241444,오뎅오색,0.0,평가 대상 아님,,,이번 공시의 가맹점 수가 0이거나 비어 있어 평가하지 않았습니다.,2024
BRD_20241445,대가압력솥김치찜,0.0,평가 대상 아님,,,이번 공시의 가맹점 수가 0이거나 비어 있어 평가하지 않았습니다.,2024
BRD_20241447,60판왕뚜껑삼겹살,0.0,평가 대상 아님,,,이번 공시의 가맹점 수가 0이거나 비어 있어 평가하지 않았습니다.,2024
BRD_20241450,영동숯불집,0.0,평가 대상 아님,,,이번 공시의 가맹점 수가 0이거나 비어 있어 평가하지 않았습니다.,2024
BRD_20241454,산더미국밥,0.0,평가 대상 아님,,,이번 공시의 가맹점 수가 0이거나 비어 있어 평가하지 않았습니다.,2024
BRD_20241463,일일국밥,0.0,평가 대상 아님,,,이번 공시의 가맹점 수가 0이거나 비어 있어 평가하지 않았습니다.,2024
BRD_20241464,한끼한상,0.0,평가 대상 아님,,,이번 공시의 가맹점 수가 0이거나 비어 있어 평가하지 않았습니다.,2024
BRD_20241466,걸작,0.0,평가 대상 아님,,,이번 공시의 가맹점 수가 0이거나 비어 있어 평가하지 않았습니다.,2024
BRD_20241467,찜고집 파스타,0.0,평가 대상 아님,,,이번 공시의 가맹점 수가 0이거나 비어 있어 평가하지 않았습니다.,2024
BRD_20241469,발모가지,0.0,평가 대상 아님,,,이번 공시의 가맹점 수가 0이거나 비어 있어 평가하지 않았습니다.,2024
BRD_20241470,광안리 무국&미역국,0.0,평가 대상 아님,,,이번 공시의 가맹점 수가 0이거나 비어 있어 평가하지 않았습니다.,2024
BRD_20241475,설화참치앤스시,0.0,평가 대상 아님,,,이번 공시의 가맹점 수가 0이거나 비어 있어 평가하지 않았습니다.,2024
BRD_20241477,비원식탁,0.0,평가 대상 아님,,,이번 공시의 가맹점 수가 0이거나 비어 있어 평가하지 않았습니다.,2024
BRD_20241479,함바소갈비,0.0,평가 대상 아님,,,이번 공시의 가맹점 수가 0이거나 비어 있어 평가하지 않았습니다.,2024
BRD_20241480,망고루,0.0,평가 대상 아님,,,이번 공시의 가맹점 수가 0이거나 비어 있어 평가하지 않았습니다.,2024
BRD_20241481,망고홀릭,0.0,평가 대상 아님,,,이번 공시의 가맹점 수가 0이거나 비어 있어 평가하지 않았습니다.,2024
BRD_20241482,사이드커피(SIDE COFFEE),0.0,평가 대상 아님,,,이번 공시의 가맹점 수가 0이거나 비어 있어 평가하지 않았습니다.,2024
BRD_20241486,유요거트,0.0,평가 대상 아님,,,이번 공시의 가맹점 수가 0이거나 비어 있어 평가하지 않았습니다.,2024
BRD_20241488,삿포로,0.0,평가 대상 아님,,,이번 공시의 가맹점 수가 0이거나 비어 있어 평가하지 않았습니다.,2024
BRD_20241492,명월회관,0.0,평가 대상 아님,,,이번 공시의 가맹점 수가 0이거나 비어 있어 평가하지 않았습니다.,2024
BRD_20241494,더더간장게장,0.0,평가 대상 아님,,,이번 공시의 가맹점 수가 0이거나 비어 있어 평가하지 않았습니다.,2024
BRD_20241496,팡팡쭈꾸미,0.0,평가 대상 아님,,,이번 공시의 가맹점 수가 0이거나 비어 있어 평가하지 않았습니다.,2024
BRD_20241498,백미담,0.0,평가 대상 아님,,,이번 공시의 가맹점 수가 0이거나 비어 있어 평가하지 않았습니다.,2024
BRD_20241499,화끈불끈쭈꾸미,0.0,평가 대상 아님,,,이번 공시의 가맹점 수가 0이거나 비어 있어 평가하지 않았습니다.,2024
BRD_20241500,홍장도칼집구이,0.0,평가 대상 아님,,,이번 공시의 가맹점 수가 0이거나 비어 있어 평가하지 않았습니다.,2024
BRD_20241502,백억하누,0.0,평가 대상 아님,,,이번 공시의 가맹점 수가 0이거나 비어 있어 평가하지 않았습니다.,2024
BRD_20241503,드림당,0.0,평가 대상 아님,,,이번 공시의 가맹점 수가 0이거나 비어 있어 평가하지 않았습니다.,2024
BRD_20241504,정희,0.0,평가 대상 아님,,,이번 공시의 가맹점 수가 0이거나 비어 있어 평가하지 않았습니다.,2024
BRD_20241507,아양짚,0.0,평가 대상 아님,,,이번 공시의 가맹점 수가 0이거나 비어 있어 평가하지 않았습니다.,2024
BRD_20241509,짬뽕일도,0.0,평가 대상 아님,,,이번 공시의 가맹점 수가 0이거나 비어 있어 평가하지 않았습니다.,2024
BRD_20241520,라이스박스,0.0,평가 대상 아님,,,이번 공시의 가맹점 수가 0이거나 비어 있어 평가하지 않았습니다.,2024
BRD_20241521,도이티(DOITY),0.0,평가 대상 아님,,,이번 공시의 가맹점 수가 0이거나 비어 있어 평가하지 않았습니다.,2024
BRD_20241525,웨스턴스토리(WESTERN STORY),0.0,평가 대상 아님,,,이번 공시의 가맹점 수가 0이거나 비어 있어 평가하지 않았습니다.,2024
BRD_20241527,과일과일해 요거후르츠,0.0,평가 대상 아님,,,이번 공시의 가맹점 수가 0이거나 비어 있어 평가하지 않았습니다.,2024
BRD_20241528,요거트담은 빙프레소,0.0,평가 대상 아님,,,이번 공시의 가맹점 수가 0이거나 비어 있어 평가하지 않았습니다.,2024
BRD_20241529,평화김치찜,0.0,평가 대상 아님,,,이번 공시의 가맹점 수가 0이거나 비어 있어 평가하지 않았습니다.,2024
BRD_20241530,돌담칼국수,0.0,평가 대상 아님,,,이번 공시의 가맹점 수가 0이거나 비어 있어 평가하지 않았습니다.,2024
BRD_20241532,뼈대장인,0.0,평가 대상 아님,,,이번 공시의 가맹점 수가 0이거나 비어 있어 평가하지 않았습니다.,2024
BRD_20241534,조개시장,0.0,평가 대상 아님,,,이번 공시의 가맹점 수가 0이거나 비어 있어 평가하지 않았습니다.,2024
BRD_20241535,해브어굿파스타,0.0,평가 대상 아님,,,이번 공시의 가맹점 수가 0이거나 비어 있어 평가하지 않았습니다.,2024
BRD_20241537,더커피(The coffee),0.0,평가 대상 아님,,,이번 공시의 가맹점 수가 0이거나 비어 있어 평가하지 않았습니다.,2024
BRD_20241540,조선대패,0.0,평가 대상 아님,,,이번 공시의 가맹점 수가 0이거나 비어 있어 평가하지 않았습니다.,2024
BRD_20241543,코다리각시,0.0,평가 대상 아님,,,이번 공시의 가맹점 수가 0이거나 비어 있어 평가하지 않았습니다.,2024
BRD_20241545,옛추억갈비탕,0.0,평가 대상 아님,,,이번 공시의 가맹점 수가 0이거나 비어 있어 평가하지 않았습니다.,2024
BRD_20241548,은사골,0.0,평가 대상 아님,,,이번 공시의 가맹점 수가 0이거나 비어 있어 평가하지 않았습니다.,2024
BRD_20241549,경성칼국수,0.0,평가 대상 아님,,,이번 공시의 가맹점 수가 0이거나 비어 있어 평가하지 않았습니다.,2024
BRD_20241551,늘푸른목장,0.0,평가 대상 아님,,,이번 공시의 가맹점 수가 0이거나 비어 있어 평가하지 않았습니다.,2024
BRD_20241554,미미마라,0.0,평가 대상 아님,,,이번 공시의 가맹점 수가 0이거나 비어 있어 평가하지 않았습니다.,2024
BRD_20241556,듀먼카페,0.0,평가 대상 아님,,,이번 공시의 가맹점 수가 0이거나 비어 있어 평가하지 않았습니다.,2024
BRD_20241558,마루업_피치떡,0.0,평가 대상 아님,,,이번 공시의 가맹점 수가 0이거나 비어 있어 평가하지 않았습니다.,2024
BRD_20241559,박슨커피,0.0,평가 대상 아님,,,이번 공시의 가맹점 수가 0이거나 비어 있어 평가하지 않았습니다.,2024
BRD_20241561,찜닭ZIP,0.0,평가 대상 아님,,,이번 공시의 가맹점 수가 0이거나 비어 있어 평가하지 않았습니다.,2024
BRD_20241563,치킨성지,0.0,평가 대상 아님,,,이번 공시의 가맹점 수가 0이거나 비어 있어 평가하지 않았습니다.,2024
BRD_20241571,이집 김치찜 내가찜,0.0,평가 대상 아님,,,이번 공시의 가맹점 수가 0이거나 비어 있어 평가하지 않았습니다.,2024
BRD_20241578,노배드바이브스,0.0,평가 대상 아님,,,이번 공시의 가맹점 수가 0이거나 비어 있어 평가하지 않았습니다.,2024
BRD_20241582,에그맘,0.0,평가 대상 아님,,,이번 공시의 가맹점 수가 0이거나 비어 있어 평가하지 않았습니다.,2024
BRD_20241583,글루글루(GLUUGLUU),0.0,평가 대상 아님,,,이번 공시의 가맹점 수가 0이거나 비어 있어 평가하지 않았습니다.,2024
BRD_20241584,테이킷스시,0.0,평가 대상 아님,,,이번 공시의 가맹점 수가 0이거나 비어 있어 평가하지 않았습니다.,2024
BRD_20241586,원조강뚝꼬치구이,0.0,평가 대상 아님,,,이번 공시의 가맹점 수가 0이거나 비어 있어 평가하지 않았습니다.,2024
BRD_20241587,조동소바,0.0,평가 대상 아님,,,이번 공시의 가맹점 수가 0이거나 비어 있어 평가하지 않았습니다.,2024
BRD_20241588,하루포케(HARU POKE),0.0,평가 대상 아님,,,이번 공시의 가맹점 수가 0이거나 비어 있어 평가하지 않았습니다.,2024
BRD_20241592,오사카멘치(OSAKA-MENCHI),0.0,평가 대상 아님,,,이번 공시의 가맹점 수가 0이거나 비어 있어 평가하지 않았습니다.,2024
BRD_20241593,제주남문숯불치킨,0.0,평가 대상 아님,,,이번 공시의 가맹점 수가 0이거나 비어 있어 평가하지 않았습니다.,2024
BRD_20241594,청원불고기,0.0,평가 대상 아님,,,이번 공시의 가맹점 수가 0이거나 비어 있어 평가하지 않았습니다.,2024
BRD_20241604,백숙통닭,0.0,평가 대상 아님,,,이번 공시의 가맹점 수가 0이거나 비어 있어 평가하지 않았습니다.,2024
BRD_20241608,조선부런치,0.0,평가 대상 아님,,,이번 공시의 가맹점 수가 0이거나 비어 있어 평가하지 않았습니다.,2024
BRD_20241613,블루폴라,0.0,평가 대상 아님,,,이번 공시의 가맹점 수가 0이거나 비어 있어 평가하지 않았습니다.,2024
BRD_20241615,신비주막,0.0,평가 대상 아님,,,이번 공시의 가맹점 수가 0이거나 비어 있어 평가하지 않았습니다.,2024
BRD_20241616,요거트홀릭,0.0,평가 대상 아님,,,이번 공시의 가맹점 수가 0이거나 비어 있어 평가하지 않았습니다.,2024
BRD_20241617,스카이맨 크레페,0.0,평가 대상 아님,,,이번 공시의 가맹점 수가 0이거나 비어 있어 평가하지 않았습니다.,2024
BRD_20241619,카페폴,0.0,평가 대상 아님,,,이번 공시의 가맹점 수가 0이거나 비어 있어 평가하지 않았습니다.,2024
BRD_20241625,육거리소문난만두회관,0.0,평가 대상 아님,,,이번 공시의 가맹점 수가 0이거나 비어 있어 평가하지 않았습니다.,2024
BRD_20241626,우군닭발,0.0,평가 대상 아님,,,이번 공시의 가맹점 수가 0이거나 비어 있어 평가하지 않았습니다.,2024
BRD_20241629,불필요,0.0,평가 대상 아님,,,이번 공시의 가맹점 수가 0이거나 비어 있어 평가하지 않았습니다.,2024
BRD_20241632,부자영김밥,0.0,평가 대상 아님,,,이번 공시의 가맹점 수가 0이거나 비어 있어 평가하지 않았습니다.,2024
BRD_20241633,하와이장칼국수&뼈구이,0.0,평가 대상 아님,,,이번 공시의 가맹점 수가 0이거나 비어 있어 평가하지 않았습니다.,2024
BRD_20241636,딤퍼블릭,0.0,평가 대상 아님,,,이번 공시의 가맹점 수가 0이거나 비어 있어 평가하지 않았습니다.,2024
BRD_20241639,장백정고깃간,0.0,평가 대상 아님,,,이번 공시의 가맹점 수가 0이거나 비어 있어 평가하지 않았습니다.,2024
BRD_20241640,아사(ASA)커피랩,0.0,평가 대상 아님,,,이번 공시의 가맹점 수가 0이거나 비어 있어 평가하지 않았습니다.,2024
BRD_20241642,이바구밀면,0.0,평가 대상 아님,,,이번 공시의 가맹점 수가 0이거나 비어 있어 평가하지 않았습니다.,2024
BRD_20241645,EGGROCK CAFE,0.0,평가 대상 아님,,,이번 공시의 가맹점 수가 0이거나 비어 있어 평가하지 않았습니다.,2024
BRD_20241648,다이너,0.0,평가 대상 아님,,,이번 공시의 가맹점 수가 0이거나 비어 있어 평가하지 않았습니다.,2024
BRD_20241652,더기와,0.0,평가 대상 아님,,,이번 공시의 가맹점 수가 0이거나 비어 있어 평가하지 않았습니다.,2024
BRD_20241653,제제집,0.0,평가 대상 아님,,,이번 공시의 가맹점 수가 0이거나 비어 있어 평가하지 않았습니다.,2024
BRD_20241655,흑담정,0.0,평가 대상 아님,,,이번 공시의 가맹점 수가 0이거나 비어 있어 평가하지 않았습니다.,2024
BRD_20241656,너도나도식당,0.0,평가 대상 아님,,,이번 공시의 가맹점 수가 0이거나 비어 있어 평가하지 않았습니다.,2024
BRD_20241658,클랩피자,0.0,평가 대상 아님,,,이번 공시의 가맹점 수가 0이거나 비어 있어 평가하지 않았습니다.,2024
BRD_20241659,라쿤피자(LA COON PIZZA),0.0,평가 대상 아님,,,이번 공시의 가맹점 수가 0이거나 비어 있어 평가하지 않았습니다.,2024
BRD_20241660,연연불망 오사카타코야끼,0.0,평가 대상 아님,,,이번 공시의 가맹점 수가 0이거나 비어 있어 평가하지 않았습니다.,2024
BRD_20241661,뎅과꼬치로,0.0,평가 대상 아님,,,이번 공시의 가맹점 수가 0이거나 비어 있어 평가하지 않았습니다.,2024
BRD_20241663,짱구포차,0.0,평가 대상 아님,,,이번 공시의 가맹점 수가 0이거나 비어 있어 평가하지 않았습니다.,2024
BRD_20241665,키혼카레,0.0,평가 대상 아님,,,이번 공시의 가맹점 수가 0이거나 비어 있어 평가하지 않았습니다.,2024
BRD_20241667,고인돌,0.0,평가 대상 아님,,,이번 공시의 가맹점 수가 0이거나 비어 있어 평가하지 않았습니다.,2024
BRD_20241668,아끼염,0.0,평가 대상 아님,,,이번 공시의 가맹점 수가 0이거나 비어 있어 평가하지 않았습니다.,2024
BRD_20241670,브라더 부대찌개,0.0,평가 대상 아님,,,이번 공시의 가맹점 수가 0이거나 비어 있어 평가하지 않았습니다.,2024
BRD_20241671,진주냉면,0.0,평가 대상 아님,,,이번 공시의 가맹점 수가 0이거나 비어 있어 평가하지 않았습니다.,2024
BRD_20241673,순배순대국,0.0,평가 대상 아님,,,이번 공시의 가맹점 수가 0이거나 비어 있어 평가하지 않았습니다.,2024
BRD_20241674,카페 노티드,0.0,평가 대상 아님,,,이번 공시의 가맹점 수가 0이거나 비어 있어 평가하지 않았습니다.,2024
BRD_20241675,이배재직화쌈밥,0.0,평가 대상 아님,,,이번 공시의 가맹점 수가 0이거나 비어 있어 평가하지 않았습니다.,2024
BRD_20241677,보스쭈꾸미,0.0,평가 대상 아님,,,이번 공시의 가맹점 수가 0이거나 비어 있어 평가하지 않았습니다.,2024
BRD_20241679,모퉁이숯불구이,0.0,평가 대상 아님,,,이번 공시의 가맹점 수가 0이거나 비어 있어 평가하지 않았습니다.,2024
BRD_20241681,돌문어빵,0.0,평가 대상 아님,,,이번 공시의 가맹점 수가 0이거나 비어 있어 평가하지 않았습니다.,2024
BRD_20241682,377숙성왕꼬막,0.0,평가 대상 아님,,,이번 공시의 가맹점 수가 0이거나 비어 있어 평가하지 않았습니다.,2024
BRD_20241684,전 부치는 언니,0.0,평가 대상 아님,,,이번 공시의 가맹점 수가 0이거나 비어 있어 평가하지 않았습니다.,2024
BRD_20241686,화적돈,0.0,평가 대상 아님,,,이번 공시의 가맹점 수가 0이거나 비어 있어 평가하지 않았습니다.,2024
BRD_20241687,수밭골김치찜,0.0,평가 대상 아님,,,이번 공시의 가맹점 수가 0이거나 비어 있어 평가하지 않았습니다.,2024
BRD_20241688,수암골 쪽갈비마을,0.0,평가 대상 아님,,,이번 공시의 가맹점 수가 0이거나 비어 있어 평가하지 않았습니다.,2024
BRD_20241691,바로커피,0.0,평가 대상 아님,,,이번 공시의 가맹점 수가 0이거나 비어 있어 평가하지 않았습니다.,2024
BRD_20241692,칙톤,0.0,평가 대상 아님,,,이번 공시의 가맹점 수가 0이거나 비어 있어 평가하지 않았습니다.,2024
BRD_20241695,유키모찌,0.0,평가 대상 아님,,,이번 공시의 가맹점 수가 0이거나 비어 있어 평가하지 않았습니다.,2024
BRD_20241696,베르체,0.0,평가 대상 아님,,,이번 공시의 가맹점 수가 0이거나 비어 있어 평가하지 않았습니다.,2024
BRD_20241697,샤블리1989 월남쌈&amp;샤브샤브,0.0,평가 대상 아님,,,이번 공시의 가맹점 수가 0이거나 비어 있어 평가하지 않았습니다.,2024
BRD_20241699,거작 수육국밥,0.0,평가 대상 아님,,,이번 공시의 가맹점 수가 0이거나 비어 있어 평가하지 않았습니다.,2024
BRD_20241701,육미향(肉味香),0.0,평가 대상 아님,,,이번 공시의 가맹점 수가 0이거나 비어 있어 평가하지 않았습니다.,2024
BRD_20241703,오드문,0.0,평가 대상 아님,,,이번 공시의 가맹점 수가 0이거나 비어 있어 평가하지 않았습니다.,2024
BRD_20241705,정통 부대고기,0.0,평가 대상 아님,,,이번 공시의 가맹점 수가 0이거나 비어 있어 평가하지 않았습니다.,2024
BRD_20241706,기와당,0.0,평가 대상 아님,,,이번 공시의 가맹점 수가 0이거나 비어 있어 평가하지 않았습니다.,2024
BRD_20241707,봉대산식당,0.0,평가 대상 아님,,,이번 공시의 가맹점 수가 0이거나 비어 있어 평가하지 않았습니다.,2024
BRD_20241708,갑진집,0.0,평가 대상 아님,,,이번 공시의 가맹점 수가 0이거나 비어 있어 평가하지 않았습니다.,2024
BRD_20241715,묵묵김치찜,0.0,평가 대상 아님,,,이번 공시의 가맹점 수가 0이거나 비어 있어 평가하지 않았습니다.,2024
BRD_20241719,베어스타코,0.0,평가 대상 아님,,,이번 공시의 가맹점 수가 0이거나 비어 있어 평가하지 않았습니다.,2024
BRD_20241720,와요커피,0.0,평가 대상 아님,,,이번 공시의 가맹점 수가 0이거나 비어 있어 평가하지 않았습니다.,2024
BRD_20241722,지글대패삼겹살,0.0,평가 대상 아님,,,이번 공시의 가맹점 수가 0이거나 비어 있어 평가하지 않았습니다.,2024
BRD_20241724,뼈있다감자탕,0.0,평가 대상 아님,,,이번 공시의 가맹점 수가 0이거나 비어 있어 평가하지 않았습니다.,2024
BRD_20241727,울트라꼼장어,0.0,평가 대상 아님,,,이번 공시의 가맹점 수가 0이거나 비어 있어 평가하지 않았습니다.,2024
BRD_20241730,청불천막집 포차,0.0,평가 대상 아님,,,이번 공시의 가맹점 수가 0이거나 비어 있어 평가하지 않았습니다.,2024
BRD_20241731,오가무쇠철판삼겹,0.0,평가 대상 아님,,,이번 공시의 가맹점 수가 0이거나 비어 있어 평가하지 않았습니다.,2024
BRD_20241733,신이치,0.0,평가 대상 아님,,,이번 공시의 가맹점 수가 0이거나 비어 있어 평가하지 않았습니다.,2024
BRD_20241736,해피홈,0.0,평가 대상 아님,,,이번 공시의 가맹점 수가 0이거나 비어 있어 평가하지 않았습니다.,2024
BRD_20241738,성수동꿀꽈배기,0.0,평가 대상 아님,,,이번 공시의 가맹점 수가 0이거나 비어 있어 평가하지 않았습니다.,2024
BRD_20241743,SNOW MANGO,0.0,평가 대상 아님,,,이번 공시의 가맹점 수가 0이거나 비어 있어 평가하지 않았습니다.,2024
BRD_20241746,제육 참 잘하는 집,0.0,평가 대상 아님,,,이번 공시의 가맹점 수가 0이거나 비어 있어 평가하지 않았습니다.,2024
BRD_20241747,더담연가 갈비탕,0.0,평가 대상 아님,,,이번 공시의 가맹점 수가 0이거나 비어 있어 평가하지 않았습니다.,2024
BRD_20241748,향택,0.0,평가 대상 아님,,,이번 공시의 가맹점 수가 0이거나 비어 있어 평가하지 않았습니다.,2024
BRD_20241749,뽁냥덮냥,0.0,평가 대상 아님,,,이번 공시의 가맹점 수가 0이거나 비어 있어 평가하지 않았습니다.,2024
BRD_20241752,호랑이족발,0.0,평가 대상 아님,,,이번 공시의 가맹점 수가 0이거나 비어 있어 평가하지 않았습니다.,2024
BRD_20241755,수만두가,0.0,평가 대상 아님,,,이번 공시의 가맹점 수가 0이거나 비어 있어 평가하지 않았습니다.,2024
BRD_20241756,요요일,0.0,평가 대상 아님,,,이번 공시의 가맹점 수가 0이거나 비어 있어 평가하지 않았습니다.,2024
BRD_20241757,시래정,0.0,평가 대상 아님,,,이번 공시의 가맹점 수가 0이거나 비어 있어 평가하지 않았습니다.,2024
BRD_20241758,텍사스파파크레페,0.0,평가 대상 아님,,,이번 공시의 가맹점 수가 0이거나 비어 있어 평가하지 않았습니다.,2024
BRD_20241759,더두툼  덮밥이 최고야,0.0,평가 대상 아님,,,이번 공시의 가맹점 수가 0이거나 비어 있어 평가하지 않았습니다.,2024
BRD_20241760,오늘도가게,0.0,평가 대상 아님,,,이번 공시의 가맹점 수가 0이거나 비어 있어 평가하지 않았습니다.,2024
BRD_20241765,정성소갈비찜갈비탕,0.0,평가 대상 아님,,,이번 공시의 가맹점 수가 0이거나 비어 있어 평가하지 않았습니다.,2024
BRD_20241766,어마어마해,0.0,평가 대상 아님,,,이번 공시의 가맹점 수가 0이거나 비어 있어 평가하지 않았습니다.,2024
BRD_20241767,제주올래국수,0.0,평가 대상 아님,,,이번 공시의 가맹점 수가 0이거나 비어 있어 평가하지 않았습니다.,2024
BRD_20241768,부추삼겹살,0.0,평가 대상 아님,,,이번 공시의 가맹점 수가 0이거나 비어 있어 평가하지 않았습니다.,2024
BRD_20250002,서울만두샤브,0.0,평가 대상 아님,,,이번 공시의 가맹점 수가 0이거나 비어 있어 평가하지 않았습니다.,2024
BRD_20250006,강릉나운장칼국수,0.0,평가 대상 아님,,,이번 공시의 가맹점 수가 0이거나 비어 있어 평가하지 않았습니다.,2024
BRD_20250007,너티153(Nutty 153),0.0,평가 대상 아님,,,이번 공시의 가맹점 수가 0이거나 비어 있어 평가하지 않았습니다.,2024
BRD_20250008,더 백홍,0.0,평가 대상 아님,,,이번 공시의 가맹점 수가 0이거나 비어 있어 평가하지 않았습니다.,2024
BRD_20250009,어라속초생선찜,0.0,평가 대상 아님,,,이번 공시의 가맹점 수가 0이거나 비어 있어 평가하지 않았습니다.,2024
BRD_20250011,곱빼기밥상,0.0,평가 대상 아님,,,이번 공시의 가맹점 수가 0이거나 비어 있어 평가하지 않았습니다.,2024
BRD_20250014,솔밭,0.0,평가 대상 아님,,,이번 공시의 가맹점 수가 0이거나 비어 있어 평가하지 않았습니다.,2024
BRD_20250016,분코(BUNKO),0.0,평가 대상 아님,,,이번 공시의 가맹점 수가 0이거나 비어 있어 평가하지 않았습니다.,2024
BRD_20250017,우츄진,0.0,평가 대상 아님,,,이번 공시의 가맹점 수가 0이거나 비어 있어 평가하지 않았습니다.,2024
BRD_20250019,숯숯,0.0,평가 대상 아님,,,이번 공시의 가맹점 수가 0이거나 비어 있어 평가하지 않았습니다.,2024
BRD_20250020,조와따대패삼겹무한리필,0.0,평가 대상 아님,,,이번 공시의 가맹점 수가 0이거나 비어 있어 평가하지 않았습니다.,2024
BRD_20250021,당빙땡,0.0,평가 대상 아님,,,이번 공시의 가맹점 수가 0이거나 비어 있어 평가하지 않았습니다.,2024
BRD_20250022,리앙키친,0.0,평가 대상 아님,,,이번 공시의 가맹점 수가 0이거나 비어 있어 평가하지 않았습니다.,2024
BRD_20250024,농부꼬마김밥,0.0,평가 대상 아님,,,이번 공시의 가맹점 수가 0이거나 비어 있어 평가하지 않았습니다.,2024
BRD_20250025,샤브플란트,0.0,평가 대상 아님,,,이번 공시의 가맹점 수가 0이거나 비어 있어 평가하지 않았습니다.,2024
BRD_20250027,감골연탄집,0.0,평가 대상 아님,,,이번 공시의 가맹점 수가 0이거나 비어 있어 평가하지 않았습니다.,2024
BRD_20250029,부스트릿(BOOSTREET),0.0,평가 대상 아님,,,이번 공시의 가맹점 수가 0이거나 비어 있어 평가하지 않았습니다.,2024
BRD_20250030,이지브루잉커피,0.0,평가 대상 아님,,,이번 공시의 가맹점 수가 0이거나 비어 있어 평가하지 않았습니다.,2024
BRD_20250032,정호식당,0.0,평가 대상 아님,,,이번 공시의 가맹점 수가 0이거나 비어 있어 평가하지 않았습니다.,2024
BRD_20250033,달화채,0.0,평가 대상 아님,,,이번 공시의 가맹점 수가 0이거나 비어 있어 평가하지 않았습니다.,2024
BRD_20250034,빠바기 꼬마김밥&유부초밥,0.0,평가 대상 아님,,,이번 공시의 가맹점 수가 0이거나 비어 있어 평가하지 않았습니다.,2024
BRD_20250036,혼밥셔틀,0.0,평가 대상 아님,,,이번 공시의 가맹점 수가 0이거나 비어 있어 평가하지 않았습니다.,2024
BRD_20250038,고기반곱창,0.0,평가 대상 아님,,,이번 공시의 가맹점 수가 0이거나 비어 있어 평가하지 않았습니다.,2024
BRD_20250039,1키로공룡닭강정,0.0,평가 대상 아님,,,이번 공시의 가맹점 수가 0이거나 비어 있어 평가하지 않았습니다.,2024
BRD_20250040,제주알찜,0.0,평가 대상 아님,,,이번 공시의 가맹점 수가 0이거나 비어 있어 평가하지 않았습니다.,2024
BRD_20250042,닭발홍,0.0,평가 대상 아님,,,이번 공시의 가맹점 수가 0이거나 비어 있어 평가하지 않았습니다.,2024
BRD_20250043,엄청난족발,0.0,평가 대상 아님,,,이번 공시의 가맹점 수가 0이거나 비어 있어 평가하지 않았습니다.,2024
BRD_20250046,덤벨푸드,0.0,평가 대상 아님,,,이번 공시의 가맹점 수가 0이거나 비어 있어 평가하지 않았습니다.,2024
BRD_20250049,타코잇(TACOEAT),0.0,평가 대상 아님,,,이번 공시의 가맹점 수가 0이거나 비어 있어 평가하지 않았습니다.,2024
BRD_20250054,남씨네 설렘닭볶음탕,0.0,평가 대상 아님,,,이번 공시의 가맹점 수가 0이거나 비어 있어 평가하지 않았습니다.,2024
BRD_20250055,마을카페남동풍,0.0,평가 대상 아님,,,이번 공시의 가맹점 수가 0이거나 비어 있어 평가하지 않았습니다.,2024
BRD_20250056,만두팡팡,0.0,평가 대상 아님,,,이번 공시의 가맹점 수가 0이거나 비어 있어 평가하지 않았습니다.,2024
BRD_20250058,갱상도달리부대볶음,0.0,평가 대상 아님,,,이번 공시의 가맹점 수가 0이거나 비어 있어 평가하지 않았습니다.,2024
BRD_20250061,스텐집 지산생갈비,0.0,평가 대상 아님,,,이번 공시의 가맹점 수가 0이거나 비어 있어 평가하지 않았습니다.,2024
BRD_20250062,산장삼겹,0.0,평가 대상 아님,,,이번 공시의 가맹점 수가 0이거나 비어 있어 평가하지 않았습니다.,2024
BRD_20250064,연어한끼,0.0,평가 대상 아님,,,이번 공시의 가맹점 수가 0이거나 비어 있어 평가하지 않았습니다.,2024
BRD_20250065,봉천동매운떡볶이,0.0,평가 대상 아님,,,이번 공시의 가맹점 수가 0이거나 비어 있어 평가하지 않았습니다.,2024
BRD_20250066,에이티익스프레스,0.0,평가 대상 아님,,,이번 공시의 가맹점 수가 0이거나 비어 있어 평가하지 않았습니다.,2024
BRD_20250070,행복하고 신선한 뒷고기,0.0,평가 대상 아님,,,이번 공시의 가맹점 수가 0이거나 비어 있어 평가하지 않았습니다.,2024
BRD_20250072,타코볼볼,0.0,평가 대상 아님,,,이번 공시의 가맹점 수가 0이거나 비어 있어 평가하지 않았습니다.,2024
BRD_20250073,인생치밥,0.0,평가 대상 아님,,,이번 공시의 가맹점 수가 0이거나 비어 있어 평가하지 않았습니다.,2024
BRD_20250074,하나레,0.0,평가 대상 아님,,,이번 공시의 가맹점 수가 0이거나 비어 있어 평가하지 않았습니다.,2024
BRD_20250076,수련불낙전골,0.0,평가 대상 아님,,,이번 공시의 가맹점 수가 0이거나 비어 있어 평가하지 않았습니다.,2024
BRD_20250081,콧카츠키친,0.0,평가 대상 아님,,,이번 공시의 가맹점 수가 0이거나 비어 있어 평가하지 않았습니다.,2024
BRD_20250085,강릉1960 초두부일품탕/코다리막국수,0.0,평가 대상 아님,,,이번 공시의 가맹점 수가 0이거나 비어 있어 평가하지 않았습니다.,2024
BRD_20250086,파스타카노,0.0,평가 대상 아님,,,이번 공시의 가맹점 수가 0이거나 비어 있어 평가하지 않았습니다.,2024
BRD_20250088,오브셀라,0.0,평가 대상 아님,,,이번 공시의 가맹점 수가 0이거나 비어 있어 평가하지 않았습니다.,2024
BRD_20250089,치풀렉스,0.0,평가 대상 아님,,,이번 공시의 가맹점 수가 0이거나 비어 있어 평가하지 않았습니다.,2024
BRD_20250091,다오세,0.0,평가 대상 아님,,,이번 공시의 가맹점 수가 0이거나 비어 있어 평가하지 않았습니다.,2024
BRD_20250094,못생긴뚱돼지,0.0,평가 대상 아님,,,이번 공시의 가맹점 수가 0이거나 비어 있어 평가하지 않았습니다.,2024
BRD_20250095,1993괜찮은감자탕,0.0,평가 대상 아님,,,이번 공시의 가맹점 수가 0이거나 비어 있어 평가하지 않았습니다.,2024
BRD_20250098,호우오우 샤브,0.0,평가 대상 아님,,,이번 공시의 가맹점 수가 0이거나 비어 있어 평가하지 않았습니다.,2024
BRD_20250099,모미지,0.0,평가 대상 아님,,,이번 공시의 가맹점 수가 0이거나 비어 있어 평가하지 않았습니다.,2024
BRD_20250100,호남마을,0.0,평가 대상 아님,,,이번 공시의 가맹점 수가 0이거나 비어 있어 평가하지 않았습니다.,2024
BRD_20250101,정뜰순대국,0.0,평가 대상 아님,,,이번 공시의 가맹점 수가 0이거나 비어 있어 평가하지 않았습니다.,2024
BRD_20250104,장원갑칼국수,0.0,평가 대상 아님,,,이번 공시의 가맹점 수가 0이거나 비어 있어 평가하지 않았습니다.,2024
BRD_20250105,옹기종기 땅콩빵,0.0,평가 대상 아님,,,이번 공시의 가맹점 수가 0이거나 비어 있어 평가하지 않았습니다.,2024
BRD_20250107,폴트버거,0.0,평가 대상 아님,,,이번 공시의 가맹점 수가 0이거나 비어 있어 평가하지 않았습니다.,2024
BRD_20250108,고기당,0.0,평가 대상 아님,,,이번 공시의 가맹점 수가 0이거나 비어 있어 평가하지 않았습니다.,2024
BRD_20250109,땡큐쏘마키,0.0,평가 대상 아님,,,이번 공시의 가맹점 수가 0이거나 비어 있어 평가하지 않았습니다.,2024
BRD_20250111,달콤.엔(Dal.Komm.N),0.0,평가 대상 아님,,,이번 공시의 가맹점 수가 0이거나 비어 있어 평가하지 않았습니다.,2024
BRD_20250113,번스앤칙스,0.0,평가 대상 아님,,,이번 공시의 가맹점 수가 0이거나 비어 있어 평가하지 않았습니다.,2024
BRD_20250115,말똥도넛,0.0,평가 대상 아님,,,이번 공시의 가맹점 수가 0이거나 비어 있어 평가하지 않았습니다.,2024
BRD_20250118,엄마네김치찜,0.0,평가 대상 아님,,,이번 공시의 가맹점 수가 0이거나 비어 있어 평가하지 않았습니다.,2024
BRD_20250119,고봉당,0.0,평가 대상 아님,,,이번 공시의 가맹점 수가 0이거나 비어 있어 평가하지 않았습니다.,2024
BRD_20250125,테이블스,0.0,평가 대상 아님,,,이번 공시의 가맹점 수가 0이거나 비어 있어 평가하지 않았습니다.,2024
BRD_20250126,만도리,0.0,평가 대상 아님,,,이번 공시의 가맹점 수가 0이거나 비어 있어 평가하지 않았습니다.,2024
BRD_20250130,꿉삼겹,0.0,평가 대상 아님,,,이번 공시의 가맹점 수가 0이거나 비어 있어 평가하지 않았습니다.,2024
BRD_20250131,첨단공원국밥,0.0,평가 대상 아님,,,이번 공시의 가맹점 수가 0이거나 비어 있어 평가하지 않았습니다.,2024
BRD_20250132,만나까,0.0,평가 대상 아님,,,이번 공시의 가맹점 수가 0이거나 비어 있어 평가하지 않았습니다.,2024
BRD_20250133,초식곳간,0.0,평가 대상 아님,,,이번 공시의 가맹점 수가 0이거나 비어 있어 평가하지 않았습니다.,2024
BRD_20250134,파미고 츄레리아,0.0,평가 대상 아님,,,이번 공시의 가맹점 수가 0이거나 비어 있어 평가하지 않았습니다.,2024
BRD_20250135,국밥도,0.0,평가 대상 아님,,,이번 공시의 가맹점 수가 0이거나 비어 있어 평가하지 않았습니다.,2024
BRD_20250138,버니문,0.0,평가 대상 아님,,,이번 공시의 가맹점 수가 0이거나 비어 있어 평가하지 않았습니다.,2024
BRD_20250139,호르몬치치,0.0,평가 대상 아님,,,이번 공시의 가맹점 수가 0이거나 비어 있어 평가하지 않았습니다.,2024
BRD_20250143,명가갈비찜,0.0,평가 대상 아님,,,이번 공시의 가맹점 수가 0이거나 비어 있어 평가하지 않았습니다.,2024
BRD_20250144,파스타얌 (PASTA YUM),0.0,평가 대상 아님,,,이번 공시의 가맹점 수가 0이거나 비어 있어 평가하지 않았습니다.,2024
BRD_20250146,돈돈정,0.0,평가 대상 아님,,,이번 공시의 가맹점 수가 0이거나 비어 있어 평가하지 않았습니다.,2024
BRD_20250147,우마이야,0.0,평가 대상 아님,,,이번 공시의 가맹점 수가 0이거나 비어 있어 평가하지 않았습니다.,2024
BRD_20250148,쏘맥산,0.0,평가 대상 아님,,,이번 공시의 가맹점 수가 0이거나 비어 있어 평가하지 않았습니다.,2024
BRD_20250150,샌드위치날에,0.0,평가 대상 아님,,,이번 공시의 가맹점 수가 0이거나 비어 있어 평가하지 않았습니다.,2024
BRD_20250151,오므라이스팝니다,0.0,평가 대상 아님,,,이번 공시의 가맹점 수가 0이거나 비어 있어 평가하지 않았습니다.,2024
BRD_20250152,김치찜팝니다,0.0,평가 대상 아님,,,이번 공시의 가맹점 수가 0이거나 비어 있어 평가하지 않았습니다.,2024
BRD_20250153,볶음우동의여왕,0.0,평가 대상 아님,,,이번 공시의 가맹점 수가 0이거나 비어 있어 평가하지 않았습니다.,2024
BRD_20250158,자리봉국밥,0.0,평가 대상 아님,,,이번 공시의 가맹점 수가 0이거나 비어 있어 평가하지 않았습니다.,2024
BRD_20250159,박병궁 명인 목포설렁탕,0.0,평가 대상 아님,,,이번 공시의 가맹점 수가 0이거나 비어 있어 평가하지 않았습니다.,2024
BRD_20250160,쌍문동뒷고기,0.0,평가 대상 아님,,,이번 공시의 가맹점 수가 0이거나 비어 있어 평가하지 않았습니다.,2024
BRD_20250162,쌤스커피,0.0,평가 대상 아님,,,이번 공시의 가맹점 수가 0이거나 비어 있어 평가하지 않았습니다.,2024
BRD_20250163,족데기,0.0,평가 대상 아님,,,이번 공시의 가맹점 수가 0이거나 비어 있어 평가하지 않았습니다.,2024
BRD_20250164,계서당,0.0,평가 대상 아님,,,이번 공시의 가맹점 수가 0이거나 비어 있어 평가하지 않았습니다.,2024
BRD_20250168,태양의토마토멘,0.0,평가 대상 아님,,,이번 공시의 가맹점 수가 0이거나 비어 있어 평가하지 않았습니다.,2024
BRD_20250171,김치찜이최고야,0.0,평가 대상 아님,,,이번 공시의 가맹점 수가 0이거나 비어 있어 평가하지 않았습니다.,2024
BRD_20250172,명복식당,0.0,평가 대상 아님,,,이번 공시의 가맹점 수가 0이거나 비어 있어 평가하지 않았습니다.,2024
BRD_20250173,正정성코다리,0.0,평가 대상 아님,,,이번 공시의 가맹점 수가 0이거나 비어 있어 평가하지 않았습니다.,2024
BRD_20250174,팽닭,0.0,평가 대상 아님,,,이번 공시의 가맹점 수가 0이거나 비어 있어 평가하지 않았습니다.,2024
BRD_20250175,한우정육소,0.0,평가 대상 아님,,,이번 공시의 가맹점 수가 0이거나 비어 있어 평가하지 않았습니다.,2024
BRD_20250176,친절한 혜자씨,0.0,평가 대상 아님,,,이번 공시의 가맹점 수가 0이거나 비어 있어 평가하지 않았습니다.,2024
BRD_20250178,영킬로치킨포차,0.0,평가 대상 아님,,,이번 공시의 가맹점 수가 0이거나 비어 있어 평가하지 않았습니다.,2024
BRD_20250179,유가네찜닭,0.0,평가 대상 아님,,,이번 공시의 가맹점 수가 0이거나 비어 있어 평가하지 않았습니다.,2024
BRD_20250182,아이즈박스,0.0,평가 대상 아님,,,이번 공시의 가맹점 수가 0이거나 비어 있어 평가하지 않았습니다.,2024
BRD_20250183,1953형제돼지국밥,0.0,평가 대상 아님,,,이번 공시의 가맹점 수가 0이거나 비어 있어 평가하지 않았습니다.,2024
BRD_20250184,계근상,0.0,평가 대상 아님,,,이번 공시의 가맹점 수가 0이거나 비어 있어 평가하지 않았습니다.,2024
BRD_20250186,옴므파스타,0.0,평가 대상 아님,,,이번 공시의 가맹점 수가 0이거나 비어 있어 평가하지 않았습니다.,2024
BRD_20250187,한오백년추어탕,0.0,평가 대상 아님,,,이번 공시의 가맹점 수가 0이거나 비어 있어 평가하지 않았습니다.,2024
BRD_20250189,길천 인생면옥,0.0,평가 대상 아님,,,이번 공시의 가맹점 수가 0이거나 비어 있어 평가하지 않았습니다.,2024
BRD_20250190,신동엽의국민삼겹살,0.0,평가 대상 아님,,,이번 공시의 가맹점 수가 0이거나 비어 있어 평가하지 않았습니다.,2024
BRD_20250191,안녕게장,0.0,평가 대상 아님,,,이번 공시의 가맹점 수가 0이거나 비어 있어 평가하지 않았습니다.,2024
BRD_20250192,등촌샤브칼국수,0.0,평가 대상 아님,,,이번 공시의 가맹점 수가 0이거나 비어 있어 평가하지 않았습니다.,2024
BRD_20250193,옥계리 감자치킨,0.0,평가 대상 아님,,,이번 공시의 가맹점 수가 0이거나 비어 있어 평가하지 않았습니다.,2024
BRD_20250195,스프링롤명가,0.0,평가 대상 아님,,,이번 공시의 가맹점 수가 0이거나 비어 있어 평가하지 않았습니다.,2024
BRD_20250196,화채한박스,0.0,평가 대상 아님,,,이번 공시의 가맹점 수가 0이거나 비어 있어 평가하지 않았습니다.,2024
BRD_20250197,청해온,0.0,평가 대상 아님,,,이번 공시의 가맹점 수가 0이거나 비어 있어 평가하지 않았습니다.,2024
BRD_20250199,꾸이명가,0.0,평가 대상 아님,,,이번 공시의 가맹점 수가 0이거나 비어 있어 평가하지 않았습니다.,2024
BRD_20250200,연제네,0.0,평가 대상 아님,,,이번 공시의 가맹점 수가 0이거나 비어 있어 평가하지 않았습니다.,2024
BRD_20250201,마포육곳간,0.0,평가 대상 아님,,,이번 공시의 가맹점 수가 0이거나 비어 있어 평가하지 않았습니다.,2024
BRD_20250202,만선아구,0.0,평가 대상 아님,,,이번 공시의 가맹점 수가 0이거나 비어 있어 평가하지 않았습니다.,2024
BRD_20250204,캘리포니아 도넛 클럽,0.0,평가 대상 아님,,,이번 공시의 가맹점 수가 0이거나 비어 있어 평가하지 않았습니다.,2024
BRD_20250205,모노폴리키친,0.0,평가 대상 아님,,,이번 공시의 가맹점 수가 0이거나 비어 있어 평가하지 않았습니다.,2024
BRD_20250206,히포히포,0.0,평가 대상 아님,,,이번 공시의 가맹점 수가 0이거나 비어 있어 평가하지 않았습니다.,2024
BRD_20250210,피틀리(fitly),0.0,평가 대상 아님,,,이번 공시의 가맹점 수가 0이거나 비어 있어 평가하지 않았습니다.,2024
BRD_20250211,돈카츠네니,0.0,평가 대상 아님,,,이번 공시의 가맹점 수가 0이거나 비어 있어 평가하지 않았습니다.,2024
BRD_20250212,희숙이네,0.0,평가 대상 아님,,,이번 공시의 가맹점 수가 0이거나 비어 있어 평가하지 않았습니다.,2024
BRD_20250213,대한불닭발,0.0,평가 대상 아님,,,이번 공시의 가맹점 수가 0이거나 비어 있어 평가하지 않았습니다.,2024
BRD_20250218,원조중원탑막국수,0.0,평가 대상 아님,,,이번 공시의 가맹점 수가 0이거나 비어 있어 평가하지 않았습니다.,2024
BRD_20250219,쎈닭발,0.0,평가 대상 아님,,,이번 공시의 가맹점 수가 0이거나 비어 있어 평가하지 않았습니다.,2024
BRD_20250224,로더비,0.0,평가 대상 아님,,,이번 공시의 가맹점 수가 0이거나 비어 있어 평가하지 않았습니다.,2024
BRD_20250225,불난집,0.0,평가 대상 아님,,,이번 공시의 가맹점 수가 0이거나 비어 있어 평가하지 않았습니다.,2024
BRD_20250226,메종드그릭,0.0,평가 대상 아님,,,이번 공시의 가맹점 수가 0이거나 비어 있어 평가하지 않았습니다.,2024
BRD_20250228,밀콤빙수,0.0,평가 대상 아님,,,이번 공시의 가맹점 수가 0이거나 비어 있어 평가하지 않았습니다.,2024
BRD_20250229,우리숯불국밥,0.0,평가 대상 아님,,,이번 공시의 가맹점 수가 0이거나 비어 있어 평가하지 않았습니다.,2024
BRD_20250231,뼈칼집,0.0,평가 대상 아님,,,이번 공시의 가맹점 수가 0이거나 비어 있어 평가하지 않았습니다.,2024
BRD_20250232,골목한우,0.0,평가 대상 아님,,,이번 공시의 가맹점 수가 0이거나 비어 있어 평가하지 않았습니다.,2024
BRD_20250234,노마진푸줏간,0.0,평가 대상 아님,,,이번 공시의 가맹점 수가 0이거나 비어 있어 평가하지 않았습니다.,2024
BRD_20250235,쌀베베,0.0,평가 대상 아님,,,이번 공시의 가맹점 수가 0이거나 비어 있어 평가하지 않았습니다.,2024
BRD_20250236,커피박환전소카페,0.0,평가 대상 아님,,,이번 공시의 가맹점 수가 0이거나 비어 있어 평가하지 않았습니다.,2024
BRD_20250238,박만배 아리랑 보쌈,0.0,평가 대상 아님,,,이번 공시의 가맹점 수가 0이거나 비어 있어 평가하지 않았습니다.,2024
BRD_20250239,대치동할매김치찜,0.0,평가 대상 아님,,,이번 공시의 가맹점 수가 0이거나 비어 있어 평가하지 않았습니다.,2024
BRD_20250240,땅끝마을 김치찜,0.0,평가 대상 아님,,,이번 공시의 가맹점 수가 0이거나 비어 있어 평가하지 않았습니다.,2024
BRD_20250241,샐러드 온,0.0,평가 대상 아님,,,이번 공시의 가맹점 수가 0이거나 비어 있어 평가하지 않았습니다.,2024
BRD_20250244,차이나x4,0.0,평가 대상 아님,,,이번 공시의 가맹점 수가 0이거나 비어 있어 평가하지 않았습니다.,2024
BRD_20250245,캔시플,0.0,평가 대상 아님,,,이번 공시의 가맹점 수가 0이거나 비어 있어 평가하지 않았습니다.,2024
BRD_20250247,해룡마을 국수집,0.0,평가 대상 아님,,,이번 공시의 가맹점 수가 0이거나 비어 있어 평가하지 않았습니다.,2024
BRD_20250252,안민(安民),0.0,평가 대상 아님,,,이번 공시의 가맹점 수가 0이거나 비어 있어 평가하지 않았습니다.,2024
BRD_20250254,왕눈이실내포차,0.0,평가 대상 아님,,,이번 공시의 가맹점 수가 0이거나 비어 있어 평가하지 않았습니다.,2024
BRD_20250255,타코갱,0.0,평가 대상 아님,,,이번 공시의 가맹점 수가 0이거나 비어 있어 평가하지 않았습니다.,2024
BRD_20250257,포앤웍(PHO &amp; WOK),0.0,평가 대상 아님,,,이번 공시의 가맹점 수가 0이거나 비어 있어 평가하지 않았습니다.,2024
BRD_20250259,부유한유부,0.0,평가 대상 아님,,,이번 공시의 가맹점 수가 0이거나 비어 있어 평가하지 않았습니다.,2024
BRD_20250260,스지명당,0.0,평가 대상 아님,,,이번 공시의 가맹점 수가 0이거나 비어 있어 평가하지 않았습니다.,2024
BRD_20250264,쉬림프쉐프,0.0,평가 대상 아님,,,이번 공시의 가맹점 수가 0이거나 비어 있어 평가하지 않았습니다.,2024
BRD_20250267,투인방,0.0,평가 대상 아님,,,이번 공시의 가맹점 수가 0이거나 비어 있어 평가하지 않았습니다.,2024
BRD_20250269,이왕금이국밥,0.0,평가 대상 아님,,,이번 공시의 가맹점 수가 0이거나 비어 있어 평가하지 않았습니다.,2024
BRD_20250272,신선한후라이드신라치킨,0.0,평가 대상 아님,,,이번 공시의 가맹점 수가 0이거나 비어 있어 평가하지 않았습니다.,2024
BRD_20250273,똔꼬집,0.0,평가 대상 아님,,,이번 공시의 가맹점 수가 0이거나 비어 있어 평가하지 않았습니다.,2024
BRD_20250274,밥스토어,0.0,평가 대상 아님,,,이번 공시의 가맹점 수가 0이거나 비어 있어 평가하지 않았습니다.,2024
BRD_20250276,바비라이스,0.0,평가 대상 아님,,,이번 공시의 가맹점 수가 0이거나 비어 있어 평가하지 않았습니다.,2024
BRD_20250277,더빈마켓(THE BEAN MARKET),0.0,평가 대상 아님,,,이번 공시의 가맹점 수가 0이거나 비어 있어 평가하지 않았습니다.,2024
BRD_20250278,감삼집,0.0,평가 대상 아님,,,이번 공시의 가맹점 수가 0이거나 비어 있어 평가하지 않았습니다.,2024
BRD_20250280,다이렉트커피 생활카페,0.0,평가 대상 아님,,,이번 공시의 가맹점 수가 0이거나 비어 있어 평가하지 않았습니다.,2024
BRD_20250281,저-집,0.0,평가 대상 아님,,,이번 공시의 가맹점 수가 0이거나 비어 있어 평가하지 않았습니다.,2024
BRD_20250283,땡큐베리머치,0.0,평가 대상 아님,,,이번 공시의 가맹점 수가 0이거나 비어 있어 평가하지 않았습니다.,2024
BRD_20250284,오와리,0.0,평가 대상 아님,,,이번 공시의 가맹점 수가 0이거나 비어 있어 평가하지 않았습니다.,2024
BRD_20250285,마켓사라다,0.0,평가 대상 아님,,,이번 공시의 가맹점 수가 0이거나 비어 있어 평가하지 않았습니다.,2024
BRD_20250286,올웨이즈샤브,0.0,평가 대상 아님,,,이번 공시의 가맹점 수가 0이거나 비어 있어 평가하지 않았습니다.,2024
BRD_20250287,돈후라이데이,0.0,평가 대상 아님,,,이번 공시의 가맹점 수가 0이거나 비어 있어 평가하지 않았습니다.,2024
BRD_20250289,메가바스켓치킨,0.0,평가 대상 아님,,,이번 공시의 가맹점 수가 0이거나 비어 있어 평가하지 않았습니다.,2024
BRD_20250290,델리하우스,0.0,평가 대상 아님,,,이번 공시의 가맹점 수가 0이거나 비어 있어 평가하지 않았습니다.,2024
BRD_20250291,고순이감자탕,0.0,평가 대상 아님,,,이번 공시의 가맹점 수가 0이거나 비어 있어 평가하지 않았습니다.,2024
BRD_20250293,해선가,0.0,평가 대상 아님,,,이번 공시의 가맹점 수가 0이거나 비어 있어 평가하지 않았습니다.,2024
BRD_20250296,호랑이꽈배기,0.0,평가 대상 아님,,,이번 공시의 가맹점 수가 0이거나 비어 있어 평가하지 않았습니다.,2024
BRD_20250297,새참만땅,0.0,평가 대상 아님,,,이번 공시의 가맹점 수가 0이거나 비어 있어 평가하지 않았습니다.,2024
BRD_20250299,한입폭격김치찜,0.0,평가 대상 아님,,,이번 공시의 가맹점 수가 0이거나 비어 있어 평가하지 않았습니다.,2024
BRD_20250302,박성환돈까스,0.0,평가 대상 아님,,,이번 공시의 가맹점 수가 0이거나 비어 있어 평가하지 않았습니다.,2024
BRD_20250303,오적회관,0.0,평가 대상 아님,,,이번 공시의 가맹점 수가 0이거나 비어 있어 평가하지 않았습니다.,2024
BRD_20250304,뜯갈비,0.0,평가 대상 아님,,,이번 공시의 가맹점 수가 0이거나 비어 있어 평가하지 않았습니다.,2024
BRD_20250305,서울만두,0.0,평가 대상 아님,,,이번 공시의 가맹점 수가 0이거나 비어 있어 평가하지 않았습니다.,2024
BRD_20250307,팔뚝국밥,0.0,평가 대상 아님,,,이번 공시의 가맹점 수가 0이거나 비어 있어 평가하지 않았습니다.,2024
BRD_20250310,베쌀의 민족,0.0,평가 대상 아님,,,이번 공시의 가맹점 수가 0이거나 비어 있어 평가하지 않았습니다.,2024
BRD_20250312,투또톤토,0.0,평가 대상 아님,,,이번 공시의 가맹점 수가 0이거나 비어 있어 평가하지 않았습니다.,2024
BRD_20250313,캔팩토리(CANFACTORY),0.0,평가 대상 아님,,,이번 공시의 가맹점 수가 0이거나 비어 있어 평가하지 않았습니다.,2024
BRD_20250317,우리한돈,0.0,평가 대상 아님,,,이번 공시의 가맹점 수가 0이거나 비어 있어 평가하지 않았습니다.,2024
BRD_20250318,솥담순두부,0.0,평가 대상 아님,,,이번 공시의 가맹점 수가 0이거나 비어 있어 평가하지 않았습니다.,2024
BRD_20250319,83왕소금구이,0.0,평가 대상 아님,,,이번 공시의 가맹점 수가 0이거나 비어 있어 평가하지 않았습니다.,2024
BRD_20250320,농축자돌판한우,0.0,평가 대상 아님,,,이번 공시의 가맹점 수가 0이거나 비어 있어 평가하지 않았습니다.,2024
BRD_20250321,본흑염소·능이삼계탕,0.0,평가 대상 아님,,,이번 공시의 가맹점 수가 0이거나 비어 있어 평가하지 않았습니다.,2024
BRD_20250322,평칼,0.0,평가 대상 아님,,,이번 공시의 가맹점 수가 0이거나 비어 있어 평가하지 않았습니다.,2024
BRD_20250324,전현수의황제누룽지탕,0.0,평가 대상 아님,,,이번 공시의 가맹점 수가 0이거나 비어 있어 평가하지 않았습니다.,2024
BRD_20250328,노란돼지,0.0,평가 대상 아님,,,이번 공시의 가맹점 수가 0이거나 비어 있어 평가하지 않았습니다.,2024
BRD_20250329,김밥집639,0.0,평가 대상 아님,,,이번 공시의 가맹점 수가 0이거나 비어 있어 평가하지 않았습니다.,2024
BRD_20250330,샤브해연,0.0,평가 대상 아님,,,이번 공시의 가맹점 수가 0이거나 비어 있어 평가하지 않았습니다.,2024
BRD_20250331,검암연탄집,0.0,평가 대상 아님,,,이번 공시의 가맹점 수가 0이거나 비어 있어 평가하지 않았습니다.,2024
BRD_20250332,신신포항물회,0.0,평가 대상 아님,,,이번 공시의 가맹점 수가 0이거나 비어 있어 평가하지 않았습니다.,2024
BRD_20250334,평화로운집2020,0.0,평가 대상 아님,,,이번 공시의 가맹점 수가 0이거나 비어 있어 평가하지 않았습니다.,2024
BRD_20250336,김치찜어때,0.0,평가 대상 아님,,,이번 공시의 가맹점 수가 0이거나 비어 있어 평가하지 않았습니다.,2024
BRD_20250338,김앤초밥,0.0,평가 대상 아님,,,이번 공시의 가맹점 수가 0이거나 비어 있어 평가하지 않았습니다.,2024
BRD_20250341,동래옥,0.0,평가 대상 아님,,,이번 공시의 가맹점 수가 0이거나 비어 있어 평가하지 않았습니다.,2024
BRD_20250343,뵈르뵈르,0.0,평가 대상 아님,,,이번 공시의 가맹점 수가 0이거나 비어 있어 평가하지 않았습니다.,2024
BRD_20250344,수국칼,0.0,평가 대상 아님,,,이번 공시의 가맹점 수가 0이거나 비어 있어 평가하지 않았습니다.,2024
BRD_20250345,683온천장,0.0,평가 대상 아님,,,이번 공시의 가맹점 수가 0이거나 비어 있어 평가하지 않았습니다.,2024
BRD_20250348,꾼돈,0.0,평가 대상 아님,,,이번 공시의 가맹점 수가 0이거나 비어 있어 평가하지 않았습니다.,2024
BRD_20250350,기대육,0.0,평가 대상 아님,,,이번 공시의 가맹점 수가 0이거나 비어 있어 평가하지 않았습니다.,2024
BRD_20250353,카페인더문,0.0,평가 대상 아님,,,이번 공시의 가맹점 수가 0이거나 비어 있어 평가하지 않았습니다.,2024
BRD_20250354,토핑몬스터피자  TMP PIZZA,0.0,평가 대상 아님,,,이번 공시의 가맹점 수가 0이거나 비어 있어 평가하지 않았습니다.,2024
BRD_20250355,귀한김치찜,0.0,평가 대상 아님,,,이번 공시의 가맹점 수가 0이거나 비어 있어 평가하지 않았습니다.,2024
BRD_20250356,히바치텐,0.0,평가 대상 아님,,,이번 공시의 가맹점 수가 0이거나 비어 있어 평가하지 않았습니다.,2024
BRD_20250357,리얼식단,0.0,평가 대상 아님,,,이번 공시의 가맹점 수가 0이거나 비어 있어 평가하지 않았습니다.,2024
BRD_20250359,볶음우동가장잘볶는집,0.0,평가 대상 아님,,,이번 공시의 가맹점 수가 0이거나 비어 있어 평가하지 않았습니다.,2024
BRD_20250360,5일장국수,0.0,평가 대상 아님,,,이번 공시의 가맹점 수가 0이거나 비어 있어 평가하지 않았습니다.,2024
BRD_20250361,다굽다,0.0,평가 대상 아님,,,이번 공시의 가맹점 수가 0이거나 비어 있어 평가하지 않았습니다.,2024
BRD_20250362,미슐당,0.0,평가 대상 아님,,,이번 공시의 가맹점 수가 0이거나 비어 있어 평가하지 않았습니다.,2024
BRD_20250363,비오피(BOP),0.0,평가 대상 아님,,,이번 공시의 가맹점 수가 0이거나 비어 있어 평가하지 않았습니다.,2024
BRD_20250365,밥올림,0.0,평가 대상 아님,,,이번 공시의 가맹점 수가 0이거나 비어 있어 평가하지 않았습니다.,2024
BRD_20250370,김통삼,0.0,평가 대상 아님,,,이번 공시의 가맹점 수가 0이거나 비어 있어 평가하지 않았습니다.,2024
BRD_20250371,금가네장터,0.0,평가 대상 아님,,,이번 공시의 가맹점 수가 0이거나 비어 있어 평가하지 않았습니다.,2024
BRD_20250372,연탄품은서울막창,0.0,평가 대상 아님,,,이번 공시의 가맹점 수가 0이거나 비어 있어 평가하지 않았습니다.,2024
BRD_20250373,김치돼학교,0.0,평가 대상 아님,,,이번 공시의 가맹점 수가 0이거나 비어 있어 평가하지 않았습니다.,2024
BRD_20250375,육오랑,0.0,평가 대상 아님,,,이번 공시의 가맹점 수가 0이거나 비어 있어 평가하지 않았습니다.,2024
BRD_20250376,푹고은 김치찜,0.0,평가 대상 아님,,,이번 공시의 가맹점 수가 0이거나 비어 있어 평가하지 않았습니다.,2024
BRD_20250378,일월의정원,0.0,평가 대상 아님,,,이번 공시의 가맹점 수가 0이거나 비어 있어 평가하지 않았습니다.,2024
BRD_20250379,장사부,0.0,평가 대상 아님,,,이번 공시의 가맹점 수가 0이거나 비어 있어 평가하지 않았습니다.,2024
BRD_20250381,밥퍼맨(BOBPERMAN),0.0,평가 대상 아님,,,이번 공시의 가맹점 수가 0이거나 비어 있어 평가하지 않았습니다.,2024
BRD_20250384,지구떡볶이,0.0,평가 대상 아님,,,이번 공시의 가맹점 수가 0이거나 비어 있어 평가하지 않았습니다.,2024
BRD_20250387,육수정,0.0,평가 대상 아님,,,이번 공시의 가맹점 수가 0이거나 비어 있어 평가하지 않았습니다.,2024
BRD_20250389,닭장수김밥,0.0,평가 대상 아님,,,이번 공시의 가맹점 수가 0이거나 비어 있어 평가하지 않았습니다.,2024
BRD_20250390,백프로김치찜,0.0,평가 대상 아님,,,이번 공시의 가맹점 수가 0이거나 비어 있어 평가하지 않았습니다.,2024
BRD_20250392,포컬포인트,0.0,평가 대상 아님,,,이번 공시의 가맹점 수가 0이거나 비어 있어 평가하지 않았습니다.,2024
BRD_20250397,홍초야,0.0,평가 대상 아님,,,이번 공시의 가맹점 수가 0이거나 비어 있어 평가하지 않았습니다.,2024
BRD_20250398,돈골약방,0.0,평가 대상 아님,,,이번 공시의 가맹점 수가 0이거나 비어 있어 평가하지 않았습니다.,2024
BRD_20250399,보바보바,0.0,평가 대상 아님,,,이번 공시의 가맹점 수가 0이거나 비어 있어 평가하지 않았습니다.,2024
BRD_20250400,탐라육해,0.0,평가 대상 아님,,,이번 공시의 가맹점 수가 0이거나 비어 있어 평가하지 않았습니다.,2024
BRD_20250403,블루메쯔,0.0,평가 대상 아님,,,이번 공시의 가맹점 수가 0이거나 비어 있어 평가하지 않았습니다.,2024
BRD_20250404,얌트,0.0,평가 대상 아님,,,이번 공시의 가맹점 수가 0이거나 비어 있어 평가하지 않았습니다.,2024
BRD_20250405,청달방,0.0,평가 대상 아님,,,이번 공시의 가맹점 수가 0이거나 비어 있어 평가하지 않았습니다.,2024
BRD_20250407,연탄의정석,0.0,평가 대상 아님,,,이번 공시의 가맹점 수가 0이거나 비어 있어 평가하지 않았습니다.,2024
BRD_20250408,리정원,0.0,평가 대상 아님,,,이번 공시의 가맹점 수가 0이거나 비어 있어 평가하지 않았습니다.,2024
BRD_20250413,더담누리,0.0,평가 대상 아님,,,이번 공시의 가맹점 수가 0이거나 비어 있어 평가하지 않았습니다.,2024
BRD_20250415,수퍼빌런(SUPER VILLAIN),0.0,평가 대상 아님,,,이번 공시의 가맹점 수가 0이거나 비어 있어 평가하지 않았습니다.,2024
BRD_20250416,리담,0.0,평가 대상 아님,,,이번 공시의 가맹점 수가 0이거나 비어 있어 평가하지 않았습니다.,2024
BRD_20250417,위안바오,0.0,평가 대상 아님,,,이번 공시의 가맹점 수가 0이거나 비어 있어 평가하지 않았습니다.,2024
BRD_20250422,투떠블피자,0.0,평가 대상 아님,,,이번 공시의 가맹점 수가 0이거나 비어 있어 평가하지 않았습니다.,2024
BRD_20250423,온전한 실내,0.0,평가 대상 아님,,,이번 공시의 가맹점 수가 0이거나 비어 있어 평가하지 않았습니다.,2024
BRD_20250424,돈미가옥,0.0,평가 대상 아님,,,이번 공시의 가맹점 수가 0이거나 비어 있어 평가하지 않았습니다.,2024
BRD_20250426,빙고코다리아구찜,0.0,평가 대상 아님,,,이번 공시의 가맹점 수가 0이거나 비어 있어 평가하지 않았습니다.,2024
BRD_20250427,이루다제면소,0.0,평가 대상 아님,,,이번 공시의 가맹점 수가 0이거나 비어 있어 평가하지 않았습니다.,2024
BRD_20250428,케이크시즌,0.0,평가 대상 아님,,,이번 공시의 가맹점 수가 0이거나 비어 있어 평가하지 않았습니다.,2024
BRD_20250429,우월한 프렌즈,0.0,평가 대상 아님,,,이번 공시의 가맹점 수가 0이거나 비어 있어 평가하지 않았습니다.,2024
BRD_20250431,영일이아구찜,0.0,평가 대상 아님,,,이번 공시의 가맹점 수가 0이거나 비어 있어 평가하지 않았습니다.,2024
BRD_20250434,전복명가,0.0,평가 대상 아님,,,이번 공시의 가맹점 수가 0이거나 비어 있어 평가하지 않았습니다.,2024
BRD_20250435,민돈사,0.0,평가 대상 아님,,,이번 공시의 가맹점 수가 0이거나 비어 있어 평가하지 않았습니다.,2024
BRD_20250440,삼경일,0.0,평가 대상 아님,,,이번 공시의 가맹점 수가 0이거나 비어 있어 평가하지 않았습니다.,2024
BRD_20250441,카페해운대1994,0.0,평가 대상 아님,,,이번 공시의 가맹점 수가 0이거나 비어 있어 평가하지 않았습니다.,2024
BRD_20250442,커피칩스,0.0,평가 대상 아님,,,이번 공시의 가맹점 수가 0이거나 비어 있어 평가하지 않았습니다.,2024
BRD_20250444,콩마루감자탕,0.0,평가 대상 아님,,,이번 공시의 가맹점 수가 0이거나 비어 있어 평가하지 않았습니다.,2024
BRD_20250445,여수갓육고,0.0,평가 대상 아님,,,이번 공시의 가맹점 수가 0이거나 비어 있어 평가하지 않았습니다.,2024
BRD_20250447,오디오스타,0.0,평가 대상 아님,,,이번 공시의 가맹점 수가 0이거나 비어 있어 평가하지 않았습니다.,2024
BRD_20250449,부산에 뜬 고등어,0.0,평가 대상 아님,,,이번 공시의 가맹점 수가 0이거나 비어 있어 평가하지 않았습니다.,2024
BRD_20250452,닭튜브로,0.0,평가 대상 아님,,,이번 공시의 가맹점 수가 0이거나 비어 있어 평가하지 않았습니다.,2024
BRD_20250455,위플라,0.0,평가 대상 아님,,,이번 공시의 가맹점 수가 0이거나 비어 있어 평가하지 않았습니다.,2024
BRD_20250458,명품본가왕족발,0.0,평가 대상 아님,,,이번 공시의 가맹점 수가 0이거나 비어 있어 평가하지 않았습니다.,2024
BRD_20250460,까치솥뚜껑닭도리,0.0,평가 대상 아님,,,이번 공시의 가맹점 수가 0이거나 비어 있어 평가하지 않았습니다.,2024
BRD_20250461,울트라치킨,0.0,평가 대상 아님,,,이번 공시의 가맹점 수가 0이거나 비어 있어 평가하지 않았습니다.,2024
BRD_20250462,온심옥,0.0,평가 대상 아님,,,이번 공시의 가맹점 수가 0이거나 비어 있어 평가하지 않았습니다.,2024
BRD_20250463,오늘도 고기국밥&감자탕,0.0,평가 대상 아님,,,이번 공시의 가맹점 수가 0이거나 비어 있어 평가하지 않았습니다.,2024
BRD_20250469,자신이쏘,0.0,평가 대상 아님,,,이번 공시의 가맹점 수가 0이거나 비어 있어 평가하지 않았습니다.,2024
BRD_20250470,철이네오복,0.0,평가 대상 아님,,,이번 공시의 가맹점 수가 0이거나 비어 있어 평가하지 않았습니다.,2024
BRD_20250471,돌탄순댓국,0.0,평가 대상 아님,,,이번 공시의 가맹점 수가 0이거나 비어 있어 평가하지 않았습니다.,2024
BRD_20250472,김장날솥뚜껑삼겹살,0.0,평가 대상 아님,,,이번 공시의 가맹점 수가 0이거나 비어 있어 평가하지 않았습니다.,2024
BRD_20250473,솝말칼국수,0.0,평가 대상 아님,,,이번 공시의 가맹점 수가 0이거나 비어 있어 평가하지 않았습니다.,2024
BRD_20250474,혜리네 야채찜,0.0,평가 대상 아님,,,이번 공시의 가맹점 수가 0이거나 비어 있어 평가하지 않았습니다.,2024
BRD_20250475,상륙이닭,0.0,평가 대상 아님,,,이번 공시의 가맹점 수가 0이거나 비어 있어 평가하지 않았습니다.,2024
BRD_20250476,설우정,0.0,평가 대상 아님,,,이번 공시의 가맹점 수가 0이거나 비어 있어 평가하지 않았습니다.,2024
BRD_20250478,FREDDY BURGER,0.0,평가 대상 아님,,,이번 공시의 가맹점 수가 0이거나 비어 있어 평가하지 않았습니다.,2024
BRD_20250482,Ssack쓰리,0.0,평가 대상 아님,,,이번 공시의 가맹점 수가 0이거나 비어 있어 평가하지 않았습니다.,2024
BRD_20250483,담꾸소,0.0,평가 대상 아님,,,이번 공시의 가맹점 수가 0이거나 비어 있어 평가하지 않았습니다.,2024
BRD_20250484,서문빙수,0.0,평가 대상 아님,,,이번 공시의 가맹점 수가 0이거나 비어 있어 평가하지 않았습니다.,2024
BRD_20250487,천월천돈,0.0,평가 대상 아님,,,이번 공시의 가맹점 수가 0이거나 비어 있어 평가하지 않았습니다.,2024
BRD_20250488,해화개반,0.0,평가 대상 아님,,,이번 공시의 가맹점 수가 0이거나 비어 있어 평가하지 않았습니다.,2024
BRD_20250490,이터스,0.0,평가 대상 아님,,,이번 공시의 가맹점 수가 0이거나 비어 있어 평가하지 않았습니다.,2024
BRD_20250492,버거웨이(BURGERWAY),0.0,평가 대상 아님,,,이번 공시의 가맹점 수가 0이거나 비어 있어 평가하지 않았습니다.,2024
BRD_20250493,왕천파닭,0.0,평가 대상 아님,,,이번 공시의 가맹점 수가 0이거나 비어 있어 평가하지 않았습니다.,2024
BRD_20250495,수산촌,0.0,평가 대상 아님,,,이번 공시의 가맹점 수가 0이거나 비어 있어 평가하지 않았습니다.,2024
BRD_20250498,수리치킨,0.0,평가 대상 아님,,,이번 공시의 가맹점 수가 0이거나 비어 있어 평가하지 않았습니다.,2024
BRD_20250499,욱희쌤OOKISSAM 꼬마김밥,0.0,평가 대상 아님,,,이번 공시의 가맹점 수가 0이거나 비어 있어 평가하지 않았습니다.,2024
BRD_20250501,이꼬마김밥,0.0,평가 대상 아님,,,이번 공시의 가맹점 수가 0이거나 비어 있어 평가하지 않았습니다.,2024
BRD_20250502,소사냥,0.0,평가 대상 아님,,,이번 공시의 가맹점 수가 0이거나 비어 있어 평가하지 않았습니다.,2024
BRD_20250503,그릭베리,0.0,평가 대상 아님,,,이번 공시의 가맹점 수가 0이거나 비어 있어 평가하지 않았습니다.,2024
BRD_20250504,프레드커피하우스,0.0,평가 대상 아님,,,이번 공시의 가맹점 수가 0이거나 비어 있어 평가하지 않았습니다.,2024
BRD_20250505,골목닭집,0.0,평가 대상 아님,,,이번 공시의 가맹점 수가 0이거나 비어 있어 평가하지 않았습니다.,2024
BRD_20250506,90번길 쪽갈비구&닭발동,0.0,평가 대상 아님,,,이번 공시의 가맹점 수가 0이거나 비어 있어 평가하지 않았습니다.,2024
BRD_20250507,맛돌곱도리&갈비찜,0.0,평가 대상 아님,,,이번 공시의 가맹점 수가 0이거나 비어 있어 평가하지 않았습니다.,2024
BRD_20250508,물래 물회,0.0,평가 대상 아님,,,이번 공시의 가맹점 수가 0이거나 비어 있어 평가하지 않았습니다.,2024
BRD_20250509,마포매운쌀떡볶이,0.0,평가 대상 아님,,,이번 공시의 가맹점 수가 0이거나 비어 있어 평가하지 않았습니다.,2024
BRD_20250510,봉천생면파스타,0.0,평가 대상 아님,,,이번 공시의 가맹점 수가 0이거나 비어 있어 평가하지 않았습니다.,2024
BRD_20250511,어깨춤,0.0,평가 대상 아님,,,이번 공시의 가맹점 수가 0이거나 비어 있어 평가하지 않았습니다.,2024
BRD_20250513,명장복국,0.0,평가 대상 아님,,,이번 공시의 가맹점 수가 0이거나 비어 있어 평가하지 않았습니다.,2024
BRD_20250514,일상in거리,0.0,평가 대상 아님,,,이번 공시의 가맹점 수가 0이거나 비어 있어 평가하지 않았습니다.,2024
BRD_20250515,세겹회관,0.0,평가 대상 아님,,,이번 공시의 가맹점 수가 0이거나 비어 있어 평가하지 않았습니다.,2024
BRD_20250516,오마이OMC커피,0.0,평가 대상 아님,,,이번 공시의 가맹점 수가 0이거나 비어 있어 평가하지 않았습니다.,2024
BRD_20250517,흑궁흑염소,0.0,평가 대상 아님,,,이번 공시의 가맹점 수가 0이거나 비어 있어 평가하지 않았습니다.,2024
BRD_20250518,바로해장,0.0,평가 대상 아님,,,이번 공시의 가맹점 수가 0이거나 비어 있어 평가하지 않았습니다.,2024
BRD_20250520,천통,0.0,평가 대상 아님,,,이번 공시의 가맹점 수가 0이거나 비어 있어 평가하지 않았습니다.,2024
BRD_20250521,꽃담은갈비,0.0,평가 대상 아님,,,이번 공시의 가맹점 수가 0이거나 비어 있어 평가하지 않았습니다.,2024
BRD_20250523,CCY뮤직룸,0.0,평가 대상 아님,,,이번 공시의 가맹점 수가 0이거나 비어 있어 평가하지 않았습니다.,2024
BRD_20250526,속초어시장,0.0,평가 대상 아님,,,이번 공시의 가맹점 수가 0이거나 비어 있어 평가하지 않았습니다.,2024
BRD_20250529,육회한 차돌이,0.0,평가 대상 아님,,,이번 공시의 가맹점 수가 0이거나 비어 있어 평가하지 않았습니다.,2024
BRD_20250533,정가 교동짬뽕,0.0,평가 대상 아님,,,이번 공시의 가맹점 수가 0이거나 비어 있어 평가하지 않았습니다.,2024
BRD_20250535,오슬로우(OHSLOW) 영호남,0.0,평가 대상 아님,,,이번 공시의 가맹점 수가 0이거나 비어 있어 평가하지 않았습니다.,2024
BRD_20250536,데일리비틀주스(Daily Beetle Juice),0.0,평가 대상 아님,,,이번 공시의 가맹점 수가 0이거나 비어 있어 평가하지 않았습니다.,2024
BRD_20250537,청미 닭도리탕,0.0,평가 대상 아님,,,이번 공시의 가맹점 수가 0이거나 비어 있어 평가하지 않았습니다.,2024
BRD_20250541,낙곱화,0.0,평가 대상 아님,,,이번 공시의 가맹점 수가 0이거나 비어 있어 평가하지 않았습니다.,2024
BRD_20250542,바운스무드,0.0,평가 대상 아님,,,이번 공시의 가맹점 수가 0이거나 비어 있어 평가하지 않았습니다.,2024
BRD_20250544,육회의전당,0.0,평가 대상 아님,,,이번 공시의 가맹점 수가 0이거나 비어 있어 평가하지 않았습니다.,2024
BRD_20250546,강원도칼국수,0.0,평가 대상 아님,,,이번 공시의 가맹점 수가 0이거나 비어 있어 평가하지 않았습니다.,2024
BRD_20250547,광주막,0.0,평가 대상 아님,,,이번 공시의 가맹점 수가 0이거나 비어 있어 평가하지 않았습니다.,2024
BRD_20250548,육즙삼겹,0.0,평가 대상 아님,,,이번 공시의 가맹점 수가 0이거나 비어 있어 평가하지 않았습니다.,2024
BRD_20250549,제주솥님,0.0,평가 대상 아님,,,이번 공시의 가맹점 수가 0이거나 비어 있어 평가하지 않았습니다.,2024
BRD_20250551,뉴커피24,0.0,평가 대상 아님,,,이번 공시의 가맹점 수가 0이거나 비어 있어 평가하지 않았습니다.,2024
BRD_20250555,찌개공식,0.0,평가 대상 아님,,,이번 공시의 가맹점 수가 0이거나 비어 있어 평가하지 않았습니다.,2024
BRD_20250557,아임타코야끼,0.0,평가 대상 아님,,,이번 공시의 가맹점 수가 0이거나 비어 있어 평가하지 않았습니다.,2024
BRD_20250558,요핑(yoping),0.0,평가 대상 아님,,,이번 공시의 가맹점 수가 0이거나 비어 있어 평가하지 않았습니다.,2024
BRD_20250561,얼씨구감자탕,0.0,평가 대상 아님,,,이번 공시의 가맹점 수가 0이거나 비어 있어 평가하지 않았습니다.,2024
BRD_20250563,취락,0.0,평가 대상 아님,,,이번 공시의 가맹점 수가 0이거나 비어 있어 평가하지 않았습니다.,2024
BRD_20250564,순대고집,0.0,평가 대상 아님,,,이번 공시의 가맹점 수가 0이거나 비어 있어 평가하지 않았습니다.,2024
BRD_20250565,팀홀튼(Tim Hortons),0.0,평가 대상 아님,,,이번 공시의 가맹점 수가 0이거나 비어 있어 평가하지 않았습니다.,2024
BRD_20250566,슈퍼크리스피,0.0,평가 대상 아님,,,이번 공시의 가맹점 수가 0이거나 비어 있어 평가하지 않았습니다.,2024
BRD_20250567,탐라대패,0.0,평가 대상 아님,,,이번 공시의 가맹점 수가 0이거나 비어 있어 평가하지 않았습니다.,2024
BRD_20250570,귀빈매운갈비찜,0.0,평가 대상 아님,,,이번 공시의 가맹점 수가 0이거나 비어 있어 평가하지 않았습니다.,2024
BRD_20250573,김팔구,0.0,평가 대상 아님,,,이번 공시의 가맹점 수가 0이거나 비어 있어 평가하지 않았습니다.,2024
BRD_20250576,팔도밀방,0.0,평가 대상 아님,,,이번 공시의 가맹점 수가 0이거나 비어 있어 평가하지 않았습니다.,2024
BRD_20250577,키츠스키야키,0.0,평가 대상 아님,,,이번 공시의 가맹점 수가 0이거나 비어 있어 평가하지 않았습니다.,2024
BRD_20250580,더커피(the coffee),0.0,평가 대상 아님,,,이번 공시의 가맹점 수가 0이거나 비어 있어 평가하지 않았습니다.,2024
BRD_20250582,본가전주옥,0.0,평가 대상 아님,,,이번 공시의 가맹점 수가 0이거나 비어 있어 평가하지 않았습니다.,2024
BRD_20250583,양커피,0.0,평가 대상 아님,,,이번 공시의 가맹점 수가 0이거나 비어 있어 평가하지 않았습니다.,2024
BRD_20250584,사랑방,0.0,평가 대상 아님,,,이번 공시의 가맹점 수가 0이거나 비어 있어 평가하지 않았습니다.,2024
BRD_20250585,고기요기,0.0,평가 대상 아님,,,이번 공시의 가맹점 수가 0이거나 비어 있어 평가하지 않았습니다.,2024
BRD_20250587,고양진김치찌개,0.0,평가 대상 아님,,,이번 공시의 가맹점 수가 0이거나 비어 있어 평가하지 않았습니다.,2024
BRD_20250590,오복이네 닭떡볶이,0.0,평가 대상 아님,,,이번 공시의 가맹점 수가 0이거나 비어 있어 평가하지 않았습니다.,2024
BRD_20250593,오동,0.0,평가 대상 아님,,,이번 공시의 가맹점 수가 0이거나 비어 있어 평가하지 않았습니다.,2024
BRD_20250594,꾸웁소,0.0,평가 대상 아님,,,이번 공시의 가맹점 수가 0이거나 비어 있어 평가하지 않았습니다.,2024
BRD_20250596,케니야커피,0.0,평가 대상 아님,,,이번 공시의 가맹점 수가 0이거나 비어 있어 평가하지 않았습니다.,2024
BRD_20250597,백수라간,0.0,평가 대상 아님,,,이번 공시의 가맹점 수가 0이거나 비어 있어 평가하지 않았습니다.,2024
BRD_20250598,찬슬양곱창,0.0,평가 대상 아님,,,이번 공시의 가맹점 수가 0이거나 비어 있어 평가하지 않았습니다.,2024
BRD_20250599,갱상북도청도미나리삼겹,0.0,평가 대상 아님,,,이번 공시의 가맹점 수가 0이거나 비어 있어 평가하지 않았습니다.,2024
BRD_20250602,우집사,0.0,평가 대상 아님,,,이번 공시의 가맹점 수가 0이거나 비어 있어 평가하지 않았습니다.,2024
BRD_20250603,경산집KPL,0.0,평가 대상 아님,,,이번 공시의 가맹점 수가 0이거나 비어 있어 평가하지 않았습니다.,2024
BRD_20250605,수애가,0.0,평가 대상 아님,,,이번 공시의 가맹점 수가 0이거나 비어 있어 평가하지 않았습니다.,2024
BRD_20250608,구름라이스,0.0,평가 대상 아님,,,이번 공시의 가맹점 수가 0이거나 비어 있어 평가하지 않았습니다.,2024
BRD_20250609,리틀사이공,0.0,평가 대상 아님,,,이번 공시의 가맹점 수가 0이거나 비어 있어 평가하지 않았습니다.,2024
BRD_20250613,삼구랭면,0.0,평가 대상 아님,,,이번 공시의 가맹점 수가 0이거나 비어 있어 평가하지 않았습니다.,2024
BRD_20250617,뱃살집,0.0,평가 대상 아님,,,이번 공시의 가맹점 수가 0이거나 비어 있어 평가하지 않았습니다.,2024
BRD_20250618,릿치스밀,0.0,평가 대상 아님,,,이번 공시의 가맹점 수가 0이거나 비어 있어 평가하지 않았습니다.,2024
BRD_20250620,먹태감성,0.0,평가 대상 아님,,,이번 공시의 가맹점 수가 0이거나 비어 있어 평가하지 않았습니다.,2024
BRD_20250623,대한카츠,0.0,평가 대상 아님,,,이번 공시의 가맹점 수가 0이거나 비어 있어 평가하지 않았습니다.,2024
BRD_20250625,참바우 감동국밥,0.0,평가 대상 아님,,,이번 공시의 가맹점 수가 0이거나 비어 있어 평가하지 않았습니다.,2024
BRD_20250628,제주화로집,0.0,평가 대상 아님,,,이번 공시의 가맹점 수가 0이거나 비어 있어 평가하지 않았습니다.,2024
BRD_20250629,육수당,0.0,평가 대상 아님,,,이번 공시의 가맹점 수가 0이거나 비어 있어 평가하지 않았습니다.,2024
BRD_20250630,빙수바보빙식이,0.0,평가 대상 아님,,,이번 공시의 가맹점 수가 0이거나 비어 있어 평가하지 않았습니다.,2024
BRD_20250631,왕가디저트,0.0,평가 대상 아님,,,이번 공시의 가맹점 수가 0이거나 비어 있어 평가하지 않았습니다.,2024
BRD_20250632,정이의더큰청진동해장국,0.0,평가 대상 아님,,,이번 공시의 가맹점 수가 0이거나 비어 있어 평가하지 않았습니다.,2024
BRD_20250633,연일개미집,0.0,평가 대상 아님,,,이번 공시의 가맹점 수가 0이거나 비어 있어 평가하지 않았습니다.,2024
BRD_20250634,眞심해돈까스,0.0,평가 대상 아님,,,이번 공시의 가맹점 수가 0이거나 비어 있어 평가하지 않았습니다.,2024
BRD_20250638,러너펍(RUNNER PUB),0.0,평가 대상 아님,,,이번 공시의 가맹점 수가 0이거나 비어 있어 평가하지 않았습니다.,2024
BRD_20250639,유부공작소,0.0,평가 대상 아님,,,이번 공시의 가맹점 수가 0이거나 비어 있어 평가하지 않았습니다.,2024
BRD_20250641,코지로 아자스,0.0,평가 대상 아님,,,이번 공시의 가맹점 수가 0이거나 비어 있어 평가하지 않았습니다.,2024
BRD_20250643,초동순두부,0.0,평가 대상 아님,,,이번 공시의 가맹점 수가 0이거나 비어 있어 평가하지 않았습니다.,2024
BRD_20250644,샤부집소소,0.0,평가 대상 아님,,,이번 공시의 가맹점 수가 0이거나 비어 있어 평가하지 않았습니다.,2024
BRD_20250645,조점례남문피순대,0.0,평가 대상 아님,,,이번 공시의 가맹점 수가 0이거나 비어 있어 평가하지 않았습니다.,2024
BRD_20250646,배달비무료카페(BEMU),0.0,평가 대상 아님,,,이번 공시의 가맹점 수가 0이거나 비어 있어 평가하지 않았습니다.,2024
BRD_20250647,세류소멘나가시,0.0,평가 대상 아님,,,이번 공시의 가맹점 수가 0이거나 비어 있어 평가하지 않았습니다.,2024
BRD_20250648,백딤채,0.0,평가 대상 아님,,,이번 공시의 가맹점 수가 0이거나 비어 있어 평가하지 않았습니다.,2024
BRD_20250649,천수식당,0.0,평가 대상 아님,,,이번 공시의 가맹점 수가 0이거나 비어 있어 평가하지 않았습니다.,2024
BRD_20250650,오로촌,0.0,평가 대상 아님,,,이번 공시의 가맹점 수가 0이거나 비어 있어 평가하지 않았습니다.,2024
BRD_20250651,열탄제육,0.0,평가 대상 아님,,,이번 공시의 가맹점 수가 0이거나 비어 있어 평가하지 않았습니다.,2024
BRD_20250652,맘모스타코,0.0,평가 대상 아님,,,이번 공시의 가맹점 수가 0이거나 비어 있어 평가하지 않았습니다.,2024
BRD_20250653,백삼호,0.0,평가 대상 아님,,,이번 공시의 가맹점 수가 0이거나 비어 있어 평가하지 않았습니다.,2024
BRD_20250654,요거트홀릭,0.0,평가 대상 아님,,,이번 공시의 가맹점 수가 0이거나 비어 있어 평가하지 않았습니다.,2024
BRD_20250656,바른흑염소,0.0,평가 대상 아님,,,이번 공시의 가맹점 수가 0이거나 비어 있어 평가하지 않았습니다.,2024
BRD_20250659,솥뚜껑만난닭,0.0,평가 대상 아님,,,이번 공시의 가맹점 수가 0이거나 비어 있어 평가하지 않았습니다.,2024
BRD_20250661,손정보쌈,0.0,평가 대상 아님,,,이번 공시의 가맹점 수가 0이거나 비어 있어 평가하지 않았습니다.,2024
BRD_20250662,"탕, 찌개 전문 발끝집",0.0,평가 대상 아님,,,이번 공시의 가맹점 수가 0이거나 비어 있어 평가하지 않았습니다.,2024
BRD_20250663,시골가마솥김치찜,0.0,평가 대상 아님,,,이번 공시의 가맹점 수가 0이거나 비어 있어 평가하지 않았습니다.,2024
BRD_20250665,제육이네국물두루치기,0.0,평가 대상 아님,,,이번 공시의 가맹점 수가 0이거나 비어 있어 평가하지 않았습니다.,2024
BRD_20250667,천하제일불닭발,0.0,평가 대상 아님,,,이번 공시의 가맹점 수가 0이거나 비어 있어 평가하지 않았습니다.,2024
BRD_20250670,크라운족발,0.0,평가 대상 아님,,,이번 공시의 가맹점 수가 0이거나 비어 있어 평가하지 않았습니다.,2024
BRD_20250672,순대일번지,0.0,평가 대상 아님,,,이번 공시의 가맹점 수가 0이거나 비어 있어 평가하지 않았습니다.,2024
BRD_20250673,깐깐,0.0,평가 대상 아님,,,이번 공시의 가맹점 수가 0이거나 비어 있어 평가하지 않았습니다.,2024
BRD_20250674,요거트보이,0.0,평가 대상 아님,,,이번 공시의 가맹점 수가 0이거나 비어 있어 평가하지 않았습니다.,2024
BRD_20250676,두리기갈매기살,0.0,평가 대상 아님,,,이번 공시의 가맹점 수가 0이거나 비어 있어 평가하지 않았습니다.,2024
BRD_20250677,진교동한우곱도리탕,0.0,평가 대상 아님,,,이번 공시의 가맹점 수가 0이거나 비어 있어 평가하지 않았습니다.,2024
BRD_20250679,블리스라운드,0.0,평가 대상 아님,,,이번 공시의 가맹점 수가 0이거나 비어 있어 평가하지 않았습니다.,2024
BRD_20250680,일미만두1981의정부,0.0,평가 대상 아님,,,이번 공시의 가맹점 수가 0이거나 비어 있어 평가하지 않았습니다.,2024
BRD_20250681,1981의정부만두,0.0,평가 대상 아님,,,이번 공시의 가맹점 수가 0이거나 비어 있어 평가하지 않았습니다.,2024
BRD_20250683,뽀구티,0.0,평가 대상 아님,,,이번 공시의 가맹점 수가 0이거나 비어 있어 평가하지 않았습니다.,2024
BRD_20250685,적심,0.0,평가 대상 아님,,,이번 공시의 가맹점 수가 0이거나 비어 있어 평가하지 않았습니다.,2024
BRD_20250686,백정,0.0,평가 대상 아님,,,이번 공시의 가맹점 수가 0이거나 비어 있어 평가하지 않았습니다.,2024
BRD_20250688,고계,0.0,평가 대상 아님,,,이번 공시의 가맹점 수가 0이거나 비어 있어 평가하지 않았습니다.,2024
BRD_20250689,아라산장 돼지구이,0.0,평가 대상 아님,,,이번 공시의 가맹점 수가 0이거나 비어 있어 평가하지 않았습니다.,2024
BRD_20250691,대상 불고기,0.0,평가 대상 아님,,,이번 공시의 가맹점 수가 0이거나 비어 있어 평가하지 않았습니다.,2024
BRD_20250695,으뜸숙성한우NO.9,0.0,평가 대상 아님,,,이번 공시의 가맹점 수가 0이거나 비어 있어 평가하지 않았습니다.,2024
BRD_20250697,근화오행컬러푸드,0.0,평가 대상 아님,,,이번 공시의 가맹점 수가 0이거나 비어 있어 평가하지 않았습니다.,2024
BRD_20250699,봉림대패,0.0,평가 대상 아님,,,이번 공시의 가맹점 수가 0이거나 비어 있어 평가하지 않았습니다.,2024
BRD_20250704,망티커피,0.0,평가 대상 아님,,,이번 공시의 가맹점 수가 0이거나 비어 있어 평가하지 않았습니다.,2024
BRD_20250709,TBG더본감자탕,0.0,평가 대상 아님,,,이번 공시의 가맹점 수가 0이거나 비어 있어 평가하지 않았습니다.,2024
BRD_20250710,솜씨돈가,0.0,평가 대상 아님,,,이번 공시의 가맹점 수가 0이거나 비어 있어 평가하지 않았습니다.,2024
BRD_20250711,화연제과,0.0,평가 대상 아님,,,이번 공시의 가맹점 수가 0이거나 비어 있어 평가하지 않았습니다.,2024
BRD_20250712,진가네 순두부보쌈,0.0,평가 대상 아님,,,이번 공시의 가맹점 수가 0이거나 비어 있어 평가하지 않았습니다.,2024
BRD_20250713,술찬당,0.0,평가 대상 아님,,,이번 공시의 가맹점 수가 0이거나 비어 있어 평가하지 않았습니다.,2024
BRD_20250717,샐러그리티,0.0,평가 대상 아님,,,이번 공시의 가맹점 수가 0이거나 비어 있어 평가하지 않았습니다.,2024
BRD_20250718,희마쯔,0.0,평가 대상 아님,,,이번 공시의 가맹점 수가 0이거나 비어 있어 평가하지 않았습니다.,2024
BRD_20250719,영진항,0.0,평가 대상 아님,,,이번 공시의 가맹점 수가 0이거나 비어 있어 평가하지 않았습니다.,2024
BRD_20250724,정육단,0.0,평가 대상 아님,,,이번 공시의 가맹점 수가 0이거나 비어 있어 평가하지 않았습니다.,2024
BRD_20250727,족발로일등하는집,0.0,평가 대상 아님,,,이번 공시의 가맹점 수가 0이거나 비어 있어 평가하지 않았습니다.,2024
BRD_20250728,심야천골,0.0,평가 대상 아님,,,이번 공시의 가맹점 수가 0이거나 비어 있어 평가하지 않았습니다.,2024
BRD_20250730,판다파스타,0.0,평가 대상 아님,,,이번 공시의 가맹점 수가 0이거나 비어 있어 평가하지 않았습니다.,2024
BRD_20250731,멋쟁이파스타,0.0,평가 대상 아님,,,이번 공시의 가맹점 수가 0이거나 비어 있어 평가하지 않았습니다.,2024
BRD_20250733,육회도연어도,0.0,평가 대상 아님,,,이번 공시의 가맹점 수가 0이거나 비어 있어 평가하지 않았습니다.,2024
BRD_20250734,파스타119,0.0,평가 대상 아님,,,이번 공시의 가맹점 수가 0이거나 비어 있어 평가하지 않았습니다.,2024
BRD_20250736,다운타우너,0.0,평가 대상 아님,,,이번 공시의 가맹점 수가 0이거나 비어 있어 평가하지 않았습니다.,2024
BRD_20250738,으쌰라곱창,0.0,평가 대상 아님,,,이번 공시의 가맹점 수가 0이거나 비어 있어 평가하지 않았습니다.,2024
BRD_20250740,모찌네 타코야끼,0.0,평가 대상 아님,,,이번 공시의 가맹점 수가 0이거나 비어 있어 평가하지 않았습니다.,2024
BRD_20250741,피자에미치다,0.0,평가 대상 아님,,,이번 공시의 가맹점 수가 0이거나 비어 있어 평가하지 않았습니다.,2024
BRD_20250745,중앙즉석닭발,0.0,평가 대상 아님,,,이번 공시의 가맹점 수가 0이거나 비어 있어 평가하지 않았습니다.,2024
BRD_20250746,솔향기쭈꾸미,0.0,평가 대상 아님,,,이번 공시의 가맹점 수가 0이거나 비어 있어 평가하지 않았습니다.,2024
BRD_20250747,어화선생,0.0,평가 대상 아님,,,이번 공시의 가맹점 수가 0이거나 비어 있어 평가하지 않았습니다.,2024
BRD_20250750,치킨렉,0.0,평가 대상 아님,,,이번 공시의 가맹점 수가 0이거나 비어 있어 평가하지 않았습니다.,2024
BRD_20250751,신주옥미,0.0,평가 대상 아님,,,이번 공시의 가맹점 수가 0이거나 비어 있어 평가하지 않았습니다.,2024
BRD_20250752,타코붐 타코야끼 블랙,0.0,평가 대상 아님,,,이번 공시의 가맹점 수가 0이거나 비어 있어 평가하지 않았습니다.,2024
BRD_20250756,캡틴루이USA(CAP'T LOUI USA),0.0,평가 대상 아님,,,이번 공시의 가맹점 수가 0이거나 비어 있어 평가하지 않았습니다.,2024
BRD_20250761,우람한 족발,0.0,평가 대상 아님,,,이번 공시의 가맹점 수가 0이거나 비어 있어 평가하지 않았습니다.,2024
BRD_20250762,비비소반,0.0,평가 대상 아님,,,이번 공시의 가맹점 수가 0이거나 비어 있어 평가하지 않았습니다.,2024
BRD_20250764,야수각,0.0,평가 대상 아님,,,이번 공시의 가맹점 수가 0이거나 비어 있어 평가하지 않았습니다.,2024
BRD_20250766,신계화통 솥뚜껑닭볶음탕,0.0,평가 대상 아님,,,이번 공시의 가맹점 수가 0이거나 비어 있어 평가하지 않았습니다.,2024
BRD_20250767,타향골 따귀탕,0.0,평가 대상 아님,,,이번 공시의 가맹점 수가 0이거나 비어 있어 평가하지 않았습니다.,2024
BRD_20250769,따구,0.0,평가 대상 아님,,,이번 공시의 가맹점 수가 0이거나 비어 있어 평가하지 않았습니다.,2024
BRD_20250774,LEEPRESSO COFFEE,0.0,평가 대상 아님,,,이번 공시의 가맹점 수가 0이거나 비어 있어 평가하지 않았습니다.,2024
BRD_20250775,도리식탁,0.0,평가 대상 아님,,,이번 공시의 가맹점 수가 0이거나 비어 있어 평가하지 않았습니다.,2024
BRD_20250781,담금젤라또,0.0,평가 대상 아님,,,이번 공시의 가맹점 수가 0이거나 비어 있어 평가하지 않았습니다.,2024
BRD_20250782,수원참갈비,0.0,평가 대상 아님,,,이번 공시의 가맹점 수가 0이거나 비어 있어 평가하지 않았습니다.,2024
BRD_20250784,마녀의닭갈비,0.0,평가 대상 아님,,,이번 공시의 가맹점 수가 0이거나 비어 있어 평가하지 않았습니다.,2024
BRD_20250785,샐러드밥8171,0.0,평가 대상 아님,,,이번 공시의 가맹점 수가 0이거나 비어 있어 평가하지 않았습니다.,2024
BRD_20250788,전금례닭볶음탕,0.0,평가 대상 아님,,,이번 공시의 가맹점 수가 0이거나 비어 있어 평가하지 않았습니다.,2024
BRD_20250789,묵미연김치찜,0.0,평가 대상 아님,,,이번 공시의 가맹점 수가 0이거나 비어 있어 평가하지 않았습니다.,2024
BRD_20250790,진교동 조선김치찜,0.0,평가 대상 아님,,,이번 공시의 가맹점 수가 0이거나 비어 있어 평가하지 않았습니다.,2024
BRD_20250792,화랑대곱창,0.0,평가 대상 아님,,,이번 공시의 가맹점 수가 0이거나 비어 있어 평가하지 않았습니다.,2024
BRD_20250794,타코튜즈데이,0.0,평가 대상 아님,,,이번 공시의 가맹점 수가 0이거나 비어 있어 평가하지 않았습니다.,2024
BRD_20250796,올레찹쌀꽈배기,0.0,평가 대상 아님,,,이번 공시의 가맹점 수가 0이거나 비어 있어 평가하지 않았습니다.,2024
BRD_20250798,이도명가 냉면&밀면,0.0,평가 대상 아님,,,이번 공시의 가맹점 수가 0이거나 비어 있어 평가하지 않았습니다.,2024
BRD_20250799,렌위치,0.0,평가 대상 아님,,,이번 공시의 가맹점 수가 0이거나 비어 있어 평가하지 않았습니다.,2024
BRD_20250801,안영숙춘천황태마을,0.0,평가 대상 아님,,,이번 공시의 가맹점 수가 0이거나 비어 있어 평가하지 않았습니다.,2024
BRD_20250803,웰컴사이공,0.0,평가 대상 아님,,,이번 공시의 가맹점 수가 0이거나 비어 있어 평가하지 않았습니다.,2024
BRD_20250805,막썰어왕소금구이,0.0,평가 대상 아님,,,이번 공시의 가맹점 수가 0이거나 비어 있어 평가하지 않았습니다.,2024
BRD_20250806,브롱스브루잉컴퍼니(BRONX BREWING CO.),0.0,평가 대상 아님,,,이번 공시의 가맹점 수가 0이거나 비어 있어 평가하지 않았습니다.,2024
BRD_20250808,단정,0.0,평가 대상 아님,,,이번 공시의 가맹점 수가 0이거나 비어 있어 평가하지 않았습니다.,2024
BRD_20250811,춘타운,0.0,평가 대상 아님,,,이번 공시의 가맹점 수가 0이거나 비어 있어 평가하지 않았습니다.,2024
BRD_20250815,육회장,0.0,평가 대상 아님,,,이번 공시의 가맹점 수가 0이거나 비어 있어 평가하지 않았습니다.,2024
BRD_20250816,육혜장,0.0,평가 대상 아님,,,이번 공시의 가맹점 수가 0이거나 비어 있어 평가하지 않았습니다.,2024
BRD_20250820,해녀장,0.0,평가 대상 아님,,,이번 공시의 가맹점 수가 0이거나 비어 있어 평가하지 않았습니다.,2024
BRD_20250823,탕에이마라,0.0,평가 대상 아님,,,이번 공시의 가맹점 수가 0이거나 비어 있어 평가하지 않았습니다.,2024
BRD_20250825,로바다야끼 그물,0.0,평가 대상 아님,,,이번 공시의 가맹점 수가 0이거나 비어 있어 평가하지 않았습니다.,2024
BRD_20250826,ELROY PIZZA,0.0,평가 대상 아님,,,이번 공시의 가맹점 수가 0이거나 비어 있어 평가하지 않았습니다.,2024
BRD_20250827,화륵향,0.0,평가 대상 아님,,,이번 공시의 가맹점 수가 0이거나 비어 있어 평가하지 않았습니다.,2024
BRD_20250828,무한계도,0.0,평가 대상 아님,,,이번 공시의 가맹점 수가 0이거나 비어 있어 평가하지 않았습니다.,2024
BRD_20250829,퀸즈블러바드,0.0,평가 대상 아님,,,이번 공시의 가맹점 수가 0이거나 비어 있어 평가하지 않았습니다.,2024
BRD_20250830,모다치,0.0,평가 대상 아님,,,이번 공시의 가맹점 수가 0이거나 비어 있어 평가하지 않았습니다.,2024
BRD_20250831,포솔(PHO SOUL),0.0,평가 대상 아님,,,이번 공시의 가맹점 수가 0이거나 비어 있어 평가하지 않았습니다.,2024
BRD_20250833,송추 콩언니 콩파이,0.0,평가 대상 아님,,,이번 공시의 가맹점 수가 0이거나 비어 있어 평가하지 않았습니다.,2024
BRD_20250834,한판회,0.0,평가 대상 아님,,,이번 공시의 가맹점 수가 0이거나 비어 있어 평가하지 않았습니다.,2024
BRD_20250835,팔팔 너구리 해장,0.0,평가 대상 아님,,,이번 공시의 가맹점 수가 0이거나 비어 있어 평가하지 않았습니다.,2024
BRD_20250836,금성소금집,0.0,평가 대상 아님,,,이번 공시의 가맹점 수가 0이거나 비어 있어 평가하지 않았습니다.,2024
BRD_20250837,리본커피앤베이커리(REBORN COFFEE & BAKERY),0.0,평가 대상 아님,,,이번 공시의 가맹점 수가 0이거나 비어 있어 평가하지 않았습니다.,2024
BRD_20250839,콘시드서울,0.0,평가 대상 아님,,,이번 공시의 가맹점 수가 0이거나 비어 있어 평가하지 않았습니다.,2024
BRD_20250840,깨동치킨,0.0,평가 대상 아님,,,이번 공시의 가맹점 수가 0이거나 비어 있어 평가하지 않았습니다.,2024
BRD_20250842,스테이크하우스 이크,0.0,평가 대상 아님,,,이번 공시의 가맹점 수가 0이거나 비어 있어 평가하지 않았습니다.,2024
BRD_20250844,이도몽상,0.0,평가 대상 아님,,,이번 공시의 가맹점 수가 0이거나 비어 있어 평가하지 않았습니다.,2024
BRD_20250846,야자수(YAJASU),0.0,평가 대상 아님,,,이번 공시의 가맹점 수가 0이거나 비어 있어 평가하지 않았습니다.,2024
BRD_20250848,탄주,0.0,평가 대상 아님,,,이번 공시의 가맹점 수가 0이거나 비어 있어 평가하지 않았습니다.,2024
BRD_20250853,영도산더미불고기,0.0,평가 대상 아님,,,이번 공시의 가맹점 수가 0이거나 비어 있어 평가하지 않았습니다.,2024
BRD_20250854,올바로갈비,0.0,평가 대상 아님,,,이번 공시의 가맹점 수가 0이거나 비어 있어 평가하지 않았습니다.,2024
BRD_20250855,바르비종 베이커리카페,0.0,평가 대상 아님,,,이번 공시의 가맹점 수가 0이거나 비어 있어 평가하지 않았습니다.,2024
BRD_20250856,1988 평화숯불구이,0.0,평가 대상 아님,,,이번 공시의 가맹점 수가 0이거나 비어 있어 평가하지 않았습니다.,2024
BRD_20250858,샐럽올데이,0.0,평가 대상 아님,,,이번 공시의 가맹점 수가 0이거나 비어 있어 평가하지 않았습니다.,2024
BRD_20250859,9504 양평칼국수,0.0,평가 대상 아님,,,이번 공시의 가맹점 수가 0이거나 비어 있어 평가하지 않았습니다.,2024
BRD_20250862,친신마라탕,0.0,평가 대상 아님,,,이번 공시의 가맹점 수가 0이거나 비어 있어 평가하지 않았습니다.,2024
BRD_20250866,한양,0.0,평가 대상 아님,,,이번 공시의 가맹점 수가 0이거나 비어 있어 평가하지 않았습니다.,2024
BRD_20250867,시민해장,0.0,평가 대상 아님,,,이번 공시의 가맹점 수가 0이거나 비어 있어 평가하지 않았습니다.,2024
BRD_20250868,펠즈피자,0.0,평가 대상 아님,,,이번 공시의 가맹점 수가 0이거나 비어 있어 평가하지 않았습니다.,2024
BRD_20250872,요거토피아,0.0,평가 대상 아님,,,이번 공시의 가맹점 수가 0이거나 비어 있어 평가하지 않았습니다.,2024
BRD_20250874,빙가네,0.0,평가 대상 아님,,,이번 공시의 가맹점 수가 0이거나 비어 있어 평가하지 않았습니다.,2024
BRD_20250875,과일언니들,0.0,평가 대상 아님,,,이번 공시의 가맹점 수가 0이거나 비어 있어 평가하지 않았습니다.,2024
BRD_20250877,온죽플레이스,0.0,평가 대상 아님,,,이번 공시의 가맹점 수가 0이거나 비어 있어 평가하지 않았습니다.,2024
BRD_20250878,제육고집,0.0,평가 대상 아님,,,이번 공시의 가맹점 수가 0이거나 비어 있어 평가하지 않았습니다.,2024
BRD_20250879,고기울림,0.0,평가 대상 아님,,,이번 공시의 가맹점 수가 0이거나 비어 있어 평가하지 않았습니다.,2024
BRD_20250881,상상막창,0.0,평가 대상 아님,,,이번 공시의 가맹점 수가 0이거나 비어 있어 평가하지 않았습니다.,2024
BRD_20250882,Bowl & Bowl (보울앤보울),0.0,평가 대상 아님,,,이번 공시의 가맹점 수가 0이거나 비어 있어 평가하지 않았습니다.,2024
BRD_20250883,쭈꾸미공격대,0.0,평가 대상 아님,,,이번 공시의 가맹점 수가 0이거나 비어 있어 평가하지 않았습니다.,2024
BRD_20250884,비바프레소,0.0,평가 대상 아님,,,이번 공시의 가맹점 수가 0이거나 비어 있어 평가하지 않았습니다.,2024
BRD_20250885,한판집,0.0,평가 대상 아님,,,이번 공시의 가맹점 수가 0이거나 비어 있어 평가하지 않았습니다.,2024
BRD_20250886,황금족발,0.0,평가 대상 아님,,,이번 공시의 가맹점 수가 0이거나 비어 있어 평가하지 않았습니다.,2024
BRD_20250888,엄마네 삼겹살,0.0,평가 대상 아님,,,이번 공시의 가맹점 수가 0이거나 비어 있어 평가하지 않았습니다.,2024
BRD_20250891,에그폭죽,0.0,평가 대상 아님,,,이번 공시의 가맹점 수가 0이거나 비어 있어 평가하지 않았습니다.,2024
BRD_20250892,온정돈까스,0.0,평가 대상 아님,,,이번 공시의 가맹점 수가 0이거나 비어 있어 평가하지 않았습니다.,2024
BRD_20250893,황칠연가,0.0,평가 대상 아님,,,이번 공시의 가맹점 수가 0이거나 비어 있어 평가하지 않았습니다.,2024
BRD_20250894,행님쪽갈비,0.0,평가 대상 아님,,,이번 공시의 가맹점 수가 0이거나 비어 있어 평가하지 않았습니다.,2024
BRD_20250895,정백김밥,0.0,평가 대상 아님,,,이번 공시의 가맹점 수가 0이거나 비어 있어 평가하지 않았습니다.,2024
BRD_20250898,먹보족,0.0,평가 대상 아님,,,이번 공시의 가맹점 수가 0이거나 비어 있어 평가하지 않았습니다.,2024
BRD_20250899,hotdonut,0.0,평가 대상 아님,,,이번 공시의 가맹점 수가 0이거나 비어 있어 평가하지 않았습니다.,2024
BRD_20250903,내돈내산(NAE DON NAE SAN),0.0,평가 대상 아님,,,이번 공시의 가맹점 수가 0이거나 비어 있어 평가하지 않았습니다.,2024
BRD_20250904,DINING FOREST,0.0,평가 대상 아님,,,이번 공시의 가맹점 수가 0이거나 비어 있어 평가하지 않았습니다.,2024
BRD_20250905,뚝도양조장,0.0,평가 대상 아님,,,이번 공시의 가맹점 수가 0이거나 비어 있어 평가하지 않았습니다.,2024
BRD_20250906,브릭베이커스,0.0,평가 대상 아님,,,이번 공시의 가맹점 수가 0이거나 비어 있어 평가하지 않았습니다.,2024
BRD_20250907,우일빙,0.0,평가 대상 아님,,,이번 공시의 가맹점 수가 0이거나 비어 있어 평가하지 않았습니다.,2024
BRD_20250909,식물원김밥,0.0,평가 대상 아님,,,이번 공시의 가맹점 수가 0이거나 비어 있어 평가하지 않았습니다.,2024
BRD_20250910,인천유나이티드 F.C. 카페,0.0,평가 대상 아님,,,이번 공시의 가맹점 수가 0이거나 비어 있어 평가하지 않았습니다.,2024
BRD_20250912,얼룩말식당,0.0,평가 대상 아님,,,이번 공시의 가맹점 수가 0이거나 비어 있어 평가하지 않았습니다.,2024
BRD_20250916,화로구이우뚝,0.0,평가 대상 아님,,,이번 공시의 가맹점 수가 0이거나 비어 있어 평가하지 않았습니다.,2024
BRD_20250917,퓨처치킨,0.0,평가 대상 아님,,,이번 공시의 가맹점 수가 0이거나 비어 있어 평가하지 않았습니다.,2024
BRD_20250919,부산촌놈둘,0.0,평가 대상 아님,,,이번 공시의 가맹점 수가 0이거나 비어 있어 평가하지 않았습니다.,2024
BRD_20250920,아이스쿱,0.0,평가 대상 아님,,,이번 공시의 가맹점 수가 0이거나 비어 있어 평가하지 않았습니다.,2024
BRD_20250921,워니통닭,0.0,평가 대상 아님,,,이번 공시의 가맹점 수가 0이거나 비어 있어 평가하지 않았습니다.,2024
BRD_20250923,담온정,0.0,평가 대상 아님,,,이번 공시의 가맹점 수가 0이거나 비어 있어 평가하지 않았습니다.,2024
BRD_20250926,태백골삼계탕&죽,0.0,평가 대상 아님,,,이번 공시의 가맹점 수가 0이거나 비어 있어 평가하지 않았습니다.,2024
BRD_20250929,꽃돼지국밥,0.0,평가 대상 아님,,,이번 공시의 가맹점 수가 0이거나 비어 있어 평가하지 않았습니다.,2024
BRD_20250930,옛통가,0.0,평가 대상 아님,,,이번 공시의 가맹점 수가 0이거나 비어 있어 평가하지 않았습니다.,2024
BRD_20250931,가인화로구이,0.0,평가 대상 아님,,,이번 공시의 가맹점 수가 0이거나 비어 있어 평가하지 않았습니다.,2024
BRD_20250934,원 디그리 노스,0.0,평가 대상 아님,,,이번 공시의 가맹점 수가 0이거나 비어 있어 평가하지 않았습니다.,2024
BRD_20250935,제육왕 칠백도,0.0,평가 대상 아님,,,이번 공시의 가맹점 수가 0이거나 비어 있어 평가하지 않았습니다.,2024
BRD_20250936,성산봄죽칼국수,0.0,평가 대상 아님,,,이번 공시의 가맹점 수가 0이거나 비어 있어 평가하지 않았습니다.,2024
BRD_20250939,동양사라다,0.0,평가 대상 아님,,,이번 공시의 가맹점 수가 0이거나 비어 있어 평가하지 않았습니다.,2024
BRD_20250940,쫄병닭발,0.0,평가 대상 아님,,,이번 공시의 가맹점 수가 0이거나 비어 있어 평가하지 않았습니다.,2024
BRD_20250942,참바우 낭만장터,0.0,평가 대상 아님,,,이번 공시의 가맹점 수가 0이거나 비어 있어 평가하지 않았습니다.,2024
BRD_20250943,금수정,0.0,평가 대상 아님,,,이번 공시의 가맹점 수가 0이거나 비어 있어 평가하지 않았습니다.,2024
BRD_20250944,제일곱창,0.0,평가 대상 아님,,,이번 공시의 가맹점 수가 0이거나 비어 있어 평가하지 않았습니다.,2024
BRD_20250945,오막하세,0.0,평가 대상 아님,,,이번 공시의 가맹점 수가 0이거나 비어 있어 평가하지 않았습니다.,2024
BRD_20250946,미스터김치왕,0.0,평가 대상 아님,,,이번 공시의 가맹점 수가 0이거나 비어 있어 평가하지 않았습니다.,2024
BRD_20250947,옥천 뼈구이 농민뜨끈이,0.0,평가 대상 아님,,,이번 공시의 가맹점 수가 0이거나 비어 있어 평가하지 않았습니다.,2024
BRD_20250948,와일드오븐,0.0,평가 대상 아님,,,이번 공시의 가맹점 수가 0이거나 비어 있어 평가하지 않았습니다.,2024
BRD_20250949,더마샬라,0.0,평가 대상 아님,,,이번 공시의 가맹점 수가 0이거나 비어 있어 평가하지 않았습니다.,2024
BRD_20250950,오팔식당,0.0,평가 대상 아님,,,이번 공시의 가맹점 수가 0이거나 비어 있어 평가하지 않았습니다.,2024
BRD_20250952,토찜,0.0,평가 대상 아님,,,이번 공시의 가맹점 수가 0이거나 비어 있어 평가하지 않았습니다.,2024
BRD_20250953,카츠레츠,0.0,평가 대상 아님,,,이번 공시의 가맹점 수가 0이거나 비어 있어 평가하지 않았습니다.,2024
BRD_20250954,실크테라,0.0,평가 대상 아님,,,이번 공시의 가맹점 수가 0이거나 비어 있어 평가하지 않았습니다.,2024
BRD_20250955,곱창마니,0.0,평가 대상 아님,,,이번 공시의 가맹점 수가 0이거나 비어 있어 평가하지 않았습니다.,2024
BRD_20250961,찐 공푸,0.0,평가 대상 아님,,,이번 공시의 가맹점 수가 0이거나 비어 있어 평가하지 않았습니다.,2024
BRD_20250962,이프유캔(IF YOU CAN),0.0,평가 대상 아님,,,이번 공시의 가맹점 수가 0이거나 비어 있어 평가하지 않았습니다.,2024
BRD_20250963,LEEPRESSO COFFEE 24,0.0,평가 대상 아님,,,이번 공시의 가맹점 수가 0이거나 비어 있어 평가하지 않았습니다.,2024
BRD_20250964,디저트문,0.0,평가 대상 아님,,,이번 공시의 가맹점 수가 0이거나 비어 있어 평가하지 않았습니다.,2024
BRD_20250966,솔찬김치찜,0.0,평가 대상 아님,,,이번 공시의 가맹점 수가 0이거나 비어 있어 평가하지 않았습니다.,2024
BRD_20250967,피자어때,0.0,평가 대상 아님,,,이번 공시의 가맹점 수가 0이거나 비어 있어 평가하지 않았습니다.,2024
BRD_20250969,고향보쌈칼국수,0.0,평가 대상 아님,,,이번 공시의 가맹점 수가 0이거나 비어 있어 평가하지 않았습니다.,2024
BRD_20250970,남경막국수,0.0,평가 대상 아님,,,이번 공시의 가맹점 수가 0이거나 비어 있어 평가하지 않았습니다.,2024
BRD_20250972,작금 베이크샵,0.0,평가 대상 아님,,,이번 공시의 가맹점 수가 0이거나 비어 있어 평가하지 않았습니다.,2024
BRD_20250975,르 미스트랄,0.0,평가 대상 아님,,,이번 공시의 가맹점 수가 0이거나 비어 있어 평가하지 않았습니다.,2024
BRD_20250978,한끼명가,0.0,평가 대상 아님,,,이번 공시의 가맹점 수가 0이거나 비어 있어 평가하지 않았습니다.,2024
BRD_20250979,성수노루,0.0,평가 대상 아님,,,이번 공시의 가맹점 수가 0이거나 비어 있어 평가하지 않았습니다.,2024
BRD_20250982,한모임정육식당,0.0,평가 대상 아님,,,이번 공시의 가맹점 수가 0이거나 비어 있어 평가하지 않았습니다.,2024
BRD_20250983,오리애찬,0.0,평가 대상 아님,,,이번 공시의 가맹점 수가 0이거나 비어 있어 평가하지 않았습니다.,2024
BRD_20250990,제주할멍고기국수,0.0,평가 대상 아님,,,이번 공시의 가맹점 수가 0이거나 비어 있어 평가하지 않았습니다.,2024
BRD_20250994,스페쏘,0.0,평가 대상 아님,,,이번 공시의 가맹점 수가 0이거나 비어 있어 평가하지 않았습니다.,2024
BRD_20250999,중화문,0.0,평가 대상 아님,,,이번 공시의 가맹점 수가 0이거나 비어 있어 평가하지 않았습니다.,2024
BRD_20251000,근육식당,0.0,평가 대상 아님,,,이번 공시의 가맹점 수가 0이거나 비어 있어 평가하지 않았습니다.,2024
BRD_20251001,개판포차,0.0,평가 대상 아님,,,이번 공시의 가맹점 수가 0이거나 비어 있어 평가하지 않았습니다.,2024
BRD_20251002,새참당,0.0,평가 대상 아님,,,이번 공시의 가맹점 수가 0이거나 비어 있어 평가하지 않았습니다.,2024
BRD_20251003,아리계곡,0.0,평가 대상 아님,,,이번 공시의 가맹점 수가 0이거나 비어 있어 평가하지 않았습니다.,2024
BRD_20251006,마마파오추,0.0,평가 대상 아님,,,이번 공시의 가맹점 수가 0이거나 비어 있어 평가하지 않았습니다.,2024
BRD_20251007,텐노쇼군,0.0,평가 대상 아님,,,이번 공시의 가맹점 수가 0이거나 비어 있어 평가하지 않았습니다.,2024
BRD_20251012,캠프인더시티,0.0,평가 대상 아님,,,이번 공시의 가맹점 수가 0이거나 비어 있어 평가하지 않았습니다.,2024
BRD_20251013,왁버거(WAK BURGER),0.0,평가 대상 아님,,,이번 공시의 가맹점 수가 0이거나 비어 있어 평가하지 않았습니다.,2024
BRD_20251014,두부마을,0.0,평가 대상 아님,,,이번 공시의 가맹점 수가 0이거나 비어 있어 평가하지 않았습니다.,2024
BRD_20251015,녹돈집,0.0,평가 대상 아님,,,이번 공시의 가맹점 수가 0이거나 비어 있어 평가하지 않았습니다.,2024
BRD_20251018,하바네로S,0.0,평가 대상 아님,,,이번 공시의 가맹점 수가 0이거나 비어 있어 평가하지 않았습니다.,2024
BRD_20251019,니들이 곱도리탕맛을 알어,0.0,평가 대상 아님,,,이번 공시의 가맹점 수가 0이거나 비어 있어 평가하지 않았습니다.,2024
BRD_20251020,존맛곱도리탕전문점,0.0,평가 대상 아님,,,이번 공시의 가맹점 수가 0이거나 비어 있어 평가하지 않았습니다.,2024
BRD_20251022,덮앤돈,0.0,평가 대상 아님,,,이번 공시의 가맹점 수가 0이거나 비어 있어 평가하지 않았습니다.,2024
BRD_20251024,우이천닭칼국수,0.0,평가 대상 아님,,,이번 공시의 가맹점 수가 0이거나 비어 있어 평가하지 않았습니다.,2024
BRD_20251026,멜빙수,0.0,평가 대상 아님,,,이번 공시의 가맹점 수가 0이거나 비어 있어 평가하지 않았습니다.,2024
BRD_20251027,김태용의 섬집칼국수,0.0,평가 대상 아님,,,이번 공시의 가맹점 수가 0이거나 비어 있어 평가하지 않았습니다.,2024
BRD_20251029,어린시절떡볶이,0.0,평가 대상 아님,,,이번 공시의 가맹점 수가 0이거나 비어 있어 평가하지 않았습니다.,2024
BRD_20251030,담원순대,0.0,평가 대상 아님,,,이번 공시의 가맹점 수가 0이거나 비어 있어 평가하지 않았습니다.,2024
BRD_20251031,불치떡볶이,0.0,평가 대상 아님,,,이번 공시의 가맹점 수가 0이거나 비어 있어 평가하지 않았습니다.,2024
BRD_20251032,한파특보,0.0,평가 대상 아님,,,이번 공시의 가맹점 수가 0이거나 비어 있어 평가하지 않았습니다.,2024
BRD_20251036,쉘박스,0.0,평가 대상 아님,,,이번 공시의 가맹점 수가 0이거나 비어 있어 평가하지 않았습니다.,2024
BRD_20251037,과일을부탁해,0.0,평가 대상 아님,,,이번 공시의 가맹점 수가 0이거나 비어 있어 평가하지 않았습니다.,2024
BRD_20251038,눈맥,0.0,평가 대상 아님,,,이번 공시의 가맹점 수가 0이거나 비어 있어 평가하지 않았습니다.,2024
BRD_20251039,크레이브카츠,0.0,평가 대상 아님,,,이번 공시의 가맹점 수가 0이거나 비어 있어 평가하지 않았습니다.,2024
BRD_20251040,준참치,0.0,평가 대상 아님,,,이번 공시의 가맹점 수가 0이거나 비어 있어 평가하지 않았습니다.,2024
BRD_20251042,크레페허브,0.0,평가 대상 아님,,,이번 공시의 가맹점 수가 0이거나 비어 있어 평가하지 않았습니다.,2024
BRD_20251043,루나파이,0.0,평가 대상 아님,,,이번 공시의 가맹점 수가 0이거나 비어 있어 평가하지 않았습니다.,2024
BRD_20251044,수성월,0.0,평가 대상 아님,,,이번 공시의 가맹점 수가 0이거나 비어 있어 평가하지 않았습니다.,2024
BRD_20251045,불맛전문관사부간짬뽕,0.0,평가 대상 아님,,,이번 공시의 가맹점 수가 0이거나 비어 있어 평가하지 않았습니다.,2024
BRD_20251047,서만당국수&국밥,0.0,평가 대상 아님,,,이번 공시의 가맹점 수가 0이거나 비어 있어 평가하지 않았습니다.,2024
BRD_20251048,청춘옥,0.0,평가 대상 아님,,,이번 공시의 가맹점 수가 0이거나 비어 있어 평가하지 않았습니다.,2024
BRD_20251051,마루코다락,0.0,평가 대상 아님,,,이번 공시의 가맹점 수가 0이거나 비어 있어 평가하지 않았습니다.,2024
BRD_20251053,쭈제닭,0.0,평가 대상 아님,,,이번 공시의 가맹점 수가 0이거나 비어 있어 평가하지 않았습니다.,2024
BRD_20251056,로이비엔커피,0.0,평가 대상 아님,,,이번 공시의 가맹점 수가 0이거나 비어 있어 평가하지 않았습니다.,2024
BRD_20251057,순수당,0.0,평가 대상 아님,,,이번 공시의 가맹점 수가 0이거나 비어 있어 평가하지 않았습니다.,2024
BRD_20251058,향이수라간&키다리부엌,0.0,평가 대상 아님,,,이번 공시의 가맹점 수가 0이거나 비어 있어 평가하지 않았습니다.,2024
BRD_20251059,마이피자 (MY PIZZA),0.0,평가 대상 아님,,,이번 공시의 가맹점 수가 0이거나 비어 있어 평가하지 않았습니다.,2024
BRD_20251061,제주만족,0.0,평가 대상 아님,,,이번 공시의 가맹점 수가 0이거나 비어 있어 평가하지 않았습니다.,2024
BRD_20251062,교타쿠,0.0,평가 대상 아님,,,이번 공시의 가맹점 수가 0이거나 비어 있어 평가하지 않았습니다.,2024
BRD_20251064,맛또아 순대국,0.0,평가 대상 아님,,,이번 공시의 가맹점 수가 0이거나 비어 있어 평가하지 않았습니다.,2024
BRD_20251066,박웅의국가대표짬뽕,0.0,평가 대상 아님,,,이번 공시의 가맹점 수가 0이거나 비어 있어 평가하지 않았습니다.,2024
BRD_20251067,끼니공방,0.0,평가 대상 아님,,,이번 공시의 가맹점 수가 0이거나 비어 있어 평가하지 않았습니다.,2024
BRD_20251068,민지슈퍼,0.0,평가 대상 아님,,,이번 공시의 가맹점 수가 0이거나 비어 있어 평가하지 않았습니다.,2024
BRD_20251071,쌩메구로,0.0,평가 대상 아님,,,이번 공시의 가맹점 수가 0이거나 비어 있어 평가하지 않았습니다.,2024
BRD_20251072,물항구해물찜,0.0,평가 대상 아님,,,이번 공시의 가맹점 수가 0이거나 비어 있어 평가하지 않았습니다.,2024
BRD_20251075,브라운핸즈,0.0,평가 대상 아님,,,이번 공시의 가맹점 수가 0이거나 비어 있어 평가하지 않았습니다.,2024
BRD_20251076,하쿠류코쿠류,0.0,평가 대상 아님,,,이번 공시의 가맹점 수가 0이거나 비어 있어 평가하지 않았습니다.,2024
BRD_20251077,헤세드커피,0.0,평가 대상 아님,,,이번 공시의 가맹점 수가 0이거나 비어 있어 평가하지 않았습니다.,2024
BRD_20251080,어구어,0.0,평가 대상 아님,,,이번 공시의 가맹점 수가 0이거나 비어 있어 평가하지 않았습니다.,2024
BRD_20251081,숯소,0.0,평가 대상 아님,,,이번 공시의 가맹점 수가 0이거나 비어 있어 평가하지 않았습니다.,2024
BRD_20251082,섭생정식,0.0,평가 대상 아님,,,이번 공시의 가맹점 수가 0이거나 비어 있어 평가하지 않았습니다.,2024
BRD_20251084,장내동도가니,0.0,평가 대상 아님,,,이번 공시의 가맹점 수가 0이거나 비어 있어 평가하지 않았습니다.,2024
BRD_20251088,올루올루,0.0,평가 대상 아님,,,이번 공시의 가맹점 수가 0이거나 비어 있어 평가하지 않았습니다.,2024
BRD_20251089,찜샘폭발,0.0,평가 대상 아님,,,이번 공시의 가맹점 수가 0이거나 비어 있어 평가하지 않았습니다.,2024
BRD_20251091,세줄꼬마김밥,0.0,평가 대상 아님,,,이번 공시의 가맹점 수가 0이거나 비어 있어 평가하지 않았습니다.,2024
BRD_20251092,속초수빈이네찜,0.0,평가 대상 아님,,,이번 공시의 가맹점 수가 0이거나 비어 있어 평가하지 않았습니다.,2024
BRD_20251093,테라다식당,0.0,평가 대상 아님,,,이번 공시의 가맹점 수가 0이거나 비어 있어 평가하지 않았습니다.,2024
BRD_20251094,몽산집,0.0,평가 대상 아님,,,이번 공시의 가맹점 수가 0이거나 비어 있어 평가하지 않았습니다.,2024
BRD_20251095,카츄마마,0.0,평가 대상 아님,,,이번 공시의 가맹점 수가 0이거나 비어 있어 평가하지 않았습니다.,2024
BRD_20251098,미친막창,0.0,평가 대상 아님,,,이번 공시의 가맹점 수가 0이거나 비어 있어 평가하지 않았습니다.,2024
BRD_20251099,OK숯불갈비,0.0,평가 대상 아님,,,이번 공시의 가맹점 수가 0이거나 비어 있어 평가하지 않았습니다.,2024
BRD_20251102,만수막창,0.0,평가 대상 아님,,,이번 공시의 가맹점 수가 0이거나 비어 있어 평가하지 않았습니다.,2024
BRD_20251104,카츠왕,0.0,평가 대상 아님,,,이번 공시의 가맹점 수가 0이거나 비어 있어 평가하지 않았습니다.,2024
BRD_20251105,두부장인,0.0,평가 대상 아님,,,이번 공시의 가맹점 수가 0이거나 비어 있어 평가하지 않았습니다.,2024
BRD_20251108,무쿄쿠,0.0,평가 대상 아님,,,이번 공시의 가맹점 수가 0이거나 비어 있어 평가하지 않았습니다.,2024
BRD_20251109,스탠브루,0.0,평가 대상 아님,,,이번 공시의 가맹점 수가 0이거나 비어 있어 평가하지 않았습니다.,2024
BRD_20251111,프뤼떼마지,0.0,평가 대상 아님,,,이번 공시의 가맹점 수가 0이거나 비어 있어 평가하지 않았습니다.,2024
BRD_20251112,디39익스프레소(D39 Expresso),0.0,평가 대상 아님,,,이번 공시의 가맹점 수가 0이거나 비어 있어 평가하지 않았습니다.,2024
BRD_20251116,오리에올인,0.0,평가 대상 아님,,,이번 공시의 가맹점 수가 0이거나 비어 있어 평가하지 않았습니다.,2024
BRD_20251117,원조고기무침집,0.0,평가 대상 아님,,,이번 공시의 가맹점 수가 0이거나 비어 있어 평가하지 않았습니다.,2024
BRD_20251119,엔커피,0.0,평가 대상 아님,,,이번 공시의 가맹점 수가 0이거나 비어 있어 평가하지 않았습니다.,2024
BRD_20251120,솥탐,0.0,평가 대상 아님,,,이번 공시의 가맹점 수가 0이거나 비어 있어 평가하지 않았습니다.,2024
BRD_20251121,다반,0.0,평가 대상 아님,,,이번 공시의 가맹점 수가 0이거나 비어 있어 평가하지 않았습니다.,2024
BRD_20251123,포모즈(POMOZ),0.0,평가 대상 아님,,,이번 공시의 가맹점 수가 0이거나 비어 있어 평가하지 않았습니다.,2024
BRD_20251125,더금동,0.0,평가 대상 아님,,,이번 공시의 가맹점 수가 0이거나 비어 있어 평가하지 않았습니다.,2024
BRD_20251126,극강은마,0.0,평가 대상 아님,,,이번 공시의 가맹점 수가 0이거나 비어 있어 평가하지 않았습니다.,2024
BRD_20251127,하가네나주곰탕,0.0,평가 대상 아님,,,이번 공시의 가맹점 수가 0이거나 비어 있어 평가하지 않았습니다.,2024
BRD_20251131,백옥,0.0,평가 대상 아님,,,이번 공시의 가맹점 수가 0이거나 비어 있어 평가하지 않았습니다.,2024
BRD_20251132,곱막대,0.0,평가 대상 아님,,,이번 공시의 가맹점 수가 0이거나 비어 있어 평가하지 않았습니다.,2024
BRD_20251133,조광자숯불갈비,0.0,평가 대상 아님,,,이번 공시의 가맹점 수가 0이거나 비어 있어 평가하지 않았습니다.,2024
BRD_20251134,칠곡보리밥칼국수,0.0,평가 대상 아님,,,이번 공시의 가맹점 수가 0이거나 비어 있어 평가하지 않았습니다.,2024
BRD_20251135,GRAB COFFEE,0.0,평가 대상 아님,,,이번 공시의 가맹점 수가 0이거나 비어 있어 평가하지 않았습니다.,2024
BRD_20251136,꽃열매맺다,0.0,평가 대상 아님,,,이번 공시의 가맹점 수가 0이거나 비어 있어 평가하지 않았습니다.,2024
BRD_20251139,얼루기,0.0,평가 대상 아님,,,이번 공시의 가맹점 수가 0이거나 비어 있어 평가하지 않았습니다.,2024
BRD_20251140,주대포,0.0,평가 대상 아님,,,이번 공시의 가맹점 수가 0이거나 비어 있어 평가하지 않았습니다.,2024
BRD_20251142,호기하우스,0.0,평가 대상 아님,,,이번 공시의 가맹점 수가 0이거나 비어 있어 평가하지 않았습니다.,2024
BRD_20251145,이진닭,0.0,평가 대상 아님,,,이번 공시의 가맹점 수가 0이거나 비어 있어 평가하지 않았습니다.,2024
BRD_20251146,우동관,0.0,평가 대상 아님,,,이번 공시의 가맹점 수가 0이거나 비어 있어 평가하지 않았습니다.,2024
BRD_20251148,서민고기,0.0,평가 대상 아님,,,이번 공시의 가맹점 수가 0이거나 비어 있어 평가하지 않았습니다.,2024
BRD_20251149,이대표감자탕,0.0,평가 대상 아님,,,이번 공시의 가맹점 수가 0이거나 비어 있어 평가하지 않았습니다.,2024
BRD_20251150,간다무 야키토리,0.0,평가 대상 아님,,,이번 공시의 가맹점 수가 0이거나 비어 있어 평가하지 않았습니다.,2024
BRD_20251151,청담강정,0.0,평가 대상 아님,,,이번 공시의 가맹점 수가 0이거나 비어 있어 평가하지 않았습니다.,2024
BRD_20251152,베베앙쥬,0.0,평가 대상 아님,,,이번 공시의 가맹점 수가 0이거나 비어 있어 평가하지 않았습니다.,2024
BRD_20251153,청년38국수,0.0,평가 대상 아님,,,이번 공시의 가맹점 수가 0이거나 비어 있어 평가하지 않았습니다.,2024
BRD_20251154,우나요시(UNAYOSHI),0.0,평가 대상 아님,,,이번 공시의 가맹점 수가 0이거나 비어 있어 평가하지 않았습니다.,2024
BRD_20251155,수유리 닭집,0.0,평가 대상 아님,,,이번 공시의 가맹점 수가 0이거나 비어 있어 평가하지 않았습니다.,2024
BRD_20251156,랜디스도넛,0.0,평가 대상 아님,,,이번 공시의 가맹점 수가 0이거나 비어 있어 평가하지 않았습니다.,2024
BRD_20251160,운산국밥,0.0,평가 대상 아님,,,이번 공시의 가맹점 수가 0이거나 비어 있어 평가하지 않았습니다.,2024
BRD_20251161,치킨라운지,0.0,평가 대상 아님,,,이번 공시의 가맹점 수가 0이거나 비어 있어 평가하지 않았습니다.,2024
BRD_20251162,38전주콩나물국밥,0.0,평가 대상 아님,,,이번 공시의 가맹점 수가 0이거나 비어 있어 평가하지 않았습니다.,2024
BRD_20251163,오성팔복반점,0.0,평가 대상 아님,,,이번 공시의 가맹점 수가 0이거나 비어 있어 평가하지 않았습니다.,2024
BRD_20251165,송림복장어,0.0,평가 대상 아님,,,이번 공시의 가맹점 수가 0이거나 비어 있어 평가하지 않았습니다.,2024
BRD_20251166,호호참,0.0,평가 대상 아님,,,이번 공시의 가맹점 수가 0이거나 비어 있어 평가하지 않았습니다.,2024
BRD_20251167,투홀릭치킨,0.0,평가 대상 아님,,,이번 공시의 가맹점 수가 0이거나 비어 있어 평가하지 않았습니다.,2024
BRD_20251168,형님짬뽕,0.0,평가 대상 아님,,,이번 공시의 가맹점 수가 0이거나 비어 있어 평가하지 않았습니다.,2024
BRD_20251169,교레츠라멘,0.0,평가 대상 아님,,,이번 공시의 가맹점 수가 0이거나 비어 있어 평가하지 않았습니다.,2024
BRD_20251170,육도령,0.0,평가 대상 아님,,,이번 공시의 가맹점 수가 0이거나 비어 있어 평가하지 않았습니다.,2024
BRD_20251171,쓰키지 긴다코,0.0,평가 대상 아님,,,이번 공시의 가맹점 수가 0이거나 비어 있어 평가하지 않았습니다.,2024
BRD_20251172,소곱친구,0.0,평가 대상 아님,,,이번 공시의 가맹점 수가 0이거나 비어 있어 평가하지 않았습니다.,2024
BRD_20251175,범일물갈비,0.0,평가 대상 아님,,,이번 공시의 가맹점 수가 0이거나 비어 있어 평가하지 않았습니다.,2024
BRD_20251177,3남매해물왕짬뽕,0.0,평가 대상 아님,,,이번 공시의 가맹점 수가 0이거나 비어 있어 평가하지 않았습니다.,2024
BRD_20251179,북촌통닭,0.0,평가 대상 아님,,,이번 공시의 가맹점 수가 0이거나 비어 있어 평가하지 않았습니다.,2024
BRD_20251181,홍메밀X진갈비탕,0.0,평가 대상 아님,,,이번 공시의 가맹점 수가 0이거나 비어 있어 평가하지 않았습니다.,2024
BRD_20251184,셰셰반점,0.0,평가 대상 아님,,,이번 공시의 가맹점 수가 0이거나 비어 있어 평가하지 않았습니다.,2024
BRD_20251185,공주댁,0.0,평가 대상 아님,,,이번 공시의 가맹점 수가 0이거나 비어 있어 평가하지 않았습니다.,2024
BRD_20251187,오늘은볶음우동,0.0,평가 대상 아님,,,이번 공시의 가맹점 수가 0이거나 비어 있어 평가하지 않았습니다.,2024
BRD_20251188,오로라 김밥,0.0,평가 대상 아님,,,이번 공시의 가맹점 수가 0이거나 비어 있어 평가하지 않았습니다.,2024
BRD_20251189,족발부심,0.0,평가 대상 아님,,,이번 공시의 가맹점 수가 0이거나 비어 있어 평가하지 않았습니다.,2024
BRD_20251191,애니포레스트,0.0,평가 대상 아님,,,이번 공시의 가맹점 수가 0이거나 비어 있어 평가하지 않았습니다.,2024
BRD_20251195,빡가네두마리치킨,0.0,평가 대상 아님,,,이번 공시의 가맹점 수가 0이거나 비어 있어 평가하지 않았습니다.,2024
BRD_20251197,그로서리커피,0.0,평가 대상 아님,,,이번 공시의 가맹점 수가 0이거나 비어 있어 평가하지 않았습니다.,2024
BRD_20251198,괴짜반점,0.0,평가 대상 아님,,,이번 공시의 가맹점 수가 0이거나 비어 있어 평가하지 않았습니다.,2024
BRD_20251199,와글와글베이크샵,0.0,평가 대상 아님,,,이번 공시의 가맹점 수가 0이거나 비어 있어 평가하지 않았습니다.,2024
BRD_20251201,박내장,0.0,평가 대상 아님,,,이번 공시의 가맹점 수가 0이거나 비어 있어 평가하지 않았습니다.,2024
BRD_20251202,옐로우파스타,0.0,평가 대상 아님,,,이번 공시의 가맹점 수가 0이거나 비어 있어 평가하지 않았습니다.,2024
BRD_20251203,밥보이즈,0.0,평가 대상 아님,,,이번 공시의 가맹점 수가 0이거나 비어 있어 평가하지 않았습니다.,2024
BRD_20251204,장김해통닭,0.0,평가 대상 아님,,,이번 공시의 가맹점 수가 0이거나 비어 있어 평가하지 않았습니다.,2024
BRD_20251205,심지,0.0,평가 대상 아님,,,이번 공시의 가맹점 수가 0이거나 비어 있어 평가하지 않았습니다.,2024
BRD_20251207,항아리정육식당(한우한돈장어),0.0,평가 대상 아님,,,이번 공시의 가맹점 수가 0이거나 비어 있어 평가하지 않았습니다.,2024
BRD_20251208,별미제육,0.0,평가 대상 아님,,,이번 공시의 가맹점 수가 0이거나 비어 있어 평가하지 않았습니다.,2024
BRD_20251215,시장청년,0.0,평가 대상 아님,,,이번 공시의 가맹점 수가 0이거나 비어 있어 평가하지 않았습니다.,2024
BRD_20251216,여의도삼계탕,0.0,평가 대상 아님,,,이번 공시의 가맹점 수가 0이거나 비어 있어 평가하지 않았습니다.,2024
BRD_20251219,수북희 감자탕,0.0,평가 대상 아님,,,이번 공시의 가맹점 수가 0이거나 비어 있어 평가하지 않았습니다.,2024
BRD_20251221,오이시카츠,0.0,평가 대상 아님,,,이번 공시의 가맹점 수가 0이거나 비어 있어 평가하지 않았습니다.,2024
BRD_20251222,동네불막창&닭발,0.0,평가 대상 아님,,,이번 공시의 가맹점 수가 0이거나 비어 있어 평가하지 않았습니다.,2024
BRD_20251223,형님닭구이,0.0,평가 대상 아님,,,이번 공시의 가맹점 수가 0이거나 비어 있어 평가하지 않았습니다.,2024
BRD_20251224,부부두리떡볶이,0.0,평가 대상 아님,,,이번 공시의 가맹점 수가 0이거나 비어 있어 평가하지 않았습니다.,2024
BRD_20251225,씨티씨커피(CTC COFFEE),0.0,평가 대상 아님,,,이번 공시의 가맹점 수가 0이거나 비어 있어 평가하지 않았습니다.,2024
BRD_20251226,유동커피,0.0,평가 대상 아님,,,이번 공시의 가맹점 수가 0이거나 비어 있어 평가하지 않았습니다.,2024
BRD_20251229,프리퍼,0.0,평가 대상 아님,,,이번 공시의 가맹점 수가 0이거나 비어 있어 평가하지 않았습니다.,2024
BRD_20251232,우동단,0.0,평가 대상 아님,,,이번 공시의 가맹점 수가 0이거나 비어 있어 평가하지 않았습니다.,2024
BRD_20251233,도리담다,0.0,평가 대상 아님,,,이번 공시의 가맹점 수가 0이거나 비어 있어 평가하지 않았습니다.,2024
BRD_20251234,88냉삼,0.0,평가 대상 아님,,,이번 공시의 가맹점 수가 0이거나 비어 있어 평가하지 않았습니다.,2024
BRD_20251236,골목낙곱새1977,0.0,평가 대상 아님,,,이번 공시의 가맹점 수가 0이거나 비어 있어 평가하지 않았습니다.,2024
BRD_20251237,힙팡,0.0,평가 대상 아님,,,이번 공시의 가맹점 수가 0이거나 비어 있어 평가하지 않았습니다.,2024
BRD_20251239,파파브로스두마리치킨,0.0,평가 대상 아님,,,이번 공시의 가맹점 수가 0이거나 비어 있어 평가하지 않았습니다.,2024
BRD_20251241,제육극찬,0.0,평가 대상 아님,,,이번 공시의 가맹점 수가 0이거나 비어 있어 평가하지 않았습니다.,2024
BRD_20251242,심심상인,0.0,평가 대상 아님,,,이번 공시의 가맹점 수가 0이거나 비어 있어 평가하지 않았습니다.,2024
BRD_20251243,프로티너 (PROTEINER),0.0,평가 대상 아님,,,이번 공시의 가맹점 수가 0이거나 비어 있어 평가하지 않았습니다.,2024
BRD_20251244,나는 너구리순대,0.0,평가 대상 아님,,,이번 공시의 가맹점 수가 0이거나 비어 있어 평가하지 않았습니다.,2024
BRD_20251247,꾸석지 진짜 한돈,0.0,평가 대상 아님,,,이번 공시의 가맹점 수가 0이거나 비어 있어 평가하지 않았습니다.,2024
BRD_20251248,멱살,0.0,평가 대상 아님,,,이번 공시의 가맹점 수가 0이거나 비어 있어 평가하지 않았습니다.,2024
BRD_20251249,사송보리밥,0.0,평가 대상 아님,,,이번 공시의 가맹점 수가 0이거나 비어 있어 평가하지 않았습니다.,2024
BRD_20251250,수월애쭈꾸미,0.0,평가 대상 아님,,,이번 공시의 가맹점 수가 0이거나 비어 있어 평가하지 않았습니다.,2024
BRD_20251252,우 소문,0.0,평가 대상 아님,,,이번 공시의 가맹점 수가 0이거나 비어 있어 평가하지 않았습니다.,2024
BRD_20251253,바이닐,0.0,평가 대상 아님,,,이번 공시의 가맹점 수가 0이거나 비어 있어 평가하지 않았습니다.,2024
BRD_20251254,청춘수산,0.0,평가 대상 아님,,,이번 공시의 가맹점 수가 0이거나 비어 있어 평가하지 않았습니다.,2024
BRD_20251256,혜준당,0.0,평가 대상 아님,,,이번 공시의 가맹점 수가 0이거나 비어 있어 평가하지 않았습니다.,2024
BRD_20251257,지리산꿀통갈비,0.0,평가 대상 아님,,,이번 공시의 가맹점 수가 0이거나 비어 있어 평가하지 않았습니다.,2024
BRD_20251258,더넛츠(THE NUT'S),0.0,평가 대상 아님,,,이번 공시의 가맹점 수가 0이거나 비어 있어 평가하지 않았습니다.,2024
BRD_20251259,압구정하루,0.0,평가 대상 아님,,,이번 공시의 가맹점 수가 0이거나 비어 있어 평가하지 않았습니다.,2024
BRD_20251260,은성돌판한우구이,0.0,평가 대상 아님,,,이번 공시의 가맹점 수가 0이거나 비어 있어 평가하지 않았습니다.,2024
BRD_20251261,유가도토리칼국수,0.0,평가 대상 아님,,,이번 공시의 가맹점 수가 0이거나 비어 있어 평가하지 않았습니다.,2024
BRD_20251263,남선연탄구이,0.0,평가 대상 아님,,,이번 공시의 가맹점 수가 0이거나 비어 있어 평가하지 않았습니다.,2024
BRD_20251264,맥퀸스(McQueen's),0.0,평가 대상 아님,,,이번 공시의 가맹점 수가 0이거나 비어 있어 평가하지 않았습니다.,2024
BRD_20251266,조선닭도리탕,0.0,평가 대상 아님,,,이번 공시의 가맹점 수가 0이거나 비어 있어 평가하지 않았습니다.,2024
BRD_20251267,신돌풍,0.0,평가 대상 아님,,,이번 공시의 가맹점 수가 0이거나 비어 있어 평가하지 않았습니다.,2024
BRD_20251268,NIGHT HAWKS(밤을 지새우는 사람들),0.0,평가 대상 아님,,,이번 공시의 가맹점 수가 0이거나 비어 있어 평가하지 않았습니다.,2024
BRD_20251269,쌩다리호프,0.0,평가 대상 아님,,,이번 공시의 가맹점 수가 0이거나 비어 있어 평가하지 않았습니다.,2024
BRD_20251270,뚝배기팥빙수,0.0,평가 대상 아님,,,이번 공시의 가맹점 수가 0이거나 비어 있어 평가하지 않았습니다.,2024
BRD_20251271,경성치킨,0.0,평가 대상 아님,,,이번 공시의 가맹점 수가 0이거나 비어 있어 평가하지 않았습니다.,2024
BRD_20251272,미친김치찜,0.0,평가 대상 아님,,,이번 공시의 가맹점 수가 0이거나 비어 있어 평가하지 않았습니다.,2024
BRD_20251274,빨간낙지&통영굴찜,0.0,평가 대상 아님,,,이번 공시의 가맹점 수가 0이거나 비어 있어 평가하지 않았습니다.,2024
BRD_20251275,시민감자탕,0.0,평가 대상 아님,,,이번 공시의 가맹점 수가 0이거나 비어 있어 평가하지 않았습니다.,2024
BRD_20251276,무온,0.0,평가 대상 아님,,,이번 공시의 가맹점 수가 0이거나 비어 있어 평가하지 않았습니다.,2024
BRD_20251279,소쿠리,0.0,평가 대상 아님,,,이번 공시의 가맹점 수가 0이거나 비어 있어 평가하지 않았습니다.,2024
BRD_20251280,방이수산시장,0.0,평가 대상 아님,,,이번 공시의 가맹점 수가 0이거나 비어 있어 평가하지 않았습니다.,2024
BRD_20251282,또우화,0.0,평가 대상 아님,,,이번 공시의 가맹점 수가 0이거나 비어 있어 평가하지 않았습니다.,2024
BRD_20251285,스쿠치 커피,0.0,평가 대상 아님,,,이번 공시의 가맹점 수가 0이거나 비어 있어 평가하지 않았습니다.,2024
BRD_20251290,애월빵공장,0.0,평가 대상 아님,,,이번 공시의 가맹점 수가 0이거나 비어 있어 평가하지 않았습니다.,2024
BRD_20251291,하이룰루,0.0,평가 대상 아님,,,이번 공시의 가맹점 수가 0이거나 비어 있어 평가하지 않았습니다.,2024
BRD_20251293,최사장곱창,0.0,평가 대상 아님,,,이번 공시의 가맹점 수가 0이거나 비어 있어 평가하지 않았습니다.,2024
BRD_20251294,명가 곱도리탕,0.0,평가 대상 아님,,,이번 공시의 가맹점 수가 0이거나 비어 있어 평가하지 않았습니다.,2024
BRD_20251297,풍호양꼬치,0.0,평가 대상 아님,,,이번 공시의 가맹점 수가 0이거나 비어 있어 평가하지 않았습니다.,2024
BRD_20251298,꼬숩다누룽지닭죽,0.0,평가 대상 아님,,,이번 공시의 가맹점 수가 0이거나 비어 있어 평가하지 않았습니다.,2024
BRD_20251299,고미식당,0.0,평가 대상 아님,,,이번 공시의 가맹점 수가 0이거나 비어 있어 평가하지 않았습니다.,2024
BRD_20251300,북카페 반월,0.0,평가 대상 아님,,,이번 공시의 가맹점 수가 0이거나 비어 있어 평가하지 않았습니다.,2024
BRD_20251303,크레이지버거,0.0,평가 대상 아님,,,이번 공시의 가맹점 수가 0이거나 비어 있어 평가하지 않았습니다.,2024
BRD_20251304,싱글트레인,0.0,평가 대상 아님,,,이번 공시의 가맹점 수가 0이거나 비어 있어 평가하지 않았습니다.,2024
BRD_20251306,고굽정(고기굽는정육식당),0.0,평가 대상 아님,,,이번 공시의 가맹점 수가 0이거나 비어 있어 평가하지 않았습니다.,2024
BRD_20251307,케이포서촌깜온,0.0,평가 대상 아님,,,이번 공시의 가맹점 수가 0이거나 비어 있어 평가하지 않았습니다.,2024
BRD_20251308,베베파파,0.0,평가 대상 아님,,,이번 공시의 가맹점 수가 0이거나 비어 있어 평가하지 않았습니다.,2024
BRD_20251310,곱창듬뿍국물곱도리탕,0.0,평가 대상 아님,,,이번 공시의 가맹점 수가 0이거나 비어 있어 평가하지 않았습니다.,2024
BRD_20251311,광주서울곱창,0.0,평가 대상 아님,,,이번 공시의 가맹점 수가 0이거나 비어 있어 평가하지 않았습니다.,2024
BRD_20251312,태죽 닭 숯불구이,0.0,평가 대상 아님,,,이번 공시의 가맹점 수가 0이거나 비어 있어 평가하지 않았습니다.,2024
BRD_20251313,육선회관,0.0,평가 대상 아님,,,이번 공시의 가맹점 수가 0이거나 비어 있어 평가하지 않았습니다.,2024
BRD_20251315,잭펍(JACKPUB),0.0,평가 대상 아님,,,이번 공시의 가맹점 수가 0이거나 비어 있어 평가하지 않았습니다.,2024
BRD_20251321,고기가득덮밥,0.0,평가 대상 아님,,,이번 공시의 가맹점 수가 0이거나 비어 있어 평가하지 않았습니다.,2024
BRD_20251323,바른무한리필,0.0,평가 대상 아님,,,이번 공시의 가맹점 수가 0이거나 비어 있어 평가하지 않았습니다.,2024
BRD_20251324,로칼밥상,0.0,평가 대상 아님,,,이번 공시의 가맹점 수가 0이거나 비어 있어 평가하지 않았습니다.,2024
BRD_20251326,쭈나라꾸미,0.0,평가 대상 아님,,,이번 공시의 가맹점 수가 0이거나 비어 있어 평가하지 않았습니다.,2024
BRD_20251327,공주쌍신집칼국수,0.0,평가 대상 아님,,,이번 공시의 가맹점 수가 0이거나 비어 있어 평가하지 않았습니다.,2024
BRD_20251330,불난덮밥,0.0,평가 대상 아님,,,이번 공시의 가맹점 수가 0이거나 비어 있어 평가하지 않았습니다.,2024
BRD_20251331,구름냉면,0.0,평가 대상 아님,,,이번 공시의 가맹점 수가 0이거나 비어 있어 평가하지 않았습니다.,2024
BRD_20251332,불난냉면,0.0,평가 대상 아님,,,이번 공시의 가맹점 수가 0이거나 비어 있어 평가하지 않았습니다.,2024
BRD_20251333,리사르커피,0.0,평가 대상 아님,,,이번 공시의 가맹점 수가 0이거나 비어 있어 평가하지 않았습니다.,2024
BRD_20251335,조연탄,0.0,평가 대상 아님,,,이번 공시의 가맹점 수가 0이거나 비어 있어 평가하지 않았습니다.,2024
BRD_20251336,별미정,0.0,평가 대상 아님,,,이번 공시의 가맹점 수가 0이거나 비어 있어 평가하지 않았습니다.,2024
BRD_20251338,너브내숯불한우,0.0,평가 대상 아님,,,이번 공시의 가맹점 수가 0이거나 비어 있어 평가하지 않았습니다.,2024
BRD_20251339,복터진집,0.0,평가 대상 아님,,,이번 공시의 가맹점 수가 0이거나 비어 있어 평가하지 않았습니다.,2024
BRD_20251340,다이어트 모드(DIET MODE),0.0,평가 대상 아님,,,이번 공시의 가맹점 수가 0이거나 비어 있어 평가하지 않았습니다.,2024
BRD_20251341,치킨왕김닭구,0.0,평가 대상 아님,,,이번 공시의 가맹점 수가 0이거나 비어 있어 평가하지 않았습니다.,2024
BRD_20251342,모닥스낵,0.0,평가 대상 아님,,,이번 공시의 가맹점 수가 0이거나 비어 있어 평가하지 않았습니다.,2024
BRD_20251343,슈퍼돈까스,0.0,평가 대상 아님,,,이번 공시의 가맹점 수가 0이거나 비어 있어 평가하지 않았습니다.,2024
BRD_20251344,동경만향,0.0,평가 대상 아님,,,이번 공시의 가맹점 수가 0이거나 비어 있어 평가하지 않았습니다.,2024
BRD_20251345,계도,0.0,평가 대상 아님,,,이번 공시의 가맹점 수가 0이거나 비어 있어 평가하지 않았습니다.,2024
BRD_20251346,라미,0.0,평가 대상 아님,,,이번 공시의 가맹점 수가 0이거나 비어 있어 평가하지 않았습니다.,2024
BRD_20251348,줄서는국밥,0.0,평가 대상 아님,,,이번 공시의 가맹점 수가 0이거나 비어 있어 평가하지 않았습니다.,2024
BRD_20251349,해초품은과메기,0.0,평가 대상 아님,,,이번 공시의 가맹점 수가 0이거나 비어 있어 평가하지 않았습니다.,2024
BRD_20251352,몽글떡볶이,0.0,평가 대상 아님,,,이번 공시의 가맹점 수가 0이거나 비어 있어 평가하지 않았습니다.,2024
BRD_20251354,김밥35번가,0.0,평가 대상 아님,,,이번 공시의 가맹점 수가 0이거나 비어 있어 평가하지 않았습니다.,2024
BRD_20251355,케이랩,0.0,평가 대상 아님,,,이번 공시의 가맹점 수가 0이거나 비어 있어 평가하지 않았습니다.,2024
BRD_20251356,뿌리공스,0.0,평가 대상 아님,,,이번 공시의 가맹점 수가 0이거나 비어 있어 평가하지 않았습니다.,2024
BRD_20251357,돈꼬주밥,0.0,평가 대상 아님,,,이번 공시의 가맹점 수가 0이거나 비어 있어 평가하지 않았습니다.,2024
BRD_20251358,고래상점 COFFEE STAND,0.0,평가 대상 아님,,,이번 공시의 가맹점 수가 0이거나 비어 있어 평가하지 않았습니다.,2024
BRD_20251360,춘앤장 중식부페,0.0,평가 대상 아님,,,이번 공시의 가맹점 수가 0이거나 비어 있어 평가하지 않았습니다.,2024
BRD_20251361,병천순대명가,0.0,평가 대상 아님,,,이번 공시의 가맹점 수가 0이거나 비어 있어 평가하지 않았습니다.,2024
BRD_20251362,대한한우국밥,0.0,평가 대상 아님,,,이번 공시의 가맹점 수가 0이거나 비어 있어 평가하지 않았습니다.,2024
BRD_20251363,고슬담,0.0,평가 대상 아님,,,이번 공시의 가맹점 수가 0이거나 비어 있어 평가하지 않았습니다.,2024
BRD_20251364,하루반상,0.0,평가 대상 아님,,,이번 공시의 가맹점 수가 0이거나 비어 있어 평가하지 않았습니다.,2024
BRD_20251365,포하이(pho hoai),0.0,평가 대상 아님,,,이번 공시의 가맹점 수가 0이거나 비어 있어 평가하지 않았습니다.,2024
BRD_20251366,냉면시키러왔다가돈까스도시킴,0.0,평가 대상 아님,,,이번 공시의 가맹점 수가 0이거나 비어 있어 평가하지 않았습니다.,2024
BRD_20251368,우람낙지,0.0,평가 대상 아님,,,이번 공시의 가맹점 수가 0이거나 비어 있어 평가하지 않았습니다.,2024
BRD_20251370,물총칼국수,0.0,평가 대상 아님,,,이번 공시의 가맹점 수가 0이거나 비어 있어 평가하지 않았습니다.,2024
BRD_20251371,춘천집닭갈비,0.0,평가 대상 아님,,,이번 공시의 가맹점 수가 0이거나 비어 있어 평가하지 않았습니다.,2024
BRD_20251374,원 옛날할매김밥,0.0,평가 대상 아님,,,이번 공시의 가맹점 수가 0이거나 비어 있어 평가하지 않았습니다.,2024
BRD_20251376,본집아구이야기,0.0,평가 대상 아님,,,이번 공시의 가맹점 수가 0이거나 비어 있어 평가하지 않았습니다.,2024
BRD_20251381,멸치집,0.0,평가 대상 아님,,,이번 공시의 가맹점 수가 0이거나 비어 있어 평가하지 않았습니다.,2024
BRD_20251382,목민곰탕,0.0,평가 대상 아님,,,이번 공시의 가맹점 수가 0이거나 비어 있어 평가하지 않았습니다.,2024
BRD_20251383,강호랭이분식,0.0,평가 대상 아님,,,이번 공시의 가맹점 수가 0이거나 비어 있어 평가하지 않았습니다.,2024
BRD_20251386,가담육회,0.0,평가 대상 아님,,,이번 공시의 가맹점 수가 0이거나 비어 있어 평가하지 않았습니다.,2024
BRD_20251387,두툼버,0.0,평가 대상 아님,,,이번 공시의 가맹점 수가 0이거나 비어 있어 평가하지 않았습니다.,2024
BRD_20251392,할매술상,0.0,평가 대상 아님,,,이번 공시의 가맹점 수가 0이거나 비어 있어 평가하지 않았습니다.,2024
BRD_20251393,부암김밥,0.0,평가 대상 아님,,,이번 공시의 가맹점 수가 0이거나 비어 있어 평가하지 않았습니다.,2024
BRD_20251394,마정당,0.0,평가 대상 아님,,,이번 공시의 가맹점 수가 0이거나 비어 있어 평가하지 않았습니다.,2024
BRD_20251396,종로솥뚜껑,0.0,평가 대상 아님,,,이번 공시의 가맹점 수가 0이거나 비어 있어 평가하지 않았습니다.,2024
BRD_20251398,속초종합어시장,0.0,평가 대상 아님,,,이번 공시의 가맹점 수가 0이거나 비어 있어 평가하지 않았습니다.,2024
BRD_20251400,미족당,0.0,평가 대상 아님,,,이번 공시의 가맹점 수가 0이거나 비어 있어 평가하지 않았습니다.,2024
BRD_20251401,우남촌황소곱창,0.0,평가 대상 아님,,,이번 공시의 가맹점 수가 0이거나 비어 있어 평가하지 않았습니다.,2024
BRD_20251404,참진대패&샤브전골,0.0,평가 대상 아님,,,이번 공시의 가맹점 수가 0이거나 비어 있어 평가하지 않았습니다.,2024
BRD_20251405,잇츠떡 고래술떡,0.0,평가 대상 아님,,,이번 공시의 가맹점 수가 0이거나 비어 있어 평가하지 않았습니다.,2024
BRD_20251408,명가소곱창,0.0,평가 대상 아님,,,이번 공시의 가맹점 수가 0이거나 비어 있어 평가하지 않았습니다.,2024
BRD_20251409,복만당,0.0,평가 대상 아님,,,이번 공시의 가맹점 수가 0이거나 비어 있어 평가하지 않았습니다.,2024
BRD_20251412,소담면가,0.0,평가 대상 아님,,,이번 공시의 가맹점 수가 0이거나 비어 있어 평가하지 않았습니다.,2024
BRD_20251413,시미루라멘,0.0,평가 대상 아님,,,이번 공시의 가맹점 수가 0이거나 비어 있어 평가하지 않았습니다.,2024
BRD_20251414,순대국집 정해장,0.0,평가 대상 아님,,,이번 공시의 가맹점 수가 0이거나 비어 있어 평가하지 않았습니다.,2024
BRD_20251415,사운드랩,0.0,평가 대상 아님,,,이번 공시의 가맹점 수가 0이거나 비어 있어 평가하지 않았습니다.,2024
BRD_20251416,곱다,0.0,평가 대상 아님,,,이번 공시의 가맹점 수가 0이거나 비어 있어 평가하지 않았습니다.,2024
BRD_20251417,유강추어탕,0.0,평가 대상 아님,,,이번 공시의 가맹점 수가 0이거나 비어 있어 평가하지 않았습니다.,2024
BRD_20251420,애:햄 부대찌개,0.0,평가 대상 아님,,,이번 공시의 가맹점 수가 0이거나 비어 있어 평가하지 않았습니다.,2024
BRD_20251422,예월수족발명가,0.0,평가 대상 아님,,,이번 공시의 가맹점 수가 0이거나 비어 있어 평가하지 않았습니다.,2024
BRD_20251424,한정판 제주돼지집,0.0,평가 대상 아님,,,이번 공시의 가맹점 수가 0이거나 비어 있어 평가하지 않았습니다.,2024
BRD_20251427,갱상도식 돼지찌개,0.0,평가 대상 아님,,,이번 공시의 가맹점 수가 0이거나 비어 있어 평가하지 않았습니다.,2024
BRD_20251428,브랜드포차 썸비,0.0,평가 대상 아님,,,이번 공시의 가맹점 수가 0이거나 비어 있어 평가하지 않았습니다.,2024
BRD_20251429,직계 바베큐치킨,0.0,평가 대상 아님,,,이번 공시의 가맹점 수가 0이거나 비어 있어 평가하지 않았습니다.,2024
BRD_20251430,더무인커피,0.0,평가 대상 아님,,,이번 공시의 가맹점 수가 0이거나 비어 있어 평가하지 않았습니다.,2024
BRD_20251432,영우해장국,0.0,평가 대상 아님,,,이번 공시의 가맹점 수가 0이거나 비어 있어 평가하지 않았습니다.,2024
BRD_20251433,서가네 기절닭발,0.0,평가 대상 아님,,,이번 공시의 가맹점 수가 0이거나 비어 있어 평가하지 않았습니다.,2024
BRD_20251434,진수성찬,0.0,평가 대상 아님,,,이번 공시의 가맹점 수가 0이거나 비어 있어 평가하지 않았습니다.,2024
BRD_20251435,슬램버거,0.0,평가 대상 아님,,,이번 공시의 가맹점 수가 0이거나 비어 있어 평가하지 않았습니다.,2024
BRD_20251437,휘정,0.0,평가 대상 아님,,,이번 공시의 가맹점 수가 0이거나 비어 있어 평가하지 않았습니다.,2024
BRD_20251439,홉스커피,0.0,평가 대상 아님,,,이번 공시의 가맹점 수가 0이거나 비어 있어 평가하지 않았습니다.,2024
BRD_20251442,금성옥,0.0,평가 대상 아님,,,이번 공시의 가맹점 수가 0이거나 비어 있어 평가하지 않았습니다.,2024
BRD_20251443,구천구백닭강정,0.0,평가 대상 아님,,,이번 공시의 가맹점 수가 0이거나 비어 있어 평가하지 않았습니다.,2024
BRD_20251445,기남윤주막걸리,0.0,평가 대상 아님,,,이번 공시의 가맹점 수가 0이거나 비어 있어 평가하지 않았습니다.,2024
BRD_20251446,간빠진새,0.0,평가 대상 아님,,,이번 공시의 가맹점 수가 0이거나 비어 있어 평가하지 않았습니다.,2024
BRD_20251447,김우꼬,0.0,평가 대상 아님,,,이번 공시의 가맹점 수가 0이거나 비어 있어 평가하지 않았습니다.,2024
BRD_20251449,우나다이,0.0,평가 대상 아님,,,이번 공시의 가맹점 수가 0이거나 비어 있어 평가하지 않았습니다.,2024
BRD_20251452,그레인솔트,0.0,평가 대상 아님,,,이번 공시의 가맹점 수가 0이거나 비어 있어 평가하지 않았습니다.,2024
BRD_20251455,제주서왔수다,0.0,평가 대상 아님,,,이번 공시의 가맹점 수가 0이거나 비어 있어 평가하지 않았습니다.,2024
BRD_20251456,크랩마켓,0.0,평가 대상 아님,,,이번 공시의 가맹점 수가 0이거나 비어 있어 평가하지 않았습니다.,2024
BRD_20251457,널판지,0.0,평가 대상 아님,,,이번 공시의 가맹점 수가 0이거나 비어 있어 평가하지 않았습니다.,2024
BRD_20251458,구로명물호떡 쉐프윤,0.0,평가 대상 아님,,,이번 공시의 가맹점 수가 0이거나 비어 있어 평가하지 않았습니다.,2024
BRD_20251459,구사육식당,0.0,평가 대상 아님,,,이번 공시의 가맹점 수가 0이거나 비어 있어 평가하지 않았습니다.,2024
BRD_20251460,청해화,0.0,평가 대상 아님,,,이번 공시의 가맹점 수가 0이거나 비어 있어 평가하지 않았습니다.,2024
BRD_20251461,커피&꽈배기창고,0.0,평가 대상 아님,,,이번 공시의 가맹점 수가 0이거나 비어 있어 평가하지 않았습니다.,2024
BRD_20251462,마라붐(마라BOOM),0.0,평가 대상 아님,,,이번 공시의 가맹점 수가 0이거나 비어 있어 평가하지 않았습니다.,2024
BRD_20251463,숙돈정,0.0,평가 대상 아님,,,이번 공시의 가맹점 수가 0이거나 비어 있어 평가하지 않았습니다.,2024
BRD_20251464,개꾸통한우,0.0,평가 대상 아님,,,이번 공시의 가맹점 수가 0이거나 비어 있어 평가하지 않았습니다.,2024
BRD_20251465,은성얼큰 뼈해장국,0.0,평가 대상 아님,,,이번 공시의 가맹점 수가 0이거나 비어 있어 평가하지 않았습니다.,2024
BRD_20251467,하마돈까스,0.0,평가 대상 아님,,,이번 공시의 가맹점 수가 0이거나 비어 있어 평가하지 않았습니다.,2024
BRD_20251469,볶볶,0.0,평가 대상 아님,,,이번 공시의 가맹점 수가 0이거나 비어 있어 평가하지 않았습니다.,2024
BRD_20251470,히키,0.0,평가 대상 아님,,,이번 공시의 가맹점 수가 0이거나 비어 있어 평가하지 않았습니다.,2024
BRD_20251473,청춘해물나라,0.0,평가 대상 아님,,,이번 공시의 가맹점 수가 0이거나 비어 있어 평가하지 않았습니다.,2024
BRD_20251474,임금님추어탕,0.0,평가 대상 아님,,,이번 공시의 가맹점 수가 0이거나 비어 있어 평가하지 않았습니다.,2024
BRD_20251478,서초겹,0.0,평가 대상 아님,,,이번 공시의 가맹점 수가 0이거나 비어 있어 평가하지 않았습니다.,2024
BRD_20251479,오복당,0.0,평가 대상 아님,,,이번 공시의 가맹점 수가 0이거나 비어 있어 평가하지 않았습니다.,2024
BRD_20251484,8090연탄포차,0.0,평가 대상 아님,,,이번 공시의 가맹점 수가 0이거나 비어 있어 평가하지 않았습니다.,2024
BRD_20251487,족발집단디,0.0,평가 대상 아님,,,이번 공시의 가맹점 수가 0이거나 비어 있어 평가하지 않았습니다.,2024
BRD_20251488,어진,0.0,평가 대상 아님,,,이번 공시의 가맹점 수가 0이거나 비어 있어 평가하지 않았습니다.,2024
BRD_20251490,올바른치킨,0.0,평가 대상 아님,,,이번 공시의 가맹점 수가 0이거나 비어 있어 평가하지 않았습니다.,2024
BRD_20251495,유미타코,0.0,평가 대상 아님,,,이번 공시의 가맹점 수가 0이거나 비어 있어 평가하지 않았습니다.,2024
BRD_20251496,팔도가,0.0,평가 대상 아님,,,이번 공시의 가맹점 수가 0이거나 비어 있어 평가하지 않았습니다.,2024
BRD_20251497,굿잡카페인(good job caffeine),0.0,평가 대상 아님,,,이번 공시의 가맹점 수가 0이거나 비어 있어 평가하지 않았습니다.,2024
BRD_20251498,마라뱅크,0.0,평가 대상 아님,,,이번 공시의 가맹점 수가 0이거나 비어 있어 평가하지 않았습니다.,2024
BRD_20251502,김소남연탄쪽갈비,0.0,평가 대상 아님,,,이번 공시의 가맹점 수가 0이거나 비어 있어 평가하지 않았습니다.,2024
BRD_20251503,파스타한입,0.0,평가 대상 아님,,,이번 공시의 가맹점 수가 0이거나 비어 있어 평가하지 않았습니다.,2024
BRD_20251504,곱발바닭,0.0,평가 대상 아님,,,이번 공시의 가맹점 수가 0이거나 비어 있어 평가하지 않았습니다.,2024
BRD_20251505,청춘한우소곱창,0.0,평가 대상 아님,,,이번 공시의 가맹점 수가 0이거나 비어 있어 평가하지 않았습니다.,2024
BRD_20251507,술입구,0.0,평가 대상 아님,,,이번 공시의 가맹점 수가 0이거나 비어 있어 평가하지 않았습니다.,2024
BRD_20251509,제비원식당,0.0,평가 대상 아님,,,이번 공시의 가맹점 수가 0이거나 비어 있어 평가하지 않았습니다.,2024
BRD_20251510,청춘후라이드,0.0,평가 대상 아님,,,이번 공시의 가맹점 수가 0이거나 비어 있어 평가하지 않았습니다.,2024
BRD_20251514,아오스요거트,0.0,평가 대상 아님,,,이번 공시의 가맹점 수가 0이거나 비어 있어 평가하지 않았습니다.,2024
BRD_20251515,호가꼬치,0.0,평가 대상 아님,,,이번 공시의 가맹점 수가 0이거나 비어 있어 평가하지 않았습니다.,2024
BRD_20251516,보석프레소,0.0,평가 대상 아님,,,이번 공시의 가맹점 수가 0이거나 비어 있어 평가하지 않았습니다.,2024
BRD_20251518,잇라이트,0.0,평가 대상 아님,,,이번 공시의 가맹점 수가 0이거나 비어 있어 평가하지 않았습니다.,2024
BRD_20251519,데일리파스타,0.0,평가 대상 아님,,,이번 공시의 가맹점 수가 0이거나 비어 있어 평가하지 않았습니다.,2024
BRD_20251520,빅밥(BIGBAB),0.0,평가 대상 아님,,,이번 공시의 가맹점 수가 0이거나 비어 있어 평가하지 않았습니다.,2024
BRD_20251521,고돈감래,0.0,평가 대상 아님,,,이번 공시의 가맹점 수가 0이거나 비어 있어 평가하지 않았습니다.,2024
BRD_20251522,화계족,0.0,평가 대상 아님,,,이번 공시의 가맹점 수가 0이거나 비어 있어 평가하지 않았습니다.,2024
BRD_20251523,언니네,0.0,평가 대상 아님,,,이번 공시의 가맹점 수가 0이거나 비어 있어 평가하지 않았습니다.,2024
BRD_20251525,비알티베이프치킨,0.0,평가 대상 아님,,,이번 공시의 가맹점 수가 0이거나 비어 있어 평가하지 않았습니다.,2024
BRD_20251526,흑돈하르방,0.0,평가 대상 아님,,,이번 공시의 가맹점 수가 0이거나 비어 있어 평가하지 않았습니다.,2024
BRD_20251527,미채원양갈비양꼬치,0.0,평가 대상 아님,,,이번 공시의 가맹점 수가 0이거나 비어 있어 평가하지 않았습니다.,2024
BRD_20251528,광화문숯불돼지갈비,0.0,평가 대상 아님,,,이번 공시의 가맹점 수가 0이거나 비어 있어 평가하지 않았습니다.,2024
BRD_20251529,코리안찌개타운,0.0,평가 대상 아님,,,이번 공시의 가맹점 수가 0이거나 비어 있어 평가하지 않았습니다.,2024
BRD_20251530,청년볶음밥,0.0,평가 대상 아님,,,이번 공시의 가맹점 수가 0이거나 비어 있어 평가하지 않았습니다.,2024
BRD_20251531,오늘도 오므라이스,0.0,평가 대상 아님,,,이번 공시의 가맹점 수가 0이거나 비어 있어 평가하지 않았습니다.,2024
BRD_20251532,최강곱도리탕전문점,0.0,평가 대상 아님,,,이번 공시의 가맹점 수가 0이거나 비어 있어 평가하지 않았습니다.,2024
BRD_20251536,그릭씨네 요거트집,0.0,평가 대상 아님,,,이번 공시의 가맹점 수가 0이거나 비어 있어 평가하지 않았습니다.,2024
BRD_20251537,튼실이네산낙지전복,0.0,평가 대상 아님,,,이번 공시의 가맹점 수가 0이거나 비어 있어 평가하지 않았습니다.,2024
BRD_20251539,알보커피바(AR·BOR COFFEE BAR),0.0,평가 대상 아님,,,이번 공시의 가맹점 수가 0이거나 비어 있어 평가하지 않았습니다.,2024
BRD_20251543,육미안,0.0,평가 대상 아님,,,이번 공시의 가맹점 수가 0이거나 비어 있어 평가하지 않았습니다.,2024
BRD_20251545,목동돌곱창,0.0,평가 대상 아님,,,이번 공시의 가맹점 수가 0이거나 비어 있어 평가하지 않았습니다.,2024
BRD_20251549,누땡,0.0,평가 대상 아님,,,이번 공시의 가맹점 수가 0이거나 비어 있어 평가하지 않았습니다.,2024
BRD_20251552,백제추어탕,0.0,평가 대상 아님,,,이번 공시의 가맹점 수가 0이거나 비어 있어 평가하지 않았습니다.,2024
BRD_20251554,전주집,0.0,평가 대상 아님,,,이번 공시의 가맹점 수가 0이거나 비어 있어 평가하지 않았습니다.,2024
BRD_20251555,삼대해물찜,0.0,평가 대상 아님,,,이번 공시의 가맹점 수가 0이거나 비어 있어 평가하지 않았습니다.,2024
BRD_20251557,참치시장 골목카세,0.0,평가 대상 아님,,,이번 공시의 가맹점 수가 0이거나 비어 있어 평가하지 않았습니다.,2024
BRD_20260001,장어이야기,0.0,평가 대상 아님,,,이번 공시의 가맹점 수가 0이거나 비어 있어 평가하지 않았습니다.,2024
BRD_20260002,홍가네,0.0,평가 대상 아님,,,이번 공시의 가맹점 수가 0이거나 비어 있어 평가하지 않았습니다.,2024
BRD_20260155,별동오징어,0.0,평가 대상 아님,,,이번 공시의 가맹점 수가 0이거나 비어 있어 평가하지 않았습니다.,2024
BRD_20260254,꽃새담,0.0,평가 대상 아님,,,이번 공시의 가맹점 수가 0이거나 비어 있어 평가하지 않았습니다.,2024
NAME:88한우도매장@외식,88한우도매장,0.0,평가 대상 아님,,,이번 공시의 가맹점 수가 0이거나 비어 있어 평가하지 않았습니다.,2024
NAME:cuphi@외식,CUPHI,0.0,평가 대상 아님,,,이번 공시의 가맹점 수가 0이거나 비어 있어 평가하지 않았습니다.,2024
NAME:unmelopasta@외식,UNMELO PASTA,0.0,평가 대상 아님,,,이번 공시의 가맹점 수가 0이거나 비어 있어 평가하지 않았습니다.,2024
NAME:각해녀@외식,각해녀,0.0,평가 대상 아님,,,이번 공시의 가맹점 수가 0이거나 비어 있어 평가하지 않았습니다.,2024
NAME:강정천하@외식,강정천하,0.0,평가 대상 아님,,,이번 공시의 가맹점 수가 0이거나 비어 있어 평가하지 않았습니다.,2024
NAME:겨비창고@외식,겨비창고,0.0,평가 대상 아님,,,이번 공시의 가맹점 수가 0이거나 비어 있어 평가하지 않았습니다.,2024
NAME:고가네왕갈비탕@외식,고가네왕갈비탕,0.0,평가 대상 아님,,,이번 공시의 가맹점 수가 0이거나 비어 있어 평가하지 않았습니다.,2024
NAME:고기박사연@외식,고기박사 연,0.0,평가 대상 아님,,,이번 공시의 가맹점 수가 0이거나 비어 있어 평가하지 않았습니다.,2024
NAME:고향통닭@외식,고향통닭,0.0,평가 대상 아님,,,이번 공시의 가맹점 수가 0이거나 비어 있어 평가하지 않았습니다.,2024
NAME:구세대맥주@외식,구세대맥주,0.0,평가 대상 아님,,,이번 공시의 가맹점 수가 0이거나 비어 있어 평가하지 않았습니다.,2024
NAME:국본@외식,국본,0.0,평가 대상 아님,,,이번 공시의 가맹점 수가 0이거나 비어 있어 평가하지 않았습니다.,2024
NAME:귀족볶음밥@외식,귀족볶음밥,0.0,평가 대상 아님,,,이번 공시의 가맹점 수가 0이거나 비어 있어 평가하지 않았습니다.,2024
NAME:그랩피자@외식,그랩피자,0.0,평가 대상 아님,,,이번 공시의 가맹점 수가 0이거나 비어 있어 평가하지 않았습니다.,2024
NAME:기와집숯불갈비@외식,기와집숯불갈비,0.0,평가 대상 아님,,,이번 공시의 가맹점 수가 0이거나 비어 있어 평가하지 않았습니다.,2024
NAME:길우상회@외식,길우상회,0.0,평가 대상 아님,,,이번 공시의 가맹점 수가 0이거나 비어 있어 평가하지 않았습니다.,2024
NAME:김광석신촌칼국수@외식,김광석신촌칼국수,0.0,평가 대상 아님,,,이번 공시의 가맹점 수가 0이거나 비어 있어 평가하지 않았습니다.,2024
NAME:김종구족발오븐구이@외식,김종구족발오븐구이,0.0,평가 대상 아님,,,이번 공시의 가맹점 수가 0이거나 비어 있어 평가하지 않았습니다.,2024
NAME:김촌@외식,김촌,0.0,평가 대상 아님,,,이번 공시의 가맹점 수가 0이거나 비어 있어 평가하지 않았습니다.,2024
NAME:김치치치@외식,김치치치,0.0,평가 대상 아님,,,이번 공시의 가맹점 수가 0이거나 비어 있어 평가하지 않았습니다.,2024
NAME:꾸블랙@외식,꾸블랙,0.0,평가 대상 아님,,,이번 공시의 가맹점 수가 0이거나 비어 있어 평가하지 않았습니다.,2024
NAME:남남국밥@외식,남남국밥,0.0,평가 대상 아님,,,이번 공시의 가맹점 수가 0이거나 비어 있어 평가하지 않았습니다.,2024
NAME:남대문가메골손만두@외식,남대문 가메골손만두,0.0,평가 대상 아님,,,이번 공시의 가맹점 수가 0이거나 비어 있어 평가하지 않았습니다.,2024
NAME:내가바라던비빔bap@외식,내가바라던 비빔BAP,0.0,평가 대상 아님,,,이번 공시의 가맹점 수가 0이거나 비어 있어 평가하지 않았습니다.,2024
NAME:냉면장인임사부@외식,냉면장인 임사부,0.0,평가 대상 아님,,,이번 공시의 가맹점 수가 0이거나 비어 있어 평가하지 않았습니다.,2024
NAME:냉면카세@외식,냉면카세,0.0,평가 대상 아님,,,이번 공시의 가맹점 수가 0이거나 비어 있어 평가하지 않았습니다.,2024
NAME:냐항nhaacutehaacuteng@외식,냐항Nh&aacute; h&aacute;ng,0.0,평가 대상 아님,,,이번 공시의 가맹점 수가 0이거나 비어 있어 평가하지 않았습니다.,2024
NAME:다이닝박스diningbox@외식,다이닝박스 (DINING BOX),0.0,평가 대상 아님,,,이번 공시의 가맹점 수가 0이거나 비어 있어 평가하지 않았습니다.,2024
NAME:대신땅콩빵@외식,대신땅콩빵,0.0,평가 대상 아님,,,이번 공시의 가맹점 수가 0이거나 비어 있어 평가하지 않았습니다.,2024
NAME:대창을품은떡볶이@외식,대창을 품은 떡볶이,0.0,평가 대상 아님,,,이번 공시의 가맹점 수가 0이거나 비어 있어 평가하지 않았습니다.,2024
NAME:더바움thebaum@외식,더바움(the BAUM),0.0,평가 대상 아님,,,이번 공시의 가맹점 수가 0이거나 비어 있어 평가하지 않았습니다.,2024
NAME:더퍼드림@외식,더퍼드림,0.0,평가 대상 아님,,,이번 공시의 가맹점 수가 0이거나 비어 있어 평가하지 않았습니다.,2024
NAME:덕자네방앗간@외식,덕자네방앗간,0.0,평가 대상 아님,,,이번 공시의 가맹점 수가 0이거나 비어 있어 평가하지 않았습니다.,2024
NAME:딜리어트deliet@외식,딜리어트(DELIET),0.0,평가 대상 아님,,,이번 공시의 가맹점 수가 0이거나 비어 있어 평가하지 않았습니다.,2024
NAME:떡순마켓@외식,떡순마켓,0.0,평가 대상 아님,,,이번 공시의 가맹점 수가 0이거나 비어 있어 평가하지 않았습니다.,2024
NAME:라디저트@외식,라 디저트,0.0,평가 대상 아님,,,이번 공시의 가맹점 수가 0이거나 비어 있어 평가하지 않았습니다.,2024
NAME:레드하나@외식,레드하나,0.0,평가 대상 아님,,,이번 공시의 가맹점 수가 0이거나 비어 있어 평가하지 않았습니다.,2024
NAME:로열떡볶이@외식,로열떡볶이,0.0,평가 대상 아님,,,이번 공시의 가맹점 수가 0이거나 비어 있어 평가하지 않았습니다.,2024
NAME:롤더판다@외식,롤더판다,0.0,평가 대상 아님,,,이번 공시의 가맹점 수가 0이거나 비어 있어 평가하지 않았습니다.,2024
NAME:루타6400km@외식,"루타6,400km",0.0,평가 대상 아님,,,이번 공시의 가맹점 수가 0이거나 비어 있어 평가하지 않았습니다.,2024
NAME:리필앤로스터@외식,리필앤로스터,0.0,평가 대상 아님,,,이번 공시의 가맹점 수가 0이거나 비어 있어 평가하지 않았습니다.,2024
NAME:마초스테이크@외식,마초스테이크,0.0,평가 대상 아님,,,이번 공시의 가맹점 수가 0이거나 비어 있어 평가하지 않았습니다.,2024
NAME:만두드림1973@외식,만두드림1973,0.0,평가 대상 아님,,,이번 공시의 가맹점 수가 0이거나 비어 있어 평가하지 않았습니다.,2024
NAME:맥주카레라운지@외식,맥주카레라운지,0.0,평가 대상 아님,,,이번 공시의 가맹점 수가 0이거나 비어 있어 평가하지 않았습니다.,2024
NAME:몽콕@외식,몽콕,0.0,평가 대상 아님,,,이번 공시의 가맹점 수가 0이거나 비어 있어 평가하지 않았습니다.,2024
NAME:묵찜빠@외식,묵찜빠,0.0,평가 대상 아님,,,이번 공시의 가맹점 수가 0이거나 비어 있어 평가하지 않았습니다.,2024
NAME:물만난한우@외식,물만난한우,0.0,평가 대상 아님,,,이번 공시의 가맹점 수가 0이거나 비어 있어 평가하지 않았습니다.,2024
NAME:미경산한우명가@외식,미경산 한우명가,0.0,평가 대상 아님,,,이번 공시의 가맹점 수가 0이거나 비어 있어 평가하지 않았습니다.,2024
NAME:미구엘의돈까스가게@외식,미구엘의돈까스가게,0.0,평가 대상 아님,,,이번 공시의 가맹점 수가 0이거나 비어 있어 평가하지 않았습니다.,2024
NAME:미례국밥@외식,미례국밥,0.0,평가 대상 아님,,,이번 공시의 가맹점 수가 0이거나 비어 있어 평가하지 않았습니다.,2024
NAME:미미야끼@외식,미미야끼,0.0,평가 대상 아님,,,이번 공시의 가맹점 수가 0이거나 비어 있어 평가하지 않았습니다.,2024
NAME:미유당@외식,미유당,0.0,평가 대상 아님,,,이번 공시의 가맹점 수가 0이거나 비어 있어 평가하지 않았습니다.,2024
NAME:민속촌장어@외식,민속촌&장어,0.0,평가 대상 아님,,,이번 공시의 가맹점 수가 0이거나 비어 있어 평가하지 않았습니다.,2024
NAME:밥도둑바른게장@외식,밥도둑 바른게장,0.0,평가 대상 아님,,,이번 공시의 가맹점 수가 0이거나 비어 있어 평가하지 않았습니다.,2024
NAME:밥상한가득@외식,밥상한가득,0.0,평가 대상 아님,,,이번 공시의 가맹점 수가 0이거나 비어 있어 평가하지 않았습니다.,2024
NAME:방콕끼리@외식,방콕끼리,0.0,평가 대상 아님,,,이번 공시의 가맹점 수가 0이거나 비어 있어 평가하지 않았습니다.,2024
NAME:배터지는정육식당@외식,배터지는정육식당,0.0,평가 대상 아님,,,이번 공시의 가맹점 수가 0이거나 비어 있어 평가하지 않았습니다.,2024
NAME:백설공주@외식,백설공주,0.0,평가 대상 아님,,,이번 공시의 가맹점 수가 0이거나 비어 있어 평가하지 않았습니다.,2024
NAME:백참@외식,백참,0.0,평가 대상 아님,,,이번 공시의 가맹점 수가 0이거나 비어 있어 평가하지 않았습니다.,2024
NAME:백호동태탕@외식,백호동태탕,0.0,평가 대상 아님,,,이번 공시의 가맹점 수가 0이거나 비어 있어 평가하지 않았습니다.,2024
NAME:보현닭발@외식,보현닭발,0.0,평가 대상 아님,,,이번 공시의 가맹점 수가 0이거나 비어 있어 평가하지 않았습니다.,2024
NAME:본가불고기@외식,본가 불고기,0.0,평가 대상 아님,,,이번 공시의 가맹점 수가 0이거나 비어 있어 평가하지 않았습니다.,2024
NAME:본촌치킨@외식,본촌치킨,0.0,평가 대상 아님,,,이번 공시의 가맹점 수가 0이거나 비어 있어 평가하지 않았습니다.,2024
NAME:부암갈비@외식,부암갈비,0.0,평가 대상 아님,,,이번 공시의 가맹점 수가 0이거나 비어 있어 평가하지 않았습니다.,2024
NAME:불꽃덮밥@외식,불꽃덮밥,0.0,평가 대상 아님,,,이번 공시의 가맹점 수가 0이거나 비어 있어 평가하지 않았습니다.,2024
NAME:비비밥@외식,비비밥,0.0,평가 대상 아님,,,이번 공시의 가맹점 수가 0이거나 비어 있어 평가하지 않았습니다.,2024
NAME:사계절시장골목집@외식,사계절 시장골목집,0.0,평가 대상 아님,,,이번 공시의 가맹점 수가 0이거나 비어 있어 평가하지 않았습니다.,2024
NAME:사루오뎅@외식,사루 오뎅,0.0,평가 대상 아님,,,이번 공시의 가맹점 수가 0이거나 비어 있어 평가하지 않았습니다.,2024
NAME:생생제면소@외식,생생제면소,0.0,평가 대상 아님,,,이번 공시의 가맹점 수가 0이거나 비어 있어 평가하지 않았습니다.,2024
NAME:생선애감동@외식,생선애감동,0.0,평가 대상 아님,,,이번 공시의 가맹점 수가 0이거나 비어 있어 평가하지 않았습니다.,2024
NAME:성수동묵은지김치찜@외식,성수동묵은지김치찜,0.0,평가 대상 아님,,,이번 공시의 가맹점 수가 0이거나 비어 있어 평가하지 않았습니다.,2024
NAME:셀도락@외식,셀도락,0.0,평가 대상 아님,,,이번 공시의 가맹점 수가 0이거나 비어 있어 평가하지 않았습니다.,2024
NAME:소곱창대가@외식,소곱창 대가,0.0,평가 대상 아님,,,이번 공시의 가맹점 수가 0이거나 비어 있어 평가하지 않았습니다.,2024
NAME:소담칼국수쭈꾸미@외식,소담칼국수쭈꾸미,0.0,평가 대상 아님,,,이번 공시의 가맹점 수가 0이거나 비어 있어 평가하지 않았습니다.,2024
NAME:소촌갈비찜@외식,소촌갈비찜,0.0,평가 대상 아님,,,이번 공시의 가맹점 수가 0이거나 비어 있어 평가하지 않았습니다.,2024
NAME:속풀이부추칼국수@외식,속풀이부추칼국수,0.0,평가 대상 아님,,,이번 공시의 가맹점 수가 0이거나 비어 있어 평가하지 않았습니다.,2024
NAME:손장금닭발@외식,손장금닭발,0.0,평가 대상 아님,,,이번 공시의 가맹점 수가 0이거나 비어 있어 평가하지 않았습니다.,2024
NAME:숯탉sootak@외식,숯탉(SOOTAK),0.0,평가 대상 아님,,,이번 공시의 가맹점 수가 0이거나 비어 있어 평가하지 않았습니다.,2024
NAME:스모야sumoya@외식,스모야 SUMOYA,0.0,평가 대상 아님,,,이번 공시의 가맹점 수가 0이거나 비어 있어 평가하지 않았습니다.,2024
NAME:시골가마솥김치찜샵인샵@외식,시골가마솥김치찜 샵인샵,0.0,평가 대상 아님,,,이번 공시의 가맹점 수가 0이거나 비어 있어 평가하지 않았습니다.,2024
NAME:시기@외식,시기,0.0,평가 대상 아님,,,이번 공시의 가맹점 수가 0이거나 비어 있어 평가하지 않았습니다.,2024
NAME:쌉니다@외식,쌉니다,0.0,평가 대상 아님,,,이번 공시의 가맹점 수가 0이거나 비어 있어 평가하지 않았습니다.,2024
NAME:아유타야보트누들@외식,아유타야보트누들,0.0,평가 대상 아님,,,이번 공시의 가맹점 수가 0이거나 비어 있어 평가하지 않았습니다.,2024
NAME:아카리카레라멘@외식,아카리카레&라멘,0.0,평가 대상 아님,,,이번 공시의 가맹점 수가 0이거나 비어 있어 평가하지 않았습니다.,2024
NAME:악마의곱도리탕@외식,악마의 곱도리탕,0.0,평가 대상 아님,,,이번 공시의 가맹점 수가 0이거나 비어 있어 평가하지 않았습니다.,2024
NAME:애담샤브@외식,애담샤브,0.0,평가 대상 아님,,,이번 공시의 가맹점 수가 0이거나 비어 있어 평가하지 않았습니다.,2024
NAME:어촌별미@외식,어촌별미,0.0,평가 대상 아님,,,이번 공시의 가맹점 수가 0이거나 비어 있어 평가하지 않았습니다.,2024
NAME:에리스빈@외식,에리스빈,0.0,평가 대상 아님,,,이번 공시의 가맹점 수가 0이거나 비어 있어 평가하지 않았습니다.,2024
NAME:연타불@외식,연타불,0.0,평가 대상 아님,,,이번 공시의 가맹점 수가 0이거나 비어 있어 평가하지 않았습니다.,2024
NAME:열라불라연탄집@외식,열라불라 연탄집,0.0,평가 대상 아님,,,이번 공시의 가맹점 수가 0이거나 비어 있어 평가하지 않았습니다.,2024
NAME:오탠다드커피@외식,오탠다드 커피,0.0,평가 대상 아님,,,이번 공시의 가맹점 수가 0이거나 비어 있어 평가하지 않았습니다.,2024
NAME:올데이비빔밥@외식,올데이 비빔밥,0.0,평가 대상 아님,,,이번 공시의 가맹점 수가 0이거나 비어 있어 평가하지 않았습니다.,2024
NAME:용궁국밥@외식,용궁국밥,0.0,평가 대상 아님,,,이번 공시의 가맹점 수가 0이거나 비어 있어 평가하지 않았습니다.,2024
NAME:우든버러커피로스터스@외식,우든버러 커피 로스터스,0.0,평가 대상 아님,,,이번 공시의 가맹점 수가 0이거나 비어 있어 평가하지 않았습니다.,2024
NAME:욱이네국밥@외식,욱이네국밥,0.0,평가 대상 아님,,,이번 공시의 가맹점 수가 0이거나 비어 있어 평가하지 않았습니다.,2024
NAME:위대한냉면@외식,위대한 냉면,0.0,평가 대상 아님,,,이번 공시의 가맹점 수가 0이거나 비어 있어 평가하지 않았습니다.,2024
NAME:위슨커피@외식,위슨커피,0.0,평가 대상 아님,,,이번 공시의 가맹점 수가 0이거나 비어 있어 평가하지 않았습니다.,2024
NAME:유현반반갈비찜@외식,유현 반반 갈비찜,0.0,평가 대상 아님,,,이번 공시의 가맹점 수가 0이거나 비어 있어 평가하지 않았습니다.,2024
NAME:은쟁반@외식,은쟁반,0.0,평가 대상 아님,,,이번 공시의 가맹점 수가 0이거나 비어 있어 평가하지 않았습니다.,2024
NAME:이감포생아구@외식,이감포생아구,0.0,평가 대상 아님,,,이번 공시의 가맹점 수가 0이거나 비어 있어 평가하지 않았습니다.,2024
NAME:이츠앤워크@외식,이츠앤워크,0.0,평가 대상 아님,,,이번 공시의 가맹점 수가 0이거나 비어 있어 평가하지 않았습니다.,2024
NAME:인싸감튀감자탕@외식,인싸감튀감자탕,0.0,평가 대상 아님,,,이번 공시의 가맹점 수가 0이거나 비어 있어 평가하지 않았습니다.,2024
NAME:일미리장터@외식,일미리 장터,0.0,평가 대상 아님,,,이번 공시의 가맹점 수가 0이거나 비어 있어 평가하지 않았습니다.,2024
NAME:일인일화@외식,일인일화,0.0,평가 대상 아님,,,이번 공시의 가맹점 수가 0이거나 비어 있어 평가하지 않았습니다.,2024
NAME:임금님파스타@외식,임금님파스타,0.0,평가 대상 아님,,,이번 공시의 가맹점 수가 0이거나 비어 있어 평가하지 않았습니다.,2024
NAME:제육이네국물두루치기샵인샵@외식,제육이네국물두루치기 샵인샵,0.0,평가 대상 아님,,,이번 공시의 가맹점 수가 0이거나 비어 있어 평가하지 않았습니다.,2024
NAME:제일가마솥김치찜@외식,제일가마솥김치찜,0.0,평가 대상 아님,,,이번 공시의 가맹점 수가 0이거나 비어 있어 평가하지 않았습니다.,2024
NAME:제일제육@외식,제일제육,0.0,평가 대상 아님,,,이번 공시의 가맹점 수가 0이거나 비어 있어 평가하지 않았습니다.,2024
NAME:제주다겹@외식,제주다겹,0.0,평가 대상 아님,,,이번 공시의 가맹점 수가 0이거나 비어 있어 평가하지 않았습니다.,2024
NAME:제주아홉@외식,제주아홉,0.0,평가 대상 아님,,,이번 공시의 가맹점 수가 0이거나 비어 있어 평가하지 않았습니다.,2024
NAME:족발1호선@외식,족발1호선,0.0,평가 대상 아님,,,이번 공시의 가맹점 수가 0이거나 비어 있어 평가하지 않았습니다.,2024
NAME:준스커피@외식,준스커피,0.0,평가 대상 아님,,,이번 공시의 가맹점 수가 0이거나 비어 있어 평가하지 않았습니다.,2024
NAME:지미존스샌드위치jimmyjohnssandwiches@외식,지미존스 샌드위치(JIMMY JOHN’S SANDWICHES),0.0,평가 대상 아님,,,이번 공시의 가맹점 수가 0이거나 비어 있어 평가하지 않았습니다.,2024
NAME:진국소한탕@외식,진국소한탕,0.0,평가 대상 아님,,,이번 공시의 가맹점 수가 0이거나 비어 있어 평가하지 않았습니다.,2024
NAME:진선소고기국밥@외식,진선소고기국밥,0.0,평가 대상 아님,,,이번 공시의 가맹점 수가 0이거나 비어 있어 평가하지 않았습니다.,2024
NAME:진짜마지막호프@외식,진짜마지막호프,0.0,평가 대상 아님,,,이번 공시의 가맹점 수가 0이거나 비어 있어 평가하지 않았습니다.,2024
NAME:짜글이를부탁해@외식,짜글이를 부탁해,0.0,평가 대상 아님,,,이번 공시의 가맹점 수가 0이거나 비어 있어 평가하지 않았습니다.,2024
NAME:쪽갈비대통령@외식,쪽갈비대통령,0.0,평가 대상 아님,,,이번 공시의 가맹점 수가 0이거나 비어 있어 평가하지 않았습니다.,2024
NAME:찰리앤찰스@외식,찰리앤찰스,0.0,평가 대상 아님,,,이번 공시의 가맹점 수가 0이거나 비어 있어 평가하지 않았습니다.,2024
NAME:창시옥해장국@외식,창시옥해장국,0.0,평가 대상 아님,,,이번 공시의 가맹점 수가 0이거나 비어 있어 평가하지 않았습니다.,2024
NAME:천하제일불닭발샵인샵@외식,천하제일불닭발 샵인샵,0.0,평가 대상 아님,,,이번 공시의 가맹점 수가 0이거나 비어 있어 평가하지 않았습니다.,2024
NAME:청춘이오란다@외식,청춘이오란다,0.0,평가 대상 아님,,,이번 공시의 가맹점 수가 0이거나 비어 있어 평가하지 않았습니다.,2024
NAME:초밥으로배부른집@외식,초밥으로 배부른 집,0.0,평가 대상 아님,,,이번 공시의 가맹점 수가 0이거나 비어 있어 평가하지 않았습니다.,2024
NAME:칠성제육삼겹@외식,칠성제육&삼겹,0.0,평가 대상 아님,,,이번 공시의 가맹점 수가 0이거나 비어 있어 평가하지 않았습니다.,2024
NAME:컵플렉스@외식,컵플렉스,0.0,평가 대상 아님,,,이번 공시의 가맹점 수가 0이거나 비어 있어 평가하지 않았습니다.,2024
NAME:코미세komise@외식,코미세(KOMISE),0.0,평가 대상 아님,,,이번 공시의 가맹점 수가 0이거나 비어 있어 평가하지 않았습니다.,2024
NAME:큐커피@외식,큐커피,0.0,평가 대상 아님,,,이번 공시의 가맹점 수가 0이거나 비어 있어 평가하지 않았습니다.,2024
NAME:큰돈가@외식,큰돈가,0.0,평가 대상 아님,,,이번 공시의 가맹점 수가 0이거나 비어 있어 평가하지 않았습니다.,2024
NAME:타논55@외식,타논55,0.0,평가 대상 아님,,,이번 공시의 가맹점 수가 0이거나 비어 있어 평가하지 않았습니다.,2024
NAME:타이거피자@외식,타이거피자,0.0,평가 대상 아님,,,이번 공시의 가맹점 수가 0이거나 비어 있어 평가하지 않았습니다.,2024
NAME:태평족@외식,태평족,0.0,평가 대상 아님,,,이번 공시의 가맹점 수가 0이거나 비어 있어 평가하지 않았습니다.,2024
NAME:테쿠루@외식,테쿠루,0.0,평가 대상 아님,,,이번 공시의 가맹점 수가 0이거나 비어 있어 평가하지 않았습니다.,2024
NAME:통통한오징어@외식,통통한오징어,0.0,평가 대상 아님,,,이번 공시의 가맹점 수가 0이거나 비어 있어 평가하지 않았습니다.,2024
NAME:티카페차센@외식,티카페차센,0.0,평가 대상 아님,,,이번 공시의 가맹점 수가 0이거나 비어 있어 평가하지 않았습니다.,2024
NAME:팔담순대@외식,팔담순대,0.0,평가 대상 아님,,,이번 공시의 가맹점 수가 0이거나 비어 있어 평가하지 않았습니다.,2024
NAME:포차노포@외식,포차노포,0.0,평가 대상 아님,,,이번 공시의 가맹점 수가 0이거나 비어 있어 평가하지 않았습니다.,2024
NAME:포차매니아@외식,포차매니아,0.0,평가 대상 아님,,,이번 공시의 가맹점 수가 0이거나 비어 있어 평가하지 않았습니다.,2024
NAME:푸쉬커피@외식,푸쉬커피,0.0,평가 대상 아님,,,이번 공시의 가맹점 수가 0이거나 비어 있어 평가하지 않았습니다.,2024
NAME:풋팅스타클럽5futtingstarclub5@외식,풋팅스타클럽5(futting star club 5),0.0,평가 대상 아님,,,이번 공시의 가맹점 수가 0이거나 비어 있어 평가하지 않았습니다.,2024
NAME:프레시부리또freshburritos@외식,프레시부리또 (FRESH BURRITOS),0.0,평가 대상 아님,,,이번 공시의 가맹점 수가 0이거나 비어 있어 평가하지 않았습니다.,2024
NAME:프윅커피@외식,프윅커피,0.0,평가 대상 아님,,,이번 공시의 가맹점 수가 0이거나 비어 있어 평가하지 않았습니다.,2024
NAME:피맥당@외식,피맥당,0.0,평가 대상 아님,,,이번 공시의 가맹점 수가 0이거나 비어 있어 평가하지 않았습니다.,2024
NAME:피자아니고치킨이다@외식,피자아니고 치킨이다,0.0,평가 대상 아님,,,이번 공시의 가맹점 수가 0이거나 비어 있어 평가하지 않았습니다.,2024
NAME:픽베이크pickbake@외식,픽베이크(PICK BAKE),0.0,평가 대상 아님,,,이번 공시의 가맹점 수가 0이거나 비어 있어 평가하지 않았습니다.,2024
NAME:하라식당@외식,하라식당,0.0,평가 대상 아님,,,이번 공시의 가맹점 수가 0이거나 비어 있어 평가하지 않았습니다.,2024
NAME:학교앞옛날떡볶이@외식,학교앞옛날떡볶이,0.0,평가 대상 아님,,,이번 공시의 가맹점 수가 0이거나 비어 있어 평가하지 않았습니다.,2024
NAME:한우방자로스@외식,한우방자로스,0.0,평가 대상 아님,,,이번 공시의 가맹점 수가 0이거나 비어 있어 평가하지 않았습니다.,2024
NAME:한입만타코야끼@외식,한입만타코야끼,0.0,평가 대상 아님,,,이번 공시의 가맹점 수가 0이거나 비어 있어 평가하지 않았습니다.,2024
NAME:한접시포차@외식,한접시포차,0.0,평가 대상 아님,,,이번 공시의 가맹점 수가 0이거나 비어 있어 평가하지 않았습니다.,2024
NAME:한정판@외식,한정판,0.0,평가 대상 아님,,,이번 공시의 가맹점 수가 0이거나 비어 있어 평가하지 않았습니다.,2024
NAME:해장대장얼큰뼈다구@외식,해장대장얼큰뼈다구,0.0,평가 대상 아님,,,이번 공시의 가맹점 수가 0이거나 비어 있어 평가하지 않았습니다.,2024
NAME:호보스피자@외식,호보스 피자,0.0,평가 대상 아님,,,이번 공시의 가맹점 수가 0이거나 비어 있어 평가하지 않았습니다.,2024
NAME:홈치킨@외식,홈치킨,0.0,평가 대상 아님,,,이번 공시의 가맹점 수가 0이거나 비어 있어 평가하지 않았습니다.,2024
NAME:홍닭백닭5파이브@외식,홍닭백닭5파이브,0.0,평가 대상 아님,,,이번 공시의 가맹점 수가 0이거나 비어 있어 평가하지 않았습니다.,2024
NAME:홍칼라소갈비찜@외식,홍칼라소갈비찜,0.0,평가 대상 아님,,,이번 공시의 가맹점 수가 0이거나 비어 있어 평가하지 않았습니다.,2024
NAME:활력소갈비탕죽@외식,활력소갈비탕&죽,0.0,평가 대상 아님,,,이번 공시의 가맹점 수가 0이거나 비어 있어 평가하지 않았습니다.,2024
NAME:히야꾸@외식,히야꾸,0.0,평가 대상 아님,,,이번 공시의 가맹점 수가 0이거나 비어 있어 평가하지 않았습니다.,2024
BRD_20080100066,스무디킹(SMOOTHIEKING),,평가 대상 아님,,,이번 공시의 가맹점 수가 0이거나 비어 있어 평가하지 않았습니다.,2024
BRD_20080100419,꾸꾸루꾸유진바베큐치킨,,평가 대상 아님,,,이번 공시의 가맹점 수가 0이거나 비어 있어 평가하지 않았습니다.,2024
BRD_20080300046,통뼈감자탕,,평가 대상 아님,,,이번 공시의 가맹점 수가 0이거나 비어 있어 평가하지 않았습니다.,2024
BRD_20090100208,태기산더덕순대,,평가 대상 아님,,,이번 공시의 가맹점 수가 0이거나 비어 있어 평가하지 않았습니다.,2024
BRD_20110400004,대동국수,,평가 대상 아님,,,이번 공시의 가맹점 수가 0이거나 비어 있어 평가하지 않았습니다.,2024
BRD_20130115,최군맥주,,평가 대상 아님,,,이번 공시의 가맹점 수가 0이거나 비어 있어 평가하지 않았습니다.,2024
BRD_20130407,피자1번가,,평가 대상 아님,,,이번 공시의 가맹점 수가 0이거나 비어 있어 평가하지 않았습니다.,2024
BRD_20140502,곱창고,,평가 대상 아님,,,이번 공시의 가맹점 수가 0이거나 비어 있어 평가하지 않았습니다.,2024
BRD_20160757,모던통닭,,평가 대상 아님,,,이번 공시의 가맹점 수가 0이거나 비어 있어 평가하지 않았습니다.,2024
BRD_20170500,오닭꼬치,,평가 대상 아님,,,이번 공시의 가맹점 수가 0이거나 비어 있어 평가하지 않았습니다.,2024
BRD_20171124,핵떡,,평가 대상 아님,,,이번 공시의 가맹점 수가 0이거나 비어 있어 평가하지 않았습니다.,2024
BRD_20171366,따숩,,평가 대상 아님,,,이번 공시의 가맹점 수가 0이거나 비어 있어 평가하지 않았습니다.,2024
BRD_20180251,숯양두마리치킨,,평가 대상 아님,,,이번 공시의 가맹점 수가 0이거나 비어 있어 평가하지 않았습니다.,2024
BRD_20181259,통큰두마리찜닭,,평가 대상 아님,,,이번 공시의 가맹점 수가 0이거나 비어 있어 평가하지 않았습니다.,2024
BRD_20190203,바베큐덕삼이&화끈한닭발러,,평가 대상 아님,,,이번 공시의 가맹점 수가 0이거나 비어 있어 평가하지 않았습니다.,2024
BRD_20190249,아임일리터,,평가 대상 아님,,,이번 공시의 가맹점 수가 0이거나 비어 있어 평가하지 않았습니다.,2024
BRD_20191040,온누리커피,,평가 대상 아님,,,이번 공시의 가맹점 수가 0이거나 비어 있어 평가하지 않았습니다.,2024
BRD_20200113,청해찜탕,,평가 대상 아님,,,이번 공시의 가맹점 수가 0이거나 비어 있어 평가하지 않았습니다.,2024
BRD_20200501,봉천동 진순자 김밥,,평가 대상 아님,,,이번 공시의 가맹점 수가 0이거나 비어 있어 평가하지 않았습니다.,2024
BRD_20200837,금커피별빙수,,평가 대상 아님,,,이번 공시의 가맹점 수가 0이거나 비어 있어 평가하지 않았습니다.,2024
BRD_20200931,달리는 려석들,,평가 대상 아님,,,이번 공시의 가맹점 수가 0이거나 비어 있어 평가하지 않았습니다.,2024
BRD_20200968,수원왕갈비통닭,,평가 대상 아님,,,이번 공시의 가맹점 수가 0이거나 비어 있어 평가하지 않았습니다.,2024
BRD_20201467,426플랫피자,,평가 대상 아님,,,이번 공시의 가맹점 수가 0이거나 비어 있어 평가하지 않았습니다.,2024
BRD_20201849,갓츠킹,,평가 대상 아님,,,이번 공시의 가맹점 수가 0이거나 비어 있어 평가하지 않았습니다.,2024
BRD_20201870,닥치고 푸드,,평가 대상 아님,,,이번 공시의 가맹점 수가 0이거나 비어 있어 평가하지 않았습니다.,2024
BRD_20210637,불닭발의신,,평가 대상 아님,,,이번 공시의 가맹점 수가 0이거나 비어 있어 평가하지 않았습니다.,2024
BRD_20210719,카우보이,,평가 대상 아님,,,이번 공시의 가맹점 수가 0이거나 비어 있어 평가하지 않았습니다.,2024
BRD_20211029,블랙로제,,평가 대상 아님,,,이번 공시의 가맹점 수가 0이거나 비어 있어 평가하지 않았습니다.,2024
BRD_20211382,1981미나리동태탕,,평가 대상 아님,,,이번 공시의 가맹점 수가 0이거나 비어 있어 평가하지 않았습니다.,2024
BRD_20211497,메가샵크로플,,평가 대상 아님,,,이번 공시의 가맹점 수가 0이거나 비어 있어 평가하지 않았습니다.,2024
BRD_20212061,온누리피자,,평가 대상 아님,,,이번 공시의 가맹점 수가 0이거나 비어 있어 평가하지 않았습니다.,2024
BRD_20212721,990한줄愛김밥,,평가 대상 아님,,,이번 공시의 가맹점 수가 0이거나 비어 있어 평가하지 않았습니다.,2024
BRD_20213094,치킨갱스터,,평가 대상 아님,,,이번 공시의 가맹점 수가 0이거나 비어 있어 평가하지 않았습니다.,2024
BRD_20213518,부산낙곱새회관,,평가 대상 아님,,,이번 공시의 가맹점 수가 0이거나 비어 있어 평가하지 않았습니다.,2024
BRD_20213833,막가대표,,평가 대상 아님,,,이번 공시의 가맹점 수가 0이거나 비어 있어 평가하지 않았습니다.,2024
BRD_20214853,도복희상회,,평가 대상 아님,,,이번 공시의 가맹점 수가 0이거나 비어 있어 평가하지 않았습니다.,2024
BRD_20215073,설요빙,,평가 대상 아님,,,이번 공시의 가맹점 수가 0이거나 비어 있어 평가하지 않았습니다.,2024
BRD_20215078,도톰카츠,,평가 대상 아님,,,이번 공시의 가맹점 수가 0이거나 비어 있어 평가하지 않았습니다.,2024
BRD_20220329,신깡통뒷고기,,평가 대상 아님,,,이번 공시의 가맹점 수가 0이거나 비어 있어 평가하지 않았습니다.,2024
BRD_20220749,킹덮,,평가 대상 아님,,,이번 공시의 가맹점 수가 0이거나 비어 있어 평가하지 않았습니다.,2024
BRD_20221248,독립문감자탕,,평가 대상 아님,,,이번 공시의 가맹점 수가 0이거나 비어 있어 평가하지 않았습니다.,2024
BRD_20221306,쌈마이대패,,평가 대상 아님,,,이번 공시의 가맹점 수가 0이거나 비어 있어 평가하지 않았습니다.,2024
BRD_20230137,요거트 더 리치,,평가 대상 아님,,,이번 공시의 가맹점 수가 0이거나 비어 있어 평가하지 않았습니다.,2024
BRD_20230468,소림사,,평가 대상 아님,,,이번 공시의 가맹점 수가 0이거나 비어 있어 평가하지 않았습니다.,2024
BRD_20230574,한식이요,,평가 대상 아님,,,이번 공시의 가맹점 수가 0이거나 비어 있어 평가하지 않았습니다.,2024
BRD_20230690,김치로 우주정복 김우정,,평가 대상 아님,,,이번 공시의 가맹점 수가 0이거나 비어 있어 평가하지 않았습니다.,2024
BRD_20231041,황제탕후루,,평가 대상 아님,,,이번 공시의 가맹점 수가 0이거나 비어 있어 평가하지 않았습니다.,2024
NAME:박은자맛사랑@외식,박은자맛사랑,,평가 대상 아님,,,이번 공시의 가맹점 수가 0이거나 비어 있어 평가하지 않았습니다.,2024
