brand_id,year,brand_name,industry_mid,n_stores,grade,risk_grade,deterioration_step,deterioration_1y,brand_state,n_events_at_t,basis
BRD_20080100014,2022,이디야커피,커피,3005.0,FS1,Low,0.01158138161683619,0.009709175288844614,건전,0,모형 선택 연도 — 조기종료가 이 해 라벨을 봤다
BRD_20080100031,2022,강정이기가막혀,치킨,11.0,FS3,High,0.17833399980005998,0.16907835982538566,건전,0,모형 선택 연도 — 조기종료가 이 해 라벨을 봤다
BRD_20080100033,2022,피자에땅,피자,184.0,FS1,Low,0.01158138161683619,0.010560178165204423,건전,0,모형 선택 연도 — 조기종료가 이 해 라벨을 봤다
BRD_20080100034,2022,오븐에빠진닭,치킨,70.0,FS1,Low,0.040134190898509337,0.042895511124338974,건전,0,모형 선택 연도 — 조기종료가 이 해 라벨을 봤다
BRD_20080100039,2022,뚜레쥬르,제과제빵,1302.0,FS1,Low,0.01158138161683619,0.014815192547003468,건전,0,모형 선택 연도 — 조기종료가 이 해 라벨을 봤다
BRD_20080100047,2022,놀부보쌈족발,한식,134.0,FS1,Low,0.03234585180001555,0.035156426344254615,요주의,1,모형 선택 연도 — 조기종료가 이 해 라벨을 봤다
BRD_20080100048,2022,놀부부대찌개,한식,246.0,FS1,Low,0.03234585180001555,0.030415698197345336,건전,0,모형 선택 연도 — 조기종료가 이 해 라벨을 봤다
BRD_20080100052,2022,치킨마루,치킨,208.0,FS2,Medium,0.10584324702589222,0.10615679871545676,건전,0,모형 선택 연도 — 조기종료가 이 해 라벨을 봤다
BRD_20080100055,2022,본스치킨,치킨,110.0,FS2,Medium,0.12358443004732989,0.11819470355980453,건전,0,모형 선택 연도 — 조기종료가 이 해 라벨을 봤다
BRD_20080100059,2022,생생돈까스,분식,55.0,FS2,Medium,0.12358443004732989,0.12785129684995414,건전,0,모형 선택 연도 — 조기종료가 이 해 라벨을 봤다
BRD_20080100066,2022,스무디킹(SMOOTHIEKING),음료 (커피 외),260.0,FS1,Low,0.040134190898509337,0.03878893232695133,건전,0,모형 선택 연도 — 조기종료가 이 해 라벨을 봤다
BRD_20080100076,2022,파파존스피자,피자,226.0,FS1,Low,0.03234585180001555,0.032108815392670076,건전,0,모형 선택 연도 — 조기종료가 이 해 라벨을 봤다
BRD_20080100077,2022,맛깔참죽,한식,95.0,FS1,Low,0.040134190898509337,0.036948052176398245,요주의,1,모형 선택 연도 — 조기종료가 이 해 라벨을 봤다
BRD_20080100087,2022,김밥천국,분식,289.0,FS1,Low,0.01158138161683619,0.020772212681522136,건전,0,모형 선택 연도 — 조기종료가 이 해 라벨을 봤다
BRD_20080100092,2022,엘리팝,주점,49.0,FS2,Medium,0.10584324702589222,0.10734829513580188,건전,0,모형 선택 연도 — 조기종료가 이 해 라벨을 봤다
BRD_20080100099,2022,피쉬앤그릴too,주점,0.0,FS2,Medium,0.12358443004732989,0.12201242648846833,평가불가,0,모형 선택 연도 — 조기종료가 이 해 라벨을 봤다
BRD_20080100101,2022,코바코,기타 외식,159.0,FS1,Low,0.01158138161683619,0.0066455649339492995,건전,0,모형 선택 연도 — 조기종료가 이 해 라벨을 봤다
BRD_20080100109,2022,김가네,기타 외식,448.0,FS1,Low,0.01158138161683619,0.008177370111396956,건전,0,모형 선택 연도 — 조기종료가 이 해 라벨을 봤다
BRD_20080100111,2022,채선당,한식,149.0,FS1,Low,0.03234585180001555,0.03258288820736101,건전,0,모형 선택 연도 — 조기종료가 이 해 라벨을 봤다
BRD_20080100117,2022,구이가,기타 외식,13.0,FS2,Medium,0.10584324702589222,0.11236512216883397,건전,0,모형 선택 연도 — 조기종료가 이 해 라벨을 봤다
BRD_20080100125,2022,청진동해장국,한식,30.0,FS2,Medium,0.09066734525097016,0.09704122399643744,건전,0,모형 선택 연도 — 조기종료가 이 해 라벨을 봤다
BRD_20080100138,2022,죠샌드위치,패스트푸드,69.0,FS1,Low,0.040134190898509337,0.03999258473308219,요주의,1,모형 선택 연도 — 조기종료가 이 해 라벨을 봤다
BRD_20080100159,2022,도미노피자,피자,369.0,FS1,Low,0.01158138161683619,0.004092556304869871,건전,0,모형 선택 연도 — 조기종료가 이 해 라벨을 봤다
BRD_20080100162,2022,기소야,일식,30.0,FS1,Low,0.03234585180001555,0.03563049915894554,건전,0,모형 선택 연도 — 조기종료가 이 해 라벨을 봤다
BRD_20080100172,2022,둘둘치킨,치킨,85.0,FS1,Low,0.040134190898509337,0.03963856931951429,건전,0,모형 선택 연도 — 조기종료가 이 해 라벨을 봤다
BRD_20080100180,2022,또래오래,치킨,563.0,FS1,Low,0.01158138161683619,0.01770860232662682,건전,0,모형 선택 연도 — 조기종료가 이 해 라벨을 봤다
BRD_20080100190,2022,피자스쿨,피자,610.0,FS1,Low,0.01158138161683619,0.012772785643739926,건전,0,모형 선택 연도 — 조기종료가 이 해 라벨을 봤다
BRD_20080100201,2022,간이역,주점,383.0,FS1,Low,0.01158138161683619,0.016176797149179162,건전,0,모형 선택 연도 — 조기종료가 이 해 라벨을 봤다
BRD_20080100207,2022,백종원의원조쌈밥집,한식,16.0,FS2,Medium,0.12358443004732989,0.11999127905564633,요주의,1,모형 선택 연도 — 조기종료가 이 해 라벨을 봤다
BRD_20080100208,2022,새마을식당,한식,109.0,FS1,Low,0.01158138161683619,0.00494355918122968,건전,0,모형 선택 연도 — 조기종료가 이 해 라벨을 봤다
BRD_20080100209,2022,본가,한식,25.0,FS2,Medium,0.12358443004732989,0.120664994866587,건전,0,모형 선택 연도 — 조기종료가 이 해 라벨을 봤다
BRD_20080100210,2022,홍콩반점0410,중식,278.0,FS1,Low,0.01158138161683619,0.017027800025538973,건전,0,모형 선택 연도 — 조기종료가 이 해 라벨을 봤다
BRD_20080100233,2022,용우동,분식,182.0,FS1,Low,0.01158138161683619,0.01124098046629227,건전,0,모형 선택 연도 — 조기종료가 이 해 라벨을 봤다
BRD_20080100239,2022,틈새라면,분식,51.0,FS2,Medium,0.10584324702589222,0.11311764622378878,건전,0,모형 선택 연도 — 조기종료가 이 해 라벨을 봤다
BRD_20080100243,2022,본죽,한식,748.0,FS2,Medium,0.10584324702589222,0.10095184066868595,건전,0,모형 선택 연도 — 조기종료가 이 해 라벨을 봤다
BRD_20080100257,2022,더카페,커피,167.0,FS1,Low,0.03234585180001555,0.035901397910197495,건전,0,모형 선택 연도 — 조기종료가 이 해 라벨을 봤다
BRD_20080100259,2022,돈치킨,치킨,175.0,FS1,Low,0.040134190898509337,0.04006338781579577,건전,0,모형 선택 연도 — 조기종료가 이 해 라벨을 봤다
BRD_20080100261,2022,훌랄라,치킨,236.0,FS2,Medium,0.10584324702589222,0.11060923270727273,건전,0,모형 선택 연도 — 조기종료가 이 해 라벨을 봤다
BRD_20080100272,2022,송주불냉면앤칼국수,한식,73.0,FS2,Medium,0.12358443004732989,0.1225738563309189,요주의,1,모형 선택 연도 — 조기종료가 이 해 라벨을 봤다
BRD_20080100287,2022,퀴즈노스서브,패스트푸드,85.0,FS1,Low,0.040134190898509337,0.03751447683810689,건전,0,모형 선택 연도 — 조기종료가 이 해 라벨을 봤다
BRD_20080100308,2022,한솥,한식,767.0,FS1,Low,0.01158138161683619,0.0018799488263343666,건전,0,모형 선택 연도 — 조기종료가 이 해 라벨을 봤다
BRD_20080100313,2022,베스트빈,커피,19.0,FS3,High,0.2689750767077569,0.276325096278157,요주의,1,모형 선택 연도 — 조기종료가 이 해 라벨을 봤다
BRD_20080100315,2022,다빈치커피,커피,9.0,FS1,Low,0.040134190898509337,0.036735642928257504,건전,0,모형 선택 연도 — 조기종료가 이 해 라벨을 봤다
BRD_20080100317,2022,준코노래타운,주점,46.0,FS2,Medium,0.10584324702589222,0.1086652122319728,건전,0,모형 선택 연도 — 조기종료가 이 해 라벨을 봤다
BRD_20080100324,2022,북창동순두부,한식,64.0,FS1,Low,0.01158138161683619,0.011751582192108156,건전,0,모형 선택 연도 — 조기종료가 이 해 라벨을 봤다
BRD_20080100328,2022,죽이야기,한식,367.0,FS1,Low,0.03234585180001555,0.03305696102205193,요주의,1,모형 선택 연도 — 조기종료가 이 해 라벨을 봤다
BRD_20080100342,2022,피자빙고,피자,42.0,FS2,Medium,0.15982271985071145,0.15230931798891695,건전,0,모형 선택 연도 — 조기종료가 이 해 라벨을 봤다
BRD_20080100371,2022,하코야,일식,16.0,FS2,Medium,0.10584324702589222,0.11048381203144693,건전,0,모형 선택 연도 — 조기종료가 이 해 라벨을 봤다
BRD_20080100373,2022,탐앤탐스커피(TOMNTOMS COFFEE),커피,293.0,FS1,Low,0.040134190898509337,0.03949696315408713,건전,0,모형 선택 연도 — 조기종료가 이 해 라벨을 봤다
BRD_20080100375,2022,미스터피자,피자,183.0,FS1,Low,0.03234585180001555,0.03603684728582348,건전,0,모형 선택 연도 — 조기종료가 이 해 라벨을 봤다
BRD_20080100393,2022,치킨뱅이,치킨,42.0,FS2,Medium,0.10584324702589222,0.09963492357251504,건전,0,모형 선택 연도 — 조기종료가 이 해 라벨을 봤다
BRD_20080100396,2022,JBD 본 종로빈대떡,한식,27.0,FS2,Medium,0.10584324702589222,0.10948044662484051,건전,0,모형 선택 연도 — 조기종료가 이 해 라벨을 봤다
BRD_20080100397,2022,피자헛,피자,328.0,FS1,Low,0.01158138161683619,0.005624361482317528,평가불가,0,모형 선택 연도 — 조기종료가 이 해 라벨을 봤다
BRD_20080100412,2022,피자와치킨의러브레터,피자,71.0,FS3,High,0.32679523066157073,0.29788515368466384,건전,0,모형 선택 연도 — 조기종료가 이 해 라벨을 봤다
BRD_20080100430,2022,미소야,일식,198.0,FS1,Low,0.01158138161683619,0.0023905505521502526,건전,0,모형 선택 연도 — 조기종료가 이 해 라벨을 봤다
BRD_20080100445,2022,목우촌웰빙마을,기타 외식,42.0,FS1,Low,0.01158138161683619,0.0076667683855810706,요주의,1,모형 선택 연도 — 조기종료가 이 해 라벨을 봤다
BRD_20080100446,2022,한스델리,기타 외식,51.0,FS2,Medium,0.10584324702589222,0.10941773628692761,건전,0,모형 선택 연도 — 조기종료가 이 해 라벨을 봤다
BRD_20080100455,2022,뽕잎사랑샤브칼국수보쌈냉면,기타 외식,27.0,FS1,Low,0.01158138161683619,0.018219204052442706,건전,0,모형 선택 연도 — 조기종료가 이 해 라벨을 봤다
BRD_20080100473,2022,스테프핫도그(STEFF HOTDOG),패스트푸드,49.0,FS2,Medium,0.12358443004732989,0.1253810055431717,건전,0,모형 선택 연도 — 조기종료가 이 해 라벨을 봤다
BRD_20080100482,2022,토프레소,커피,159.0,FS2,Medium,0.12358443004732989,0.12830044072391458,건전,0,모형 선택 연도 — 조기종료가 이 해 라벨을 봤다
BRD_20080100487,2022,부어치킨,치킨,251.0,FS2,Medium,0.10584324702589222,0.10741100547371478,건전,0,모형 선택 연도 — 조기종료가 이 해 라벨을 봤다
BRD_20080100545,2022,치킨매니아,치킨,163.0,FS2,Medium,0.12358443004732989,0.1207772808350771,건전,0,모형 선택 연도 — 조기종료가 이 해 라벨을 봤다
BRD_20080100570,2022,쌈촌,기타 외국식,37.0,FS3,High,0.32679523066157073,0.3214005273022437,건전,0,모형 선택 연도 — 조기종료가 이 해 라벨을 봤다
BRD_20080100607,2022,700비어,주점,35.0,FS2,Medium,0.09066734525097016,0.08490050257649978,건전,0,모형 선택 연도 — 조기종료가 이 해 라벨을 봤다
BRD_20080100635,2022,요거프레소,커피,439.0,FS2,Medium,0.10584324702589222,0.11111091541057594,요주의,1,모형 선택 연도 — 조기종료가 이 해 라벨을 봤다
BRD_20080100646,2022,앤티앤스,제과제빵,220.0,FS1,Low,0.03234585180001555,0.029196653816711524,평가불가,0,모형 선택 연도 — 조기종료가 이 해 라벨을 봤다
BRD_20080100650,2022,올떡,분식,75.0,FS2,Medium,0.10584324702589222,0.10690932277041157,건전,0,모형 선택 연도 — 조기종료가 이 해 라벨을 봤다
BRD_20080100655,2022,비에이치씨(BHC),치킨,1991.0,FS1,Low,0.01158138161683619,0.004262756880141833,건전,0,모형 선택 연도 — 조기종료가 이 해 라벨을 봤다
BRD_20080100666,2022,석봉토스트,패스트푸드,51.0,FS3,High,0.17833399980005998,0.17833399980005996,요주의,2,모형 선택 연도 — 조기종료가 이 해 라벨을 봤다
BRD_20080100675,2022,호밀호두,제과제빵,54.0,FS1,Low,0.01158138161683619,0.02060201210625017,건전,0,모형 선택 연도 — 조기종료가 이 해 라벨을 봤다
BRD_20080100676,2022,원당감자탕,기타 외식,25.0,FS2,Medium,0.12358443004732989,0.12392128795280023,건전,0,모형 선택 연도 — 조기종료가 이 해 라벨을 봤다
BRD_20080100717,2022,버무리떡볶이,분식,72.0,FS1,Low,0.03234585180001555,0.032311989456109046,건전,0,모형 선택 연도 — 조기종료가 이 해 라벨을 봤다
BRD_20080100734,2022,궁채,한식,20.0,FS2,Medium,0.10584324702589222,0.10910418459736311,건전,0,모형 선택 연도 — 조기종료가 이 해 라벨을 봤다
BRD_20080100738,2022,엉터리생고기,기타 외식,25.0,FS2,Medium,0.10584324702589222,0.1028958611439859,요주의,1,모형 선택 연도 — 조기종료가 이 해 라벨을 봤다
BRD_20080100739,2022,피자마루,피자,571.0,FS1,Low,0.01158138161683619,0.010219777014660498,건전,0,모형 선택 연도 — 조기종료가 이 해 라벨을 봤다
BRD_20080200002,2022,두리아,치킨,25.0,FS1,Low,0.040134190898509337,0.041337843304640215,건전,0,모형 선택 연도 — 조기종료가 이 해 라벨을 봤다
BRD_20080200005,2022,호아빈,기타 외국식,24.0,FS2,Medium,0.10584324702589222,0.10458904026763423,건전,0,모형 선택 연도 — 조기종료가 이 해 라벨을 봤다
BRD_20080200008,2022,치어스,주점,73.0,FS2,Medium,0.12358443004732989,0.12403357392129034,건전,0,모형 선택 연도 — 조기종료가 이 해 라벨을 봤다
BRD_20080200019,2022,투다리,주점,1378.0,FS1,Low,0.01158138161683619,0.011581381616836193,건전,0,모형 선택 연도 — 조기종료가 이 해 라벨을 봤다
BRD_20080200030,2022,굽네치킨,치킨,1124.0,FS1,Low,0.01158138161683619,0.003241553428510062,건전,0,모형 선택 연도 — 조기종료가 이 해 라벨을 봤다
BRD_20080200033,2022,조마루감자탕,한식,164.0,FS1,Low,0.01158138161683619,0.0034117540037820245,건전,0,모형 선택 연도 — 조기종료가 이 해 라벨을 봤다
BRD_20080200047,2022,코리안바베큐,치킨,112.0,FS1,Low,0.01158138161683619,0.012942986219011887,건전,0,모형 선택 연도 — 조기종료가 이 해 라벨을 봤다
BRD_20080200049,2022,사바사바치킨앤비어,치킨,0.0,FS2,Medium,0.12358443004732989,0.1235844300473299,요주의,2,모형 선택 연도 — 조기종료가 이 해 라벨을 봤다
BRD_20080200050,2022,참이맛감자탕,한식,72.0,FS2,Medium,0.10584324702589222,0.11067194304518564,요주의,1,모형 선택 연도 — 조기종료가 이 해 라벨을 봤다
BRD_20080200055,2022,명인만두,분식,99.0,FS1,Low,0.040134190898509337,0.04183346488363527,건전,0,모형 선택 연도 — 조기종료가 이 해 라벨을 봤다
BRD_20080200064,2022,파리바게뜨,제과제빵,3419.0,FS1,Low,0.01158138161683619,0.002560751127422215,건전,0,모형 선택 연도 — 조기종료가 이 해 라벨을 봤다
BRD_20080200075,2022,명동칼국수샤브샤브,한식,43.0,FS1,Low,0.01158138161683619,0.01396418967064366,건전,0,모형 선택 연도 — 조기종료가 이 해 라벨을 봤다
BRD_20080200076,2022,빚은,기타 외식,44.0,FS1,Low,0.040134190898509337,0.04225828337991675,요주의,1,모형 선택 연도 — 조기종료가 이 해 라벨을 봤다
BRD_20080200077,2022,방일해장국,한식,66.0,FS1,Low,0.01158138161683619,0.0046031580306857564,건전,0,모형 선택 연도 — 조기종료가 이 해 라벨을 봤다
BRD_20080200079,2022,원조설악추어탕,기타 외식,32.0,FS1,Low,0.03234585180001555,0.03386965727580781,건전,0,모형 선택 연도 — 조기종료가 이 해 라벨을 봤다
BRD_20080200100,2022,배터지는생동까스,일식,90.0,FS2,Medium,0.10584324702589222,0.10088913033077306,건전,0,모형 선택 연도 — 조기종료가 이 해 라벨을 봤다
BRD_20080200103,2022,이바돔감자탕,한식,70.0,FS1,Low,0.03234585180001555,0.03028024882171936,요주의,1,모형 선택 연도 — 조기종료가 이 해 라벨을 봤다
BRD_20080200106,2022,처갓집양념치킨,치킨,1221.0,FS1,Low,0.01158138161683619,0.007326367235037146,건전,0,모형 선택 연도 — 조기종료가 이 해 라벨을 봤다
BRD_20080200109,2022,따삐오,제과제빵,47.0,FS2,Medium,0.09066734525097016,0.09400604364145303,건전,0,모형 선택 연도 — 조기종료가 이 해 라벨을 봤다
BRD_20080200112,2022,씨에프숯불바베큐치킨,치킨,30.0,FS1,Low,0.01158138161683619,0.021623215557881943,건전,0,모형 선택 연도 — 조기종료가 이 해 라벨을 봤다
BRD_20080200128,2022,굽는치킨,치킨,13.0,FS3,High,0.32679523066157073,0.3061846973143979,건전,0,모형 선택 연도 — 조기종료가 이 해 라벨을 봤다
BRD_20080200132,2022,디디치킨(DD치킨),치킨,114.0,FS2,Medium,0.12358443004732989,0.12279842826789912,건전,0,모형 선택 연도 — 조기종료가 이 해 라벨을 봤다
BRD_20080200150,2022,지호한방삼계탕,한식,76.0,FS1,Low,0.03234585180001555,0.030144799446093377,건전,0,모형 선택 연도 — 조기종료가 이 해 라벨을 봤다
BRD_20080200180,2022,남가네설악추어탕,기타 외식,71.0,FS1,Low,0.03234585180001555,0.030957495699849253,건전,0,모형 선택 연도 — 조기종료가 이 해 라벨을 봤다
BRD_20080200181,2022,한모둠,한식,34.0,FS2,Medium,0.10584324702589222,0.09869426850382151,건전,0,모형 선택 연도 — 조기종료가 이 해 라벨을 봤다
BRD_20080200184,2022,하우스홀드,치킨,20.0,FS1,Low,0.03234585180001555,0.02960300194358946,건전,0,모형 선택 연도 — 조기종료가 이 해 라벨을 봤다
BRD_20080200188,2022,쪽갈비전문점 예감,기타 외식,46.0,FS1,Low,0.040134190898509337,0.04190426796634885,건전,0,모형 선택 연도 — 조기종료가 이 해 라벨을 봤다
BRD_20080200222,2022,위드치킨,치킨,20.0,FS2,Medium,0.10584324702589222,0.10245688877859559,요주의,1,모형 선택 연도 — 조기종료가 이 해 라벨을 봤다
BRD_20080200229,2022,신의주찹쌀순대,한식,187.0,FS1,Low,0.01158138161683619,0.013453587944827773,건전,0,모형 선택 연도 — 조기종료가 이 해 라벨을 봤다
BRD_20080200233,2022,송담추어탕,한식,93.0,FS2,Medium,0.10584324702589222,0.10521614364676324,건전,0,모형 선택 연도 — 조기종료가 이 해 라벨을 봤다
BRD_20080200240,2022,뚝배기양평해장국,한식,35.0,FS1,Low,0.01158138161683619,0.007836968960853032,건전,0,모형 선택 연도 — 조기종료가 이 해 라벨을 봤다
BRD_20080200242,2022,청양일초,한식,23.0,FS3,High,0.17833399980005998,0.18268959508225963,건전,0,모형 선택 연도 — 조기종료가 이 해 라벨을 봤다
BRD_20080200262,2022,돌깨마을 맷돌순두부,한식,25.0,FS2,Medium,0.10584324702589222,0.10026202695164405,건전,0,모형 선택 연도 — 조기종료가 이 해 라벨을 봤다
BRD_20080200265,2022,멘무샤,기타 외식,19.0,FS2,Medium,0.10584324702589222,0.10922960527318891,건전,0,모형 선택 연도 — 조기종료가 이 해 라벨을 봤다
BRD_20080200276,2022,맥시칸치킨,치킨,447.0,FS1,Low,0.01158138161683619,0.006985966084493223,건전,0,모형 선택 연도 — 조기종료가 이 해 라벨을 봤다
BRD_20080200283,2022,1인자감자탕,한식,29.0,FS1,Low,0.040134190898509337,0.03645243059740318,건전,0,모형 선택 연도 — 조기종료가 이 해 라벨을 봤다
BRD_20080200287,2022,브레댄코(bread&co.DAILY-NEW),제과제빵,49.0,FS2,Medium,0.12358443004732989,0.1159489841900023,건전,0,모형 선택 연도 — 조기종료가 이 해 라벨을 봤다
BRD_20080200306,2022,망향비빔국수,한식,54.0,FS2,Medium,0.15982271985071145,0.15601157397878665,평가불가,0,모형 선택 연도 — 조기종료가 이 해 라벨을 봤다
BRD_20080300005,2022,장모님치킨,치킨,108.0,FS1,Low,0.040134190898509337,0.03786849225167479,건전,0,모형 선택 연도 — 조기종료가 이 해 라벨을 봤다
BRD_20080300013,2022,지코바양념치킨,치킨,733.0,FS1,Low,0.01158138161683619,0.0030713528532380994,요주의,1,모형 선택 연도 — 조기종료가 이 해 라벨을 봤다
BRD_20080300015,2022,무봤나촌닭,치킨,31.0,FS1,Low,0.01158138161683619,0.021793416133153904,건전,0,모형 선택 연도 — 조기종료가 이 해 라벨을 봤다
BRD_20080300019,2022,티바두마리치킨,치킨,217.0,FS2,Medium,0.10584324702589222,0.11336848757544038,요주의,2,모형 선택 연도 — 조기종료가 이 해 라벨을 봤다
BRD_20080300020,2022,치킨신드롬,치킨,169.0,FS1,Low,0.01158138161683619,0.010900579315748346,건전,0,모형 선택 연도 — 조기종료가 이 해 라벨을 봤다
BRD_20080300031,2022,가얏골감자탕,한식,33.0,FS1,Low,0.040134190898509337,0.039072144657805646,건전,0,모형 선택 연도 — 조기종료가 이 해 라벨을 봤다
BRD_20080300046,2022,통뼈감자탕,한식,74.0,FS1,Low,0.040134190898509337,0.04077141864293157,요주의,1,모형 선택 연도 — 조기종료가 이 해 라벨을 봤다
BRD_20080400001,2022,아주커,치킨,68.0,FS1,Low,0.01158138161683619,0.01209198334265208,건전,0,모형 선택 연도 — 조기종료가 이 해 라벨을 봤다
BRD_20080400017,2022,조선CH.S치킨,치킨,22.0,FS1,Low,0.040134190898509337,0.03793929533438837,건전,0,모형 선택 연도 — 조기종료가 이 해 라벨을 봤다
BRD_20080400023,2022,임실치즈피자,피자,26.0,FS2,Medium,0.10584324702589222,0.09875697884173441,건전,0,모형 선택 연도 — 조기종료가 이 해 라벨을 봤다
BRD_20080400025,2022,다사랑,치킨,96.0,FS1,Low,0.01158138161683619,0.015155593697547392,건전,0,모형 선택 연도 — 조기종료가 이 해 라벨을 봤다
BRD_20080400028,2022,지정환피자,패스트푸드,65.0,FS1,Low,0.01158138161683619,0.01583639599863524,건전,0,모형 선택 연도 — 조기종료가 이 해 라벨을 봤다
BRD_20080400030,2022,임실N치즈피자,피자,54.0,FS2,Medium,0.10584324702589222,0.10979399831440502,건전,0,모형 선택 연도 — 조기종료가 이 해 라벨을 봤다
BRD_20080400035,2022,신포우리만두,분식,106.0,FS1,Low,0.01158138161683619,0.0022203499768782917,건전,0,모형 선택 연도 — 조기종료가 이 해 라벨을 봤다
BRD_20080400039,2022,까투리,주점,221.0,FS1,Low,0.03234585180001555,0.0332601350854909,건전,0,모형 선택 연도 — 조기종료가 이 해 라벨을 봤다
BRD_20080400052,2022,투사랑,주점,53.0,FS1,Low,0.03234585180001555,0.02980617600702843,건전,0,모형 선택 연도 — 조기종료가 이 해 라벨을 봤다
BRD_20080500004,2022,토스트굽는사람들,기타 외식,55.0,FS2,Medium,0.10584324702589222,0.10935502594901471,건전,0,모형 선택 연도 — 조기종료가 이 해 라벨을 봤다
BRD_20080500005,2022,장충동왕족발보쌈,한식,87.0,FS1,Low,0.040134190898509337,0.036664839845543924,요주의,1,모형 선택 연도 — 조기종료가 이 해 라벨을 봤다
BRD_20080500012,2022,5.5닭갈비,한식,54.0,FS2,Medium,0.09066734525097016,0.08672161078949044,건전,0,모형 선택 연도 — 조기종료가 이 해 라벨을 봤다
BRD_20080500015,2022,배스킨라빈스,아이스크림/빙수,1653.0,FS1,Low,0.01158138161683619,0.002730951702694176,요주의,1,모형 선택 연도 — 조기종료가 이 해 라벨을 봤다
BRD_20080500016,2022,던킨/던킨도너츠,제과제빵,633.0,FS1,Low,0.01158138161683619,0.00579456205758949,건전,0,모형 선택 연도 — 조기종료가 이 해 라벨을 봤다
BRD_20080500019,2022,원할머니,한식,323.0,FS1,Low,0.01158138161683619,0.011070779891020307,요주의,1,모형 선택 연도 — 조기종료가 이 해 라벨을 봤다
BRD_20080500020,2022,박가부대,한식,92.0,FS1,Low,0.01158138161683619,0.018049003477170745,건전,0,모형 선택 연도 — 조기종료가 이 해 라벨을 봤다
BRD_20080500029,2022,굴세상,기타 외식,55.0,FS3,High,0.32679523066157073,0.30784460604034475,요주의,1,모형 선택 연도 — 조기종료가 이 해 라벨을 봤다
BRD_20080500030,2022,치킨퐁,치킨,12.0,FS2,Medium,0.12358443004732989,0.12695300910203325,건전,0,모형 선택 연도 — 조기종료가 이 해 라벨을 봤다
BRD_20080500031,2022,이삭토스트,분식,900.0,FS1,Low,0.01158138161683619,0.01038997758993246,건전,0,모형 선택 연도 — 조기종료가 이 해 라벨을 봤다
BRD_20080500035,2022,페리카나,치킨,1056.0,FS1,Low,0.01158138161683619,0.002050149401606329,건전,0,모형 선택 연도 — 조기종료가 이 해 라벨을 봤다
BRD_20080500036,2022,가르텐호프앤레스트,주점,39.0,FS2,Medium,0.10584324702589222,0.10653306074293416,건전,0,모형 선택 연도 — 조기종료가 이 해 라벨을 봤다
BRD_20080500052,2022,병천황토방순대,기타 외식,36.0,FS1,Low,0.01158138161683619,0.020091410380434285,건전,0,모형 선택 연도 — 조기종료가 이 해 라벨을 봤다
BRD_20080500053,2022,노걸대,한식,41.0,FS1,Low,0.03234585180001555,0.029399827880150494,건전,0,모형 선택 연도 — 조기종료가 이 해 라벨을 봤다
BRD_20080600001,2022,신떡,분식,26.0,FS2,Medium,0.10584324702589222,0.09957221323460214,건전,0,모형 선택 연도 — 조기종료가 이 해 라벨을 봤다
BRD_20080600002,2022,교촌치킨,치킨,1365.0,FS1,Low,0.01158138161683619,0.0029011522779661385,건전,0,모형 선택 연도 — 조기종료가 이 해 라벨을 봤다
BRD_20080600010,2022,땅땅치킨,치킨,279.0,FS1,Low,0.01158138161683619,0.012432384493196003,건전,0,모형 선택 연도 — 조기종료가 이 해 라벨을 봤다
BRD_20080600013,2022,종국이두마리치킨,치킨,43.0,FS1,Low,0.03234585180001555,0.03156701789016616,건전,0,모형 선택 연도 — 조기종료가 이 해 라벨을 봤다
BRD_20080600017,2022,계동치킨,치킨,86.0,FS2,Medium,0.10584324702589222,0.10339754384728911,건전,0,모형 선택 연도 — 조기종료가 이 해 라벨을 봤다
BRD_20080600030,2022,핸즈커피 (HANDS COFFEE),커피,80.0,FS1,Low,0.03234585180001555,0.030551147572971317,건전,0,모형 선택 연도 — 조기종료가 이 해 라벨을 봤다
BRD_20090100001,2022,꾼노리,주점,13.0,FS3,High,0.32679523066157073,0.2984384565933128,건전,0,모형 선택 연도 — 조기종료가 이 해 라벨을 봤다
BRD_20090100037,2022,종로김밥,기타 외식,57.0,FS1,Low,0.01158138161683619,0.01838940462771467,건전,0,모형 선택 연도 — 조기종료가 이 해 라벨을 봤다
BRD_20090100067,2022,야들리애,치킨,38.0,FS1,Low,0.03234585180001555,0.030754321636410287,건전,0,모형 선택 연도 — 조기종료가 이 해 라벨을 봤다
BRD_20090100099,2022,신마포갈매기,한식,96.0,FS2,Medium,0.10584324702589222,0.11098549473475014,건전,0,모형 선택 연도 — 조기종료가 이 해 라벨을 봤다
BRD_20090100126,2022,스쿨푸드,분식,77.0,FS1,Low,0.01158138161683619,0.015666195423363276,건전,0,모형 선택 연도 — 조기종료가 이 해 라벨을 봤다
BRD_20090100151,2022,림스치킨,치킨,59.0,FS1,Low,0.040134190898509337,0.038859735409664906,건전,0,모형 선택 연도 — 조기종료가 이 해 라벨을 봤다
BRD_20090100165,2022,홍짜장,중식,94.0,FS1,Low,0.040134190898509337,0.03730206758996615,건전,0,모형 선택 연도 — 조기종료가 이 해 라벨을 봤다
BRD_20090100251,2022,파스쿠찌,커피,494.0,FS1,Low,0.03234585180001555,0.028654856314207607,건전,0,모형 선택 연도 — 조기종료가 이 해 라벨을 봤다
BRD_20090100258,2022,맛데이,치킨,6.0,FS2,Medium,0.10584324702589222,0.10490259195719873,건전,0,모형 선택 연도 — 조기종료가 이 해 라벨을 봤다
BRD_20090100259,2022,육쌈냉면,한식,96.0,FS1,Low,0.01158138161683619,0.014644991971731507,건전,0,모형 선택 연도 — 조기종료가 이 해 라벨을 봤다
BRD_20090100310,2022,서래갈매기,한식,16.0,FS2,Medium,0.12358443004732989,0.12100185277205733,요주의,1,모형 선택 연도 — 조기종료가 이 해 라벨을 봤다
BRD_20090100325,2022,닐리,서양식,21.0,FS1,Low,0.03234585180001555,0.03549504978331956,건전,0,모형 선택 연도 — 조기종료가 이 해 라벨을 봤다
BRD_20090100341,2022,소노야,일식,22.0,FS2,Medium,0.12358443004732989,0.12616700732260247,건전,0,모형 선택 연도 — 조기종료가 이 해 라벨을 봤다
BRD_20090100349,2022,우리집다음에맛있는집양평해장국,기타 외식,106.0,FS1,Low,0.01158138161683619,0.009198573563028726,건전,0,모형 선택 연도 — 조기종료가 이 해 라벨을 봤다
BRD_20090100355,2022,아이러브피자,피자,28.0,FS1,Low,0.03234585180001555,0.028993479753272555,건전,0,모형 선택 연도 — 조기종료가 이 해 라벨을 봤다
BRD_20090100366,2022,돈통마늘보쌈,기타 외식,61.0,FS1,Low,0.040134190898509337,0.03985097856765503,건전,0,모형 선택 연도 — 조기종료가 이 해 라벨을 봤다
BRD_20090100370,2022,토대력,기타 외식,22.0,FS2,Medium,0.12358443004732989,0.12448271779525079,건전,0,모형 선택 연도 — 조기종료가 이 해 라벨을 봤다
BRD_20090100377,2022,코페아커피(COFFEA COFFEE),커피,9.0,FS2,Medium,0.09066734525097016,0.0879356829314842,건전,0,모형 선택 연도 — 조기종료가 이 해 라벨을 봤다
BRD_20090100465,2022,커핀그루나루,커피,9.0,FS2,Medium,0.12358443004732989,0.13077073203069706,요주의,2,모형 선택 연도 — 조기종료가 이 해 라벨을 봤다
BRD_20090100478,2022,한촌설렁탕,한식,129.0,FS1,Low,0.01158138161683619,0.008687971837212842,건전,0,모형 선택 연도 — 조기종료가 이 해 라벨을 봤다
BRD_20090100498,2022,한신포차,한식,129.0,FS1,Low,0.01158138161683619,0.009368774138300688,요주의,1,모형 선택 연도 — 조기종료가 이 해 라벨을 봤다
BRD_20090100499,2022,미정국수0410,분식,27.0,FS1,Low,0.03234585180001555,0.034546904153937706,건전,0,모형 선택 연도 — 조기종료가 이 해 라벨을 봤다
BRD_20090100502,2022,빽다방,커피,1228.0,FS1,Low,0.01158138161683619,0.0035819545790539854,건전,0,모형 선택 연도 — 조기종료가 이 해 라벨을 봤다
BRD_20090100504,2022,아비꼬,기타 외식,94.0,FS2,Medium,0.10584324702589222,0.10220604742694399,요주의,1,모형 선택 연도 — 조기종료가 이 해 라벨을 봤다
BRD_20090100509,2022,뽕뜨락피자,피자,76.0,FS2,Medium,0.15982271985071145,0.15999999999999998,요주의,2,모형 선택 연도 — 조기종료가 이 해 라벨을 봤다
BRD_20090100534,2022,아리스타,커피,19.0,FS3,High,0.32679523066157073,0.33218993402089797,요주의,2,모형 선택 연도 — 조기종료가 이 해 라벨을 봤다
BRD_20090100545,2022,영구스피자,피자,38.0,FS2,Medium,0.15982271985071145,0.15999999999999998,건전,0,모형 선택 연도 — 조기종료가 이 해 라벨을 봤다
BRD_20090100597,2022,만복국수집,주점,83.0,FS1,Low,0.03234585180001555,0.032718337582986985,건전,0,모형 선택 연도 — 조기종료가 이 해 라벨을 봤다
BRD_20090300004,2022,7번가피자,피자,219.0,FS1,Low,0.01158138161683619,0.004432957455413796,건전,0,모형 선택 연도 — 조기종료가 이 해 라벨을 봤다
BRD_20090300032,2022,히노아지,일식,43.0,FS3,High,0.17833399980005998,0.17479507863327273,건전,0,모형 선택 연도 — 조기종료가 이 해 라벨을 봤다
BRD_20090300039,2022,오븐에 꾸운 닭,치킨,120.0,FS1,Low,0.01158138161683619,0.003752155154325948,건전,0,모형 선택 연도 — 조기종료가 이 해 라벨을 봤다
BRD_20090400012,2022,카페일루이스,커피,27.0,FS2,Medium,0.12358443004732989,0.12886187056636514,건전,0,모형 선택 연도 — 조기종료가 이 해 라벨을 봤다
BRD_20090400025,2022,현대옥,한식,148.0,FS1,Low,0.040134190898509337,0.03815170458252911,건전,0,모형 선택 연도 — 조기종료가 이 해 라벨을 봤다
BRD_20090500007,2022,경아두마리치킨,치킨,60.0,FS1,Low,0.040134190898509337,0.043037117289766134,건전,0,모형 선택 연도 — 조기종료가 이 해 라벨을 봤다
BRD_20090600019,2022,커피명가,커피,40.0,FS1,Low,0.01158138161683619,0.019070206928802513,건전,0,모형 선택 연도 — 조기종료가 이 해 라벨을 봤다
BRD_20090600054,2022,봉대박스파게티,서양식,22.0,FS2,Medium,0.10584324702589222,0.11249054284465977,건전,0,모형 선택 연도 — 조기종료가 이 해 라벨을 봤다
BRD_20090600075,2022,파-닭에파무쳐,치킨,17.0,FS2,Medium,0.12358443004732989,0.119654421150176,요주의,1,모형 선택 연도 — 조기종료가 이 해 라벨을 봤다
BRD_20100100030,2022,강정구의 피자생각,피자,36.0,FS2,Medium,0.15982271985071145,0.15999999999999998,요주의,1,모형 선택 연도 — 조기종료가 이 해 라벨을 봤다
BRD_20100100051,2022,공룡고기,기타 외식,7.0,FS2,Medium,0.15982271985071145,0.1527448775171369,요주의,1,모형 선택 연도 — 조기종료가 이 해 라벨을 봤다
BRD_20100100052,2022,붐비어,주점,27.0,FS2,Medium,0.10584324702589222,0.10571782635006645,건전,0,모형 선택 연도 — 조기종료가 이 해 라벨을 봤다
BRD_20100100077,2022,죠스떡볶이,분식,202.0,FS1,Low,0.03234585180001555,0.03366648321236884,건전,0,모형 선택 연도 — 조기종료가 이 해 라벨을 봤다
BRD_20100100136,2022,피자알볼로,피자,310.0,FS1,Low,0.03234585180001555,0.029128929128898536,요주의,1,모형 선택 연도 — 조기종료가 이 해 라벨을 봤다
BRD_20100100175,2022,오가다,음료 (커피 외),40.0,FS3,High,0.32679523066157073,0.3258269505714352,요주의,1,모형 선택 연도 — 조기종료가 이 해 라벨을 봤다
BRD_201001002121,2022,대구반야월막창,기타 외식,111.0,FS1,Low,0.01158138161683619,0.019751009229890364,건전,0,모형 선택 연도 — 조기종료가 이 해 라벨을 봤다
BRD_20100100256,2022,김명자낙지마당,한식,39.0,FS1,Low,0.03234585180001555,0.03380193258799482,건전,0,모형 선택 연도 — 조기종료가 이 해 라벨을 봤다
BRD_20100100309,2022,앗싸곱창,한식,26.0,FS1,Low,0.01158138161683619,0.013793989095371698,건전,0,모형 선택 연도 — 조기종료가 이 해 라벨을 봤다
BRD_20100100377,2022,깐부치킨,치킨,169.0,FS1,Low,0.03234585180001555,0.02987390069484142,평가불가,0,모형 선택 연도 — 조기종료가 이 해 라벨을 봤다
BRD_20100100405,2022,포메인,기타 외식,107.0,FS1,Low,0.01158138161683619,0.013283387369555812,건전,0,모형 선택 연도 — 조기종료가 이 해 라벨을 봤다
BRD_20100100419,2022,오봉도시락,한식,53.0,FS2,Medium,0.10584324702589222,0.11186343946553076,건전,0,모형 선택 연도 — 조기종료가 이 해 라벨을 봤다
BRD_20100100453,2022,토마토김밥,분식,105.0,FS1,Low,0.01158138161683619,0.0011991465252465198,건전,0,모형 선택 연도 — 조기종료가 이 해 라벨을 봤다
BRD_20100100456,2022,알촌,분식,35.0,FS2,Medium,0.09066734525097016,0.09036382721547173,건전,0,모형 선택 연도 — 조기종료가 이 해 라벨을 봤다
BRD_20100100460,2022,피자헤븐,피자,40.0,FS2,Medium,0.15982271985071145,0.15470489539412674,요주의,3,모형 선택 연도 — 조기종료가 이 해 라벨을 봤다
BRD_20100100482,2022,본도시락,한식,435.0,FS1,Low,0.01158138161683619,0.01141118104156423,요주의,1,모형 선택 연도 — 조기종료가 이 해 라벨을 봤다
BRD_20100100504,2022,꼬지사께,주점,99.0,FS3,High,0.17833399980005998,0.1870451903644593,건전,0,모형 선택 연도 — 조기종료가 이 해 라벨을 봤다
BRD_20100100520,2022,국대떡볶이,분식,28.0,FS2,Medium,0.12358443004732989,0.12717758103901347,건전,0,모형 선택 연도 — 조기종료가 이 해 라벨을 봤다
BRD_20100100554,2022,돈까스클럽,서양식,35.0,FS1,Low,0.040134190898509337,0.04367434503418836,건전,0,모형 선택 연도 — 조기종료가 이 해 라벨을 봤다
BRD_20100100575,2022,아그집쭈꾸미,기타 외식,14.0,FS1,Low,0.040134190898509337,0.04261229879348465,건전,0,모형 선택 연도 — 조기종료가 이 해 라벨을 봤다
BRD_20100100603,2022,펀비어킹,주점,349.0,FS2,Medium,0.12358443004732989,0.11606127015849241,건전,0,모형 선택 연도 — 조기종료가 이 해 라벨을 봤다
BRD_20100100628,2022,컬투치킨,치킨,72.0,FS1,Low,0.040134190898509337,0.04381595119961552,건전,0,모형 선택 연도 — 조기종료가 이 해 라벨을 봤다
BRD_20100300022,2022,등뼈家,한식,79.0,FS1,Low,0.040134190898509337,0.03772688608624763,건전,0,모형 선택 연도 — 조기종료가 이 해 라벨을 봤다
BRD_20100300029,2022,돈오락쪽갈비,한식,41.0,FS2,Medium,0.12358443004732989,0.1285250126608948,건전,0,모형 선택 연도 — 조기종료가 이 해 라벨을 봤다
BRD_20100400012,2022,미스터파파임실치즈피자,피자,14.0,FS2,Medium,0.15982271985071145,0.15999999999999998,건전,0,모형 선택 연도 — 조기종료가 이 해 라벨을 봤다
BRD_20100500023,2022,시루향기,한식,34.0,FS2,Medium,0.10584324702589222,0.10421277824015682,건전,0,모형 선택 연도 — 조기종료가 이 해 라벨을 봤다
BRD_20100500033,2022,마시내탕수육짜장,중식,26.0,FS2,Medium,0.15982271985071145,0.15999999999999998,요주의,1,모형 선택 연도 — 조기종료가 이 해 라벨을 봤다
BRD_20100500044,2022,화화돼지왕갈비,기타 외식,51.0,FS2,Medium,0.10584324702589222,0.1032721231714633,건전,0,모형 선택 연도 — 조기종료가 이 해 라벨을 봤다
BRD_20100500056,2022,청주본가,기타 외식,35.0,FS2,Medium,0.10584324702589222,0.11305493588587588,건전,0,모형 선택 연도 — 조기종료가 이 해 라벨을 봤다
BRD_20100600021,2022,닥엔돈스,기타 외식,148.0,FS1,Low,0.03234585180001555,0.0339373819636208,요주의,1,모형 선택 연도 — 조기종료가 이 해 라벨을 봤다
BRD_20100600034,2022,BRD백록담,치킨,17.0,FS2,Medium,0.10584324702589222,0.11324306689961458,건전,0,모형 선택 연도 — 조기종료가 이 해 라벨을 봤다
BRD_20100600048,2022,하늘보리피자,피자,24.0,FS3,High,0.32679523066157073,0.3111644234922384,요주의,1,모형 선택 연도 — 조기종료가 이 해 라벨을 봤다
BRD_20100600055,2022,미쳐버린파닭,치킨,69.0,FS2,Medium,0.10584324702589222,0.10772455716327928,건전,0,모형 선택 연도 — 조기종료가 이 해 라벨을 봤다
BRD_20100600076,2022,남다른감자탕(男다른감子탕),한식,62.0,FS1,Low,0.01158138161683619,0.020942413256794093,건전,0,모형 선택 연도 — 조기종료가 이 해 라벨을 봤다
BRD_20110100042,2022,치르치르,치킨,6.0,FS3,High,0.17833399980005998,0.17615620215896013,요주의,1,모형 선택 연도 — 조기종료가 이 해 라벨을 봤다
BRD_20110100073,2022,라떼킹(Latteking),커피,9.0,FS2,Medium,0.12358443004732989,0.1197667071186661,건전,0,모형 선택 연도 — 조기종료가 이 해 라벨을 봤다
BRD_20110100100,2022,대칠성포차,주점,23.0,FS3,High,0.17833399980005998,0.18051179744115978,건전,0,모형 선택 연도 — 조기종료가 이 해 라벨을 봤다
BRD_20110100125,2022,커피스미스,기타 외식,36.0,FS1,Low,0.040134190898509337,0.03822250766524269,건전,0,모형 선택 연도 — 조기종료가 이 해 라벨을 봤다
BRD_20110100132,2022,치킨678,치킨,34.0,FS3,High,0.32679523066157073,0.3407661291049565,요주의,2,모형 선택 연도 — 조기종료가 이 해 라벨을 봤다
BRD_20110100167,2022,커피홀(coffee hole),커피,13.0,FS3,High,0.32679523066157073,0.2995450624106107,요주의,1,모형 선택 연도 — 조기종료가 이 해 라벨을 봤다
BRD_20110100169,2022,바베큐통족구이,한식,22.0,FS3,High,0.2689750767077569,0.24692501799655664,요주의,1,모형 선택 연도 — 조기종료가 이 해 라벨을 봤다
BRD_20110100215,2022,아마떼,커피,17.0,FS2,Medium,0.12358443004732989,0.1254932915116618,건전,0,모형 선택 연도 — 조기종료가 이 해 라벨을 봤다
BRD_20110100216,2022,사나포차,주점,22.0,FS2,Medium,0.10584324702589222,0.11198886014135656,건전,0,모형 선택 연도 — 조기종료가 이 해 라벨을 봤다
BRD_20110100228,2022,아리가또맘마,기타 외국식,27.0,FS3,High,0.32679523066157073,0.3244436932998129,요주의,1,모형 선택 연도 — 조기종료가 이 해 라벨을 봤다
BRD_20110100237,2022,커피베이,커피,471.0,FS2,Medium,0.10584324702589222,0.11261596352048557,요주의,3,모형 선택 연도 — 조기종료가 이 해 라벨을 봤다
BRD_20110100278,2022,교동전선생,한식,34.0,FS1,Low,0.01158138161683619,0.012262183917924042,요주의,1,모형 선택 연도 — 조기종료가 이 해 라벨을 봤다
BRD_20110100299,2022,THE진국,한식,88.0,FS1,Low,0.01158138161683619,0.009028372987756765,건전,0,모형 선택 연도 — 조기종료가 이 해 라벨을 봤다
BRD_20110100358,2022,미사리밀빛초계국수,한식,25.0,FS2,Medium,0.12358443004732989,0.12133871067752766,건전,0,모형 선택 연도 — 조기종료가 이 해 라벨을 봤다
BRD_20110100362,2022,지지고(GGGO),분식,62.0,FS2,Medium,0.10584324702589222,0.11092278439683724,건전,0,모형 선택 연도 — 조기종료가 이 해 라벨을 봤다
BRD_20110100406,2022,오징어청춘,기타 외식,15.0,FS2,Medium,0.15982271985071145,0.15999999999999998,건전,0,모형 선택 연도 — 조기종료가 이 해 라벨을 봤다
BRD_20110100457,2022,더기발한치킨(The기발한치킨),치킨,12.0,FS2,Medium,0.15982271985071145,0.15339821680946686,요주의,2,모형 선택 연도 — 조기종료가 이 해 라벨을 봤다
BRD_20110100481,2022,꾼떡,분식,15.0,FS2,Medium,0.10584324702589222,0.10019931661373115,건전,0,모형 선택 연도 — 조기종료가 이 해 라벨을 봤다
BRD_20110100484,2022,마루샤브,기타 외식,12.0,FS2,Medium,0.12358443004732989,0.12369671601582001,건전,0,모형 선택 연도 — 조기종료가 이 해 라벨을 봤다
BRD_20110100489,2022,곽만근갈비탕,한식,23.0,FS2,Medium,0.12358443004732989,0.12291071423638923,요주의,1,모형 선택 연도 — 조기종료가 이 해 라벨을 봤다
BRD_20110100490,2022,맛닭꼬,치킨,125.0,FS1,Low,0.03234585180001555,0.031905641329231106,건전,0,모형 선택 연도 — 조기종료가 이 해 라벨을 봤다
BRD_20110100493,2022,라떼떼,커피,12.0,FS3,High,0.32679523066157073,0.2981618051389883,요주의,2,모형 선택 연도 — 조기종료가 이 해 라벨을 봤다
BRD_20110100502,2022,돈가네김치찌개,한식,45.0,FS1,Low,0.040134190898509337,0.04176266180092169,건전,0,모형 선택 연도 — 조기종료가 이 해 라벨을 봤다
BRD_20110100503,2022,불불이족발,기타 외식,17.0,FS2,Medium,0.10584324702589222,0.10822623986658249,건전,0,모형 선택 연도 — 조기종료가 이 해 라벨을 봤다
BRD_20110100524,2022,전설의치킨,치킨,57.0,FS2,Medium,0.10584324702589222,0.10703474344623737,요주의,1,모형 선택 연도 — 조기종료가 이 해 라벨을 봤다
BRD_20110100528,2022,짱닭치킨,치킨,46.0,FS2,Medium,0.10584324702589222,0.10157894404781496,요주의,1,모형 선택 연도 — 조기종료가 이 해 라벨을 봤다
BRD_20110100532,2022,추오정,기타 외식,49.0,FS1,Low,0.03234585180001555,0.031160669763288223,건전,0,모형 선택 연도 — 조기종료가 이 해 라벨을 봤다
BRD_20110100535,2022,홍익돈까스,서양식,93.0,FS1,Low,0.03234585180001555,0.02953527725577647,건전,0,모형 선택 연도 — 조기종료가 이 해 라벨을 봤다
BRD_20110100577,2022,얌샘,분식,9.0,FS1,Low,0.01158138161683619,0.019921209805162324,건전,0,모형 선택 연도 — 조기종료가 이 해 라벨을 봤다
BRD_20110100578,2022,군산오징어,한식,17.0,FS2,Medium,0.10584324702589222,0.10107726134451175,건전,0,모형 선택 연도 — 조기종료가 이 해 라벨을 봤다
BRD_20110100585,2022,폼프리츠,주점,15.0,FS3,High,0.17833399980005998,0.18296181978739712,요주의,1,모형 선택 연도 — 조기종료가 이 해 라벨을 봤다
BRD_20110100589,2022,어처구니없는두릉도원북촌순두부,한식,54.0,FS1,Low,0.040134190898509337,0.04169185871820811,건전,0,모형 선택 연도 — 조기종료가 이 해 라벨을 봤다
BRD_20110100598,2022,바비박스,기타 외식,8.0,FS2,Medium,0.12358443004732989,0.11909299130772542,요주의,2,모형 선택 연도 — 조기종료가 이 해 라벨을 봤다
BRD_20110100603,2022,누구나홀딱반한닭,치킨,227.0,FS1,Low,0.01158138161683619,0.017198000600810934,건전,0,모형 선택 연도 — 조기종료가 이 해 라벨을 봤다
BRD_20110100608,2022,명동칼국수,기타 외식,13.0,FS2,Medium,0.15982271985071145,0.15999999999999998,건전,0,모형 선택 연도 — 조기종료가 이 해 라벨을 봤다
BRD_20110300014,2022,삼겹파티,한식,31.0,FS2,Medium,0.12358443004732989,0.12481957570072112,건전,0,모형 선택 연도 — 조기종료가 이 해 라벨을 봤다
BRD_20110300030,2022,다기야,기타 외식,18.0,FS2,Medium,0.10584324702589222,0.10120268202033757,건전,0,모형 선택 연도 — 조기종료가 이 해 라벨을 봤다
BRD_20110300047,2022,수타피자,피자,38.0,FS3,High,0.32679523066157073,0.3366163572900895,건전,0,모형 선택 연도 — 조기종료가 이 해 라벨을 봤다
BRD_20110300056,2022,몽플,커피,32.0,FS3,High,0.32679523066157073,0.34463924946549906,건전,0,모형 선택 연도 — 조기종료가 이 해 라벨을 봤다
BRD_20110300059|JNG_001050,2022,고봉민김밥人,한식,534.0,FS1,Low,0.040134190898509337,0.037018855259111826,건전,0,모형 선택 연도 — 조기종료가 이 해 라벨을 봤다
BRD_20110300060,2022,원조의령소바,한식,31.0,FS1,Low,0.03234585180001555,0.028858030377646574,건전,0,모형 선택 연도 — 조기종료가 이 해 라벨을 봤다
BRD_20110300071,2022,더만족,한식,22.0,FS2,Medium,0.15982271985071145,0.1592782704404364,건전,0,모형 선택 연도 — 조기종료가 이 해 라벨을 봤다
BRD_20110400001,2022,삼백집,한식,18.0,FS1,Low,0.040134190898509337,0.036523233680116764,건전,0,모형 선택 연도 — 조기종료가 이 해 라벨을 봤다
BRD_20110400004,2022,대동국수,한식,22.0,FS2,Medium,0.09066734525097016,0.09764826006743432,건전,0,모형 선택 연도 — 조기종료가 이 해 라벨을 봤다
BRD_20110500006,2022,"소담애 족발,보쌈",한식,13.0,FS2,Medium,0.15982271985071145,0.15884271091221644,건전,0,모형 선택 연도 — 조기종료가 이 해 라벨을 봤다
BRD_20110500019,2022,진성아구찜,한식,31.0,FS1,Low,0.03234585180001555,0.03502097696862863,건전,0,모형 선택 연도 — 조기종료가 이 해 라벨을 봤다
BRD_20110500023,2022,천안옛날호두과자,제과제빵,26.0,FS1,Low,0.01158138161683619,0.017368201176082898,건전,0,모형 선택 연도 — 조기종료가 이 해 라벨을 봤다
BRD_20110500053,2022,이비가짬뽕,중식,141.0,FS1,Low,0.01158138161683619,0.008858172412484804,건전,0,모형 선택 연도 — 조기종료가 이 해 라벨을 봤다
BRD_20110600008,2022,신전떡볶이,분식,721.0,FS1,Low,0.01158138161683619,0.005113759756501642,건전,0,모형 선택 연도 — 조기종료가 이 해 라벨을 봤다
BRD_20110600010,2022,VFC치킨파티,치킨,21.0,FS3,High,0.32679523066157073,0.3418727349222544,건전,0,모형 선택 연도 — 조기종료가 이 해 라벨을 봤다
BRD_20110600016,2022,달구지막창,기타 외식,28.0,FS2,Medium,0.10584324702589222,0.1037110955368536,건전,0,모형 선택 연도 — 조기종료가 이 해 라벨을 봤다
BRD_20110600022,2022,파스타부오노바,서양식,19.0,FS3,High,0.2689750767077569,0.2802451067157037,건전,0,모형 선택 연도 — 조기종료가 이 해 라벨을 봤다
BRD_20110600026,2022,서가앤쿡,서양식,64.0,FS1,Low,0.01158138161683619,0.021112613832066057,건전,0,모형 선택 연도 — 조기종료가 이 해 라벨을 봤다
BRD_20110600030,2022,신참떡볶이,분식,198.0,FS1,Low,0.040134190898509337,0.037231264507252566,건전,0,모형 선택 연도 — 조기종료가 이 해 라벨을 봤다
BRD_20120100007,2022,담소 소사골 순대 육개장,기타 외식,104.0,FS1,Low,0.01158138161683619,0.0160065965739072,건전,0,모형 선택 연도 — 조기종료가 이 해 라벨을 봤다
BRD_20120100060,2022,생어거스틴,기타 외국식,19.0,FS1,Low,0.040134190898509337,0.04147944947006737,건전,0,모형 선택 연도 — 조기종료가 이 해 라벨을 봤다
BRD_20120100089,2022,바빈스,커피,56.0,FS3,High,0.17833399980005998,0.17452285392813524,요주의,1,모형 선택 연도 — 조기종료가 이 해 라벨을 봤다
BRD_20120100090,2022,홍대돈부리,일식,22.0,FS2,Medium,0.10584324702589222,0.09863155816590861,건전,0,모형 선택 연도 — 조기종료가 이 해 라벨을 봤다
BRD_20120100108,2022,소담치킨,치킨,7.0,FS3,High,0.17833399980005998,0.17561175274868515,건전,0,모형 선택 연도 — 조기종료가 이 해 라벨을 봤다
BRD_20120100157,2022,꿀닭,치킨,10.0,FS3,High,0.32679523066157073,0.3036948342254777,요주의,2,모형 선택 연도 — 조기종료가 이 해 라벨을 봤다
BRD_20120100160,2022,또봉이통닭,치킨,456.0,FS2,Medium,0.09066734525097016,0.09339900757045615,건전,0,모형 선택 연도 — 조기종료가 이 해 라벨을 봤다
BRD_20120100250,2022,육봉달,기타 외식,8.0,FS2,Medium,0.10584324702589222,0.10101455100659885,건전,0,모형 선택 연도 — 조기종료가 이 해 라벨을 봤다
BRD_20120100251,2022,킹콩부대찌개,한식,131.0,FS1,Low,0.01158138161683619,0.015325794272819354,건전,0,모형 선택 연도 — 조기종료가 이 해 라벨을 봤다
BRD_20120100267,2022,육장갈비,기타 외식,45.0,FS3,High,0.17833399980005998,0.18377849390280954,건전,0,모형 선택 연도 — 조기종료가 이 해 라벨을 봤다
BRD_20120100308,2022,원조강영숙봉평메밀촌,기타 외식,17.0,FS3,High,0.2689750767077569,0.28906513020018376,건전,0,모형 선택 연도 — 조기종료가 이 해 라벨을 봤다
BRD_20120100323,2022,손문대구막창갈매기살,한식,20.0,FS2,Medium,0.15982271985071145,0.15056707987603707,건전,0,모형 선택 연도 — 조기종료가 이 해 라벨을 봤다
BRD_20120100339,2022,사쿠사쿠,치킨,30.0,FS1,Low,0.03234585180001555,0.03407283133924678,건전,0,모형 선택 연도 — 조기종료가 이 해 라벨을 봤다
BRD_20120100352,2022,역전우동0410,분식,166.0,FS1,Low,0.01158138161683619,0.01311318679428385,건전,0,모형 선택 연도 — 조기종료가 이 해 라벨을 봤다
BRD_20120100362,2022,북촌손만두,기타 외식,186.0,FS1,Low,0.01158138161683619,0.014304590821187584,건전,0,모형 선택 연도 — 조기종료가 이 해 라벨을 봤다
BRD_20120100375,2022,주커피,커피,17.0,FS3,High,0.2689750767077569,0.2969051510752772,요주의,1,모형 선택 연도 — 조기종료가 이 해 라벨을 봤다
BRD_20120100376,2022,옛날장터치킨,치킨,33.0,FS1,Low,0.040134190898509337,0.04239988954534391,건전,0,모형 선택 연도 — 조기종료가 이 해 라벨을 봤다
BRD_20120100380,2022,홍탕,중식,60.0,FS3,High,0.17833399980005998,0.18622851624904685,요주의,1,모형 선택 연도 — 조기종료가 이 해 라벨을 봤다
BRD_20120100399,2022,디오니스,주점,16.0,FS2,Medium,0.10584324702589222,0.10471446094346003,건전,0,모형 선택 연도 — 조기종료가 이 해 라벨을 봤다
BRD_20120100400,2022,알바트로스,주점,11.0,FS3,High,0.2689750767077569,0.2959251484658905,요주의,1,모형 선택 연도 — 조기종료가 이 해 라벨을 봤다
BRD_20120100422,2022,통파이브,주점,25.0,FS2,Medium,0.10584324702589222,0.1134311979133533,건전,0,모형 선택 연도 — 조기종료가 이 해 라벨을 봤다
BRD_20120100447,2022,카페아이엠티,커피,15.0,FS2,Medium,0.12358443004732989,0.12190014051997822,요주의,1,모형 선택 연도 — 조기종료가 이 해 라벨을 봤다
BRD_20120100504,2022,셀렉토커피,커피,216.0,FS1,Low,0.040134190898509337,0.03836411383066985,건전,0,모형 선택 연도 — 조기종료가 이 해 라벨을 봤다
BRD_20120100525,2022,호치킨,치킨,145.0,FS1,Low,0.03234585180001555,0.03508870165644162,건전,0,모형 선택 연도 — 조기종료가 이 해 라벨을 봤다
BRD_20120100526,2022,공수간,분식,43.0,FS3,High,0.32679523066157073,0.30950451476629154,요주의,2,모형 선택 연도 — 조기종료가 이 해 라벨을 봤다
BRD_20120100560,2022,도스마스,기타 외국식,27.0,FS2,Medium,0.12358443004732989,0.12987244428277617,건전,0,모형 선택 연도 — 조기종료가 이 해 라벨을 봤다
BRD_20120100563,2022,코코샤브,기타 외식,7.0,FS2,Medium,0.15982271985071145,0.15971382996865638,요주의,1,모형 선택 연도 — 조기종료가 이 해 라벨을 봤다
BRD_20120100595,2022,못말리는파닭,치킨,37.0,FS2,Medium,0.12358443004732989,0.13054616009371683,요주의,1,모형 선택 연도 — 조기종료가 이 해 라벨을 봤다
BRD_20120100604,2022,코코호도,제과제빵,184.0,FS1,Low,0.03234585180001555,0.03217654008048307,건전,0,모형 선택 연도 — 조기종료가 이 해 라벨을 봤다
BRD_20120100629,2022,봉이치킨,치킨,54.0,FS2,Medium,0.09066734525097016,0.0952201157834468,요주의,1,모형 선택 연도 — 조기종료가 이 해 라벨을 봤다
BRD_20120100631,2022,경성양꼬치,기타 외국식,28.0,FS1,Low,0.040134190898509337,0.038930538492378486,건전,0,모형 선택 연도 — 조기종료가 이 해 라벨을 봤다
BRD_20120100672,2022,한스(HANS),제과제빵,39.0,FS1,Low,0.01158138161683619,0.010049576439388535,건전,0,모형 선택 연도 — 조기종료가 이 해 라벨을 봤다
BRD_20120300012,2022,더웨이닝커피,커피,43.0,FS1,Low,0.01158138161683619,0.014985393122275429,건전,0,모형 선택 연도 — 조기종료가 이 해 라벨을 봤다
BRD_20120300030,2022,로띠번,제과제빵,88.0,FS1,Low,0.040134190898509337,0.043107920372479715,건전,0,모형 선택 연도 — 조기종료가 이 해 라벨을 봤다
BRD_20120300066,2022,화르화르,치킨,27.0,FS2,Medium,0.09066734525097016,0.0842934665055029,건전,0,모형 선택 연도 — 조기종료가 이 해 라벨을 봤다
BRD_20120300082,2022,압구정 봉구비어,주점,246.0,FS2,Medium,0.10584324702589222,0.10672119175667287,건전,0,모형 선택 연도 — 조기종료가 이 해 라벨을 봤다
BRD_20120300101,2022,칠칠켄터키,치킨,14.0,FS1,Low,0.040134190898509337,0.04374514811690194,건전,0,모형 선택 연도 — 조기종료가 이 해 라벨을 봤다
BRD_20120400012,2022,난타5000피자,피자,105.0,FS1,Low,0.03234585180001555,0.030686596948597294,건전,0,모형 선택 연도 — 조기종료가 이 해 라벨을 봤다
BRD_20120400013,2022,콩샌,기타 외식,25.0,FS3,High,0.2689750767077569,0.26456506496551685,건전,0,모형 선택 연도 — 조기종료가 이 해 라벨을 봤다
BRD_20120500005,2022,디에떼에스프레소,커피,56.0,FS2,Medium,0.12358443004732989,0.12504414763770136,요주의,1,모형 선택 연도 — 조기종료가 이 해 라벨을 봤다
BRD_20120500045,2022,샤브쌈주머니,한식,28.0,FS2,Medium,0.12358443004732989,0.12706529507052336,건전,0,모형 선택 연도 — 조기종료가 이 해 라벨을 봤다
BRD_20120500057,2022,정가대박집,한식,30.0,FS1,Low,0.03234585180001555,0.034682353529563684,건전,0,모형 선택 연도 — 조기종료가 이 해 라벨을 봤다
BRD_20120500068,2022,카페루앤비,커피,55.0,FS3,High,0.32679523066157073,0.30839790894899366,요주의,1,모형 선택 연도 — 조기종료가 이 해 라벨을 봤다
BRD_20120600009,2022,피자스쿨,피자,322.0,FS1,Low,0.040134190898509337,0.03765608300353405,건전,0,모형 선택 연도 — 조기종료가 이 해 라벨을 봤다
BRD_20120600029,2022,빨봉분식,기타 외식,49.0,FS2,Medium,0.10584324702589222,0.10684661243249867,건전,0,모형 선택 연도 — 조기종료가 이 해 라벨을 봤다
BRD_20130012,2022,라라코스트(raracost),기타 외식,95.0,FS1,Low,0.01158138161683619,0.009538974713572651,건전,0,모형 선택 연도 — 조기종료가 이 해 라벨을 봤다
BRD_20130015,2022,아마스빈,커피,164.0,FS1,Low,0.03234585180001555,0.02973845131921544,요주의,1,모형 선택 연도 — 조기종료가 이 해 라벨을 봤다
BRD_20130100004,2022,봉구스밥버거,기타 외식,501.0,FS1,Low,0.040134190898509337,0.04091302480835873,건전,0,모형 선택 연도 — 조기종료가 이 해 라벨을 봤다
BRD_20130100040,2022,스시웨이,일식,16.0,FS3,High,0.32679523066157073,0.3346797971098182,요주의,2,모형 선택 연도 — 조기종료가 이 해 라벨을 봤다
BRD_20130100052,2022,공차,음료 (커피 외),793.0,FS1,Low,0.03234585180001555,0.028722581002020596,건전,0,모형 선택 연도 — 조기종료가 이 해 라벨을 봤다
BRD_20130100056,2022,하남돼지집,한식,161.0,FS1,Low,0.01158138161683619,0.01753840175135486,건전,0,모형 선택 연도 — 조기종료가 이 해 라벨을 봤다
BRD_20130100076,2022,한방전주콩나물국밥,한식,52.0,FS2,Medium,0.10584324702589222,0.10214333708903107,요주의,1,모형 선택 연도 — 조기종료가 이 해 라벨을 봤다
BRD_20130100132,2022,국사랑,한식,42.0,FS2,Medium,0.12358443004732989,0.12998473025126628,평가불가,0,모형 선택 연도 — 조기종료가 이 해 라벨을 봤다
BRD_20130100171,2022,한남동그집,주점,61.0,FS3,High,0.32679523066157073,0.3294234194776533,요주의,1,모형 선택 연도 — 조기종료가 이 해 라벨을 봤다
BRD_20130100180,2022,뉴욕버거,패스트푸드,159.0,FS1,Low,0.040134190898509337,0.03864732616152417,건전,0,모형 선택 연도 — 조기종료가 이 해 라벨을 봤다
BRD_20130100197,2022,맛나감자탕,한식,75.0,FS1,Low,0.03234585180001555,0.030347973509532347,건전,0,모형 선택 연도 — 조기종료가 이 해 라벨을 봤다
BRD_20130100213,2022,무한사케무사,주점,0.0,FS3,High,0.17833399980005998,0.17969512332574736,요주의,1,모형 선택 연도 — 조기종료가 이 해 라벨을 봤다
BRD_20130100223,2022,메콩타이,기타 외국식,30.0,FS1,Low,0.03234585180001555,0.028790305689833585,건전,0,모형 선택 연도 — 조기종료가 이 해 라벨을 봤다
BRD_20130100234,2022,곱창이야기,한식,54.0,FS3,High,0.32679523066157073,0.33246658547522245,건전,0,모형 선택 연도 — 조기종료가 이 해 라벨을 봤다
BRD_20130100244,2022,청담이상,주점,69.0,FS1,Low,0.03234585180001555,0.03624002134926245,건전,0,모형 선택 연도 — 조기종료가 이 해 라벨을 봤다
BRD_20130100263,2022,구이구이쪽갈비,한식,38.0,FS1,Low,0.040134190898509337,0.037160461424538986,건전,0,모형 선택 연도 — 조기종료가 이 해 라벨을 봤다
BRD_20130100283,2022,불닭발땡초동대문엽기떡볶이,기타 외식,541.0,FS1,Low,0.01158138161683619,0.0015395476757904432,건전,0,모형 선택 연도 — 조기종료가 이 해 라벨을 봤다
BRD_20130100291,2022,본가집안동국밥곰탕,한식,30.0,FS1,Low,0.03234585180001555,0.030822046324223275,건전,0,모형 선택 연도 — 조기종료가 이 해 라벨을 봤다
BRD_20130100320,2022,쿡1015,기타 외식,75.0,FS3,High,0.32679523066157073,0.3374463116530629,요주의,1,모형 선택 연도 — 조기종료가 이 해 라벨을 봤다
BRD_20130100350,2022,찰스숯불김밥,분식,8.0,FS3,High,0.17833399980005998,0.1856840668387719,요주의,1,모형 선택 연도 — 조기종료가 이 해 라벨을 봤다
BRD_20130100358,2022,버거킹(Burger King),패스트푸드,125.0,FS1,Low,0.01158138161683619,0.0017097482510624058,건전,0,모형 선택 연도 — 조기종료가 이 해 라벨을 봤다
BRD_20130100376,2022,맛찬들왕소금구이,한식,85.0,FS1,Low,0.03234585180001555,0.03617229666144946,건전,0,모형 선택 연도 — 조기종료가 이 해 라벨을 봤다
BRD_20130100381,2022,알통떡강정,치킨,145.0,FS2,Medium,0.10584324702589222,0.10176707506155368,건전,0,모형 선택 연도 — 조기종료가 이 해 라벨을 봤다
BRD_20130100408,2022,오춘자비어,주점,25.0,FS2,Medium,0.10584324702589222,0.10189249573737948,건전,0,모형 선택 연도 — 조기종료가 이 해 라벨을 봤다
BRD_20130100409,2022,깨순이김밥,기타 외식,20.0,FS2,Medium,0.10584324702589222,0.10164165438572788,건전,0,모형 선택 연도 — 조기종료가 이 해 라벨을 봤다
BRD_20130100417,2022,본초불닭발,치킨,41.0,FS2,Medium,0.15982271985071145,0.15383377633768683,건전,0,모형 선택 연도 — 조기종료가 이 해 라벨을 봤다
BRD_20130100431,2022,그램그램,기타 외식,28.0,FS3,High,0.32679523066157073,0.3028648798625043,요주의,1,모형 선택 연도 — 조기종료가 이 해 라벨을 봤다
BRD_20130100434,2022,일미리금계찜닭,한식,175.0,FS1,Low,0.040134190898509337,0.04070061556021799,요주의,1,모형 선택 연도 — 조기종료가 이 해 라벨을 봤다
BRD_20130100463,2022,킹오브떡볶이,분식,9.0,FS3,High,0.2689750767077569,0.29004513280957045,요주의,2,모형 선택 연도 — 조기종료가 이 해 라벨을 봤다
BRD_20130100465,2022,바푸리,분식,40.0,FS2,Medium,0.12358443004732989,0.12796358281844425,요주의,1,모형 선택 연도 — 조기종료가 이 해 라벨을 봤다
BRD_20130102,2022,소소한일상의별난주점,주점,10.0,FS3,High,0.32679523066157073,0.32665690493440863,요주의,1,모형 선택 연도 — 조기종료가 이 해 라벨을 봤다
BRD_20130123,2022,쌀통닭,치킨,82.0,FS1,Low,0.040134190898509337,0.04048820631207725,건전,0,모형 선택 연도 — 조기종료가 이 해 라벨을 봤다
BRD_20130139,2022,빌리엔젤,커피,30.0,FS2,Medium,0.10584324702589222,0.10082641999286016,요주의,2,모형 선택 연도 — 조기종료가 이 해 라벨을 봤다
BRD_20130176,2022,노랑통닭,치킨,632.0,FS1,Low,0.01158138161683619,0.013623788520099735,건전,0,모형 선택 연도 — 조기종료가 이 해 라벨을 봤다
BRD_20130181,2022,포베이(PHOBAY),기타 외식,38.0,FS2,Medium,0.12358443004732989,0.12268614229940901,건전,0,모형 선택 연도 — 조기종료가 이 해 라벨을 봤다
BRD_20130184,2022,쿠우쿠우,일식,83.0,FS2,Medium,0.15982271985071145,0.15999999999999998,건전,0,모형 선택 연도 — 조기종료가 이 해 라벨을 봤다
BRD_20130209,2022,공릉동원조멸치국수,기타 외식,105.0,FS1,Low,0.03234585180001555,0.029061204441085543,건전,0,모형 선택 연도 — 조기종료가 이 해 라벨을 봤다
BRD_20130227,2022,청담동말자싸롱,기타 외식,86.0,FS2,Medium,0.12358443004732989,0.12773901088146403,건전,0,모형 선택 연도 — 조기종료가 이 해 라벨을 봤다
BRD_20130245,2022,전주남문조춘자토종피순대국,한식,26.0,FS2,Medium,0.09066734525097016,0.08368643043450602,건전,0,모형 선택 연도 — 조기종료가 이 해 라벨을 봤다
BRD_20130247,2022,이웃집소녀떡볶이,분식,28.0,FS2,Medium,0.10584324702589222,0.10816352952866959,요주의,1,모형 선택 연도 — 조기종료가 이 해 라벨을 봤다
BRD_20130249,2022,설빙,아이스크림/빙수,530.0,FS1,Low,0.01158138161683619,0.005454160907045567,건전,0,모형 선택 연도 — 조기종료가 이 해 라벨을 봤다
BRD_20130258,2022,오떡,분식,15.0,FS3,High,0.32679523066157073,0.3238903903911639,요주의,2,모형 선택 연도 — 조기종료가 이 해 라벨을 봤다
BRD_20130261,2022,김영희강남동태찜,한식,48.0,FS1,Low,0.03234585180001555,0.029332103192337502,건전,0,모형 선택 연도 — 조기종료가 이 해 라벨을 봤다
BRD_20130325,2022,인생극장,한식,152.0,FS2,Medium,0.10584324702589222,0.11136175676222755,요주의,1,모형 선택 연도 — 조기종료가 이 해 라벨을 봤다
BRD_20130347,2022,달인의찜닭,기타 외식,42.0,FS2,Medium,0.10584324702589222,0.10766184682536638,건전,0,모형 선택 연도 — 조기종료가 이 해 라벨을 봤다
BRD_20130386,2022,씨앤푸드스토리 청년떡볶이,분식,25.0,FS2,Medium,0.12358443004732989,0.12953558637730583,건전,0,모형 선택 연도 — 조기종료가 이 해 라벨을 봤다
BRD_20130394,2022,짬뽕상회,기타 외식,28.0,FS2,Medium,0.12358443004732989,0.12380900198431012,건전,0,모형 선택 연도 — 조기종료가 이 해 라벨을 봤다
BRD_20130399,2022,올리앤(Ollien),서양식,36.0,FS2,Medium,0.09066734525097016,0.08854271900248108,건전,0,모형 선택 연도 — 조기종료가 이 해 라벨을 봤다
BRD_20130400,2022,누리마을감자탕,한식,48.0,FS1,Low,0.040134190898509337,0.043391132703334036,건전,0,모형 선택 연도 — 조기종료가 이 해 라벨을 봤다
BRD_20130407,2022,피자1번가,피자,17.0,FS2,Medium,0.10584324702589222,0.10333483350937621,건전,0,모형 선택 연도 — 조기종료가 이 해 라벨을 봤다
BRD_20130417,2022,땡초우동,주점,34.0,FS2,Medium,0.10584324702589222,0.10032473728955695,건전,0,모형 선택 연도 — 조기종료가 이 해 라벨을 봤다
BRD_20130438,2022,박군치킨,치킨,75.0,FS1,Low,0.040134190898509337,0.04197507104906243,요주의,1,모형 선택 연도 — 조기종료가 이 해 라벨을 봤다
BRD_20130452,2022,유가네,한식,202.0,FS1,Low,0.040134190898509337,0.04020499398122293,건전,0,모형 선택 연도 — 조기종료가 이 해 라벨을 봤다
BRD_20130505,2022,오븐마루,치킨,122.0,FS1,Low,0.040134190898509337,0.03843491691338343,건전,0,모형 선택 연도 — 조기종료가 이 해 라벨을 봤다
BRD_20130538,2022,썬더치킨,치킨,120.0,FS2,Medium,0.12358443004732989,0.13178130574710806,요주의,2,모형 선택 연도 — 조기종료가 이 해 라벨을 봤다
BRD_20140058,2022,바르다김선생,분식,143.0,FS1,Low,0.03234585180001555,0.028925755065459566,건전,0,모형 선택 연도 — 조기종료가 이 해 라벨을 봤다
BRD_20140067,2022,짬뽕타임,중식,21.0,FS3,High,0.17833399980005998,0.16935058453052315,요주의,2,모형 선택 연도 — 조기종료가 이 해 라벨을 봤다
BRD_20140081,2022,다채,기타 외식,9.0,FS2,Medium,0.12358443004732989,0.11797013162282431,건전,0,모형 선택 연도 — 조기종료가 이 해 라벨을 봤다
BRD_20140093,2022,수유리우동집,분식,102.0,FS1,Low,0.03234585180001555,0.034750078217376676,건전,0,모형 선택 연도 — 조기종료가 이 해 라벨을 봤다
BRD_20140100,2022,신통치킨,치킨,189.0,FS1,Low,0.040134190898509337,0.03808090149981553,건전,0,모형 선택 연도 — 조기종료가 이 해 라벨을 봤다
BRD_20140131,2022,노마세야매운갈비찜,기타 외식,11.0,FS2,Medium,0.12358443004732989,0.12594243538562225,건전,0,모형 선택 연도 — 조기종료가 이 해 라벨을 봤다
BRD_20140157,2022,만족오향족발,한식,32.0,FS2,Medium,0.10584324702589222,0.10208062675111818,건전,0,모형 선택 연도 — 조기종료가 이 해 라벨을 봤다
BRD_20140160,2022,은화수식당,기타 외식,48.0,FS1,Low,0.040134190898509337,0.036594036762830344,건전,0,모형 선택 연도 — 조기종료가 이 해 라벨을 봤다
BRD_20140164,2022,나드리김밥,기타 외식,56.0,FS1,Low,0.040134190898509337,0.0438867542823291,건전,0,모형 선택 연도 — 조기종료가 이 해 라벨을 봤다
BRD_20140171,2022,원조전통명가 통큰할매순대국,한식,19.0,FS2,Medium,0.15982271985071145,0.15999999999999998,건전,0,모형 선택 연도 — 조기종료가 이 해 라벨을 봤다
BRD_20140188,2022,그린브라우니(green brownie),제과제빵,24.0,FS1,Low,0.040134190898509337,0.03631082443197603,건전,0,모형 선택 연도 — 조기종료가 이 해 라벨을 봤다
BRD_20140203,2022,아마스빈코리아,음료 (커피 외),84.0,FS1,Low,0.040134190898509337,0.04218748029720317,건전,0,모형 선택 연도 — 조기종료가 이 해 라벨을 봤다
BRD_20140218,2022,계림원누릉지통닭구이,치킨,52.0,FS1,Low,0.040134190898509337,0.03758527992082047,건전,0,모형 선택 연도 — 조기종료가 이 해 라벨을 봤다
BRD_20140220,2022,개미집,한식,38.0,FS2,Medium,0.12358443004732989,0.1294233004088157,요주의,1,모형 선택 연도 — 조기종료가 이 해 라벨을 봤다
BRD_20140262,2022,신불떡볶이,분식,57.0,FS3,High,0.32679523066157073,0.3164208011244033,건전,0,모형 선택 연도 — 조기종료가 이 해 라벨을 봤다
BRD_20140288,2022,스트릿츄러스,제과제빵,53.0,FS3,High,0.32679523066157073,0.33357319129252033,건전,0,모형 선택 연도 — 조기종료가 이 해 라벨을 봤다
BRD_20140306,2022,롤링핀,제과제빵,49.0,FS1,Low,0.03234585180001555,0.030618872260784306,건전,0,모형 선택 연도 — 조기종료가 이 해 라벨을 봤다
BRD_20140398,2022,슈퍼커피,커피,19.0,FS3,High,0.32679523066157073,0.34380929510252567,요주의,2,모형 선택 연도 — 조기종료가 이 해 라벨을 봤다
BRD_20140400,2022,본래순대,한식,69.0,FS2,Medium,0.10584324702589222,0.11154988777596625,건전,0,모형 선택 연도 — 조기종료가 이 해 라벨을 봤다
BRD_20140422,2022,홍익궁중전통육개장,한식,38.0,FS2,Medium,0.10584324702589222,0.09969763391042794,요주의,1,모형 선택 연도 — 조기종료가 이 해 라벨을 봤다
BRD_20140465,2022,명동찌개마을,기타 외식,47.0,FS2,Medium,0.15982271985071145,0.15209153822480695,건전,0,모형 선택 연도 — 조기종료가 이 해 라벨을 봤다
BRD_20140475,2022,자담치킨,치킨,716.0,FS1,Low,0.01158138161683619,0.005283960331773604,건전,0,모형 선택 연도 — 조기종료가 이 해 라벨을 봤다
BRD_20140495,2022,돌배기집,한식,23.0,FS3,High,0.32679523066157073,0.3161441496700788,요주의,2,모형 선택 연도 — 조기종료가 이 해 라벨을 봤다
BRD_20140502,2022,곱창고,기타 외식,69.0,FS2,Medium,0.15982271985071145,0.15100263940425704,요주의,1,모형 선택 연도 — 조기종료가 이 해 라벨을 봤다
BRD_20140558,2022,육풍,한식,19.0,FS2,Medium,0.15982271985071145,0.15993160973276635,요주의,2,모형 선택 연도 — 조기종료가 이 해 라벨을 봤다
BRD_20140588,2022,짬뽕10101,중식,33.0,FS2,Medium,0.12358443004732989,0.1178578456543342,요주의,1,모형 선택 연도 — 조기종료가 이 해 라벨을 봤다
BRD_20140589,2022,교동짬뽕,중식,21.0,FS2,Medium,0.12358443004732989,0.12874958459787503,건전,0,모형 선택 연도 — 조기종료가 이 해 라벨을 봤다
BRD_20140594,2022,충만치킨,치킨,99.0,FS1,Low,0.040134190898509337,0.04254149571077107,요주의,1,모형 선택 연도 — 조기종료가 이 해 라벨을 봤다
BRD_20140599,2022,마시그래이,커피,73.0,FS2,Medium,0.10584324702589222,0.10001118559999245,건전,0,모형 선택 연도 — 조기종료가 이 해 라벨을 봤다
BRD_20140651,2022,투존치킨,치킨,86.0,FS2,Medium,0.15982271985071145,0.15165597869658698,요주의,2,모형 선택 연도 — 조기종료가 이 해 라벨을 봤다
BRD_20140689,2022,천하제일족발,한식,2.0,FS3,High,0.17833399980005998,0.17180060687676046,건전,0,모형 선택 연도 — 조기종료가 이 해 라벨을 봤다
BRD_20140694,2022,정정아식당,기타 외식,23.0,FS2,Medium,0.12358443004732989,0.12964787234579594,요주의,1,모형 선택 연도 — 조기종료가 이 해 라벨을 봤다
BRD_20140706,2022,코리엔탈깻잎두마리치킨,치킨,196.0,FS2,Medium,0.12358443004732989,0.12010356502413644,요주의,2,모형 선택 연도 — 조기종료가 이 해 라벨을 봤다
BRD_20140717,2022,존슨부대찌개,한식,43.0,FS1,Low,0.040134190898509337,0.03624002134926245,건전,0,모형 선택 연도 — 조기종료가 이 해 라벨을 봤다
BRD_20140722,2022,더벤티,커피,993.0,FS1,Low,0.01158138161683619,0.0013693471005184824,건전,0,모형 선택 연도 — 조기종료가 이 해 라벨을 봤다
BRD_20140725,2022,매머드커피(Mammoth coffee),커피,40.0,FS1,Low,0.040134190898509337,0.043249526537906875,건전,0,모형 선택 연도 — 조기종료가 이 해 라벨을 봤다
BRD_20140726,2022,리얼펍,주점,42.0,FS2,Medium,0.15982271985071145,0.15999999999999998,건전,0,모형 선택 연도 — 조기종료가 이 해 라벨을 봤다
BRD_20140747,2022,빅스타피자(Bigstar Pizza),피자,154.0,FS2,Medium,0.10584324702589222,0.10747371581162768,건전,0,모형 선택 연도 — 조기종료가 이 해 라벨을 봤다
BRD_20140752,2022,대구우야지막창,기타 외식,26.0,FS2,Medium,0.10584324702589222,0.11035839135562113,건전,0,모형 선택 연도 — 조기종료가 이 해 라벨을 봤다
BRD_20140759,2022,88켄터키치킨&amp;떡볶이,치킨,46.0,FS2,Medium,0.10584324702589222,0.10233146810276979,건전,0,모형 선택 연도 — 조기종료가 이 해 라벨을 봤다
BRD_20140782,2022,모로미,주점,27.0,FS2,Medium,0.15982271985071145,0.15840715138399647,건전,0,모형 선택 연도 — 조기종료가 이 해 라벨을 봤다
BRD_20140819,2022,호세야오리바베큐,한식,140.0,FS2,Medium,0.10584324702589222,0.10239417844068269,건전,0,모형 선택 연도 — 조기종료가 이 해 라벨을 봤다
BRD_20140920,2022,옥탑방오봉자싸롱,주점,37.0,FS2,Medium,0.12358443004732989,0.12234928439393868,건전,0,모형 선택 연도 — 조기종료가 이 해 라벨을 봤다
BRD_20140942,2022,짝태&amp;노가리,주점,96.0,FS3,High,0.2689750767077569,0.29298514063773046,건전,0,모형 선택 연도 — 조기종료가 이 해 라벨을 봤다
BRD_20140971,2022,존슨켄터키,치킨,16.0,FS2,Medium,0.10584324702589222,0.10502801263302454,건전,0,모형 선택 연도 — 조기종료가 이 해 라벨을 봤다
BRD_20140974,2022,미술관,주점,24.0,FS3,High,0.2689750767077569,0.26064505452797015,요주의,1,모형 선택 연도 — 조기종료가 이 해 라벨을 봤다
BRD_20141019,2022,반올림피자,피자,348.0,FS1,Low,0.01158138161683619,0.02043181153097821,요주의,1,모형 선택 연도 — 조기종료가 이 해 라벨을 봤다
BRD_20141047,2022,쏭스클럽핫도그,기타 외식,31.0,FS2,Medium,0.15982271985071145,0.1529626572812469,평가불가,0,모형 선택 연도 — 조기종료가 이 해 라벨을 봤다
BRD_20141063,2022,생활맥주,주점,171.0,FS2,Medium,0.10584324702589222,0.09988576492416663,건전,0,모형 선택 연도 — 조기종료가 이 해 라벨을 봤다
BRD_20141065,2022,부엉이돈가스,기타 외식,28.0,FS2,Medium,0.10584324702589222,0.09913324086921182,건전,0,모형 선택 연도 — 조기종료가 이 해 라벨을 봤다
BRD_20141066,2022,불스떡볶이,분식,72.0,FS2,Medium,0.15982271985071145,0.15999999999999998,요주의,2,모형 선택 연도 — 조기종료가 이 해 라벨을 봤다
BRD_20141116,2022,안동본가국밥,한식,25.0,FS2,Medium,0.12358443004732989,0.1274021529759937,건전,0,모형 선택 연도 — 조기종료가 이 해 라벨을 봤다
BRD_20141134,2022,라무진,기타 외식,134.0,FS1,Low,0.01158138161683619,0.010730378740476384,건전,0,모형 선택 연도 — 조기종료가 이 해 라벨을 봤다
BRD_20141157,2022,아이벗 치킨,치킨,35.0,FS1,Low,0.03234585180001555,0.03122839445110121,건전,0,모형 선택 연도 — 조기종료가 이 해 라벨을 봤다
BRD_20141179,2022,소담촌,기타 외식,87.0,FS1,Low,0.03234585180001555,0.03237971414392204,건전,0,모형 선택 연도 — 조기종료가 이 해 라벨을 봤다
BRD_20141185,2022,미스터오징어,한식,24.0,FS1,Low,0.03234585180001555,0.03481780290518966,건전,0,모형 선택 연도 — 조기종료가 이 해 라벨을 봤다
BRD_20141217,2022,순곱이네,기타 외식,29.0,FS2,Medium,0.10584324702589222,0.11017026034188243,건전,0,모형 선택 연도 — 조기종료가 이 해 라벨을 봤다
BRD_20141221,2022,본죽&비빔밥,한식,836.0,FS1,Low,0.01158138161683619,0.0061349632081334135,건전,0,모형 선택 연도 — 조기종료가 이 해 라벨을 봤다
BRD_20141250,2022,컴포즈커피(COMPOSE COFFEE),커피,1901.0,FS1,Low,0.01158138161683619,0.0039223557295979105,건전,0,모형 선택 연도 — 조기종료가 이 해 라벨을 봤다
BRD_20141293,2022,크레이저커피(C.Razer Coffee),커피,29.0,FS2,Medium,0.15982271985071145,0.15579379421467668,건전,0,모형 선택 연도 — 조기종료가 이 해 라벨을 봤다
BRD_20150031,2022,브라운돈까스,기타 외식,62.0,FS2,Medium,0.10584324702589222,0.1087906329077986,건전,0,모형 선택 연도 — 조기종료가 이 해 라벨을 봤다
BRD_20150050,2022,대독장,한식,12.0,FS2,Medium,0.12358443004732989,0.12088956680356722,요주의,1,모형 선택 연도 — 조기종료가 이 해 라벨을 봤다
BRD_20150052,2022,빵장수단팥빵,제과제빵,38.0,FS2,Medium,0.10584324702589222,0.10038744762746984,건전,0,모형 선택 연도 — 조기종료가 이 해 라벨을 봤다
BRD_20150062,2022,매스커피,음료 (커피 외),30.0,FS1,Low,0.040134190898509337,0.03970937240222787,건전,0,모형 선택 연도 — 조기종료가 이 해 라벨을 봤다
BRD_20150064,2022,김진철동래통닭,치킨,11.0,FS2,Medium,0.10584324702589222,0.11079736372101144,건전,0,모형 선택 연도 — 조기종료가 이 해 라벨을 봤다
BRD_20150065,2022,타코비,기타 외식,46.0,FS2,Medium,0.10584324702589222,0.10954315696275342,건전,0,모형 선택 연도 — 조기종료가 이 해 라벨을 봤다
BRD_20150085,2022,못난이꽈배기,제과제빵,125.0,FS1,Low,0.03234585180001555,0.03583367322238451,건전,0,모형 선택 연도 — 조기종료가 이 해 라벨을 봤다
BRD_20150087,2022,선굼터,기타 외식,24.0,FS3,High,0.17833399980005998,0.177789550389785,건전,0,모형 선택 연도 — 조기종료가 이 해 라벨을 봤다
BRD_20150098,2022,곤지암할매소머리국밥,한식,152.0,FS2,Medium,0.10584324702589222,0.10534156432258904,건전,0,모형 선택 연도 — 조기종료가 이 해 라벨을 봤다
BRD_20150119,2022,화포식당,기타 외식,42.0,FS1,Low,0.040134190898509337,0.03942616007137355,건전,0,모형 선택 연도 — 조기종료가 이 해 라벨을 봤다
BRD_20150133,2022,크래프트한스(Craft Han's),주점,31.0,FS2,Medium,0.12358443004732989,0.11898070533923531,건전,0,모형 선택 연도 — 조기종료가 이 해 라벨을 봤다
BRD_20150146,2022,걸작떡볶이치킨,분식,155.0,FS2,Medium,0.10584324702589222,0.10634492972919546,요주의,1,모형 선택 연도 — 조기종료가 이 해 라벨을 봤다
BRD_20150164,2022,응급실국물떡볶이,분식,223.0,FS2,Medium,0.10584324702589222,0.09900782019338603,건전,0,모형 선택 연도 — 조기종료가 이 해 라벨을 봤다
BRD_20150166,2022,그라찌에,기타 외식,38.0,FS2,Medium,0.10584324702589222,0.10640764006710836,건전,0,모형 선택 연도 — 조기종료가 이 해 라벨을 봤다
BRD_20150189,2022,카페봄봄,커피,419.0,FS1,Low,0.03234585180001555,0.03556277447113255,건전,0,모형 선택 연도 — 조기종료가 이 해 라벨을 봤다
BRD_20150218,2022,푸라닭,치킨,728.0,FS2,Medium,0.09066734525097016,0.08307939436350914,요주의,1,모형 선택 연도 — 조기종료가 이 해 라벨을 봤다
BRD_20150239,2022,호떡당,분식,28.0,FS2,Medium,0.12358443004732989,0.11662270000094298,건전,0,모형 선택 연도 — 조기종료가 이 해 라벨을 봤다
BRD_20150253,2022,카페게이트,커피,130.0,FS1,Low,0.03234585180001555,0.032515163519548015,건전,0,모형 선택 연도 — 조기종료가 이 해 라벨을 봤다
BRD_20150273,2022,쉐프의부대찌개,기타 외식,31.0,FS3,High,0.17833399980005998,0.17860622450519745,요주의,1,모형 선택 연도 — 조기종료가 이 해 라벨을 봤다
BRD_20150315,2022,피자애,피자,40.0,FS2,Medium,0.15982271985071145,0.15644713350700662,요주의,2,모형 선택 연도 — 조기종료가 이 해 라벨을 봤다
BRD_20150339,2022,산카이 이자카야,일식,28.0,FS1,Low,0.040134190898509337,0.03992178165036861,건전,0,모형 선택 연도 — 조기종료가 이 해 라벨을 봤다
BRD_20150343,2022,왕빈자전통주막,주점,31.0,FS3,High,0.17833399980005998,0.18187292096684718,요주의,3,모형 선택 연도 — 조기종료가 이 해 라벨을 봤다
BRD_20150356,2022,순남시래기,기타 외식,45.0,FS3,High,0.32679523066157073,0.327486859297382,요주의,1,모형 선택 연도 — 조기종료가 이 해 라벨을 봤다
BRD_20150385,2022,두끼,분식,222.0,FS1,Low,0.040134190898509337,0.03871812924423775,건전,0,모형 선택 연도 — 조기종료가 이 해 라벨을 봤다
BRD_20150426,2022,백스비어,주점,86.0,FS1,Low,0.03234585180001555,0.032921511646425955,요주의,1,모형 선택 연도 — 조기종료가 이 해 라벨을 봤다
BRD_20150449,2022,유가네한우곰탕,한식,69.0,FS3,High,0.17833399980005998,0.1737061798127228,요주의,2,모형 선택 연도 — 조기종료가 이 해 라벨을 봤다
BRD_20150473,2022,밥맛나는세상,한식,38.0,FS1,Low,0.040134190898509337,0.041196237139213054,요주의,1,모형 선택 연도 — 조기종료가 이 해 라벨을 봤다
BRD_20150477,2022,철인7호,치킨,57.0,FS3,High,0.32679523066157073,0.31448424094413197,요주의,1,모형 선택 연도 — 조기종료가 이 해 라벨을 봤다
BRD_20150487,2022,만나고쪽갈비가,한식,22.0,FS3,High,0.32679523066157073,0.3551520047298289,요주의,1,모형 선택 연도 — 조기종료가 이 해 라벨을 봤다
BRD_20150488,2022,개성집,기타 외식,26.0,FS2,Medium,0.10584324702589222,0.11086007405892434,건전,0,모형 선택 연도 — 조기종료가 이 해 라벨을 봤다
BRD_20150505,2022,커피에반하다,커피,452.0,FS2,Medium,0.10584324702589222,0.11230241183092107,건전,0,모형 선택 연도 — 조기종료가 이 해 라벨을 봤다
BRD_20150519,2022,놀부옛날통닭,치킨,13.0,FS3,High,0.32679523066157073,0.32084722439359475,요주의,2,모형 선택 연도 — 조기종료가 이 해 라벨을 봤다
BRD_20150522,2022,리김밥,분식,40.0,FS1,Low,0.01158138161683619,0.015495994848091315,건전,0,모형 선택 연도 — 조기종료가 이 해 라벨을 봤다
BRD_20150530,2022,카페보니또,커피,21.0,FS2,Medium,0.12358443004732989,0.12560557748015191,건전,0,모형 선택 연도 — 조기종료가 이 해 라벨을 봤다
BRD_20150532,2022,갈매기먹짱,기타 외식,14.0,FS2,Medium,0.12358443004732989,0.12908644250334536,요주의,1,모형 선택 연도 — 조기종료가 이 해 라벨을 봤다
BRD_20150553,2022,밥장인,한식,35.0,FS3,High,0.17833399980005998,0.18160069626170972,요주의,1,모형 선택 연도 — 조기종료가 이 해 라벨을 봤다
BRD_20150558,2022,소공동뚝배기집,한식,7.0,FS2,Medium,0.12358443004732989,0.11617355612698252,건전,0,모형 선택 연도 — 조기종료가 이 해 라벨을 봤다
BRD_20150594,2022,마리웨일237,제과제빵,38.0,FS2,Medium,0.15982271985071145,0.15999999999999998,요주의,2,모형 선택 연도 — 조기종료가 이 해 라벨을 봤다
BRD_20150624,2022,콩심,기타 외식,96.0,FS2,Medium,0.10584324702589222,0.10126539235825047,건전,0,모형 선택 연도 — 조기종료가 이 해 라벨을 봤다
BRD_20150650,2022,마미쿡,패스트푸드,22.0,FS3,High,0.32679523066157073,0.3313599796579246,건전,0,모형 선택 연도 — 조기종료가 이 해 라벨을 봤다
BRD_20150651,2022,인기명,기타 외식,36.0,FS2,Medium,0.10584324702589222,0.10546698499841484,건전,0,모형 선택 연도 — 조기종료가 이 해 라벨을 봤다
BRD_20150668,2022,정성신더큰도시락,한식,24.0,FS2,Medium,0.10584324702589222,0.10778726750119218,건전,0,모형 선택 연도 — 조기종료가 이 해 라벨을 봤다
BRD_20150700,2022,청년다방,분식,421.0,FS1,Low,0.040134190898509337,0.043178723455193295,건전,0,모형 선택 연도 — 조기종료가 이 해 라벨을 봤다
BRD_20150701,2022,지훈남닭발,기타 외식,12.0,FS2,Medium,0.10584324702589222,0.10678390209458577,건전,0,모형 선택 연도 — 조기종료가 이 해 라벨을 봤다
BRD_20150706,2022,김양비어,주점,9.0,FS2,Medium,0.15982271985071145,0.151438198932477,요주의,3,모형 선택 연도 — 조기종료가 이 해 라벨을 봤다
BRD_20150722,2022,종로맥가,기타 외식,45.0,FS3,High,0.32679523066157073,0.30231157695385535,요주의,1,모형 선택 연도 — 조기종료가 이 해 라벨을 봤다
BRD_20150724,2022,오부장치킨,치킨,32.0,FS2,Medium,0.10584324702589222,0.0982552961384312,건전,0,모형 선택 연도 — 조기종료가 이 해 라벨을 봤다
BRD_20150732,2022,예향정,한식,41.0,FS2,Medium,0.10584324702589222,0.10966857763857922,건전,0,모형 선택 연도 — 조기종료가 이 해 라벨을 봤다
BRD_20150749,2022,동네포차주민,주점,36.0,FS2,Medium,0.10584324702589222,0.10810081919075669,건전,0,모형 선택 연도 — 조기종료가 이 해 라벨을 봤다
BRD_20150785,2022,본설렁탕,한식,51.0,FS1,Low,0.03234585180001555,0.036104571973636465,건전,0,모형 선택 연도 — 조기종료가 이 해 라벨을 봤다
BRD_20150790,2022,자연임실치즈피자,피자,37.0,FS2,Medium,0.09066734525097016,0.09097086328646861,요주의,1,모형 선택 연도 — 조기종료가 이 해 라벨을 봤다
BRD_20150795,2022,집으로돼지&하녹김치찜,한식,8.0,FS2,Medium,0.15982271985071145,0.1568826930352266,요주의,1,모형 선택 연도 — 조기종료가 이 해 라벨을 봤다
BRD_20150811,2022,디저트39,기타 외식,464.0,FS1,Low,0.03234585180001555,0.03007707475828039,건전,0,모형 선택 연도 — 조기종료가 이 해 라벨을 봤다
BRD_20150828,2022,샐러디,기타 외식,300.0,FS2,Medium,0.10584324702589222,0.10258230945442139,평가불가,0,모형 선택 연도 — 조기종료가 이 해 라벨을 봤다
BRD_20150845,2022,산쪼메,기타 외식,33.0,FS2,Medium,0.10584324702589222,0.10578053668797935,건전,0,모형 선택 연도 — 조기종료가 이 해 라벨을 봤다
BRD_20150899,2022,심할머니안흥찐빵만두,분식,35.0,FS1,Low,0.03234585180001555,0.031025220387662245,건전,0,모형 선택 연도 — 조기종료가 이 해 라벨을 봤다
BRD_20150909,2022,대독장,한식,13.0,FS2,Medium,0.15982271985071145,0.15731825256344656,요주의,1,모형 선택 연도 — 조기종료가 이 해 라벨을 봤다
BRD_20150930,2022,바른치킨,치킨,309.0,FS1,Low,0.01158138161683619,0.006305163783405375,요주의,1,모형 선택 연도 — 조기종료가 이 해 라벨을 봤다
BRD_20150931,2022,육미명가옛날아우내순대&보쌈,기타 외식,53.0,FS3,High,0.17833399980005998,0.17343395510758533,요주의,2,모형 선택 연도 — 조기종료가 이 해 라벨을 봤다
BRD_20150939,2022,홍춘천,한식,80.0,FS2,Medium,0.12358443004732989,0.12437043182676068,건전,0,모형 선택 연도 — 조기종료가 이 해 라벨을 봤다
BRD_20150982,2022,노량진의 전설 미스사이공(miss420),기타 외국식,118.0,FS3,High,0.32679523066157073,0.3443625980111746,요주의,2,모형 선택 연도 — 조기종료가 이 해 라벨을 봤다
BRD_20150989,2022,아딸,분식,20.0,FS3,High,0.32679523066157073,0.35044893000631294,요주의,1,모형 선택 연도 — 조기종료가 이 해 라벨을 봤다
BRD_20151007,2022,동경야시장,주점,14.0,FS3,High,0.32679523066157073,0.3429793407395523,요주의,2,모형 선택 연도 — 조기종료가 이 해 라벨을 봤다
BRD_20151034,2022,3883 팔도실비집,주점,40.0,FS3,High,0.32679523066157073,0.3391062203790097,요주의,2,모형 선택 연도 — 조기종료가 이 해 라벨을 봤다
BRD_20151039,2022,60계,치킨,663.0,FS1,Low,0.03234585180001555,0.03414055602705977,요주의,1,모형 선택 연도 — 조기종료가 이 해 라벨을 봤다
BRD_20151089,2022,떼루와,커피,17.0,FS3,High,0.32679523066157073,0.33274323692954694,요주의,2,모형 선택 연도 — 조기종료가 이 해 라벨을 봤다
BRD_20151153,2022,송촌꼬마김밥,한식,36.0,FS1,Low,0.03234585180001555,0.029670726631402453,건전,0,모형 선택 연도 — 조기종료가 이 해 라벨을 봤다
BRD_20151159,2022,육감만족,기타 외식,67.0,FS1,Low,0.040134190898509337,0.03914294774051923,건전,0,모형 선택 연도 — 조기종료가 이 해 라벨을 봤다
BRD_20151176,2022,빙달,아이스크림/빙수,48.0,FS3,High,0.32679523066157073,0.3003750167735841,요주의,1,모형 선택 연도 — 조기종료가 이 해 라벨을 봤다
BRD_20151193,2022,아빠곰탕,한식,14.0,FS3,High,0.32679523066157073,0.34934232418901506,요주의,1,모형 선택 연도 — 조기종료가 이 해 라벨을 봤다
BRD_20151202,2022,더리터(THE LITER),커피,408.0,FS1,Low,0.040134190898509337,0.03829331074795627,건전,0,모형 선택 연도 — 조기종료가 이 해 라벨을 봤다
BRD_20151210,2022,깐깐한족발,기타 외식,30.0,FS1,Low,0.040134190898509337,0.03801009841710195,건전,0,모형 선택 연도 — 조기종료가 이 해 라벨을 봤다
BRD_20151211,2022,청자다방,커피,122.0,FS2,Medium,0.10584324702589222,0.10759913648745348,건전,0,모형 선택 연도 — 조기종료가 이 해 라벨을 봤다
BRD_20151228,2022,막창도둑,기타 외식,107.0,FS1,Low,0.01158138161683619,0.02026161095570625,건전,0,모형 선택 연도 — 조기종료가 이 해 라벨을 봤다
BRD_20151259,2022,야미가,일식,27.0,FS2,Medium,0.10584324702589222,0.10496530229511163,건전,0,모형 선택 연도 — 조기종료가 이 해 라벨을 봤다
BRD_20151263,2022,포차고고(포차어게인),주점,17.0,FS3,High,0.32679523066157073,0.3490656727346906,요주의,1,모형 선택 연도 — 조기종료가 이 해 라벨을 봤다
BRD_20151265,2022,바우네나주곰탕,한식,132.0,FS1,Low,0.040134190898509337,0.04162105563549453,건전,0,모형 선택 연도 — 조기종료가 이 해 라벨을 봤다
BRD_20151283,2022,이자와,일식,14.0,FS2,Medium,0.12358443004732989,0.12347214407883979,건전,0,모형 선택 연도 — 조기종료가 이 해 라벨을 봤다
BRD_20151284,2022,101번지 남산돈까스,기타 외식,32.0,FS2,Medium,0.10584324702589222,0.10151623370990207,건전,0,모형 선택 연도 — 조기종료가 이 해 라벨을 봤다
BRD_20151296,2022,백채,한식,171.0,FS1,Low,0.03234585180001555,0.030483422885158328,건전,0,모형 선택 연도 — 조기종료가 이 해 라벨을 봤다
BRD_20160030,2022,수철이네왕새우튀김,분식,24.0,FS3,High,0.17833399980005998,0.18350626919767207,건전,0,모형 선택 연도 — 조기종료가 이 해 라벨을 봤다
BRD_20160063,2022,엉터리생고기 두번째이야기 무한삼겹,기타 외식,43.0,FS2,Medium,0.10584324702589222,0.11010755000396953,건전,0,모형 선택 연도 — 조기종료가 이 해 라벨을 봤다
BRD_20160116,2022,만랩커피,커피,125.0,FS3,High,0.17833399980005998,0.16962280923566062,건전,0,모형 선택 연도 — 조기종료가 이 해 라벨을 봤다
BRD_20160124,2022,설동궁찜닭,한식,190.0,FS1,Low,0.01158138161683619,0.014474791396459546,건전,0,모형 선택 연도 — 조기종료가 이 해 라벨을 봤다
BRD_20160127,2022,곰브라더스,기타 외식,1.0,FS3,High,0.32679523066157073,0.33965952328765864,요주의,1,모형 선택 연도 — 조기종료가 이 해 라벨을 봤다
BRD_20160153,2022,오복미역,한식,36.0,FS1,Low,0.040134190898509337,0.040983827891072314,건전,0,모형 선택 연도 — 조기종료가 이 해 라벨을 봤다
BRD_20160173,2022,조선의 옛날통닭,치킨,31.0,FS2,Medium,0.12358443004732989,0.11471383853661107,건전,0,모형 선택 연도 — 조기종료가 이 해 라벨을 봤다
BRD_20160195,2022,내가찜한닭,한식,27.0,FS1,Low,0.040134190898509337,0.04360354195147478,건전,0,모형 선택 연도 — 조기종료가 이 해 라벨을 봤다
BRD_20160208,2022,불난술집,기타 외식,22.0,FS2,Medium,0.10584324702589222,0.10590595736380515,건전,0,모형 선택 연도 — 조기종료가 이 해 라벨을 봤다
BRD_20160217,2022,어머나생고기,한식,0.0,FS3,High,0.32679523066157073,0.3249969962084618,요주의,2,모형 선택 연도 — 조기종료가 이 해 라벨을 봤다
BRD_20160303,2022,엑스오엑스오 핫도그앤커피,기타 외식,100.0,FS1,Low,0.040134190898509337,0.043320329620620456,요주의,1,모형 선택 연도 — 조기종료가 이 해 라벨을 봤다
BRD_20160311,2022,바다양푼이동태탕찜,기타 외식,376.0,FS1,Low,0.03234585180001555,0.03353103383674286,요주의,1,모형 선택 연도 — 조기종료가 이 해 라벨을 봤다
BRD_20160312,2022,순수치킨,기타 외식,64.0,FS3,High,0.32679523066157073,0.35155553582361077,요주의,2,모형 선택 연도 — 조기종료가 이 해 라벨을 봤다
BRD_20160329,2022,불막열삼,한식,123.0,FS2,Medium,0.12358443004732989,0.12583014941713214,건전,0,모형 선택 연도 — 조기종료가 이 해 라벨을 봤다
BRD_20160333,2022,달봉치킨,치킨,6.0,FS3,High,0.32679523066157073,0.3125476807638607,요주의,2,모형 선택 연도 — 조기종료가 이 해 라벨을 봤다
BRD_20160392,2022,베트남노상식당,기타 외국식,44.0,FS2,Medium,0.12358443004732989,0.11628584209547264,요주의,1,모형 선택 연도 — 조기종료가 이 해 라벨을 봤다
BRD_20160395,2022,배부장찌개,한식,78.0,FS1,Low,0.03234585180001555,0.03285378695861296,건전,0,모형 선택 연도 — 조기종료가 이 해 라벨을 봤다
BRD_20160400,2022,통큰갈비,기타 외식,38.0,FS3,High,0.17833399980005998,0.17071170805621053,건전,0,모형 선택 연도 — 조기종료가 이 해 라벨을 봤다
BRD_20160414,2022,샤이바나,서양식,41.0,FS2,Medium,0.10584324702589222,0.10904147425945021,요주의,2,모형 선택 연도 — 조기종료가 이 해 라벨을 봤다
BRD_20160451,2022,하루엔소쿠,일식,95.0,FS1,Low,0.01158138161683619,0.017878802901898784,건전,0,모형 선택 연도 — 조기종료가 이 해 라벨을 봤다
BRD_20160452,2022,쉐프삼촌,한식,21.0,FS2,Medium,0.15982271985071145,0.15999999999999998,요주의,1,모형 선택 연도 — 조기종료가 이 해 라벨을 봤다
BRD_20160464,2022,혜화동 돈까스극장,기타 외식,98.0,FS2,Medium,0.10584324702589222,0.11073465338309854,건전,0,모형 선택 연도 — 조기종료가 이 해 라벨을 봤다
BRD_20160469,2022,뿅가야채곱창,기타 외식,80.0,FS2,Medium,0.10584324702589222,0.10991941899023082,요주의,1,모형 선택 연도 — 조기종료가 이 해 라벨을 봤다
BRD_20160478,2022,툴스돈카츠,기타 외식,41.0,FS2,Medium,0.10584324702589222,0.10408735756433102,요주의,2,모형 선택 연도 — 조기종료가 이 해 라벨을 봤다
BRD_20160481,2022,징기스,기타 외식,46.0,FS2,Medium,0.09066734525097016,0.09279197149945927,건전,0,모형 선택 연도 — 조기종료가 이 해 라벨을 봤다
BRD_20160512,2022,알리바바(ALIBABA),커피,38.0,FS3,High,0.32679523066157073,0.3169741040330522,요주의,2,모형 선택 연도 — 조기종료가 이 해 라벨을 봤다
BRD_20160517,2022,계경순대국,한식,38.0,FS2,Medium,0.10584324702589222,0.10897876392153731,건전,0,모형 선택 연도 — 조기종료가 이 해 라벨을 봤다
BRD_20160521,2022,심봉사도로케,제과제빵,46.0,FS2,Medium,0.12358443004732989,0.11572441225302207,건전,0,모형 선택 연도 — 조기종료가 이 해 라벨을 봤다
BRD_20160531,2022,맛나슈퍼,기타 외식,5.0,FS3,High,0.2689750767077569,0.28710512498141044,요주의,2,모형 선택 연도 — 조기종료가 이 해 라벨을 봤다
BRD_20160534,2022,킹콩쥬스엔커피,음료 (커피 외),28.0,FS2,Medium,0.12358443004732989,0.1188684193707452,평가불가,0,모형 선택 연도 — 조기종료가 이 해 라벨을 봤다
BRD_20160539,2022,육수당,한식,92.0,FS2,Medium,0.10584324702589222,0.10609408837754385,건전,0,모형 선택 연도 — 조기종료가 이 해 라벨을 봤다
BRD_20160546,2022,잭아저씨족발&보쌈,한식,35.0,FS1,Low,0.040134190898509337,0.041408646387353795,건전,0,모형 선택 연도 — 조기종료가 이 해 라벨을 봤다
BRD_20160571,2022,경성주막1929,주점,34.0,FS3,High,0.32679523066157073,0.33412649420116924,건전,0,모형 선택 연도 — 조기종료가 이 해 라벨을 봤다
BRD_20160599,2022,100년의피자카페인시애틀,피자,15.0,FS3,High,0.2689750767077569,0.2782851014969303,요주의,2,모형 선택 연도 — 조기종료가 이 해 라벨을 봤다
BRD_20160600,2022,주식회사포차천국,주점,155.0,FS3,High,0.32679523066157073,0.34048947765063203,건전,0,모형 선택 연도 — 조기종료가 이 해 라벨을 봤다
BRD_20160666,2022,한마음정육식당,한식,92.0,FS1,Low,0.01158138161683619,0.01685759945026701,건전,0,모형 선택 연도 — 조기종료가 이 해 라벨을 봤다
BRD_20160690,2022,김밥일번지,분식,42.0,FS1,Low,0.03234585180001555,0.03298923633423894,건전,0,모형 선택 연도 — 조기종료가 이 해 라벨을 봤다
BRD_20160713,2022,79대포,주점,89.0,FS1,Low,0.040134190898509337,0.03779768916896121,요주의,1,모형 선택 연도 — 조기종료가 이 해 라벨을 봤다
BRD_20160714,2022,안심치킨,치킨,10.0,FS3,High,0.32679523066157073,0.349895627097664,요주의,2,모형 선택 연도 — 조기종료가 이 해 라벨을 봤다
BRD_20160718,2022,네오피자,피자,75.0,FS2,Medium,0.09066734525097016,0.08732864686048732,건전,0,모형 선택 연도 — 조기종료가 이 해 라벨을 봤다
BRD_20160771,2022,샤브보트,한식,39.0,FS1,Low,0.040134190898509337,0.03956776623680071,건전,0,모형 선택 연도 — 조기종료가 이 해 라벨을 봤다
BRD_20160773,2022,족발야시장,기타 외식,236.0,FS1,Low,0.03234585180001555,0.03278606227079998,건전,0,모형 선택 연도 — 조기종료가 이 해 라벨을 봤다
BRD_20160785,2022,완산골명가,한식,31.0,FS1,Low,0.040134190898509337,0.036806446010971085,건전,0,모형 선택 연도 — 조기종료가 이 해 라벨을 봤다
BRD_20160798,2022,가마치통닭,치킨,620.0,FS1,Low,0.01158138161683619,0.008007169536124993,건전,0,모형 선택 연도 — 조기종료가 이 해 라벨을 봤다
BRD_20160803,2022,뉴욕야시장,주점,85.0,FS3,High,0.17833399980005998,0.18459516801822198,건전,0,모형 선택 연도 — 조기종료가 이 해 라벨을 봤다
BRD_20160807,2022,파스토보이(pastoboy),서양식,56.0,FS2,Medium,0.10584324702589222,0.1032094128335504,건전,0,모형 선택 연도 — 조기종료가 이 해 라벨을 봤다
BRD_20160809,2022,쪽찌,한식,29.0,FS3,High,0.17833399980005998,0.18758963977473425,평가불가,0,모형 선택 연도 — 조기종료가 이 해 라벨을 봤다
BRD_20160811,2022,베러먼데이,커피,115.0,FS1,Low,0.040134190898509337,0.04027579706393651,건전,0,모형 선택 연도 — 조기종료가 이 해 라벨을 봤다
BRD_20160835,2022,얌샘김밥,분식,229.0,FS1,Low,0.01158138161683619,0.006475364358677338,건전,0,모형 선택 연도 — 조기종료가 이 해 라벨을 봤다
BRD_20160858,2022,두찜,한식,586.0,FS1,Low,0.040134190898509337,0.04013419089850935,요주의,1,모형 선택 연도 — 조기종료가 이 해 라벨을 봤다
BRD_20160884,2022,마왕족발,한식,264.0,FS2,Medium,0.09066734525097016,0.09643418792544056,건전,0,모형 선택 연도 — 조기종료가 이 해 라벨을 봤다
BRD_20160892,2022,만년닭강정,치킨,28.0,FS2,Medium,0.15982271985071145,0.15999999999999998,건전,0,모형 선택 연도 — 조기종료가 이 해 라벨을 봤다
BRD_20160907,2022,아리랑수제핫도그,제과제빵,15.0,FS3,High,0.32679523066157073,0.35100223291496185,요주의,2,모형 선택 연도 — 조기종료가 이 해 라벨을 봤다
BRD_20160973,2022,카페051(cafe051),커피,212.0,FS1,Low,0.01158138161683619,0.004773358605957718,건전,0,모형 선택 연도 — 조기종료가 이 해 라벨을 봤다
BRD_20161030,2022,노군꼬치,기타 외식,70.0,FS2,Medium,0.10584324702589222,0.10195520607529238,건전,0,모형 선택 연도 — 조기종료가 이 해 라벨을 봤다
BRD_20161062,2022,텀브커피,커피,34.0,FS2,Medium,0.10584324702589222,0.11192614980344366,요주의,1,모형 선택 연도 — 조기종료가 이 해 라벨을 봤다
BRD_20161076,2022,투고샐러드 (TOGOSALAD),기타 외식,38.0,FS3,High,0.17833399980005998,0.17996734803088482,요주의,2,모형 선택 연도 — 조기종료가 이 해 라벨을 봤다
BRD_20161120,2022,호수꼬치,한식,26.0,FS2,Medium,0.12358443004732989,0.12728986700750358,건전,0,모형 선택 연도 — 조기종료가 이 해 라벨을 봤다
BRD_20161124,2022,파주닭국수,한식,26.0,FS2,Medium,0.10584324702589222,0.11023297067979533,건전,0,모형 선택 연도 — 조기종료가 이 해 라벨을 봤다
BRD_20161125,2022,고반식당,기타 외식,91.0,FS1,Low,0.040134190898509337,0.04247069262805749,건전,0,모형 선택 연도 — 조기종료가 이 해 라벨을 봤다
BRD_20161137,2022,명랑시대쌀핫도그,제과제빵,563.0,FS1,Low,0.03234585180001555,0.031499293202353174,건전,0,모형 선택 연도 — 조기종료가 이 해 라벨을 봤다
BRD_20161139,2022,2도맥주 (2°C BEER),주점,39.0,FS2,Medium,0.10584324702589222,0.11211428081718236,요주의,1,모형 선택 연도 — 조기종료가 이 해 라벨을 봤다
BRD_20161159,2022,매머드익스프레스(Mammoth Express),커피,454.0,FS1,Low,0.01158138161683619,0.005964762632861453,건전,0,모형 선택 연도 — 조기종료가 이 해 라벨을 봤다
BRD_20161160,2022,수내닭꼬치,기타 외식,115.0,FS2,Medium,0.10584324702589222,0.1030839921577246,건전,0,모형 선택 연도 — 조기종료가 이 해 라벨을 봤다
BRD_20161169,2022,강순자옛맛김치찌개,한식,38.0,FS1,Low,0.03234585180001555,0.028519406938581626,건전,0,모형 선택 연도 — 조기종료가 이 해 라벨을 봤다
BRD_20161174,2022,미각양꼬치,기타 외국식,18.0,FS3,High,0.32679523066157073,0.3302533738406267,요주의,2,모형 선택 연도 — 조기종료가 이 해 라벨을 봤다
BRD_20161178,2022,리틀하노이(LittleHANOI),기타 외국식,35.0,FS2,Medium,0.10584324702589222,0.10647035040502126,요주의,1,모형 선택 연도 — 조기종료가 이 해 라벨을 봤다
BRD_20161181,2022,블럭제빵소,제과제빵,47.0,FS2,Medium,0.10584324702589222,0.11292951521005008,건전,0,모형 선택 연도 — 조기종료가 이 해 라벨을 봤다
BRD_20161188,2022,이태리부대찌개,한식,42.0,FS2,Medium,0.09066734525097016,0.08550753864749666,건전,0,모형 선택 연도 — 조기종료가 이 해 라벨을 봤다
BRD_20161199,2022,동근이숯불두마리치킨,치킨,165.0,FS2,Medium,0.12358443004732989,0.11942984921319577,건전,0,모형 선택 연도 — 조기종료가 이 해 라벨을 봤다
BRD_20161219,2022,역전할머니맥주1982,주점,859.0,FS1,Low,0.03234585180001555,0.029941625382654408,건전,0,모형 선택 연도 — 조기종료가 이 해 라벨을 봤다
BRD_20161227,2022,굿맘할매순대국&양선지해장국,한식,45.0,FS1,Low,0.03234585180001555,0.03400510665143379,건전,0,모형 선택 연도 — 조기종료가 이 해 라벨을 봤다
BRD_20161261,2022,황금코다리,한식,121.0,FS1,Low,0.01158138161683619,0.016517198299723087,건전,0,모형 선택 연도 — 조기종료가 이 해 라벨을 봤다
BRD_20161275,2022,한옥마을,한식,45.0,FS3,High,0.32679523066157073,0.31559084676142984,건전,0,모형 선택 연도 — 조기종료가 이 해 라벨을 봤다
BRD_20161278,2022,팔팔핫도그,패스트푸드,18.0,FS2,Medium,0.12358443004732989,0.11752098774886387,요주의,2,모형 선택 연도 — 조기종료가 이 해 라벨을 봤다
BRD_20161308,2022,버거앤프라이즈(Burger&amp;Friez),기타 외식,60.0,FS2,Medium,0.12358443004732989,0.1284127266924047,요주의,2,모형 선택 연도 — 조기종료가 이 해 라벨을 봤다
BRD_20161309,2022,브라보치킨피자,치킨,9.0,FS3,High,0.17833399980005998,0.17806177509492246,요주의,2,모형 선택 연도 — 조기종료가 이 해 라벨을 봤다
BRD_20170014,2022,맘스케익,제과제빵,37.0,FS2,Medium,0.10584324702589222,0.10182978539946658,건전,0,모형 선택 연도 — 조기종료가 이 해 라벨을 봤다
BRD_20170126,2022,미카도스시,일식,63.0,FS1,Low,0.040134190898509337,0.041054630973785894,건전,0,모형 선택 연도 — 조기종료가 이 해 라벨을 봤다
BRD_20170127,2022,치킨플러스,치킨,335.0,FS2,Medium,0.12358443004732989,0.11853156146527487,건전,0,모형 선택 연도 — 조기종료가 이 해 라벨을 봤다
BRD_20170132,2022,바푸리pho베트남쌀국수,기타 외식,10.0,FS3,High,0.32679523066157073,0.2992684109562862,요주의,1,모형 선택 연도 — 조기종료가 이 해 라벨을 봤다
BRD_20170139,2022,용호동낙지,기타 외식,31.0,FS3,High,0.2689750767077569,0.2920051380283438,요주의,1,모형 선택 연도 — 조기종료가 이 해 라벨을 봤다
BRD_20170147,2022,마성떡볶이,분식,42.0,FS2,Medium,0.10584324702589222,0.11161259811387915,건전,0,모형 선택 연도 — 조기종료가 이 해 라벨을 봤다
BRD_20170159,2022,제주은희네해장국,한식,86.0,FS1,Low,0.03234585180001555,0.03420828071487276,건전,0,모형 선택 연도 — 조기종료가 이 해 라벨을 봤다
BRD_20170182,2022,79네수육국밥,기타 외식,34.0,FS1,Low,0.03234585180001555,0.03596912259801049,건전,0,모형 선택 연도 — 조기종료가 이 해 라벨을 봤다
BRD_20170185,2022,제주스,음료 (커피 외),32.0,FS2,Medium,0.12358443004732989,0.12021585099262655,건전,0,모형 선택 연도 — 조기종료가 이 해 라벨을 봤다
BRD_20170214,2022,청춘감성쌀핫도그,기타 외식,52.0,FS2,Medium,0.12358443004732989,0.12032813696111666,평가불가,0,모형 선택 연도 — 조기종료가 이 해 라벨을 봤다
BRD_20170227,2022,오르새피자,피자,44.0,FS3,High,0.2689750767077569,0.2557450414810368,건전,0,모형 선택 연도 — 조기종료가 이 해 라벨을 봤다
BRD_20170243,2022,비어첸,주점,27.0,FS3,High,0.32679523066157073,0.32195383021089263,요주의,1,모형 선택 연도 — 조기종료가 이 해 라벨을 봤다
BRD_20170274,2022,길동우동,기타 외식,59.0,FS1,Low,0.01158138161683619,0.007156166659765185,건전,0,모형 선택 연도 — 조기종료가 이 해 라벨을 봤다
BRD_20170305,2022,꽃찬찜닭,기타 외식,13.0,FS3,High,0.32679523066157073,0.35017227855198846,요주의,2,모형 선택 연도 — 조기종료가 이 해 라벨을 봤다
BRD_20170316,2022,Emoi(에머이),기타 외국식,48.0,FS2,Medium,0.10584324702589222,0.102833150806073,건전,0,모형 선택 연도 — 조기종료가 이 해 라벨을 봤다
BRD_20170332,2022,김영희동태찜&코다리냉면,기타 외식,48.0,FS2,Medium,0.10584324702589222,0.09925866154503762,건전,0,모형 선택 연도 — 조기종료가 이 해 라벨을 봤다
BRD_20170338|JNG_004159,2022,울엄마 양평해장국,한식,43.0,FS1,Low,0.03234585180001555,0.034276005402685744,건전,0,모형 선택 연도 — 조기종료가 이 해 라벨을 봤다
BRD_20170356,2022,보돌미역,기타 외식,41.0,FS2,Medium,0.10584324702589222,0.10960586730066632,건전,0,모형 선택 연도 — 조기종료가 이 해 라벨을 봤다
BRD_20170357,2022,어벤더치커피,커피,53.0,FS2,Medium,0.15982271985071145,0.15622935374289665,건전,0,모형 선택 연도 — 조기종료가 이 해 라벨을 봤다
BRD_20170358,2022,33떡볶이,기타 외식,152.0,FS1,Low,0.01158138161683619,0.014134390245915621,건전,0,모형 선택 연도 — 조기종료가 이 해 라벨을 봤다
BRD_20170368,2022,백남옥달인손만두,기타 외식,32.0,FS2,Medium,0.09066734525097016,0.09218493542846237,요주의,1,모형 선택 연도 — 조기종료가 이 해 라벨을 봤다
BRD_20170439,2022,후라이드 참 잘하는집,치킨,271.0,FS1,Low,0.040134190898509337,0.04268310187619823,요주의,1,모형 선택 연도 — 조기종료가 이 해 라벨을 봤다
BRD_20170446,2022,스파게티스토리,기타 외식,50.0,FS1,Low,0.03234585180001555,0.03339558446111688,건전,0,모형 선택 연도 — 조기종료가 이 해 라벨을 봤다
BRD_20170451,2022,선비꼬마김밥,분식,164.0,FS1,Low,0.01158138161683619,0.008347570686668918,건전,0,모형 선택 연도 — 조기종료가 이 해 라벨을 봤다
BRD_20170468,2022,쌀똑핫도그,제과제빵,21.0,FS3,High,0.32679523066157073,0.3471291125544193,요주의,2,모형 선택 연도 — 조기종료가 이 해 라벨을 봤다
BRD_20170511,2022,오마뎅,분식,86.0,FS1,Low,0.040134190898509337,0.04041740322936367,건전,0,모형 선택 연도 — 조기종료가 이 해 라벨을 봤다
BRD_20170519,2022,국제통닭,치킨,59.0,FS2,Medium,0.09066734525097016,0.0982552961384312,건전,0,모형 선택 연도 — 조기종료가 이 해 라벨을 봤다
BRD_20170520,2022,에이바우트커피,커피,50.0,FS1,Low,0.03234585180001555,0.029467552567963483,건전,0,모형 선택 연도 — 조기종료가 이 해 라벨을 봤다
BRD_20170534,2022,본초맘죽,한식,48.0,FS3,High,0.17833399980005998,0.1788784492103349,요주의,1,모형 선택 연도 — 조기종료가 이 해 라벨을 봤다
BRD_20170547,2022,엑스오엑스오 푸드카페,기타 외식,387.0,FS3,High,0.2689750767077569,0.26358506235613016,요주의,1,모형 선택 연도 — 조기종료가 이 해 라벨을 봤다
BRD_20170549,2022,맛있는 오칠구,기타 외식,14.0,FS3,High,0.32679523066157073,0.34519255237414803,요주의,1,모형 선택 연도 — 조기종료가 이 해 라벨을 봤다
BRD_20170559,2022,행컵,기타 외식,30.0,FS2,Medium,0.12358443004732989,0.12919872847183547,건전,0,모형 선택 연도 — 조기종료가 이 해 라벨을 봤다
BRD_20170560,2022,이춘봉치킨,치킨,89.0,FS3,High,0.32679523066157073,0.3357864029271161,요주의,2,모형 선택 연도 — 조기종료가 이 해 라벨을 봤다
BRD_20170565,2022,우거지품은순대국,한식,16.0,FS2,Medium,0.12358443004732989,0.11639812806396276,건전,0,모형 선택 연도 — 조기종료가 이 해 라벨을 봤다
BRD_20170579,2022,우주라이크(WOULDULIKE),커피,114.0,FS2,Medium,0.12358443004732989,0.12212471245695845,건전,0,모형 선택 연도 — 조기종료가 이 해 라벨을 봤다
BRD_20170626,2022,진1926,기타 외식,51.0,FS2,Medium,0.12358443004732989,0.1302093021882465,건전,0,모형 선택 연도 — 조기종료가 이 해 라벨을 봤다
BRD_20170699,2022,내담대구탕해물갈비찜,한식,33.0,FS2,Medium,0.10584324702589222,0.11054652236935983,건전,0,모형 선택 연도 — 조기종료가 이 해 라벨을 봤다
BRD_20170703,2022,행복가마솥밥&알솥밥,한식,26.0,FS2,Medium,0.12358443004732989,0.11538755434755174,건전,0,모형 선택 연도 — 조기종료가 이 해 라벨을 봤다
BRD_20170705,2022,별법동태탕왕해물찜,한식,19.0,FS1,Low,0.040134190898509337,0.04084222172564515,건전,0,모형 선택 연도 — 조기종료가 이 해 라벨을 봤다
BRD_20170711,2022,착한쭝식,중식,38.0,FS3,High,0.32679523066157073,0.3496189756433395,요주의,2,모형 선택 연도 — 조기종료가 이 해 라벨을 봤다
BRD_20170765,2022,비엔나커피하우스,커피,30.0,FS3,High,0.17833399980005998,0.17942289862060987,요주의,1,모형 선택 연도 — 조기종료가 이 해 라벨을 봤다
BRD_20170774,2022,싸다김밥,분식,71.0,FS1,Low,0.03234585180001555,0.03224426476829606,건전,0,모형 선택 연도 — 조기종료가 이 해 라벨을 봤다
BRD_20170813,2022,해초과메기,기타 외식,30.0,FS2,Medium,0.10584324702589222,0.10509072297093744,건전,0,모형 선택 연도 — 조기종료가 이 해 라벨을 봤다
BRD_20170818,2022,고집센그집갈비탕,한식,64.0,FS1,Low,0.040134190898509337,0.042824708041625394,건전,0,모형 선택 연도 — 조기종료가 이 해 라벨을 봤다
BRD_20170833,2022,빵사부식빵공방,제과제빵,17.0,FS3,High,0.32679523066157073,0.34325599219387676,요주의,1,모형 선택 연도 — 조기종료가 이 해 라벨을 봤다
BRD_20170850,2022,꿀스커피GGUL&#39;S COFFEE,커피,26.0,FS3,High,0.32679523066157073,0.3039714856798022,건전,0,모형 선택 연도 — 조기종료가 이 해 라벨을 봤다
BRD_20170854,2022,갈통삼,한식,15.0,FS3,High,0.32679523066157073,0.33855291747036076,요주의,1,모형 선택 연도 — 조기종료가 이 해 라벨을 봤다
BRD_20170868,2022,DDC치킨,치킨,13.0,FS3,High,0.32679523066157073,0.341042780559281,건전,0,모형 선택 연도 — 조기종료가 이 해 라벨을 봤다
BRD_20170900,2022,웅이네 오돌뼈,기타 외식,94.0,FS1,Low,0.03234585180001555,0.034953252280815646,요주의,1,모형 선택 연도 — 조기종료가 이 해 라벨을 봤다
BRD_20170915,2022,화로상회,기타 외식,54.0,FS2,Medium,0.10584324702589222,0.09982305458625373,건전,0,모형 선택 연도 — 조기종료가 이 해 라벨을 봤다
BRD_20170922,2022,풍국면,기타 외식,39.0,FS1,Low,0.03234585180001555,0.03244743883173502,건전,0,모형 선택 연도 — 조기종료가 이 해 라벨을 봤다
BRD_20170925,2022,브라더한정식도시락,한식,34.0,FS2,Medium,0.12358443004732989,0.121675568582998,요주의,1,모형 선택 연도 — 조기종료가 이 해 라벨을 봤다
BRD_20170957,2022,생고기대학교,한식,0.0,FS3,High,0.32679523066157073,0.32527364766278627,요주의,1,모형 선택 연도 — 조기종료가 이 해 라벨을 봤다
BRD_20171018,2022,직화삼겹살직구삼,한식,54.0,FS3,High,0.32679523066157073,0.30673800022304687,건전,0,모형 선택 연도 — 조기종료가 이 해 라벨을 봤다
BRD_20171051,2022,"오늘,와인한잔",주점,105.0,FS1,Low,0.03234585180001555,0.0300093500704674,건전,0,모형 선택 연도 — 조기종료가 이 해 라벨을 봤다
BRD_20171067,2022,남다른대구막창,한식,14.0,FS3,High,0.17833399980005998,0.17724510097951005,건전,0,모형 선택 연도 — 조기종료가 이 해 라벨을 봤다
BRD_20171075,2022,팔공티,음료 (커피 외),220.0,FS2,Medium,0.12358443004732989,0.11763327371735398,건전,0,모형 선택 연도 — 조기종료가 이 해 라벨을 봤다
BRD_20171098,2022,홍대쌀국수,기타 외국식,61.0,FS2,Medium,0.10584324702589222,0.108539791556147,건전,0,모형 선택 연도 — 조기종료가 이 해 라벨을 봤다
BRD_20171100,2022,어사출또,기타 외식,70.0,FS3,High,0.17833399980005998,0.1867729656593218,요주의,2,모형 선택 연도 — 조기종료가 이 해 라벨을 봤다
BRD_20171110,2022,유달리,기타 외식,27.0,FS2,Medium,0.10584324702589222,0.11286680487213718,건전,0,모형 선택 연도 — 조기종료가 이 해 라벨을 봤다
BRD_20171141,2022,전통맛집 할매순대국,한식,29.0,FS1,Low,0.03234585180001555,0.03265061289517399,건전,0,모형 선택 연도 — 조기종료가 이 해 라벨을 봤다
BRD_20171164,2022,종로계림닭도리탕원조,기타 외식,28.0,FS2,Medium,0.10584324702589222,0.10070099931703436,건전,0,모형 선택 연도 — 조기종료가 이 해 라벨을 봤다
BRD_20171180,2022,망원동티라미수,제과제빵,34.0,FS2,Medium,0.15982271985071145,0.15999999999999998,요주의,3,모형 선택 연도 — 조기종료가 이 해 라벨을 봤다
BRD_20171201,2022,치킨과 바람피자,치킨,32.0,FS3,High,0.17833399980005998,0.18650074095418434,요주의,2,모형 선택 연도 — 조기종료가 이 해 라벨을 봤다
BRD_20171211,2022,노가리슈퍼,주점,25.0,FS2,Medium,0.10584324702589222,0.09894510985547313,건전,0,모형 선택 연도 — 조기종료가 이 해 라벨을 봤다
BRD_20171221,2022,꽉찬쌀통닭,치킨,0.0,FS2,Medium,0.12358443004732989,0.11583669822151219,평가불가,0,모형 선택 연도 — 조기종료가 이 해 라벨을 봤다
BRD_20171226,2022,최고당 돈가스,기타 외식,149.0,FS2,Medium,0.10584324702589222,0.10201791641320528,건전,0,모형 선택 연도 — 조기종료가 이 해 라벨을 봤다
BRD_20171233,2022,남도술상,기타 외식,32.0,FS2,Medium,0.09066734525097016,0.08914975507347797,건전,0,모형 선택 연도 — 조기종료가 이 해 라벨을 봤다
BRD_20171241,2022,엉터리 해장국,한식,42.0,FS2,Medium,0.10584324702589222,0.10396193688850522,요주의,1,모형 선택 연도 — 조기종료가 이 해 라벨을 봤다
BRD_20171244,2022,크라운호프보리장인,주점,413.0,FS1,Low,0.03234585180001555,0.035698223846758526,건전,0,모형 선택 연도 — 조기종료가 이 해 라벨을 봤다
BRD_20171254,2022,명륜진사갈비,한식,465.0,FS2,Medium,0.10584324702589222,0.10139081303407627,건전,0,모형 선택 연도 — 조기종료가 이 해 라벨을 봤다
BRD_20171271,2022,"고기,원칙",한식,71.0,FS1,Low,0.040134190898509337,0.04402836044775625,건전,0,모형 선택 연도 — 조기종료가 이 해 라벨을 봤다
BRD_20171304,2022,현풍닭칼국수,한식,66.0,FS1,Low,0.03234585180001555,0.03143156851454018,건전,0,모형 선택 연도 — 조기종료가 이 해 라벨을 봤다
BRD_20171308,2022,교동면옥,한식,48.0,FS1,Low,0.01158138161683619,0.009879375864116574,건전,0,모형 선택 연도 — 조기종료가 이 해 라벨을 봤다
BRD_20171319,2022,테트리스찜닭,치킨,89.0,FS2,Medium,0.15982271985071145,0.15448711563001677,요주의,3,모형 선택 연도 — 조기종료가 이 해 라벨을 봤다
BRD_20171354,2022,링코(RINKO),주점,34.0,FS2,Medium,0.10584324702589222,0.11117362574848885,건전,0,모형 선택 연도 — 조기종료가 이 해 라벨을 봤다
BRD_20171357,2022,정아니의불타는여고24시떡볶이,분식,42.0,FS2,Medium,0.10584324702589222,0.11004483966605662,요주의,1,모형 선택 연도 — 조기종료가 이 해 라벨을 봤다
BRD_20171372,2022,설맥(SEOL MAC),주점,63.0,FS3,High,0.2689750767077569,0.29396514324711714,건전,0,모형 선택 연도 — 조기종료가 이 해 라벨을 봤다
BRD_20171376,2022,도쿄라멘,일식,28.0,FS2,Medium,0.10584324702589222,0.09907053053129893,건전,0,모형 선택 연도 — 조기종료가 이 해 라벨을 봤다
BRD_20171384,2022,커피홀 베이커리,제과제빵,33.0,FS3,High,0.2689750767077569,0.29788515368466384,건전,0,모형 선택 연도 — 조기종료가 이 해 라벨을 봤다
BRD_20171391,2022,아재불닭발,한식,27.0,FS2,Medium,0.12358443004732989,0.1322304496210685,요주의,2,모형 선택 연도 — 조기종료가 이 해 라벨을 봤다
BRD_20171409,2022,바우네 나주곰탕,한식,22.0,FS2,Medium,0.12358443004732989,0.12684072313354314,요주의,2,모형 선택 연도 — 조기종료가 이 해 라벨을 봤다
BRD_20171421,2022,연안식당,한식,69.0,FS3,High,0.32679523066157073,0.32804016220603094,요주의,1,모형 선택 연도 — 조기종료가 이 해 라벨을 봤다
BRD_20171425,2022,송사부수제쌀고로케,제과제빵,88.0,FS2,Medium,0.10584324702589222,0.10063828897912146,건전,0,모형 선택 연도 — 조기종료가 이 해 라벨을 봤다
BRD_20171445,2022,카페일리터,커피,73.0,FS1,Low,0.040134190898509337,0.042966314207052554,요주의,1,모형 선택 연도 — 조기종료가 이 해 라벨을 봤다
BRD_20171478,2022,커피사피엔스,커피,67.0,FS1,Low,0.03234585180001555,0.03529187571988059,건전,0,모형 선택 연도 — 조기종료가 이 해 라벨을 봤다
BRD_20171493,2022,이차돌,기타 외식,283.0,FS1,Low,0.03234585180001555,0.03535960040769358,평가불가,0,모형 선택 연도 — 조기종료가 이 해 라벨을 봤다
BRD_20171499,2022,양계장집아들,치킨,51.0,FS1,Low,0.03234585180001555,0.03461462884175069,건전,0,모형 선택 연도 — 조기종료가 이 해 라벨을 봤다
BRD_20171503,2022,샌드리아,기타 외식,48.0,FS3,High,0.32679523066157073,0.3178040583960256,건전,0,모형 선택 연도 — 조기종료가 이 해 라벨을 봤다
BRD_20171515,2022,자성화 맛집 코다리네,한식,50.0,FS3,High,0.17833399980005998,0.18323404449253458,요주의,1,모형 선택 연도 — 조기종료가 이 해 라벨을 봤다
BRD_20171544,2022,분식이더치킨,분식,26.0,FS2,Medium,0.15982271985071145,0.15666491327111662,요주의,2,모형 선택 연도 — 조기종료가 이 해 라벨을 봤다
BRD_20171553,2022,숙달돼지,기타 외식,26.0,FS2,Medium,0.10584324702589222,0.10170436472364078,건전,0,모형 선택 연도 — 조기종료가 이 해 라벨을 봤다
BRD_20180004,2022,조선화로집,한식,53.0,FS3,High,0.2689750767077569,0.24398501016839663,요주의,2,모형 선택 연도 — 조기종료가 이 해 라벨을 봤다
BRD_20180011,2022,통불,기타 외식,38.0,FS2,Medium,0.10584324702589222,0.10402464722641812,건전,0,모형 선택 연도 — 조기종료가 이 해 라벨을 봤다
BRD_20180037,2022,피슈 마라홍탕,중식,48.0,FS2,Medium,0.12358443004732989,0.12762672491297392,평가불가,0,모형 선택 연도 — 조기종료가 이 해 라벨을 봤다
BRD_20180053,2022,브로피자,피자,42.0,FS3,High,0.32679523066157073,0.3285934651146799,요주의,1,모형 선택 연도 — 조기종료가 이 해 라벨을 봤다
BRD_20180068,2022,방가네소고기국밥수육,한식,60.0,FS3,High,0.2689750767077569,0.26750507279367686,건전,0,모형 선택 연도 — 조기종료가 이 해 라벨을 봤다
BRD_20180070,2022,감성커피,커피,299.0,FS1,Low,0.03234585180001555,0.031092945075475234,건전,0,모형 선택 연도 — 조기종료가 이 해 라벨을 봤다
BRD_20180074,2022,김충기꽃삼겹,한식,78.0,FS3,High,0.32679523066157073,0.3291467680233288,요주의,1,모형 선택 연도 — 조기종료가 이 해 라벨을 봤다
BRD_20180102,2022,1도씨맥주(1℃ 맥주),주점,56.0,FS1,Low,0.040134190898509337,0.04204587413177601,건전,0,모형 선택 연도 — 조기종료가 이 해 라벨을 봤다
BRD_20180145,2022,미식가의구이,한식,13.0,FS2,Medium,0.12358443004732989,0.1303215881567366,건전,0,모형 선택 연도 — 조기종료가 이 해 라벨을 봤다
BRD_20180162,2022,사계진미 숯불닭갈비,한식,28.0,FS3,High,0.32679523066157073,0.3197406185762969,요주의,1,모형 선택 연도 — 조기종료가 이 해 라벨을 봤다
BRD_20180168,2022,밀방떡,분식,26.0,FS2,Medium,0.12358443004732989,0.11651041403245287,요주의,1,모형 선택 연도 — 조기종료가 이 해 라벨을 봤다
BRD_20180171,2022,달리는커피,커피,274.0,FS1,Low,0.01158138161683619,0.008517771261940879,건전,0,모형 선택 연도 — 조기종료가 이 해 라벨을 봤다
BRD_20180229,2022,캠토토스트,기타 외식,81.0,FS2,Medium,0.15982271985071145,0.15999999999999998,요주의,2,모형 선택 연도 — 조기종료가 이 해 라벨을 봤다
BRD_20180231,2022,혼다라멘,일식,16.0,FS3,High,0.32679523066157073,0.31365428658115857,요주의,1,모형 선택 연도 — 조기종료가 이 해 라벨을 봤다
BRD_20180240,2022,스푼필라프,서양식,30.0,FS3,High,0.2689750767077569,0.2626050597467435,건전,0,모형 선택 연도 — 조기종료가 이 해 라벨을 봤다
BRD_20180244,2022,텐퍼센트스페셜티커피,커피,413.0,FS1,Low,0.01158138161683619,0.02145301498260998,건전,0,모형 선택 연도 — 조기종료가 이 해 라벨을 봤다
BRD_20180249,2022,청년피자,피자,365.0,FS1,Low,0.03234585180001555,0.03488552759300265,건전,0,모형 선택 연도 — 조기종료가 이 해 라벨을 봤다
BRD_20180256,2022,맵도리탕,한식,26.0,FS3,High,0.2689750767077569,0.2753450936687703,요주의,2,모형 선택 연도 — 조기종료가 이 해 라벨을 봤다
BRD_20180260,2022,대마족발,한식,9.0,FS3,High,0.32679523066157073,0.3117177264008873,요주의,2,모형 선택 연도 — 조기종료가 이 해 라벨을 봤다
BRD_20180308,2022,서래왕차돌,한식,21.0,FS3,High,0.32679523066157073,0.35210883873225973,요주의,2,모형 선택 연도 — 조기종료가 이 해 라벨을 봤다
BRD_20180318,2022,리춘시장,중식,33.0,FS3,High,0.32679523066157073,0.34408594655685015,요주의,2,모형 선택 연도 — 조기종료가 이 해 라벨을 봤다
BRD_20180332,2022,백금당,커피,32.0,FS2,Medium,0.12358443004732989,0.12055270889809688,건전,0,모형 선택 연도 — 조기종료가 이 해 라벨을 봤다
BRD_20180361,2022,고돼지,기타 외식,64.0,FS2,Medium,0.10584324702589222,0.10465175060554713,건전,0,모형 선택 연도 — 조기종료가 이 해 라벨을 봤다
BRD_20180394,2022,잇또라멘,분식,14.0,FS1,Low,0.040134190898509337,0.04155025255278095,건전,0,모형 선택 연도 — 조기종료가 이 해 라벨을 봤다
BRD_20180395,2022,부대통령뚝배기,한식,21.0,FS3,High,0.2689750767077569,0.2773050988875436,건전,0,모형 선택 연도 — 조기종료가 이 해 라벨을 봤다
BRD_20180406,2022,웰덤치킨,치킨,42.0,FS3,High,0.2689750767077569,0.282205111934477,요주의,2,모형 선택 연도 — 조기종료가 이 해 라벨을 봤다
BRD_20180410,2022,일품양평해장국,한식,173.0,FS2,Medium,0.10584324702589222,0.10427548857806972,건전,0,모형 선택 연도 — 조기종료가 이 해 라벨을 봤다
BRD_20180413,2022,추닭집,치킨,30.0,FS2,Medium,0.10584324702589222,0.10113997168242467,건전,0,모형 선택 연도 — 조기종료가 이 해 라벨을 봤다
BRD_20180414,2022,KMGM HOLD’EM & EVENT PUB(케이엠지엠홀드이엠앤이벤트펍),주점,86.0,FS2,Medium,0.12358443004732989,0.13245502155804872,건전,0,모형 선택 연도 — 조기종료가 이 해 라벨을 봤다
BRD_20180420,2022,치요남치킨,치킨,19.0,FS3,High,0.32679523066157073,0.32721020784305754,요주의,2,모형 선택 연도 — 조기종료가 이 해 라벨을 봤다
BRD_20180428,2022,일공공샤브&편백찜,기타 외국식,38.0,FS2,Medium,0.10584324702589222,0.10828895020449539,건전,0,모형 선택 연도 — 조기종료가 이 해 라벨을 봤다
BRD_20180479,2022,벌크커피(BULK COFFEE),커피,211.0,FS1,Low,0.01158138161683619,0.012602585068467965,건전,0,모형 선택 연도 — 조기종료가 이 해 라벨을 봤다
BRD_20180511,2022,고피자(GOPIZZA),피자,108.0,FS1,Low,0.01158138161683619,0.0195808086546184,건전,0,모형 선택 연도 — 조기종료가 이 해 라벨을 봤다
BRD_20180512,2022,홍루이젠,제과제빵,200.0,FS2,Medium,0.12358443004732989,0.1323427355895586,건전,0,모형 선택 연도 — 조기종료가 이 해 라벨을 봤다
BRD_20180559,2022,밥통령,한식,56.0,FS1,Low,0.040134190898509337,0.036877249093684665,건전,0,모형 선택 연도 — 조기종료가 이 해 라벨을 봤다
BRD_20180565,2022,여우애(愛),분식,47.0,FS1,Low,0.03234585180001555,0.03319241039767791,건전,0,모형 선택 연도 — 조기종료가 이 해 라벨을 봤다
BRD_20180580,2022,탄탄면공방,분식,48.0,FS3,High,0.2689750767077569,0.26652507018429017,건전,0,모형 선택 연도 — 조기종료가 이 해 라벨을 봤다
BRD_20180600,2022,곱분이곱창,한식,137.0,FS1,Low,0.01158138161683619,0.01872980577825859,건전,0,모형 선택 연도 — 조기종료가 이 해 라벨을 봤다
BRD_20180608,2022,진미대왕통닭,치킨,37.0,FS2,Medium,0.12358443004732989,0.12807586878693436,건전,0,모형 선택 연도 — 조기종료가 이 해 라벨을 봤다
BRD_20180609,2022,유케야,주점,36.0,FS2,Medium,0.10584324702589222,0.1030212818198117,요주의,1,모형 선택 연도 — 조기종료가 이 해 라벨을 봤다
BRD_20180630,2022,문토스트,기타 외식,29.0,FS2,Medium,0.12358443004732989,0.11505069644208141,요주의,1,모형 선택 연도 — 조기종료가 이 해 라벨을 봤다
BRD_20180650,2022,열정분식소,분식,9.0,FS3,High,0.32679523066157073,0.32693355638873306,요주의,2,모형 선택 연도 — 조기종료가 이 해 라벨을 봤다
BRD_20180676,2022,오산조은참치,일식,22.0,FS3,High,0.32679523066157073,0.336339705835765,요주의,2,모형 선택 연도 — 조기종료가 이 해 라벨을 봤다
BRD_20180711,2022,비스트로피자,패스트푸드,99.0,FS1,Low,0.03234585180001555,0.02858713162639462,건전,0,모형 선택 연도 — 조기종료가 이 해 라벨을 봤다
BRD_20180715,2022,카페보스(CAFE BOSS),커피,37.0,FS2,Medium,0.15982271985071145,0.15557601445056668,건전,0,모형 선택 연도 — 조기종료가 이 해 라벨을 봤다
BRD_20180727,2022,눈꽃치즈떡볶이,분식,13.0,FS3,High,0.32679523066157073,0.31918731566764796,요주의,2,모형 선택 연도 — 조기종료가 이 해 라벨을 봤다
BRD_20180732,2022,닭장수후라이드和,치킨,48.0,FS2,Medium,0.10584324702589222,0.11180072912761786,건전,0,모형 선택 연도 — 조기종료가 이 해 라벨을 봤다
BRD_20180733,2022,범프리카인생치킨,치킨,45.0,FS2,Medium,0.15982271985071145,0.15361599657357683,건전,0,모형 선택 연도 — 조기종료가 이 해 라벨을 봤다
BRD_20180737,2022,멘야마쯔리,일식,45.0,FS2,Medium,0.10584324702589222,0.09919595120712472,건전,0,모형 선택 연도 — 조기종료가 이 해 라벨을 봤다
BRD_20180747,2022,치순이통닭,치킨,27.0,FS1,Low,0.040134190898509337,0.03978017548494145,건전,0,모형 선택 연도 — 조기종료가 이 해 라벨을 봤다
BRD_20180759,2022,토스트카페마리,제과제빵,32.0,FS3,High,0.2689750767077569,0.28122510932509037,건전,0,모형 선택 연도 — 조기종료가 이 해 라벨을 봤다
BRD_20180779,2022,조커닭 (Jokerdark),치킨,6.0,FS3,High,0.2689750767077569,0.279265104106317,요주의,2,모형 선택 연도 — 조기종료가 이 해 라벨을 봤다
BRD_20180783,2022,백년불고기,기타 외식,33.0,FS2,Medium,0.12358443004732989,0.12897415653485525,건전,0,모형 선택 연도 — 조기종료가 이 해 라벨을 봤다
BRD_20180793,2022,허갈닭강정,치킨,37.0,FS2,Medium,0.10584324702589222,0.1087279225698857,건전,0,모형 선택 연도 — 조기종료가 이 해 라벨을 봤다
BRD_20180804,2022,미스터빠삭,기타 외식,78.0,FS1,Low,0.040134190898509337,0.03850571999609701,건전,0,모형 선택 연도 — 조기종료가 이 해 라벨을 봤다
BRD_20180812,2022,돈까스짱,기타 외식,68.0,FS1,Low,0.040134190898509337,0.04034660014665009,요주의,1,모형 선택 연도 — 조기종료가 이 해 라벨을 봤다
BRD_20180833,2022,자가제빵 선명희피자,피자,84.0,FS2,Medium,0.10584324702589222,0.10697203310832447,요주의,1,모형 선택 연도 — 조기종료가 이 해 라벨을 봤다
BRD_20180889,2022,엘에이치씨피자탑(LHC PIZZA TOP),피자,48.0,FS2,Medium,0.10584324702589222,0.09932137188295052,건전,0,모형 선택 연도 — 조기종료가 이 해 라벨을 봤다
BRD_20180893,2022,고기듬뿍 대왕비빔밥,한식,147.0,FS2,Medium,0.09066734525097016,0.09157789935746549,요주의,1,모형 선택 연도 — 조기종료가 이 해 라벨을 봤다
BRD_20180917,2022,피치랑,피자,38.0,FS3,High,0.32679523066157073,0.318634012758999,요주의,1,모형 선택 연도 — 조기종료가 이 해 라벨을 봤다
BRD_20180922,2022,삼겹본능,한식,155.0,FS2,Medium,0.12358443004732989,0.11931756324470566,요주의,1,모형 선택 연도 — 조기종료가 이 해 라벨을 봤다
BRD_20180934,2022,인생대박집쪽갈비,한식,51.0,FS2,Medium,0.10584324702589222,0.11318035656170168,건전,0,모형 선택 연도 — 조기종료가 이 해 라벨을 봤다
BRD_20180936,2022,스테이크존,서양식,57.0,FS2,Medium,0.15982271985071145,0.1540515561017968,건전,0,모형 선택 연도 — 조기종료가 이 해 라벨을 봤다
BRD_20180941,2022,동명 카츠,일식,70.0,FS3,High,0.32679523066157073,0.31835736130467457,건전,0,모형 선택 연도 — 조기종료가 이 해 라벨을 봤다
BRD_20180948,2022,감동까스,한식,76.0,FS3,High,0.2689750767077569,0.24202500494962326,요주의,1,모형 선택 연도 — 조기종료가 이 해 라벨을 봤다
BRD_20180953,2022,파파도나스,제과제빵,31.0,FS3,High,0.32679523066157073,0.3283168136603554,건전,0,모형 선택 연도 — 조기종료가 이 해 라벨을 봤다
BRD_20180986,2022,김형제고기의철학,한식,68.0,FS1,Low,0.01158138161683619,0.007496567810309109,건전,0,모형 선택 연도 — 조기종료가 이 해 라벨을 봤다
BRD_20181008,2022,김복남맥주,주점,154.0,FS2,Medium,0.12358443004732989,0.12425814585827057,건전,0,모형 선택 연도 — 조기종료가 이 해 라벨을 봤다
BRD_20181014,2022,할매손충무김밥,분식,25.0,FS2,Medium,0.10584324702589222,0.10051286830329564,건전,0,모형 선택 연도 — 조기종료가 이 해 라벨을 봤다
BRD_20181029,2022,빅쭌부대찌개,기타 외식,30.0,FS3,High,0.32679523066157073,0.309781166220616,평가불가,0,모형 선택 연도 — 조기종료가 이 해 라벨을 봤다
BRD_20181053,2022,장호덕손만두,분식,158.0,FS1,Low,0.040134190898509337,0.03921375082323281,건전,0,모형 선택 연도 — 조기종료가 이 해 라벨을 봤다
BRD_20181061,2022,미태리,서양식,72.0,FS2,Medium,0.10584324702589222,0.10013660627581825,건전,0,모형 선택 연도 — 조기종료가 이 해 라벨을 봤다
BRD_20181086,2022,떡깨비,분식,0.0,FS2,Medium,0.12358443004732989,0.12324757214185957,평가불가,0,모형 선택 연도 — 조기종료가 이 해 라벨을 봤다
BRD_20181090,2022,상문이두마리숯불양념치킨,치킨,16.0,FS3,High,0.32679523066157073,0.3360630543814406,요주의,1,모형 선택 연도 — 조기종료가 이 해 라벨을 봤다
BRD_20181091,2022,요녀석,서양식,85.0,FS3,High,0.2689750767077569,0.29102513541895714,건전,0,모형 선택 연도 — 조기종료가 이 해 라벨을 봤다
BRD_20181139,2022,SSOJA(쏘자),패스트푸드,46.0,FS2,Medium,0.12358443004732989,0.13155673381012783,건전,0,모형 선택 연도 — 조기종료가 이 해 라벨을 봤다
BRD_20181157,2022,동경에서먹었던규동,일식,49.0,FS1,Low,0.040134190898509337,0.037089658341825406,건전,0,모형 선택 연도 — 조기종료가 이 해 라벨을 봤다
BRD_20181179,2022,곱깨비,한식,45.0,FS3,High,0.17833399980005998,0.1775173256846475,건전,0,모형 선택 연도 — 조기종료가 이 해 라벨을 봤다
BRD_20181198,2022,육전국밥,한식,36.0,FS2,Medium,0.12358443004732989,0.11482612450510118,건전,0,모형 선택 연도 — 조기종료가 이 해 라벨을 봤다
BRD_20181209,2022,차얌,음료 (커피 외),126.0,FS2,Medium,0.10584324702589222,0.11255325318257267,건전,0,모형 선택 연도 — 조기종료가 이 해 라벨을 봤다
BRD_20181212,2022,이동규인왔따쪽갈비,한식,66.0,FS3,High,0.17833399980005998,0.17016725864593557,건전,0,모형 선택 연도 — 조기종료가 이 해 라벨을 봤다
BRD_20181220,2022,해산물직화구이전문점삼바리,기타 외식,47.0,FS2,Medium,0.12358443004732989,0.11729641581188364,건전,0,모형 선택 연도 — 조기종료가 이 해 라벨을 봤다
BRD_20181259,2022,통큰두마리찜닭,한식,51.0,FS3,High,0.32679523066157073,0.33301988838387137,요주의,2,모형 선택 연도 — 조기종료가 이 해 라벨을 봤다
BRD_20181268,2022,치킨의민족,치킨,23.0,FS3,High,0.32679523066157073,0.3534920960038821,요주의,2,모형 선택 연도 — 조기종료가 이 해 라벨을 봤다
BRD_20181300,2022,가락동 리어카포차,주점,20.0,FS3,High,0.32679523066157073,0.3222304816652171,요주의,1,모형 선택 연도 — 조기종료가 이 해 라벨을 봤다
BRD_20181303,2022,투가이즈(TWO GUYS),치킨,34.0,FS2,Medium,0.12358443004732989,0.1321181636525784,건전,0,모형 선택 연도 — 조기종료가 이 해 라벨을 봤다
BRD_20181340,2022,보배반점,중식,122.0,FS1,Low,0.03234585180001555,0.031296119138914204,건전,0,모형 선택 연도 — 조기종료가 이 해 라벨을 봤다
BRD_20181342,2022,쉬즈베이글커피,기타 외식,65.0,FS2,Medium,0.10584324702589222,0.11142446710014045,건전,0,모형 선택 연도 — 조기종료가 이 해 라벨을 봤다
BRD_20190005,2022,뚱보집,기타 외식,40.0,FS3,High,0.32679523066157073,0.35570530763847785,요주의,1,모형 선택 연도 — 조기종료가 이 해 라벨을 봤다
BRD_20190011,2022,상상짬뽕,중식,28.0,FS2,Medium,0.10584324702589222,0.10973128797649212,건전,0,모형 선택 연도 — 조기종료가 이 해 라벨을 봤다
BRD_20190033,2022,버텍스(VERTEX),서양식,38.0,FS2,Medium,0.10584324702589222,0.09950950289668924,건전,0,모형 선택 연도 — 조기종료가 이 해 라벨을 봤다
BRD_20190058,2022,포트리스,기타 외국식,31.0,FS3,High,0.17833399980005998,0.17316173040244784,요주의,1,모형 선택 연도 — 조기종료가 이 해 라벨을 봤다
BRD_20190063,2022,One&Two깻잎두마리치킨,치킨,24.0,FS2,Medium,0.15982271985071145,0.15862493114810647,요주의,2,모형 선택 연도 — 조기종료가 이 해 라벨을 봤다
BRD_20190092,2022,샐러데이즈(Salad Days),기타 외식,39.0,FS3,High,0.32679523066157073,0.3012049711365575,요주의,1,모형 선택 연도 — 조기종료가 이 해 라벨을 봤다
BRD_20190139,2022,더꼬치다,기타 외식,121.0,FS2,Medium,0.10584324702589222,0.10433819891598262,건전,0,모형 선택 연도 — 조기종료가 이 해 라벨을 봤다
BRD_20190156,2022,gre P&T,분식,26.0,FS3,High,0.32679523066157073,0.3108877720379139,건전,0,모형 선택 연도 — 조기종료가 이 해 라벨을 봤다
BRD_20190157,2022,청춘당 찹쌀 꽈배기,제과제빵,30.0,FS3,High,0.17833399980005998,0.17152838217162297,요주의,1,모형 선택 연도 — 조기종료가 이 해 라벨을 봤다
BRD_20190163,2022,크라상점,제과제빵,65.0,FS3,High,0.32679523066157073,0.3247203447541373,요주의,3,모형 선택 연도 — 조기종료가 이 해 라벨을 봤다
BRD_20190195,2022,그놈포차,한식,50.0,FS2,Medium,0.12358443004732989,0.11774555968584409,요주의,1,모형 선택 연도 — 조기종료가 이 해 라벨을 봤다
BRD_20190198,2022,무쏘,한식,24.0,FS3,High,0.32679523066157073,0.34491590091982355,요주의,2,모형 선택 연도 — 조기종료가 이 해 라벨을 봤다
BRD_20190199,2022,자연정가 양평해장국,한식,71.0,FS1,Low,0.01158138161683619,0.019240407504074478,건전,0,모형 선택 연도 — 조기종료가 이 해 라벨을 봤다
BRD_20190202,2022,흥부찜닭,한식,40.0,FS3,High,0.32679523066157073,0.32278378457386603,요주의,2,모형 선택 연도 — 조기종료가 이 해 라벨을 봤다
BRD_20190216,2022,명태어장,한식,53.0,FS2,Medium,0.10584324702589222,0.1027704404681601,건전,0,모형 선택 연도 — 조기종료가 이 해 라벨을 봤다
BRD_20190218,2022,택이네 조개전골,한식,57.0,FS1,Low,0.03234585180001555,0.03021252413390637,건전,0,모형 선택 연도 — 조기종료가 이 해 라벨을 봤다
BRD_20190227,2022,롤링파스타,서양식,120.0,FS1,Low,0.03234585180001555,0.03163474257797915,건전,0,모형 선택 연도 — 조기종료가 이 해 라벨을 봤다
BRD_20190233,2022,승승,기타 외식,41.0,FS2,Medium,0.10584324702589222,0.10628221939128256,건전,0,모형 선택 연도 — 조기종료가 이 해 라벨을 봤다
BRD_20190249,2022,아임일리터,커피,76.0,FS1,Low,0.01158138161683619,0.011921782767380117,건전,0,모형 선택 연도 — 조기종료가 이 해 라벨을 봤다
BRD_20190267,2022,흑화당,음료 (커피 외),11.0,FS3,High,0.32679523066157073,0.33329653983819585,요주의,2,모형 선택 연도 — 조기종료가 이 해 라벨을 봤다
BRD_20190275,2022,인생설렁탕,한식,32.0,FS2,Medium,0.12358443004732989,0.1312198759046575,건전,0,모형 선택 연도 — 조기종료가 이 해 라벨을 봤다
BRD_20190285,2022,탕쓱잘튀기는집,한식,43.0,FS2,Medium,0.15982271985071145,0.15999999999999998,요주의,1,모형 선택 연도 — 조기종료가 이 해 라벨을 봤다
BRD_20190293,2022,냠냠숯불두마리치킨,치킨,72.0,FS2,Medium,0.12358443004732989,0.12302300020487934,건전,0,모형 선택 연도 — 조기종료가 이 해 라벨을 봤다
BRD_20190306,2022,날쌘카페,커피,52.0,FS3,High,0.32679523066157073,0.29982171386493517,요주의,3,모형 선택 연도 — 조기종료가 이 해 라벨을 봤다
BRD_20190308,2022,타이거슈가(TIGER SUGAR),음료 (커피 외),14.0,FS3,High,0.32679523066157073,0.31227102930953626,요주의,2,모형 선택 연도 — 조기종료가 이 해 라벨을 봤다
BRD_20190328,2022,1943,기타 외식,79.0,FS2,Medium,0.10584324702589222,0.10226875776485689,건전,0,모형 선택 연도 — 조기종료가 이 해 라벨을 봤다
BRD_20190332,2022,홍베이팡,제과제빵,9.0,FS2,Medium,0.15982271985071145,0.15999999999999998,요주의,3,모형 선택 연도 — 조기종료가 이 해 라벨을 봤다
BRD_20190345,2022,봉자막창,한식,32.0,FS2,Medium,0.10584324702589222,0.10665848141875997,건전,0,모형 선택 연도 — 조기종료가 이 해 라벨을 봤다
BRD_20190352,2022,군자대한곱창,기타 외식,102.0,FS2,Medium,0.10584324702589222,0.10045015796538274,건전,0,모형 선택 연도 — 조기종료가 이 해 라벨을 봤다
BRD_20190359,2022,남도복국,한식,29.0,FS3,High,0.17833399980005998,0.17397840451786029,건전,0,모형 선택 연도 — 조기종료가 이 해 라벨을 봤다
BRD_20190374,2022,이쿠라멘,기타 외식,35.0,FS3,High,0.32679523066157073,0.30092831968223305,건전,0,모형 선택 연도 — 조기종료가 이 해 라벨을 봤다
BRD_20190404,2022,신떡순 신천할매떡볶이,분식,78.0,FS2,Medium,0.10584324702589222,0.09831800647634412,건전,0,모형 선택 연도 — 조기종료가 이 해 라벨을 봤다
BRD_20190495,2022,밀회관,주점,48.0,FS3,High,0.17833399980005998,0.18241737037712213,건전,0,모형 선택 연도 — 조기종료가 이 해 라벨을 봤다
BRD_20190497,2022,정직유부,한식,130.0,FS1,Low,0.01158138161683619,0.01855960520298663,건전,0,모형 선택 연도 — 조기종료가 이 해 라벨을 봤다
BRD_20190499,2022,용범이네인계동껍데기,기타 외식,11.0,FS3,High,0.32679523066157073,0.30258822840817984,요주의,2,모형 선택 연도 — 조기종료가 이 해 라벨을 봤다
BRD_20190513,2022,탐나종합어시장,일식,50.0,FS2,Medium,0.12358443004732989,0.12627929329109258,건전,0,모형 선택 연도 — 조기종료가 이 해 라벨을 봤다
BRD_20190524,2022,따띠삼겹,한식,38.0,FS3,High,0.32679523066157073,0.30424813713412663,요주의,1,모형 선택 연도 — 조기종료가 이 해 라벨을 봤다
BRD_20190526,2022,샤브마니아,한식,68.0,FS1,Low,0.03234585180001555,0.030889771012036264,건전,0,모형 선택 연도 — 조기종료가 이 해 라벨을 봤다
BRD_20190527,2022,낙원갈비집,한식,30.0,FS3,High,0.32679523066157073,0.31337763512683414,건전,0,모형 선택 연도 — 조기종료가 이 해 라벨을 봤다
BRD_20190543,2022,파스타도 식사다,기타 외국식,50.0,FS2,Medium,0.12358443004732989,0.12493186166921123,평가불가,0,모형 선택 연도 — 조기종료가 이 해 라벨을 봤다
BRD_20190558,2022,국밥여행,한식,21.0,FS3,High,0.32679523066157073,0.3092278633119671,요주의,2,모형 선택 연도 — 조기종료가 이 해 라벨을 봤다
BRD_20190567,2022,금화왕돈까스,한식,47.0,FS2,Medium,0.12358443004732989,0.12661615119656291,건전,0,모형 선택 연도 — 조기종료가 이 해 라벨을 봤다
BRD_20190585,2022,피자 비토랩,피자,16.0,FS3,High,0.32679523066157073,0.3241670418454884,요주의,2,모형 선택 연도 — 조기종료가 이 해 라벨을 봤다
BRD_20190599,2022,애플꼬마김밥,분식,84.0,FS2,Medium,0.10584324702589222,0.10659577108084706,건전,0,모형 선택 연도 — 조기종료가 이 해 라벨을 봤다
BRD_20190603,2022,한뚝수육국밥,한식,27.0,FS2,Medium,0.10584324702589222,0.09844342715216992,건전,0,모형 선택 연도 — 조기종료가 이 해 라벨을 봤다
BRD_20190606,2022,행복한찜닭,한식,98.0,FS3,High,0.17833399980005998,0.1767006515692351,요주의,1,모형 선택 연도 — 조기종료가 이 해 라벨을 봤다
BRD_20190628,2022,김용덕의 소문난 부자국밥,한식,36.0,FS2,Medium,0.10584324702589222,0.10358567486102781,건전,0,모형 선택 연도 — 조기종료가 이 해 라벨을 봤다
BRD_20190630,2022,배떡,분식,490.0,FS1,Low,0.03234585180001555,0.03373420790018183,요주의,1,모형 선택 연도 — 조기종료가 이 해 라벨을 봤다
BRD_20190662,2022,피굽남피자,피자,69.0,FS3,High,0.17833399980005998,0.18513961742849694,건전,0,모형 선택 연도 — 조기종료가 이 해 라벨을 봤다
BRD_20190664,2022,옥이네김치찌개와직화삼겹,한식,25.0,FS3,High,0.32679523066157073,0.35542865618415337,요주의,1,모형 선택 연도 — 조기종료가 이 해 라벨을 봤다
BRD_20190677,2022,두레통닭,치킨,33.0,FS1,Low,0.03234585180001555,0.0352241510320676,요주의,1,모형 선택 연도 — 조기종료가 이 해 라벨을 봤다
BRD_20190707,2022,웰돈까츠,서양식,52.0,FS3,High,0.32679523066157073,0.35266214164090864,요주의,1,모형 선택 연도 — 조기종료가 이 해 라벨을 봤다
BRD_20190730,2022,벌떡,분식,28.0,FS3,High,0.32679523066157073,0.3100578176749405,요주의,2,모형 선택 연도 — 조기종료가 이 해 라벨을 봤다
BRD_20190753,2022,갓튀긴후라이드,치킨,33.0,FS2,Medium,0.12358443004732989,0.12044042292960677,건전,0,모형 선택 연도 — 조기종료가 이 해 라벨을 봤다
BRD_20190770,2022,지랄닭발,치킨,39.0,FS2,Medium,0.12358443004732989,0.11695955790641331,건전,0,모형 선택 연도 — 조기종료가 이 해 라벨을 봤다
BRD_20190771,2022,와이블랙,기타 외식,43.0,FS2,Medium,0.10584324702589222,0.10076370965494726,건전,0,모형 선택 연도 — 조기종료가 이 해 라벨을 봤다
BRD_20190794,2022,족발신선생,한식,48.0,FS2,Medium,0.10584324702589222,0.09938408222086342,요주의,1,모형 선택 연도 — 조기종료가 이 해 라벨을 봤다
BRD_20190835,2022,에그셀런트,패스트푸드,50.0,FS3,High,0.17833399980005998,0.18486739272335945,요주의,3,모형 선택 연도 — 조기종료가 이 해 라벨을 봤다
BRD_20190838,2022,원래는 치킨집을 할려고 했었다,분식,36.0,FS3,High,0.17833399980005998,0.18595629154390939,건전,0,모형 선택 연도 — 조기종료가 이 해 라벨을 봤다
BRD_20190842,2022,돼지영농후계자,한식,39.0,FS2,Medium,0.10584324702589222,0.10728558479788898,건전,0,모형 선택 연도 — 조기종료가 이 해 라벨을 봤다
BRD_20190861,2022,달토끼의 떡볶이 흡입구역,분식,63.0,FS3,High,0.32679523066157073,0.32638025348008415,건전,0,모형 선택 연도 — 조기종료가 이 해 라벨을 봤다
BRD_20190875,2022,마라홀릭,중식,35.0,FS2,Medium,0.10584324702589222,0.11267867385839847,건전,0,모형 선택 연도 — 조기종료가 이 해 라벨을 봤다
BRD_20190878,2022,몬떡,분식,3.0,FS3,High,0.2689750767077569,0.24790502060594333,요주의,2,모형 선택 연도 — 조기종료가 이 해 라벨을 봤다
BRD_20190883,2022,닭갈비클라쓰,치킨,18.0,FS3,High,0.32679523066157073,0.33799961456171185,요주의,2,모형 선택 연도 — 조기종료가 이 해 라벨을 봤다
BRD_20190889,2022,테그42(TEgg.42),기타 외식,75.0,FS3,High,0.32679523066157073,0.31310098367250966,요주의,2,모형 선택 연도 — 조기종료가 이 해 라벨을 봤다
BRD_20190909,2022,무지개맥주,주점,112.0,FS3,High,0.32679523066157073,0.3050780914971001,요주의,1,모형 선택 연도 — 조기종료가 이 해 라벨을 봤다
BRD_20190910,2022,요달의찜닭,한식,93.0,FS1,Low,0.03234585180001555,0.033124685709864925,건전,0,모형 선택 연도 — 조기종료가 이 해 라벨을 봤다
BRD_20190916,2022,세광양대창,기타 외식,65.0,FS1,Low,0.01158138161683619,0.021282814407338018,건전,0,모형 선택 연도 — 조기종료가 이 해 라벨을 봤다
BRD_20190926,2022,놀부김치찜,한식,63.0,FS3,High,0.17833399980005998,0.17043948335107306,요주의,1,모형 선택 연도 — 조기종료가 이 해 라벨을 봤다
BRD_20190929,2022,노브랜드 버거(No Brand Burger),패스트푸드,138.0,FS2,Medium,0.10584324702589222,0.09838071681425702,건전,0,모형 선택 연도 — 조기종료가 이 해 라벨을 봤다
BRD_20190930,2022,사이공본가,기타 외국식,32.0,FS3,High,0.2689750767077569,0.2743650910593836,건전,0,모형 선택 연도 — 조기종료가 이 해 라벨을 봤다
BRD_20190933,2022,봉구통닭,치킨,16.0,FS3,High,0.32679523066157073,0.3548753532755044,요주의,2,모형 선택 연도 — 조기종료가 이 해 라벨을 봤다
BRD_20190950,2022,일백집 서울포장마차,주점,27.0,FS3,High,0.32679523066157073,0.3543220503668555,요주의,2,모형 선택 연도 — 조기종료가 이 해 라벨을 봤다
BRD_20190954,2022,이태리면가게,서양식,25.0,FS3,High,0.32679523066157073,0.3338498427468448,요주의,2,모형 선택 연도 — 조기종료가 이 해 라벨을 봤다
BRD_20190955,2022,봉명동내커피,커피,99.0,FS2,Medium,0.10584324702589222,0.11029568101770823,건전,0,모형 선택 연도 — 조기종료가 이 해 라벨을 봤다
BRD_20190964,2022,신룽푸마라탕,중식,50.0,FS1,Low,0.040134190898509337,0.041125434056499474,건전,0,모형 선택 연도 — 조기종료가 이 해 라벨을 봤다
BRD_20190967,2022,별난아재맥주,주점,61.0,FS3,High,0.32679523066157073,0.3532154445495576,건전,0,모형 선택 연도 — 조기종료가 이 해 라벨을 봤다
BRD_20190976,2022,꼬꼬아찌,치킨,37.0,FS2,Medium,0.10584324702589222,0.10452632992972133,건전,0,모형 선택 연도 — 조기종료가 이 해 라벨을 봤다
BRD_20190978,2022,한끼한죽,한식,132.0,FS3,High,0.32679523066157073,0.31393093803548305,요주의,1,모형 선택 연도 — 조기종료가 이 해 라벨을 봤다
BRD_20191013,2022,금별맥주,주점,128.0,FS2,Medium,0.12358443004732989,0.11864384743376498,건전,0,모형 선택 연도 — 조기종료가 이 해 라벨을 봤다
BRD_20191016,2022,삼첩분식,분식,262.0,FS2,Medium,0.10584324702589222,0.1086025018940599,건전,0,모형 선택 연도 — 조기종료가 이 해 라벨을 봤다
BRD_20191034,2022,긴자료코,일식,62.0,FS2,Medium,0.12358443004732989,0.12313528617336945,건전,0,모형 선택 연도 — 조기종료가 이 해 라벨을 봤다
BRD_20191049,2022,탕화쿵푸마라탕,중식,326.0,FS1,Low,0.03234585180001555,0.033327859773303894,건전,0,모형 선택 연도 — 조기종료가 이 해 라벨을 봤다
BRD_20191073,2022,정코다리,한식,23.0,FS1,Low,0.040134190898509337,0.03737287067267973,건전,0,모형 선택 연도 — 조기종료가 이 해 라벨을 봤다
BRD_20191078,2022,진도담찜닭(珍도담찜닭),치킨,29.0,FS2,Medium,0.15982271985071145,0.15252709775302692,요주의,3,모형 선택 연도 — 조기종료가 이 해 라벨을 봤다
BRD_20191104,2022,혼밥대왕,한식,130.0,FS2,Medium,0.10584324702589222,0.11223970149300816,요주의,1,모형 선택 연도 — 조기종료가 이 해 라벨을 봤다
BRD_20191113,2022,1970새마을포차,주점,20.0,FS3,High,0.32679523066157073,0.2989917595019617,요주의,3,모형 선택 연도 — 조기종료가 이 해 라벨을 봤다
BRD_20191119,2022,라쿵푸마라탕,중식,65.0,FS2,Medium,0.15982271985071145,0.15949605020454638,건전,0,모형 선택 연도 — 조기종료가 이 해 라벨을 봤다
BRD_20191129,2022,두뽂스,한식,16.0,FS3,High,0.32679523066157073,0.35459870182118,요주의,2,모형 선택 연도 — 조기종료가 이 해 라벨을 봤다
BRD_20191140,2022,두부만드는사람들,한식,82.0,FS2,Medium,0.12358443004732989,0.12526871957468158,요주의,1,모형 선택 연도 — 조기종료가 이 해 라벨을 봤다
BRD_20191149,2022,최배달 떡순튀,분식,42.0,FS1,Low,0.03234585180001555,0.03542732509550657,건전,0,모형 선택 연도 — 조기종료가 이 해 라벨을 봤다
BRD_20191167,2022,이백장 돈가스,분식,169.0,FS3,High,0.32679523066157073,0.3427026892852278,건전,0,모형 선택 연도 — 조기종료가 이 해 라벨을 봤다
BRD_20191188,2022,오븐에 빠진 막창,한식,62.0,FS2,Medium,0.09066734525097016,0.08611457471849354,건전,0,모형 선택 연도 — 조기종료가 이 해 라벨을 봤다
BRD_20191191,2022,몬스터커피,커피,66.0,FS1,Low,0.01158138161683619,0.018900006353530552,건전,0,모형 선택 연도 — 조기종료가 이 해 라벨을 봤다
BRD_20191192,2022,프랭크버거,패스트푸드,461.0,FS1,Low,0.01158138161683619,0.006815765509221261,건전,0,모형 선택 연도 — 조기종료가 이 해 라벨을 봤다
BRD_20191199,2022,윤검푸드 봉수아피자,피자,55.0,FS3,High,0.32679523066157073,0.3355097514727916,요주의,1,모형 선택 연도 — 조기종료가 이 해 라벨을 봤다
BRD_20191214,2022,샐러드박스(SaladBox),기타 외식,69.0,FS2,Medium,0.12358443004732989,0.11987899308715622,요주의,1,모형 선택 연도 — 조기종료가 이 해 라벨을 봤다
BRD_20191218,2022,은하별,서양식,41.0,FS3,High,0.32679523066157073,0.30065166822790856,요주의,1,모형 선택 연도 — 조기종료가 이 해 라벨을 봤다
BRD_20191222,2022,핑거커피,커피,47.0,FS2,Medium,0.10584324702589222,0.1037738058747665,건전,0,모형 선택 연도 — 조기종료가 이 해 라벨을 봤다
BRD_20191239,2022,고쿠텐,일식,30.0,FS2,Medium,0.10584324702589222,0.09856884782799571,건전,0,모형 선택 연도 — 조기종료가 이 해 라벨을 봤다
BRD_20191246,2022,최가네크레이지떡볶이,분식,58.0,FS3,High,0.32679523066157073,0.3048014400427756,요주의,2,모형 선택 연도 — 조기종료가 이 해 라벨을 봤다
BRD_20191258,2022,룸서비스파이브스타,기타 외식,30.0,FS3,High,0.32679523066157073,0.32610360202575966,요주의,2,모형 선택 연도 — 조기종료가 이 해 라벨을 봤다
BRD_20191275,2022,찐이야숯불두마리치킨,치킨,30.0,FS2,Medium,0.12358443004732989,0.1311075899361674,건전,0,모형 선택 연도 — 조기종료가 이 해 라벨을 봤다
BRD_20191276,2022,자갈치브라더스,주점,58.0,FS3,High,0.32679523066157073,0.3537687474582065,요주의,1,모형 선택 연도 — 조기종료가 이 해 라벨을 봤다
BRD_20191281,2022,피자이탈리,피자,28.0,FS2,Medium,0.10584324702589222,0.09994847526207953,건전,0,모형 선택 연도 — 조기종료가 이 해 라벨을 봤다
BRD_20191294,2022,리얼제주텐미탕수육,중식,42.0,FS2,Medium,0.12358443004732989,0.1245950037637409,건전,0,모형 선택 연도 — 조기종료가 이 해 라벨을 봤다
BRD_20191312,2022,언양닭칼국수,한식,47.0,FS3,High,0.2689750767077569,0.2586850493091968,건전,0,모형 선택 연도 — 조기종료가 이 해 라벨을 봤다
BRD_20191322,2022,선식당,서양식,28.0,FS3,High,0.32679523066157073,0.34546920382847246,요주의,1,모형 선택 연도 — 조기종료가 이 해 라벨을 봤다
BRD_20191330,2022,광명대창집,기타 외식,41.0,FS2,Medium,0.10584324702589222,0.1029585714818988,건전,0,모형 선택 연도 — 조기종료가 이 해 라벨을 봤다
BRD_20191342,2022,우리할매 떡볶이,분식,338.0,FS2,Medium,0.10584324702589222,0.10552969533632774,건전,0,모형 선택 연도 — 조기종료가 이 해 라벨을 봤다
BRD_20191392,2022,경양카츠,일식,59.0,FS3,High,0.32679523066157073,0.34131943201360543,건전,0,모형 선택 연도 — 조기종료가 이 해 라벨을 봤다
BRD_20191403,2022,와플칸,기타 외식,128.0,FS2,Medium,0.15982271985071145,0.15999999999999998,요주의,1,모형 선택 연도 — 조기종료가 이 해 라벨을 봤다
BRD_20191432,2022,마선생마약국밥,한식,71.0,FS3,High,0.32679523066157073,0.31946396712197245,요주의,1,모형 선택 연도 — 조기종료가 이 해 라벨을 봤다
BRD_20191437,2022,맛없으면 환불해주는 장군집,한식,15.0,FS3,High,0.32679523066157073,0.33938287183333415,요주의,3,모형 선택 연도 — 조기종료가 이 해 라벨을 봤다
BRD_20191444,2022,할머니가래떡볶이,분식,112.0,FS1,Low,0.040134190898509337,0.0363816275146896,건전,0,모형 선택 연도 — 조기종료가 이 해 라벨을 봤다
BRD_20191447,2022,베스트생갈비찜&찜닭,한식,65.0,FS3,High,0.2689750767077569,0.2547650388716501,건전,0,모형 선택 연도 — 조기종료가 이 해 라벨을 봤다
BRD_20200012,2022,돈카츠마켙,서양식,87.0,FS3,High,0.17833399980005998,0.17261728099217288,건전,0,모형 선택 연도 — 조기종료가 이 해 라벨을 봤다
BRD_20200017,2022,채선당도시락&샐러드,기타 외식,70.0,FS2,Medium,0.12358443004732989,0.12414585988978045,요주의,1,모형 선택 연도 — 조기종료가 이 해 라벨을 봤다
BRD_20200032,2022,명랑부대찌개,한식,62.0,FS2,Medium,0.10584324702589222,0.11104820507266304,건전,0,모형 선택 연도 — 조기종료가 이 해 라벨을 봤다
BRD_20200040,2022,The 진한 나주곰탕 1인용,한식,57.0,FS3,High,0.32679523066157073,0.33772296310738736,건전,0,모형 선택 연도 — 조기종료가 이 해 라벨을 봤다
BRD_20200042,2022,갈비냉면,한식,22.0,FS2,Medium,0.15982271985071145,0.15775381209166653,건전,0,모형 선택 연도 — 조기종료가 이 해 라벨을 봤다
BRD_20200044,2022,갓샐러드&amp;갓요거트,기타 외국식,29.0,FS2,Medium,0.10584324702589222,0.11123633608640175,요주의,1,모형 선택 연도 — 조기종료가 이 해 라벨을 봤다
BRD_20200056,2022,동춘돌곱창,한식,35.0,FS3,High,0.2689750767077569,0.2880851275907971,건전,0,모형 선택 연도 — 조기종료가 이 해 라벨을 봤다
BRD_20200099,2022,장미맨숀,주점,65.0,FS2,Medium,0.10584324702589222,0.1031467024956375,요주의,1,모형 선택 연도 — 조기종료가 이 해 라벨을 봤다
BRD_20200107,2022,미진축산,한식,67.0,FS2,Medium,0.10584324702589222,0.09888239951756023,건전,0,모형 선택 연도 — 조기종료가 이 해 라벨을 봤다
BRD_20200110,2022,일계양득,기타 외식,4.0,FS3,High,0.32679523066157073,0.3487890212803661,요주의,2,모형 선택 연도 — 조기종료가 이 해 라벨을 봤다
BRD_20200113,2022,청해찜탕,한식,56.0,FS3,High,0.32679523066157073,0.3424260378309033,건전,0,모형 선택 연도 — 조기종료가 이 해 라벨을 봤다
BRD_20200121,2022,발도스커피(valdos coffee),커피,69.0,FS1,Low,0.040134190898509337,0.04062981247750441,요주의,1,모형 선택 연도 — 조기종료가 이 해 라벨을 봤다
BRD_20200125,2022,킹스꼬마김밥,분식,39.0,FS1,Low,0.040134190898509337,0.043461935786047616,건전,0,모형 선택 연도 — 조기종료가 이 해 라벨을 봤다
BRD_20200127,2022,고기싸롱,한식,55.0,FS2,Medium,0.12358443004732989,0.1149384104735913,건전,0,모형 선택 연도 — 조기종료가 이 해 라벨을 봤다
BRD_20200130,2022,롱쓰부대찌개,한식,88.0,FS3,High,0.32679523066157073,0.3421493863765789,요주의,1,모형 선택 연도 — 조기종료가 이 해 라벨을 봤다
BRD_20200136,2022,상무초밥,일식,44.0,FS2,Medium,0.10584324702589222,0.09944679255877634,건전,0,모형 선택 연도 — 조기종료가 이 해 라벨을 봤다
BRD_20200152,2022,서오릉피자,피자,59.0,FS2,Medium,0.10584324702589222,0.10565511601215355,건전,0,모형 선택 연도 — 조기종료가 이 해 라벨을 봤다
BRD_20200159,2022,에그박스,기타 외식,48.0,FS2,Medium,0.15982271985071145,0.15999999999999998,평가불가,0,모형 선택 연도 — 조기종료가 이 해 라벨을 봤다
BRD_20200170,2022,수피자,피자,37.0,FS3,High,0.32679523066157073,0.33882956892468524,건전,0,모형 선택 연도 — 조기종료가 이 해 라벨을 봤다
BRD_20200176,2022,달콤왕가탕후루,기타 외국식,43.0,FS2,Medium,0.10584324702589222,0.10835166054240829,건전,0,모형 선택 연도 — 조기종료가 이 해 라벨을 봤다
BRD_20200187,2022,원유로스페셜티커피,커피,86.0,FS2,Medium,0.12358443004732989,0.12145099664601777,건전,0,모형 선택 연도 — 조기종료가 이 해 라벨을 봤다
BRD_20200193,2022,무공돈까스,분식,74.0,FS2,Medium,0.10584324702589222,0.10916689493527601,건전,0,모형 선택 연도 — 조기종료가 이 해 라벨을 봤다
BRD_20200209,2022,인생닭강정,치킨,134.0,FS2,Medium,0.15982271985071145,0.1551404549223467,요주의,1,모형 선택 연도 — 조기종료가 이 해 라벨을 봤다
BRD_20200220,2022,마라공방,중식,69.0,FS2,Medium,0.10584324702589222,0.10251959911650849,건전,0,모형 선택 연도 — 조기종료가 이 해 라벨을 봤다
BRD_20200239,2022,인쌩맥주,주점,152.0,FS1,Low,0.040134190898509337,0.04275390495891181,건전,0,모형 선택 연도 — 조기종료가 이 해 라벨을 봤다
BRD_20200249,2022,신나게쌈빠찹쌀강정,기타 외식,34.0,FS3,High,0.32679523066157073,0.3319132825665735,요주의,2,모형 선택 연도 — 조기종료가 이 해 라벨을 봤다
BRD_20200285,2022,치킨을사랑한떡볶이,한식,28.0,FS3,High,0.32679523066157073,0.3230604360281905,건전,0,모형 선택 연도 — 조기종료가 이 해 라벨을 봤다
BRD_20200289,2022,김준호의 대단한갈비,한식,211.0,FS2,Medium,0.15982271985071145,0.15999999999999998,요주의,3,모형 선택 연도 — 조기종료가 이 해 라벨을 봤다
BRD_20200316,2022,한고집 김치찌개,한식,26.0,FS2,Medium,0.12358443004732989,0.13099530396767728,요주의,3,모형 선택 연도 — 조기종료가 이 해 라벨을 봤다
BRD_20200320,2022,빵위에 치즈 피자앰플러,피자,45.0,FS2,Medium,0.15982271985071145,0.15999999999999998,요주의,1,모형 선택 연도 — 조기종료가 이 해 라벨을 봤다
BRD_20200323,2022,오풍미족발,한식,15.0,FS3,High,0.2689750767077569,0.24986502582471667,요주의,2,모형 선택 연도 — 조기종료가 이 해 라벨을 봤다
BRD_20200326,2022,666 BURGER,패스트푸드,55.0,FS3,High,0.32679523066157073,0.305631394405749,요주의,1,모형 선택 연도 — 조기종료가 이 해 라벨을 봤다
BRD_20200330,2022,두꺼비로멘스,주점,30.0,FS3,High,0.32679523066157073,0.3529387930952331,건전,0,모형 선택 연도 — 조기종료가 이 해 라벨을 봤다
BRD_20200341,2022,청년치킨,치킨,32.0,FS1,Low,0.040134190898509337,0.039001341575092066,건전,0,모형 선택 연도 — 조기종료가 이 해 라벨을 봤다
BRD_20200365,2022,맛있는 고기에 솜씨를 더하다,한식,65.0,FS2,Medium,0.09066734525097016,0.08975679114447485,건전,0,모형 선택 연도 — 조기종료가 이 해 라벨을 봤다
BRD_20200376,2022,읍천리 382,음료 (커피 외),135.0,FS1,Low,0.03234585180001555,0.03136384382672719,건전,0,모형 선택 연도 — 조기종료가 이 해 라벨을 봤다
BRD_20200396,2022,성윤국가대표아구찜앤알곤이찜,한식,18.0,FS3,High,0.32679523066157073,0.35072558146063737,요주의,2,모형 선택 연도 — 조기종료가 이 해 라벨을 봤다
BRD_20200398,2022,오늘술집 주다방,주점,24.0,FS3,High,0.32679523066157073,0.3485123698260416,요주의,2,모형 선택 연도 — 조기종료가 이 해 라벨을 봤다
BRD_20200417,2022,한끼삼계탕,한식,23.0,FS3,High,0.32679523066157073,0.3476824154630682,요주의,2,모형 선택 연도 — 조기종료가 이 해 라벨을 봤다
BRD_20200425,2022,정온달집,한식,32.0,FS2,Medium,0.12358443004732989,0.11561212628453196,건전,0,모형 선택 연도 — 조기종료가 이 해 라벨을 봤다
BRD_20200430,2022,누들보쌈배달만족,한식,45.0,FS3,High,0.32679523066157073,0.31420758948980754,요주의,2,모형 선택 연도 — 조기종료가 이 해 라벨을 봤다
BRD_20200439,2022,에바돈가츠,기타 외식,61.0,FS3,High,0.17833399980005998,0.1802395727360223,요주의,1,모형 선택 연도 — 조기종료가 이 해 라벨을 봤다
BRD_20200448,2022,왕손피자,피자,46.0,FS3,High,0.32679523066157073,0.3482357183717172,요주의,1,모형 선택 연도 — 조기종료가 이 해 라벨을 봤다
BRD_20200463,2022,핵밥,기타 외국식,134.0,FS2,Medium,0.10584324702589222,0.10929231561110181,건전,0,모형 선택 연도 — 조기종료가 이 해 라벨을 봤다
BRD_20200491,2022,어부김호권의청년어부,일식,62.0,FS3,High,0.32679523066157073,0.3462991581914459,요주의,1,모형 선택 연도 — 조기종료가 이 해 라벨을 봤다
BRD_20200505,2022,치교치킨,치킨,39.0,FS3,High,0.2689750767077569,0.2449650127777833,요주의,3,모형 선택 연도 — 조기종료가 이 해 라벨을 봤다
BRD_20200516,2022,연남물갈비,한식,55.0,FS3,High,0.32679523066157073,0.32001727003062136,건전,0,모형 선택 연도 — 조기종료가 이 해 라벨을 봤다
BRD_20200522,2022,프레드피자,피자,116.0,FS2,Medium,0.10584324702589222,0.11173801878970496,요주의,1,모형 선택 연도 — 조기종료가 이 해 라벨을 봤다
BRD_20200541,2022,찜뚝딱,기타 외식,10.0,FS3,High,0.32679523066157073,0.31476089239845645,요주의,2,모형 선택 연도 — 조기종료가 이 해 라벨을 봤다
BRD_20200543,2022,목구멍,한식,104.0,FS2,Medium,0.10584324702589222,0.10446361959180843,건전,0,모형 선택 연도 — 조기종료가 이 해 라벨을 봤다
BRD_20200561,2022,금복주류,주점,40.0,FS2,Medium,0.12358443004732989,0.1217878545514881,건전,0,모형 선택 연도 — 조기종료가 이 해 라벨을 봤다
BRD_20200586,2022,오유미당,기타 외국식,61.0,FS2,Medium,0.10584324702589222,0.10515343330885034,건전,0,모형 선택 연도 — 조기종료가 이 해 라벨을 봤다
BRD_20200597,2022,경원해물찜0427,한식,36.0,FS1,Low,0.01158138161683619,0.01668739887499505,건전,0,모형 선택 연도 — 조기종료가 이 해 라벨을 봤다
BRD_20200598,2022,사랑관,주점,30.0,FS2,Medium,0.15982271985071145,0.15999999999999998,건전,0,모형 선택 연도 — 조기종료가 이 해 라벨을 봤다
BRD_20200599,2022,미미고,분식,20.0,FS3,High,0.32679523066157073,0.3053547429514245,건전,0,모형 선택 연도 — 조기종료가 이 해 라벨을 봤다
BRD_20200601,2022,전골의법칙,한식,77.0,FS3,High,0.2689750767077569,0.27240508584061024,요주의,3,모형 선택 연도 — 조기종료가 이 해 라벨을 봤다
BRD_20200624,2022,찜꽁찜닭,한식,30.0,FS3,High,0.32679523066157073,0.32029392148494584,건전,0,모형 선택 연도 — 조기종료가 이 해 라벨을 봤다
BRD_20200632,2022,유미카츠,일식,54.0,FS2,Medium,0.12358443004732989,0.11707184387490342,요주의,1,모형 선택 연도 — 조기종료가 이 해 라벨을 봤다
BRD_20200638,2022,천씨씨커피,커피,80.0,FS2,Medium,0.10584324702589222,0.11042110169353403,요주의,1,모형 선택 연도 — 조기종료가 이 해 라벨을 봤다
BRD_20200673,2022,저스트텐동,일식,43.0,FS3,High,0.2689750767077569,0.26946507801245023,건전,0,모형 선택 연도 — 조기종료가 이 해 라벨을 봤다
BRD_20200686,2022,치교치밥&치킨,기타 외식,121.0,FS2,Medium,0.15982271985071145,0.15999999999999998,요주의,2,모형 선택 연도 — 조기종료가 이 해 라벨을 봤다
BRD_20200700,2022,죽~이요,한식,116.0,FS3,High,0.32679523066157073,0.3277635107517065,요주의,1,모형 선택 연도 — 조기종료가 이 해 라벨을 봤다
BRD_20200704,2022,홍콩할매불닭발,한식,79.0,FS3,High,0.32679523066157073,0.3382762660160363,요주의,1,모형 선택 연도 — 조기종료가 이 해 라벨을 봤다
BRD_20200724,2022,팔각도,한식,72.0,FS2,Medium,0.10584324702589222,0.1038365162126794,건전,0,모형 선택 연도 — 조기종료가 이 해 라벨을 봤다
BRD_20200732,2022,CAFE CANBUS(카페캔버스),커피,32.0,FS2,Medium,0.09066734525097016,0.09461307971244991,건전,0,모형 선택 연도 — 조기종료가 이 해 라벨을 봤다
BRD_20200740,2022,브런치앤다이닝37.5(Brunch&Dining37.5),기타 외식,58.0,FS1,Low,0.01158138161683619,0.01941060807934644,건전,0,모형 선택 연도 — 조기종료가 이 해 라벨을 봤다
BRD_20200743,2022,탕수육주는육군짬뽕,중식,32.0,FS3,High,0.2689750767077569,0.28612512237202375,요주의,1,모형 선택 연도 — 조기종료가 이 해 라벨을 봤다
BRD_20200756,2022,청년순대국,한식,38.0,FS3,High,0.17833399980005998,0.18214514567198467,요주의,1,모형 선택 연도 — 조기종료가 이 해 라벨을 봤다
BRD_20200757,2022,한결통아구찜,한식,28.0,FS3,High,0.32679523066157073,0.3172507554873767,건전,0,모형 선택 연도 — 조기종료가 이 해 라벨을 봤다
BRD_20200775,2022,덮밥90도씨,한식,76.0,FS3,High,0.32679523066157073,0.3225071331195416,건전,0,모형 선택 연도 — 조기종료가 이 해 라벨을 봤다
BRD_20200778,2022,구구족,한식,104.0,FS2,Medium,0.10584324702589222,0.10596866770171805,요주의,1,모형 선택 연도 — 조기종료가 이 해 라벨을 봤다
BRD_20200798,2022,명가통닭,치킨,75.0,FS2,Medium,0.10584324702589222,0.10440090925389552,건전,0,모형 선택 연도 — 조기종료가 이 해 라벨을 봤다
BRD_20200802,2022,Blu Shaak(블루샥),커피,173.0,FS2,Medium,0.10584324702589222,0.11167530845179205,건전,0,모형 선택 연도 — 조기종료가 이 해 라벨을 봤다
BRD_20200807,2022,덮덮밥,한식,207.0,FS2,Medium,0.10584324702589222,0.10998212932814372,건전,0,모형 선택 연도 — 조기종료가 이 해 라벨을 봤다
BRD_20200828,2022,두돈까스,한식,28.0,FS3,High,0.2689750767077569,0.24300500755900994,요주의,3,모형 선택 연도 — 조기종료가 이 해 라벨을 봤다
BRD_20200836,2022,뉴욕쟁이디저트,커피,47.0,FS3,High,0.32679523066157073,0.33689300874441397,요주의,2,모형 선택 연도 — 조기종료가 이 해 라벨을 봤다
BRD_20200843,2022,라멘선생,일식,75.0,FS3,High,0.32679523066157073,0.3158674982157543,요주의,1,모형 선택 연도 — 조기종료가 이 해 라벨을 봤다
BRD_20200856,2022,입큰아구알곤이찜,한식,123.0,FS3,High,0.32679523066157073,0.3106111205835894,요주의,2,모형 선택 연도 — 조기종료가 이 해 라벨을 봤다
BRD_20200872,2022,행진푸드,한식,33.0,FS2,Medium,0.10584324702589222,0.11148717743805335,요주의,1,모형 선택 연도 — 조기종료가 이 해 라벨을 봤다
BRD_20200878,2022,구삼짜글이,한식,75.0,FS3,High,0.17833399980005998,0.17098393276134802,건전,0,모형 선택 연도 — 조기종료가 이 해 라벨을 봤다
BRD_20200879,2022,막이오름,주점,32.0,FS2,Medium,0.10584324702589222,0.10784997783910509,건전,0,모형 선택 연도 — 조기종료가 이 해 라벨을 봤다
BRD_20200931,2022,달리는 려석들,기타 외식,42.0,FS2,Medium,0.15982271985071145,0.1553582346864567,요주의,3,모형 선택 연도 — 조기종료가 이 해 라벨을 봤다
BRD_20200939,2022,탐라포차,주점,30.0,FS3,High,0.2689750767077569,0.2841651171532504,요주의,2,모형 선택 연도 — 조기종료가 이 해 라벨을 봤다
BRD_20200965,2022,마라하오,중식,39.0,FS2,Medium,0.15982271985071145,0.15999999999999998,요주의,2,모형 선택 연도 — 조기종료가 이 해 라벨을 봤다
BRD_20200968,2022,수원왕갈비통닭,치킨,32.0,FS3,High,0.32679523066157073,0.3435326436482012,요주의,2,모형 선택 연도 — 조기종료가 이 해 라벨을 봤다
BRD_20200969,2022,청년고기장수,한식,39.0,FS3,High,0.32679523066157073,0.3305300252949512,요주의,2,모형 선택 연도 — 조기종료가 이 해 라벨을 봤다
BRD_20200993,2022,간식창고,아이스크림/빙수,47.0,FS3,High,0.32679523066157073,0.34574585528279694,요주의,1,모형 선택 연도 — 조기종료가 이 해 라벨을 봤다
BRD_20200997,2022,피자플래넷,서양식,57.0,FS2,Medium,0.12358443004732989,0.1263915792595827,건전,0,모형 선택 연도 — 조기종료가 이 해 라벨을 봤다
BRD_20200998,2022,공룡닭발,기타 외식,38.0,FS2,Medium,0.15982271985071145,0.15753603232755653,요주의,1,모형 선택 연도 — 조기종료가 이 해 라벨을 봤다
BRD_20201014,2022,고기극찬,한식,126.0,FS2,Medium,0.12358443004732989,0.13189359171559817,건전,0,모형 선택 연도 — 조기종료가 이 해 라벨을 봤다
BRD_20201018,2022,피자스톰,피자,74.0,FS2,Medium,0.15982271985071145,0.15999999999999998,건전,0,모형 선택 연도 — 조기종료가 이 해 라벨을 봤다
BRD_20201021,2022,피자쿠치나,피자,30.0,FS3,High,0.32679523066157073,0.31033446912926493,요주의,1,모형 선택 연도 — 조기종료가 이 해 라벨을 봤다
BRD_20201032,2022,SG무인셀프아이스크림할인점,아이스크림/빙수,39.0,FS1,Low,0.03234585180001555,0.03576594853457152,요주의,1,모형 선택 연도 — 조기종료가 이 해 라벨을 봤다
BRD_20201036,2022,부라보맥주,주점,45.0,FS3,High,0.2689750767077569,0.29494514585650383,건전,0,모형 선택 연도 — 조기종료가 이 해 라벨을 봤다
BRD_20201043,2022,꼬치의품격,기타 외식,92.0,FS3,High,0.2689750767077569,0.2528050336528767,건전,0,모형 선택 연도 — 조기종료가 이 해 라벨을 봤다
BRD_20201067,2022,킴브로스 피자&파스타,피자,42.0,FS3,High,0.17833399980005998,0.18105624685143476,요주의,1,모형 선택 연도 — 조기종료가 이 해 라벨을 봤다
BRD_20201106,2022,뜸들이다,한식,84.0,FS3,High,0.2689750767077569,0.2537850362622634,요주의,1,모형 선택 연도 — 조기종료가 이 해 라벨을 봤다
BRD_20201121,2022,"챙길,밥",한식,82.0,FS3,High,0.17833399980005998,0.18132847155657222,요주의,1,모형 선택 연도 — 조기종료가 이 해 라벨을 봤다
BRD_20201124,2022,두심스 독도해물알찜,한식,27.0,FS3,High,0.17833399980005998,0.18731741506959676,요주의,1,모형 선택 연도 — 조기종료가 이 해 라벨을 봤다
BRD_20201143,2022,전골마켓,한식,20.0,FS3,High,0.32679523066157073,0.30314153131682875,요주의,2,모형 선택 연도 — 조기종료가 이 해 라벨을 봤다
BRD_20201148,2022,힘난다버거,패스트푸드,38.0,FS2,Medium,0.10584324702589222,0.10803810885284379,건전,0,모형 선택 연도 — 조기종료가 이 해 라벨을 봤다
BRD_20201164,2022,밥도둑 한끼뚝딱,한식,33.0,FS3,High,0.17833399980005998,0.18078402214629727,요주의,2,모형 선택 연도 — 조기종료가 이 해 라벨을 봤다
BRD_20201166,2022,교반,한식,76.0,FS3,High,0.32679523066157073,0.3072913031316958,건전,0,모형 선택 연도 — 조기종료가 이 해 라벨을 봤다
BRD_20201169,2022,그집곱닭도리탕,한식,64.0,FS3,High,0.32679523066157073,0.32167717875656815,건전,0,모형 선택 연도 — 조기종료가 이 해 라벨을 봤다
BRD_20201202,2022,오태식해바라기치킨,치킨,87.0,FS3,High,0.32679523066157073,0.3236137389368395,요주의,2,모형 선택 연도 — 조기종료가 이 해 라벨을 봤다
BRD_20201203,2022,하삼동커피,커피,507.0,FS1,Low,0.01158138161683619,0.016346997724451126,건전,0,모형 선택 연도 — 조기종료가 이 해 라벨을 봤다
BRD_20201215,2022,청담피자,피자,45.0,FS2,Medium,0.10584324702589222,0.11205157047926946,건전,0,모형 선택 연도 — 조기종료가 이 해 라벨을 봤다
BRD_20201227,2022,오복오봉집,한식,149.0,FS1,Low,0.040134190898509337,0.04211667721448959,건전,0,모형 선택 연도 — 조기종료가 이 해 라벨을 봤다
BRD_20201240,2022,오늘은카레,기타 외국식,61.0,FS2,Medium,0.12358443004732989,0.12156328261450788,요주의,1,모형 선택 연도 — 조기종료가 이 해 라벨을 봤다
BRD_20201243,2022,피자는 치즈빨,피자,44.0,FS2,Medium,0.15982271985071145,0.15999999999999998,건전,0,모형 선택 연도 — 조기종료가 이 해 라벨을 봤다
BRD_20201249,2022,수유리혼밥왕,한식,119.0,FS2,Medium,0.15982271985071145,0.15999999999999998,요주의,2,모형 선택 연도 — 조기종료가 이 해 라벨을 봤다
BRD_20201254,2022,치킨인류,치킨,36.0,FS3,High,0.32679523066157073,0.3344031456554937,요주의,1,모형 선택 연도 — 조기종료가 이 해 라벨을 봤다
BRD_20201272,2022,커피마마퀸,기타 외식,63.0,FS3,High,0.17833399980005998,0.1698950339407981,요주의,1,모형 선택 연도 — 조기종료가 이 해 라벨을 봤다
BRD_20201275,2022,호두당,제과제빵,39.0,FS3,High,0.32679523066157073,0.3371696601987384,요주의,1,모형 선택 연도 — 조기종료가 이 해 라벨을 봤다
BRD_20201276,2022,그리너,기타 외식,37.0,FS2,Medium,0.10584324702589222,0.11274138419631137,요주의,1,모형 선택 연도 — 조기종료가 이 해 라벨을 봤다
BRD_20201288,2022,밥스토랑,기타 외식,158.0,FS2,Medium,0.12358443004732989,0.12976015831428606,건전,0,모형 선택 연도 — 조기종료가 이 해 라벨을 봤다
BRD_20201327,2022,무모한 초밥,일식,135.0,FS2,Medium,0.12358443004732989,0.11830698952829465,요주의,1,모형 선택 연도 — 조기종료가 이 해 라벨을 봤다
BRD_20201330,2022,칠성떡볶이,분식,6.0,FS3,High,0.32679523066157073,0.30701465167737135,요주의,2,모형 선택 연도 — 조기종료가 이 해 라벨을 봤다
BRD_20201332,2022,79파운야드(79 FOUNYARD),제과제빵,65.0,FS3,High,0.32679523066157073,0.3089512118576426,평가불가,0,모형 선택 연도 — 조기종료가 이 해 라벨을 봤다
BRD_20201343,2022,포케올데이,기타 외국식,81.0,FS2,Medium,0.12358443004732989,0.11673498596943309,건전,0,모형 선택 연도 — 조기종료가 이 해 라벨을 봤다
BRD_20201345,2022,에그폭탄덮밥,한식,92.0,FS3,High,0.32679523066157073,0.2987151080476373,건전,0,모형 선택 연도 — 조기종료가 이 해 라벨을 봤다
BRD_20201348,2022,"떡볶이 참 잘하는 집, 떡참",분식,321.0,FS2,Medium,0.09066734525097016,0.09582715185444368,요주의,1,모형 선택 연도 — 조기종료가 이 해 라벨을 봤다
BRD_20201402,2022,강다짐,분식,56.0,FS1,Low,0.040134190898509337,0.041267040221926635,요주의,1,모형 선택 연도 — 조기종료가 이 해 라벨을 봤다
BRD_20201407,2022,권사부 순대국,한식,33.0,FS2,Medium,0.12358443004732989,0.12605472135411236,건전,0,모형 선택 연도 — 조기종료가 이 해 라벨을 봤다
BRD_20201443,2022,라홍방 마라탕,중식,101.0,FS2,Medium,0.10584324702589222,0.09976034424834083,건전,0,모형 선택 연도 — 조기종료가 이 해 라벨을 봤다
BRD_20201482,2022,돼지게티,한식,186.0,FS2,Medium,0.10584324702589222,0.11330577723752748,건전,0,모형 선택 연도 — 조기종료가 이 해 라벨을 봤다
BRD_20201484,2022,리틀꼬마김밥,분식,39.0,FS1,Low,0.03234585180001555,0.03177019195360513,요주의,1,모형 선택 연도 — 조기종료가 이 해 라벨을 봤다
BRD_20201507,2022,돈까스회관,기타 외식,50.0,FS2,Medium,0.10584324702589222,0.10753642614954058,요주의,1,모형 선택 연도 — 조기종료가 이 해 라벨을 봤다
BRD_20201519|JNG_000532,2022,패스트카페,커피,34.0,FS2,Medium,0.12358443004732989,0.12122642470903755,요주의,1,모형 선택 연도 — 조기종료가 이 해 라벨을 봤다
BRD_20201527,2022,카페희다,커피,33.0,FS2,Medium,0.10584324702589222,0.10415006790224392,건전,0,모형 선택 연도 — 조기종료가 이 해 라벨을 봤다
BRD_20201537,2022,구도로통닭,치킨,75.0,FS2,Medium,0.10584324702589222,0.10270773013024719,건전,0,모형 선택 연도 — 조기종료가 이 해 라벨을 봤다
BRD_20201592,2022,윤이불닭발,기타 외식,84.0,FS2,Medium,0.12358443004732989,0.11954213518168588,건전,0,모형 선택 연도 — 조기종료가 이 해 라벨을 봤다
BRD_20201606,2022,푸르릇,기타 외식,15.0,FS3,High,0.32679523066157073,0.3180807098503501,요주의,2,모형 선택 연도 — 조기종료가 이 해 라벨을 봤다
BRD_20201615,2022,손찬,한식,45.0,FS2,Medium,0.12358443004732989,0.11549984031604185,요주의,1,모형 선택 연도 — 조기종료가 이 해 라벨을 봤다
BRD_20201631,2022,커스텀커피,커피,109.0,FS1,Low,0.03234585180001555,0.03346330914892987,요주의,1,모형 선택 연도 — 조기종료가 이 해 라벨을 봤다
BRD_20201644,2022,에그벅,기타 외식,38.0,FS2,Medium,0.15982271985071145,0.15078485964014704,요주의,1,모형 선택 연도 — 조기종료가 이 해 라벨을 봤다
BRD_20201680,2022,벤티프레소,커피,38.0,FS1,Low,0.03234585180001555,0.03359875852455585,건전,0,모형 선택 연도 — 조기종료가 이 해 라벨을 봤다
BRD_20201685,2022,푸줏간삼겹돼지고기배달,한식,32.0,FS2,Medium,0.12358443004732989,0.12672843716505303,건전,0,모형 선택 연도 — 조기종료가 이 해 라벨을 봤다
BRD_20201713,2022,제줏간,한식,55.0,FS2,Medium,0.10584324702589222,0.10132810269616337,건전,0,모형 선택 연도 — 조기종료가 이 해 라벨을 봤다
BRD_20201727,2022,남바완돈카츠,일식,42.0,FS1,Low,0.03234585180001555,0.029264378504524513,요주의,1,모형 선택 연도 — 조기종료가 이 해 라벨을 봤다
BRD_20201747,2022,아구듬뿍&알곤마,한식,118.0,FS3,High,0.17833399980005998,0.1843229433130845,건전,0,모형 선택 연도 — 조기종료가 이 해 라벨을 봤다
BRD_20201751,2022,나우커피,커피,504.0,FS2,Medium,0.10584324702589222,0.10584324702589225,건전,0,모형 선택 연도 — 조기종료가 이 해 라벨을 봤다
BRD_20201793,2022,국제시장 돼지국밥,한식,41.0,FS2,Medium,0.10584324702589222,0.1089160535836244,평가불가,0,모형 선택 연도 — 조기종료가 이 해 라벨을 봤다
BRD_20201823,2022,비돈이제돈이,한식,34.0,FS2,Medium,0.10584324702589222,0.10559240567424065,요주의,1,모형 선택 연도 — 조기종료가 이 해 라벨을 봤다
BRD_20201827,2022,양가네고기듬뿍김치찜,한식,31.0,FS1,Low,0.03234585180001555,0.034343730090498736,평가불가,0,모형 선택 연도 — 조기종료가 이 해 라벨을 봤다
BRD_20201840,2022,히츠지야,일식,33.0,FS2,Medium,0.15982271985071145,0.15999999999999998,평가불가,0,모형 선택 연도 — 조기종료가 이 해 라벨을 봤다
BRD_20201849,2022,갓츠킹,기타 외식,71.0,FS3,High,0.32679523066157073,0.3119943778552118,건전,0,모형 선택 연도 — 조기종료가 이 해 라벨을 봤다
BRD_20201869,2022,댄싱컵(DANCINGCUP),커피,71.0,FS1,Low,0.03234585180001555,0.03170246726579214,건전,0,모형 선택 연도 — 조기종료가 이 해 라벨을 봤다
BRD_20201870,2022,닥치고 푸드,분식,14.0,FS3,High,0.32679523066157073,0.3114410749465628,요주의,3,모형 선택 연도 — 조기종료가 이 해 라벨을 봤다
BRD_20201873,2022,아틀리에빈,커피,23.0,FS3,High,0.32679523066157073,0.3205705729392703,요주의,2,모형 선택 연도 — 조기종료가 이 해 라벨을 봤다
BRD_20201882|JNG_003213,2022,식사준비,한식,142.0,FS2,Medium,0.10584324702589222,0.1084143708803212,요주의,1,모형 선택 연도 — 조기종료가 이 해 라벨을 봤다
BRD_20201892,2022,hcs,분식,53.0,FS3,High,0.32679523066157073,0.3000983653192596,요주의,1,모형 선택 연도 — 조기종료가 이 해 라벨을 봤다
BRD_20201895,2022,무쇠김치삼겹,한식,36.0,FS2,Medium,0.12358443004732989,0.12335985811034968,건전,0,모형 선택 연도 — 조기종료가 이 해 라벨을 봤다
BRD_20201906,2022,고망고,음료 (커피 외),33.0,FS3,High,0.17833399980005998,0.17425062922299778,건전,0,모형 선택 연도 — 조기종료가 이 해 라벨을 봤다
BRD_20201917,2022,족보잇는국밥,한식,48.0,FS2,Medium,0.15982271985071145,0.151220419168367,건전,0,모형 선택 연도 — 조기종료가 이 해 라벨을 봤다
BRD_20210017,2022,일월육일,일식,30.0,FS2,Medium,0.15982271985071145,0.15999999999999998,건전,0,모형 선택 연도 — 조기종료가 이 해 라벨을 봤다
BRD_20210019,2022,볶찜,한식,87.0,FS3,High,0.32679523066157073,0.3479590669173927,요주의,1,모형 선택 연도 — 조기종료가 이 해 라벨을 봤다
BRD_20210023,2022,돈쫄돈,기타 외식,57.0,FS3,High,0.2689750767077569,0.25084502843410333,요주의,2,모형 선택 연도 — 조기종료가 이 해 라벨을 봤다
BRD_20210036,2022,불고기홀릭,한식,31.0,FS1,Low,0.03234585180001555,0.03441145477831173,평가불가,0,모형 선택 연도 — 조기종료가 이 해 라벨을 봤다
BRD_20210040,2022,마왕삼겹,한식,31.0,FS1,Low,0.03234585180001555,0.034479179466124714,평가불가,0,모형 선택 연도 — 조기종료가 이 해 라벨을 봤다
BRD_20210129,2022,제육폭식,한식,74.0,FS2,Medium,0.12358443004732989,0.11808241759131442,평가불가,0,모형 선택 연도 — 조기종료가 이 해 라벨을 봤다
BRD_20210148,2022,잭슨피자,피자,35.0,FS1,Low,0.040134190898509337,0.03935535698865997,평가불가,0,모형 선택 연도 — 조기종료가 이 해 라벨을 봤다
BRD_20210211,2022,제육대가,기타 외식,111.0,FS2,Medium,0.10584324702589222,0.10057557864120856,건전,0,모형 선택 연도 — 조기종료가 이 해 라벨을 봤다
BRD_20210213,2022,동복리 제주갈치조림,한식,46.0,FS3,High,0.32679523066157073,0.3299767223863022,요주의,1,모형 선택 연도 — 조기종료가 이 해 라벨을 봤다
BRD_20210248,2022,박봉구가래떡볶이,분식,33.0,FS3,High,0.32679523066157073,0.3523854901865842,요주의,2,모형 선택 연도 — 조기종료가 이 해 라벨을 봤다
BRD_20210315,2022,소림마라,중식,158.0,FS2,Medium,0.10584324702589222,0.11299222554796298,요주의,1,모형 선택 연도 — 조기종료가 이 해 라벨을 봤다
BRD_20210365,2022,꾸꾸삼겹,한식,56.0,FS2,Medium,0.12358443004732989,0.12571786344864203,요주의,2,모형 선택 연도 — 조기종료가 이 해 라벨을 봤다
BRD_20210375,2022,바른보쌈1990,기타 외식,51.0,FS2,Medium,0.10584324702589222,0.10603137803963095,건전,0,모형 선택 연도 — 조기종료가 이 해 라벨을 봤다
BRD_20210393,2022,덕수파스타 딜리버리,서양식,98.0,FS2,Medium,0.12358443004732989,0.1313321618731476,요주의,1,모형 선택 연도 — 조기종료가 이 해 라벨을 봤다
BRD_20210428,2022,덮밥.ZIP,한식,50.0,FS2,Medium,0.12358443004732989,0.13065844606220695,요주의,2,모형 선택 연도 — 조기종료가 이 해 라벨을 봤다
BRD_20210436,2022,필라프에빠지다,기타 외식,44.0,FS3,High,0.2689750767077569,0.26554506757490354,요주의,1,모형 선택 연도 — 조기종료가 이 해 라벨을 봤다
BRD_20210454,2022,청담곱떡,기타 외식,71.0,FS2,Medium,0.12358443004732989,0.1265038652280728,평가불가,0,모형 선택 연도 — 조기종료가 이 해 라벨을 봤다
BRD_20210459,2022,진백담김치찜,한식,31.0,FS2,Medium,0.15982271985071145,0.15710047279933656,평가불가,0,모형 선택 연도 — 조기종료가 이 해 라벨을 봤다
BRD_20210460,2022,청솔로9,커피,65.0,FS2,Medium,0.12358443004732989,0.12246157036242879,요주의,1,모형 선택 연도 — 조기종료가 이 해 라벨을 봤다
BRD_20210465,2022,죽선생,한식,28.0,FS3,High,0.32679523066157073,0.31503754385278093,요주의,1,모형 선택 연도 — 조기종료가 이 해 라벨을 봤다
BRD_20210482,2022,츄러스1500,제과제빵,67.0,FS3,High,0.32679523066157073,0.3349564485641427,요주의,2,모형 선택 연도 — 조기종료가 이 해 라벨을 봤다
BRD_20210511,2022,클덮밥,한식,59.0,FS3,High,0.32679523066157073,0.3153141953071054,요주의,1,모형 선택 연도 — 조기종료가 이 해 라벨을 봤다
BRD_20210513,2022,1992덮밥&amp;짜글이,한식,58.0,FS3,High,0.17833399980005998,0.1791506739154724,요주의,2,모형 선택 연도 — 조기종료가 이 해 라벨을 봤다
BRD_20210527,2022,1인삼겹 오빠삼,한식,32.0,FS2,Medium,0.10584324702589222,0.1084770812182341,건전,0,모형 선택 연도 — 조기종료가 이 해 라벨을 봤다
BRD_20210528,2022,샐러드로우앤트라타,기타 외식,31.0,FS2,Medium,0.10584324702589222,0.10797539851493089,요주의,1,모형 선택 연도 — 조기종료가 이 해 라벨을 봤다
BRD_20210534,2022,삼산회관,한식,71.0,FS3,High,0.17833399980005998,0.1750673033384102,건전,0,모형 선택 연도 — 조기종료가 이 해 라벨을 봤다
BRD_20210545,2022,제육명가,한식,13.0,FS2,Medium,0.15982271985071145,0.1542693358659068,요주의,3,모형 선택 연도 — 조기종료가 이 해 라벨을 봤다
BRD_20210546,2022,삼거리시장국수,한식,58.0,FS2,Medium,0.10584324702589222,0.10722287445997607,요주의,1,모형 선택 연도 — 조기종료가 이 해 라벨을 봤다
BRD_20210551,2022,10딸라족발,한식,19.0,FS3,High,0.32679523066157073,0.3189106642133235,요주의,2,모형 선택 연도 — 조기종료가 이 해 라벨을 봤다
BRD_20210552,2022,육만사,한식,79.0,FS3,High,0.32679523066157073,0.32112387584791924,건전,0,모형 선택 연도 — 조기종료가 이 해 라벨을 봤다
BRD_20210564,2022,피자스웨그(PIZZA SWAG),피자,33.0,FS2,Medium,0.12358443004732989,0.1300970162197564,요주의,1,모형 선택 연도 — 조기종료가 이 해 라벨을 봤다
BRD_20210570,2022,모리커피,커피,48.0,FS1,Low,0.01158138161683619,0.021963616708425865,요주의,1,모형 선택 연도 — 조기종료가 이 해 라벨을 봤다
BRD_20210622,2022,한라맥주,주점,35.0,FS2,Medium,0.12358443004732989,0.11718412984339353,요주의,1,모형 선택 연도 — 조기종료가 이 해 라벨을 봤다
BRD_20210637,2022,불닭발의신,기타 외식,28.0,FS3,High,0.17833399980005998,0.1764284268640976,요주의,1,모형 선택 연도 — 조기종료가 이 해 라벨을 봤다
BRD_20210705,2022,우지커피(OOZYCOFFEE),커피,44.0,FS2,Medium,0.10584324702589222,0.09881968917964731,건전,0,모형 선택 연도 — 조기종료가 이 해 라벨을 봤다
BRD_20210719,2022,카우보이,치킨,33.0,FS3,High,0.32679523066157073,0.3297000709319778,건전,0,모형 선택 연도 — 조기종료가 이 해 라벨을 봤다
BRD_20210738,2022,짐키친(GYM KITCHEN),기타 외식,44.0,FS2,Medium,0.15982271985071145,0.15492267515823674,건전,0,모형 선택 연도 — 조기종료가 이 해 라벨을 봤다
BRD_20210758,2022,보글지글,기타 외식,27.0,FS3,High,0.32679523066157073,0.323337087482515,요주의,3,모형 선택 연도 — 조기종료가 이 해 라벨을 봤다
BRD_20210819,2022,마몽로제떡볶이,분식,60.0,FS3,High,0.32679523066157073,0.32555029911711075,요주의,2,모형 선택 연도 — 조기종료가 이 해 라벨을 봤다
BRD_20210826,2022,요거트아이스크림의정석,아이스크림/빙수,158.0,FS2,Medium,0.15982271985071145,0.15318043704535686,건전,0,모형 선택 연도 — 조기종료가 이 해 라벨을 봤다
BRD_20210827,2022,오늘은 불닭발,한식,61.0,FS3,High,0.2689750767077569,0.2410450023402366,요주의,1,모형 선택 연도 — 조기종료가 이 해 라벨을 봤다
BRD_20210847,2022,찐곱도리식당,한식,33.0,FS3,High,0.32679523066157073,0.33080667674927566,요주의,2,모형 선택 연도 — 조기종료가 이 해 라벨을 봤다
BRD_20210891,2022,가든쿡,서양식,37.0,FS3,High,0.32679523066157073,0.3352331000184671,요주의,1,모형 선택 연도 — 조기종료가 이 해 라벨을 봤다
BRD_20210896,2022,참다랑어 막주는 집,일식,66.0,FS3,High,0.2689750767077569,0.2400649997308499,건전,0,모형 선택 연도 — 조기종료가 이 해 라벨을 봤다
BRD_20210908,2022,이것이국밥이다,한식,122.0,FS3,High,0.32679523066157073,0.30867456040331814,건전,0,모형 선택 연도 — 조기종료가 이 해 라벨을 봤다
BRD_20210911,2022,야미마라탕,중식,54.0,FS2,Medium,0.10584324702589222,0.10716016412206317,요주의,1,모형 선택 연도 — 조기종료가 이 해 라벨을 봤다
BRD_20210931,2022,기대만족,한식,66.0,FS3,High,0.17833399980005998,0.17697287627437255,평가불가,0,모형 선택 연도 — 조기종료가 이 해 라벨을 봤다
BRD_20210937,2022,진탱 불곱창&불닭발,한식,39.0,FS2,Medium,0.10584324702589222,0.09850613749008282,평가불가,0,모형 선택 연도 — 조기종료가 이 해 라벨을 봤다
BRD_20210951,2022,쉐프의 생 안심탕수육,중식,56.0,FS2,Medium,0.12358443004732989,0.12470728973223101,요주의,1,모형 선택 연도 — 조기종료가 이 해 라벨을 봤다
BRD_20210955,2022,청춘꼬마김밥앤떡볶이,분식,33.0,FS2,Medium,0.10584324702589222,0.10791268817701799,건전,0,모형 선택 연도 — 조기종료가 이 해 라벨을 봤다
BRD_20210978,2022,배배꼬,제과제빵,37.0,FS2,Medium,0.12358443004732989,0.13166901977861795,요주의,1,모형 선택 연도 — 조기종료가 이 해 라벨을 봤다
BRD_20210990,2022,통통회,기타 외식,34.0,FS3,High,0.2689750767077569,0.2704450806218369,요주의,2,모형 선택 연도 — 조기종료가 이 해 라벨을 봤다
BRD_20210996,2022,다복향 마라탕,기타 외국식,60.0,FS1,Low,0.03234585180001555,0.028451682250768637,건전,0,모형 선택 연도 — 조기종료가 이 해 라벨을 봤다
BRD_20211004,2022,더마니,한식,44.0,FS2,Medium,0.12358443004732989,0.11841927549678476,건전,0,모형 선택 연도 — 조기종료가 이 해 라벨을 봤다
BRD_20211005,2022,하이오커피,커피,186.0,FS1,Low,0.040134190898509337,0.04232908646263033,요주의,1,모형 선택 연도 — 조기종료가 이 해 라벨을 봤다
BRD_20211009,2022,배달연구소,기타 외식,42.0,FS3,High,0.32679523066157073,0.30756795458602026,요주의,2,모형 선택 연도 — 조기종료가 이 해 라벨을 봤다
BRD_20211017,2022,용용선생,주점,64.0,FS2,Medium,0.12358443004732989,0.12111413874054744,건전,0,모형 선택 연도 — 조기종료가 이 해 라벨을 봤다
BRD_20211034,2022,찌개공방,한식,32.0,FS2,Medium,0.12358443004732989,0.13043387412522672,건전,0,모형 선택 연도 — 조기종료가 이 해 라벨을 봤다
BRD_20211040,2022,하륜일만족발,한식,49.0,FS3,High,0.32679523066157073,0.354045398912531,건전,0,모형 선택 연도 — 조기종료가 이 해 라벨을 봤다
BRD_20211074,2022,태리로제떡볶이&닭강정,분식,181.0,FS2,Medium,0.12358443004732989,0.11527526837906163,건전,0,모형 선택 연도 — 조기종료가 이 해 라벨을 봤다
BRD_20211096,2022,해장쿡,한식,30.0,FS3,High,0.32679523066157073,0.3310833282036001,요주의,3,모형 선택 연도 — 조기종료가 이 해 라벨을 봤다
BRD_20211100,2022,유캔두잇,기타 외식,110.0,FS3,High,0.32679523066157073,0.3064613487687224,건전,0,모형 선택 연도 — 조기종료가 이 해 라벨을 봤다
BRD_20211103,2022,커피에반하다 스마트카페,커피,115.0,FS2,Medium,0.10584324702589222,0.11129904642431465,요주의,1,모형 선택 연도 — 조기종료가 이 해 라벨을 봤다
BRD_20211123,2022,스참,분식,39.0,FS2,Medium,0.12358443004732989,0.1275144389444838,건전,0,모형 선택 연도 — 조기종료가 이 해 라벨을 봤다
BRD_20211146,2022,더팜홈쿡,한식,45.0,FS3,High,0.32679523066157073,0.3059080458600735,요주의,3,모형 선택 연도 — 조기종료가 이 해 라벨을 봤다
BRD_20211154,2022,죽도령,한식,117.0,FS2,Medium,0.15982271985071145,0.15187375846069698,건전,0,모형 선택 연도 — 조기종료가 이 해 라벨을 봤다
BRD_20211155,2022,인생냉면,한식,121.0,FS3,High,0.32679523066157073,0.3166974525787277,건전,0,모형 선택 연도 — 조기종료가 이 해 라벨을 봤다
BRD_20211159,2022,돈도니 석쇠한판불고기,한식,10.0,FS3,High,0.17833399980005998,0.17288950569731037,요주의,3,모형 선택 연도 — 조기종료가 이 해 라벨을 봤다
BRD_20211160,2022,을찌로국물떡볶이,분식,102.0,FS3,High,0.32679523066157073,0.3402128261963076,건전,0,모형 선택 연도 — 조기종료가 이 해 라벨을 봤다
BRD_20211171,2022,오늘쉐프,기타 외식,194.0,FS2,Medium,0.10584324702589222,0.1036483851989407,평가불가,0,모형 선택 연도 — 조기종료가 이 해 라벨을 봤다
BRD_20211197,2022,집밥뚝딱,한식,164.0,FS2,Medium,0.10584324702589222,0.10483988161928583,요주의,1,모형 선택 연도 — 조기종료가 이 해 라벨을 봤다
BRD_20211217,2022,당신은지금치킨이땡긴다,치킨,84.0,FS2,Medium,0.15982271985071145,0.15999999999999998,요주의,2,모형 선택 연도 — 조기종료가 이 해 라벨을 봤다
BRD_20211235,2022,샤오바오우육면,중식,31.0,FS2,Medium,0.15982271985071145,0.1590604906763264,요주의,1,모형 선택 연도 — 조기종료가 이 해 라벨을 봤다
BRD_20211246,2022,대동집,한식,92.0,FS2,Medium,0.10584324702589222,0.10145352337198917,건전,0,모형 선택 연도 — 조기종료가 이 해 라벨을 봤다
BRD_20211247,2022,아이엠도넛(IamDonut),제과제빵,44.0,FS2,Medium,0.12358443004732989,0.13088301799918717,건전,0,모형 선택 연도 — 조기종료가 이 해 라벨을 봤다
BRD_20211329,2022,옐로우스푼,기타 외식,28.0,FS3,High,0.32679523066157073,0.3460225067371214,요주의,2,모형 선택 연도 — 조기종료가 이 해 라벨을 봤다
BRD_20211340,2022,순수덮밥,한식,188.0,FS2,Medium,0.12358443004732989,0.12818815475542447,요주의,1,모형 선택 연도 — 조기종료가 이 해 라벨을 봤다
BRD_20211382,2022,크로플 각,커피,85.0,FS2,Medium,0.15982271985071145,0.15999999999999998,요주의,2,모형 선택 연도 — 조기종료가 이 해 라벨을 봤다
BRD_20211406,2022,육회왕자연어공주,한식,70.0,FS3,High,0.32679523066157073,0.35183218727793525,건전,0,모형 선택 연도 — 조기종료가 이 해 라벨을 봤다
BRD_20211430,2022,집어가,기타 외식,122.0,FS3,High,0.32679523066157073,0.30203492549953087,요주의,1,모형 선택 연도 — 조기종료가 이 해 라벨을 봤다
BRD_20211434,2022,요거트월드,기타 외식,86.0,FS2,Medium,0.15982271985071145,0.15999999999999998,건전,0,모형 선택 연도 — 조기종료가 이 해 라벨을 봤다
BRD_20211440,2022,평화김해뒷고기,한식,37.0,FS2,Medium,0.10584324702589222,0.10621950905336966,건전,0,모형 선택 연도 — 조기종료가 이 해 라벨을 봤다
BRD_20211453,2022,GLOER,제과제빵,34.0,FS2,Medium,0.15982271985071145,0.15999999999999998,건전,0,모형 선택 연도 — 조기종료가 이 해 라벨을 봤다
BRD_20211458,2022,양호실떡볶이,분식,30.0,FS3,High,0.2689750767077569,0.2831851145438637,건전,0,모형 선택 연도 — 조기종료가 이 해 라벨을 봤다
BRD_20211497,2022,메가샵크로플,기타 외식,35.0,FS3,High,0.32679523066157073,0.3415960834679299,건전,0,모형 선택 연도 — 조기종료가 이 해 라벨을 봤다
BRD_20211506,2022,팔팔포장마차,주점,37.0,FS3,High,0.2689750767077569,0.25966505191858347,요주의,1,모형 선택 연도 — 조기종료가 이 해 라벨을 봤다
BRD_20211563,2022,화전돈부리,일식,30.0,FS3,High,0.17833399980005998,0.18405071860794703,요주의,2,모형 선택 연도 — 조기종료가 이 해 라벨을 봤다
BRD_20211569,2022,피자웨이브,피자,35.0,FS3,High,0.2689750767077569,0.26848507540306354,요주의,1,모형 선택 연도 — 조기종료가 이 해 라벨을 봤다
BRD_20211596,2022,순살의민족,치킨,33.0,FS3,High,0.2689750767077569,0.24888502321533001,요주의,1,모형 선택 연도 — 조기종료가 이 해 라벨을 봤다
BRD_20211608,2022,카페미뇽,제과제빵,35.0,FS3,High,0.32679523066157073,0.3468524611000948,건전,0,모형 선택 연도 — 조기종료가 이 해 라벨을 봤다
BRD_20211652,2022,윤반장,한식,41.0,FS3,High,0.2689750767077569,0.2616250571373568,요주의,1,모형 선택 연도 — 조기종료가 이 해 라벨을 봤다
BRD_20211703|JNG_010732,2022,프랑킨숯불양념구이치킨,치킨,33.0,FS2,Medium,0.12358443004732989,0.1168472719379232,건전,0,모형 선택 연도 — 조기종료가 이 해 라벨을 봤다
BRD_20211707,2022,순살만공격,치킨,220.0,FS2,Medium,0.12358443004732989,0.11740870178037376,건전,0,모형 선택 연도 — 조기종료가 이 해 라벨을 봤다
BRD_20211709,2022,히포슈가 (HIPPO SUGAR),기타 외식,38.0,FS3,High,0.32679523066157073,0.3175274069417011,요주의,1,모형 선택 연도 — 조기종료가 이 해 라벨을 봤다
BRD_20211711,2022,동네커피,커피,48.0,FS2,Medium,0.10584324702589222,0.10264501979233429,건전,0,모형 선택 연도 — 조기종료가 이 해 라벨을 봤다
BRD_20211752,2022,농가의 아침,한식,35.0,FS3,High,0.32679523066157073,0.33163663111224906,요주의,2,모형 선택 연도 — 조기종료가 이 해 라벨을 봤다
BRD_20211764,2022,국물에빠진두루치기,한식,117.0,FS2,Medium,0.12358443004732989,0.1293110144403256,건전,0,모형 선택 연도 — 조기종료가 이 해 라벨을 봤다
BRD_20211774,2022,육회바른연어,기타 외식,40.0,FS1,Low,0.040134190898509337,0.04055900939479083,건전,0,모형 선택 연도 — 조기종료가 이 해 라벨을 봤다
BRD_20211808,2022,영영,기타 외식,53.0,FS2,Medium,0.15982271985071145,0.15999999999999998,건전,0,모형 선택 연도 — 조기종료가 이 해 라벨을 봤다
BRD_20211835,2022,더잇24,한식,59.0,FS3,High,0.32679523066157073,0.3474057640087438,요주의,1,모형 선택 연도 — 조기종료가 이 해 라벨을 봤다
BRD_20211849,2022,오꼬리,한식,37.0,FS3,High,0.32679523066157073,0.30812125749466923,건전,0,모형 선택 연도 — 조기종료가 이 해 라벨을 봤다
BRD_20211882,2022,솔솥,한식,36.0,FS3,High,0.32679523066157073,0.3399361747419831,건전,0,모형 선택 연도 — 조기종료가 이 해 라벨을 봤다
BRD_20211947,2022,오한수우육면가,중식,57.0,FS2,Medium,0.10584324702589222,0.11280409453422427,건전,0,모형 선택 연도 — 조기종료가 이 해 라벨을 봤다
BRD_20211955,2022,삼계탕이요,한식,41.0,FS2,Medium,0.12358443004732989,0.11920527727621555,평가불가,0,모형 선택 연도 — 조기종료가 이 해 라벨을 봤다
BRD_20211973,2022,이나타코야끼,일식,53.0,FS3,High,0.2689750767077569,0.2567250440904234,건전,0,모형 선택 연도 — 조기종료가 이 해 라벨을 봤다
BRD_20211990,2022,랑데자뷰(RENDEJAVOUS),커피,37.0,FS3,High,0.2689750767077569,0.25182503104349,요주의,1,모형 선택 연도 — 조기종료가 이 해 라벨을 봤다
BRD_20211998,2022,연돈볼카츠,분식,68.0,FS2,Medium,0.15982271985071145,0.1581893716198865,요주의,1,모형 선택 연도 — 조기종료가 이 해 라벨을 봤다
BRD_20212010,2022,복호두,제과제빵,63.0,FS3,High,0.32679523066157073,0.3288701165690044,건전,0,모형 선택 연도 — 조기종료가 이 해 라벨을 봤다
BRD_20212021,2022,제주옥탑,한식,30.0,FS1,Low,0.040134190898509337,0.04395755736504268,건전,0,모형 선택 연도 — 조기종료가 이 해 라벨을 봤다
BRD_20212045,2022,국밥참맛있는집,한식,61.0,FS3,High,0.32679523066157073,0.34657580964577034,요주의,1,모형 선택 연도 — 조기종료가 이 해 라벨을 봤다
BRD_20212074,2022,도로시파스타,서양식,96.0,FS2,Medium,0.12358443004732989,0.12863729862938492,건전,0,모형 선택 연도 — 조기종료가 이 해 라벨을 봤다
BRD_20212140,2022,스텔라떡볶이,분식,31.0,FS2,Medium,0.10584324702589222,0.10985670865231792,평가불가,0,모형 선택 연도 — 조기종료가 이 해 라벨을 봤다
BRD_20212154,2022,부뚜막김치찜,한식,67.0,FS2,Medium,0.12358443004732989,0.11875613340225509,평가불가,0,모형 선택 연도 — 조기종료가 이 해 라벨을 봤다
BRD_20212274,2022,타코아찌 타코야끼전문점,일식,103.0,FS3,High,0.2689750767077569,0.24594501538716998,요주의,1,모형 선택 연도 — 조기종료가 이 해 라벨을 봤다
BRD_20212321,2022,대박삼겹김치찜&초대박등갈비김치찜,한식,200.0,FS2,Medium,0.15982271985071145,0.15999999999999998,요주의,1,모형 선택 연도 — 조기종료가 이 해 라벨을 봤다
BRD_20212334,2022,포트캔커피 PORT CAN COFFEE,커피,72.0,FS3,High,0.32679523066157073,0.30175827404520644,건전,0,모형 선택 연도 — 조기종료가 이 해 라벨을 봤다
BRD_20212359,2022,아라치,치킨,67.0,FS2,Medium,0.12358443004732989,0.12223699842544856,평가불가,0,모형 선택 연도 — 조기종료가 이 해 라벨을 봤다
BRD_20212430,2022,미스터국수왕,분식,53.0,FS2,Medium,0.10584324702589222,0.10540427466050194,평가불가,0,모형 선택 연도 — 조기종료가 이 해 라벨을 봤다
BRD_20212439,2022,피자먹다,피자,41.0,FS2,Medium,0.15982271985071145,0.15999999999999998,건전,0,모형 선택 연도 — 조기종료가 이 해 라벨을 봤다
BRD_20212508,2022,구름계란덮밥,한식,33.0,FS2,Medium,0.15982271985071145,0.15999999999999998,평가불가,0,모형 선택 연도 — 조기종료가 이 해 라벨을 봤다
BRD_20212607,2022,샐러디아,한식,53.0,FS2,Medium,0.10584324702589222,0.11242783250674687,평가불가,0,모형 선택 연도 — 조기종료가 이 해 라벨을 봤다
BRD_20212743,2022,카츠루와,기타 외식,94.0,FS3,High,0.17833399980005998,0.17125615746648548,건전,0,모형 선택 연도 — 조기종료가 이 해 라벨을 봤다
BRD_20212760,2022,브런치빈,커피,39.0,FS1,Low,0.040134190898509337,0.03857652307881059,건전,0,모형 선택 연도 — 조기종료가 이 해 라벨을 봤다
BRD_20212767,2022,제육의 법칙,한식,36.0,FS3,High,0.32679523066157073,0.3128243322181852,요주의,1,모형 선택 연도 — 조기종료가 이 해 라벨을 봤다
BRD_20212770,2022,김치백서,한식,68.0,FS2,Medium,0.12358443004732989,0.11516298241057152,평가불가,0,모형 선택 연도 — 조기종료가 이 해 라벨을 봤다
BRD_20212828,2022,소코아,기타 외식,41.0,FS2,Medium,0.15982271985071145,0.15999999999999998,건전,0,모형 선택 연도 — 조기종료가 이 해 라벨을 봤다
BRD_20212868,2022,수북국밥,한식,35.0,FS3,High,0.2689750767077569,0.2733850884499969,요주의,1,모형 선택 연도 — 조기종료가 이 해 라벨을 봤다
BRD_20213018,2022,인생김치찌개,한식,101.0,FS3,High,0.2689750767077569,0.2577050466998101,건전,0,모형 선택 연도 — 조기종료가 이 해 라벨을 봤다
BRD_20213267,2022,기영이 숯불 두마리 치킨,치킨,70.0,FS2,Medium,0.12358443004732989,0.12515643360619147,평가불가,0,모형 선택 연도 — 조기종료가 이 해 라벨을 봤다
BRD_20213402,2022,바른국밥,한식,31.0,FS2,Medium,0.12358443004732989,0.13144444784163772,평가불가,0,모형 선택 연도 — 조기종료가 이 해 라벨을 봤다
BRD_20213624,2022,죽토피아,한식,34.0,FS3,High,0.32679523066157073,0.3045247885884511,건전,0,모형 선택 연도 — 조기종료가 이 해 라벨을 봤다
BRD_20213713,2022,앗뜨죽,한식,49.0,FS3,High,0.32679523066157073,0.35127888436928634,요주의,1,모형 선택 연도 — 조기종료가 이 해 라벨을 봤다
BRD_20213758,2022,"바로덮밥,바로파스타&amp;경양식",기타 외식,80.0,FS3,High,0.2689750767077569,0.2714250832312236,요주의,1,모형 선택 연도 — 조기종료가 이 해 라벨을 봤다
BRD_20213816,2022,완미족발,한식,61.0,FS2,Medium,0.15982271985071145,0.1579715918557765,건전,0,모형 선택 연도 — 조기종료가 이 해 라벨을 봤다
BRD_20213895,2022,몬스터탕수육,중식,35.0,FS3,High,0.2689750767077569,0.28514511976263707,건전,0,모형 선택 연도 — 조기종료가 이 해 라벨을 봤다
BRD_20214081,2022,올쿡,기타 외식,60.0,FS2,Medium,0.10584324702589222,0.10346025418520201,요주의,2,모형 선택 연도 — 조기종료가 이 해 라벨을 봤다
BRD_20214278,2022,만타스시31,일식,103.0,FS3,High,0.17833399980005998,0.17234505628703542,건전,0,모형 선택 연도 — 조기종료가 이 해 라벨을 봤다
BRD_20214343,2022,화락바베큐치킨,치킨,40.0,FS2,Medium,0.15982271985071145,0.15999999999999998,건전,0,모형 선택 연도 — 조기종료가 이 해 라벨을 봤다
BRD_20214614,2022,마녀김밥,분식,37.0,FS2,Medium,0.10584324702589222,0.10352296452311491,건전,0,모형 선택 연도 — 조기종료가 이 해 라벨을 봤다
BRD_20214650,2022,순수빙떡,아이스크림/빙수,37.0,FS2,Medium,0.10584324702589222,0.10389922655059232,평가불가,0,모형 선택 연도 — 조기종료가 이 해 라벨을 봤다
BRD_20214651,2022,순수타코야끼,기타 외식,97.0,FS3,High,0.32679523066157073,0.30341818277115323,건전,0,모형 선택 연도 — 조기종료가 이 해 라벨을 봤다
BRD_20214774,2022,킹치찌개찜,한식,53.0,FS2,Medium,0.10584324702589222,0.10007389593790535,건전,0,모형 선택 연도 — 조기종료가 이 해 라벨을 봤다
BRD_20214794,2022,미미관마라탕,중식,31.0,FS1,Low,0.040134190898509337,0.03744367375539331,건전,0,모형 선택 연도 — 조기종료가 이 해 라벨을 봤다
BRD_20214795,2022,2피자1치킨상회,피자,52.0,FS2,Medium,0.12358443004732989,0.13200587768408828,건전,0,모형 선택 연도 — 조기종료가 이 해 라벨을 봤다
BRD_20214931,2022,탕참탕수육참잘하는집,중식,99.0,FS3,High,0.17833399980005998,0.17207283158189793,요주의,1,모형 선택 연도 — 조기종료가 이 해 라벨을 봤다
BRD_20215019,2022,빽보이피자,피자,97.0,FS2,Medium,0.10584324702589222,0.10527885398467614,평가불가,0,모형 선택 연도 — 조기종료가 이 해 라벨을 봤다
BRD_20215419,2022,김바삭군의 볼카츠마?,기타 외식,33.0,FS2,Medium,0.10584324702589222,0.1088533432457115,평가불가,0,모형 선택 연도 — 조기종료가 이 해 라벨을 봤다
BRD_20215549,2022,제니로제떡볶이,분식,32.0,FS3,High,0.17833399980005998,0.18541184213363443,평가불가,0,모형 선택 연도 — 조기종료가 이 해 라벨을 봤다
BRD_20215680,2022,볶가,일식,36.0,FS2,Medium,0.10584324702589222,0.11217699115509526,평가불가,0,모형 선택 연도 — 조기종료가 이 해 라벨을 봤다
BRD_20215860,2022,돼지팥빙수,기타 외식,33.0,FS3,High,0.32679523066157073,0.30148162259088196,건전,0,모형 선택 연도 — 조기종료가 이 해 라벨을 봤다
NAME:국수나무@외식,2022,국수나무,분식,212.0,FS1,Low,0.03234585180001555,0.0319733660170441,건전,0,모형 선택 연도 — 조기종료가 이 해 라벨을 봤다
NAME:달떡볶이@외식,2022,달떡볶이,분식,51.0,FS1,Low,0.040134190898509337,0.043532738868761196,건전,0,모형 선택 연도 — 조기종료가 이 해 라벨을 봤다
NAME:보고싶다@외식,2022,보고싶다,기타 외식,65.0,FS1,Low,0.040134190898509337,0.03928455390594639,건전,0,모형 선택 연도 — 조기종료가 이 해 라벨을 봤다
NAME:샤브향@외식,2022,샤브향,기타 외식,0.0,FS2,Medium,0.10584324702589222,0.10709745378415027,평가불가,0,모형 선택 연도 — 조기종료가 이 해 라벨을 봤다
NAME:손큰할매순대국@외식,2022,손큰할매순대국,한식,36.0,FS3,High,0.17833399980005998,0.17588397745382264,요주의,1,모형 선택 연도 — 조기종료가 이 해 라벨을 봤다
NAME:인정국물떡볶이@외식,2022,인정국물떡볶이,기타 외식,21.0,FS2,Medium,0.15982271985071145,0.15999999999999998,요주의,3,모형 선택 연도 — 조기종료가 이 해 라벨을 봤다
NAME:청춘닭꼬치@외식,2022,청춘닭꼬치,기타 외식,31.0,FS2,Medium,0.10584324702589222,0.10477717128137293,건전,0,모형 선택 연도 — 조기종료가 이 해 라벨을 봤다
NAME:카페베네@외식,2022,카페베네,커피,168.0,FS3,High,0.17833399980005998,0.1753395280435477,요주의,2,모형 선택 연도 — 조기종료가 이 해 라벨을 봤다
NAME:커피마마@외식,2022,커피마마,커피,128.0,FS2,Medium,0.15982271985071145,0.15999999999999998,건전,0,모형 선택 연도 — 조기종료가 이 해 라벨을 봤다
NAME:킹스타피자@외식,2022,킹스타피자,피자,42.0,FS1,Low,0.03234585180001555,0.03204109070485709,건전,0,모형 선택 연도 — 조기종료가 이 해 라벨을 봤다
NAME:화통삼@외식,2022,화통삼,한식,20.0,FS1,Low,0.03234585180001555,0.03183791664141812,건전,0,모형 선택 연도 — 조기종료가 이 해 라벨을 봤다
BRD_20080100014,2023,이디야커피,커피,2805.0,FS1,Low,0.01158138161683619,0.014469672582165652,건전,0,시점 밖 — 모형이 보지 않은 연도
BRD_20080100031,2023,강정이기가막혀,치킨,10.0,FS2,Medium,0.10584324702589222,0.1023826334412343,요주의,1,시점 밖 — 모형이 보지 않은 연도
BRD_20080100033,2023,피자에땅,피자,160.0,FS2,Medium,0.09066734525097016,0.09319666221345718,건전,0,시점 밖 — 모형이 보지 않은 연도
BRD_20080100034,2023,오븐에빠진닭,치킨,62.0,FS1,Low,0.03234585180001555,0.035671529444262905,요주의,1,시점 밖 — 모형이 보지 않은 연도
BRD_20080100039,2023,뚜레쥬르,제과제빵,1307.0,FS1,Low,0.01158138161683619,0.0021358895410290395,건전,0,시점 밖 — 모형이 보지 않은 연도
BRD_20080100047,2023,놀부보쌈족발,한식,103.0,FS2,Medium,0.10584324702589222,0.10416056335628793,요주의,1,시점 밖 — 모형이 보지 않은 연도
BRD_20080100048,2023,놀부부대찌개,한식,203.0,FS1,Low,0.03234585180001555,0.03385235534826435,건전,0,시점 밖 — 모형이 보지 않은 연도
BRD_20080100052,2023,치킨마루,치킨,182.0,FS2,Medium,0.10584324702589222,0.10174765847157229,건전,0,시점 밖 — 모형이 보지 않은 연도
BRD_20080100055,2023,본스치킨,치킨,111.0,FS1,Low,0.040134190898509337,0.040596211014521696,건전,0,시점 밖 — 모형이 보지 않은 연도
BRD_20080100059,2023,생생돈까스,분식,46.0,FS2,Medium,0.12358443004732989,0.12726248018592062,건전,0,시점 밖 — 모형이 보지 않은 연도
BRD_20080100066,2023,스무디킹(SMOOTHIEKING),음료 (커피 외),175.0,FS2,Medium,0.12358443004732989,0.12267573530720749,건전,0,시점 밖 — 모형이 보지 않은 연도
BRD_20080100076,2023,파파존스피자,피자,239.0,FS1,Low,0.03234585180001555,0.034477696443763854,건전,0,시점 밖 — 모형이 보지 않은 연도
BRD_20080100077,2023,맛깔참죽,한식,83.0,FS2,Medium,0.09066734525097016,0.08399914598623168,건전,0,시점 밖 — 모형이 보지 않은 연도
BRD_20080100087,2023,김밥천국,분식,285.0,FS1,Low,0.01158138161683619,0.011191072026926804,건전,0,시점 밖 — 모형이 보지 않은 연도
BRD_20080100092,2023,엘리팝,주점,44.0,FS2,Medium,0.10584324702589222,0.11209775047706308,건전,0,시점 밖 — 모형이 보지 않은 연도
BRD_20080100099,2023,피쉬앤그릴too,주점,0.0,FS2,Medium,0.10584324702589222,0.1124787354588603,평가불가,0,시점 밖 — 모형이 보지 않은 연도
BRD_20080100101,2023,코바코,기타 외식,131.0,FS1,Low,0.03234585180001555,0.03606947377776259,건전,0,시점 밖 — 모형이 보지 않은 연도
BRD_20080100109,2023,김가네,분식,424.0,FS1,Low,0.01158138161683619,0.004946118588376622,건전,0,시점 밖 — 모형이 보지 않은 연도
BRD_20080100117,2023,구이가,기타 외식,12.0,FS2,Medium,0.10584324702589222,0.10936735810751642,건전,0,시점 밖 — 모형이 보지 않은 연도
BRD_20080100128,2023,디델리,분식,20.0,FS3,High,0.32679523066157073,0.30904342900908405,평가불가,0,시점 밖 — 모형이 보지 않은 연도
BRD_20080100138,2023,죠샌드위치,패스트푸드,61.0,FS1,Low,0.03234585180001555,0.0326585223477653,건전,0,시점 밖 — 모형이 보지 않은 연도
BRD_20080100159,2023,도미노피자,피자,369.0,FS1,Low,0.01158138161683619,0.004321623244521604,건전,0,시점 밖 — 모형이 보지 않은 연도
BRD_20080100162,2023,기소야,일식,30.0,FS2,Medium,0.10584324702589222,0.11197075548313068,건전,0,시점 밖 — 모형이 보지 않은 연도
BRD_20080100172,2023,둘둘치킨,치킨,82.0,FS1,Low,0.03234585180001555,0.03277222072876521,건전,0,시점 밖 — 모형이 보지 않은 연도
BRD_20080100180,2023,또래오래,치킨,554.0,FS1,Low,0.01158138161683619,0.01571866326987569,건전,0,시점 밖 — 모형이 보지 않은 연도
BRD_20080100190,2023,피자스쿨,피자,615.0,FS1,Low,0.03234585180001555,0.029588666060767745,건전,0,시점 밖 — 모형이 보지 않은 연도
BRD_20080100201,2023,간이역,주점,368.0,FS1,Low,0.03234585180001555,0.03356810939576457,건전,0,시점 밖 — 모형이 보지 않은 연도
BRD_20080100207,2023,백종원의원조쌈밥집,한식,14.0,FS2,Medium,0.10584324702589222,0.11114528802257007,건전,0,시점 밖 — 모형이 보지 않은 연도
BRD_20080100208,2023,새마을식당,한식,101.0,FS1,Low,0.01158138161683619,0.011503319698854314,건전,0,시점 밖 — 모형이 보지 않은 연도
BRD_20080100209,2023,본가,한식,18.0,FS2,Medium,0.10584324702589222,0.10377957837449073,요주의,1,시점 밖 — 모형이 보지 않은 연도
BRD_20080100210,2023,홍콩반점0410,중식,282.0,FS1,Low,0.01158138161683619,0.0015113941971740211,건전,0,시점 밖 — 모형이 보지 않은 연도
BRD_20080100233,2023,용우동,분식,171.0,FS1,Low,0.01158138161683619,0.008224719143615469,건전,0,시점 밖 — 모형이 보지 않은 연도
BRD_20080100239,2023,틈새라면,분식,55.0,FS1,Low,0.03234585180001555,0.03624002134926245,건전,0,시점 밖 — 모형이 보지 않은 연도
BRD_20080100240,2023,봉추찜닭,한식,126.0,FS1,Low,0.03234585180001555,0.028565380631768555,건전,0,시점 밖 — 모형이 보지 않은 연도
BRD_20080100243,2023,본죽,한식,647.0,FS1,Low,0.03234585180001555,0.03135099096626634,건전,0,시점 밖 — 모형이 보지 않은 연도
BRD_20080100257,2023,더카페,커피,155.0,FS1,Low,0.03234585180001555,0.03510303753926335,건전,0,시점 밖 — 모형이 보지 않은 연도
BRD_20080100259,2023,돈치킨,치킨,164.0,FS2,Medium,0.10584324702589222,0.10035071353831586,건전,0,시점 밖 — 모형이 보지 않은 연도
BRD_20080100261,2023,훌랄라,치킨,270.0,FS2,Medium,0.09066734525097016,0.08859790409984443,요주의,1,시점 밖 — 모형이 보지 않은 연도
BRD_20080100272,2023,송주불냉면앤칼국수,한식,69.0,FS2,Medium,0.12358443004732989,0.13184922506463378,건전,0,시점 밖 — 모형이 보지 않은 연도
BRD_20080100287,2023,퀴즈노스서브,패스트푸드,82.0,FS1,Low,0.03234585180001555,0.030555102299266973,건전,0,시점 밖 — 모형이 보지 않은 연도
BRD_20080100308,2023,한솥,한식,793.0,FS1,Low,0.01158138161683619,0.0011991465252465128,건전,0,시점 밖 — 모형이 보지 않은 연도
BRD_20080100313,2023,베스트빈,커피,14.0,FS2,Medium,0.15982271985071145,0.15999999999999998,요주의,1,시점 밖 — 모형이 보지 않은 연도
BRD_20080100317,2023,준코노래타운,주점,54.0,FS1,Low,0.040134190898509337,0.0404642052670896,건전,0,시점 밖 — 모형이 보지 않은 연도
BRD_20080100324,2023,북창동순두부,한식,74.0,FS1,Low,0.01158138161683619,0.016811530121621968,건전,0,시점 밖 — 모형이 보지 않은 연도
BRD_20080100328,2023,죽이야기,한식,346.0,FS1,Low,0.03234585180001555,0.036012624587262634,건전,0,시점 밖 — 모형이 보지 않은 연도
BRD_20080100342,2023,피자빙고,피자,38.0,FS1,Low,0.03234585180001555,0.031237292585266432,요주의,1,시점 밖 — 모형이 보지 않은 연도
BRD_20080100371,2023,하코야,일식,15.0,FS2,Medium,0.09066734525097016,0.0835392701748704,건전,0,시점 밖 — 모형이 보지 않은 연도
BRD_20080100373,2023,탐앤탐스 커피(TOM N TOMS COFFEE),커피,257.0,FS2,Medium,0.10584324702589222,0.10181115596853849,건전,0,시점 밖 — 모형이 보지 않은 연도
BRD_20080100393,2023,치킨뱅이,치킨,39.0,FS1,Low,0.040134190898509337,0.037296067328719235,건전,0,시점 밖 — 모형이 보지 않은 연도
BRD_20080100396,2023,JBD 본 종로빈대떡,한식,28.0,FS2,Medium,0.10584324702589222,0.11184376048919828,요주의,1,시점 밖 — 모형이 보지 않은 연도
BRD_20080100397,2023,피자헛,피자,297.0,FS1,Low,0.01158138161683619,0.011659443534818069,건전,0,시점 밖 — 모형이 보지 않은 연도
BRD_20080100412,2023,피자와치킨의러브레터,피자,52.0,FS3,High,0.17833399980005998,0.18134988248843698,요주의,2,시점 밖 — 모형이 보지 않은 연도
BRD_20080100430,2023,미소야,일식,189.0,FS1,Low,0.01158138161683619,0.003697127900666586,건전,0,시점 밖 — 모형이 보지 않은 연도
BRD_20080100445,2023,목우촌웰빙마을,기타 외식,35.0,FS1,Low,0.040134190898509337,0.03808810181331183,요주의,1,시점 밖 — 모형이 보지 않은 연도
BRD_20080100446,2023,한스델리,기타 외식,38.0,FS2,Medium,0.12358443004732989,0.13228193684564446,건전,0,시점 밖 — 모형이 보지 않은 연도
BRD_20080100455,2023,뽕잎사랑샤브칼국수보쌈냉면,기타 외식,24.0,FS1,Low,0.040134190898509337,0.037428073076151334,건전,0,시점 밖 — 모형이 보지 않은 연도
BRD_20080100473,2023,스테프핫도그(STEFF HOTDOG),패스트푸드,48.0,FS1,Low,0.040134190898509337,0.04277430584715132,건전,0,시점 밖 — 모형이 보지 않은 연도
BRD_20080100482,2023,토프레소,커피,129.0,FS2,Medium,0.10584324702589222,0.1075894281924628,건전,0,시점 밖 — 모형이 보지 않은 연도
BRD_20080100487,2023,부어치킨,치킨,229.0,FS1,Low,0.040134190898509337,0.04178426274141058,건전,0,시점 밖 — 모형이 보지 않은 연도
BRD_20080100499,2023,치킨더홈,치킨,73.0,FS2,Medium,0.12358443004732989,0.12907986966616547,평가불가,0,시점 밖 — 모형이 보지 않은 연도
BRD_20080100545,2023,치킨매니아,치킨,145.0,FS1,Low,0.040134190898509337,0.043962357574040205,건전,0,시점 밖 — 모형이 보지 않은 연도
BRD_20080100570,2023,쌈촌,기타 외국식,34.0,FS3,High,0.2689750767077569,0.29118136771900427,요주의,1,시점 밖 — 모형이 보지 않은 연도
BRD_20080100607,2023,700beer,주점,29.0,FS2,Medium,0.12358443004732989,0.1303780050091975,건전,0,시점 밖 — 모형이 보지 않은 연도
BRD_20080100635,2023,요거프레소,커피,348.0,FS2,Medium,0.10584324702589222,0.11311371042852231,요주의,1,시점 밖 — 모형이 보지 않은 연도
BRD_20080100646,2023,앤티앤스,제과제빵,213.0,FS1,Low,0.040134190898509337,0.04079421963566984,건전,0,시점 밖 — 모형이 보지 않은 연도
BRD_20080100650,2023,올떡,분식,74.0,FS2,Medium,0.12358443004732989,0.12354115886922883,건전,0,시점 밖 — 모형이 보지 않은 연도
BRD_20080100655,2023,비에이치씨(BHC),치킨,2291.0,FS1,Low,0.01158138161683619,0.013532929566383124,건전,0,시점 밖 — 모형이 보지 않은 연도
BRD_20080100666,2023,석봉토스트,패스트푸드,48.0,FS2,Medium,0.15982271985071145,0.15999999999999998,건전,0,시점 밖 — 모형이 보지 않은 연도
BRD_20080100675,2023,호밀호두,제과제빵,57.0,FS1,Low,0.040134190898509337,0.03683404721270689,건전,0,시점 밖 — 모형이 보지 않은 연도
BRD_20080100676,2023,원당감자탕,기타 외식,23.0,FS2,Medium,0.10584324702589222,0.10479553832594994,건전,0,시점 밖 — 모형이 보지 않은 연도
BRD_20080100717,2023,버무리떡볶이,분식,60.0,FS1,Low,0.040134190898509337,0.04264230009971922,건전,0,시점 밖 — 모형이 보지 않은 연도
BRD_20080100738,2023,엉터리생고기,기타 외식,20.0,FS2,Medium,0.12358443004732989,0.11627160094824951,건전,0,시점 밖 — 모형이 보지 않은 연도
BRD_20080100739,2023,피자마루,피자,524.0,FS1,Low,0.01158138161683619,0.004477747080485359,건전,0,시점 밖 — 모형이 보지 않은 연도
BRD_20080200002,2023,두리아,치킨,24.0,FS1,Low,0.03234585180001555,0.032260578014265615,건전,0,시점 밖 — 모형이 보지 않은 연도
BRD_20080200005,2023,호아빈,기타 외국식,17.0,FS3,High,0.2689750767077569,0.25598649139929147,요주의,1,시점 밖 — 모형이 보지 않은 연도
BRD_20080200019,2023,투다리,주점,1349.0,FS1,Low,0.01158138161683619,0.0060389854401229045,건전,0,시점 밖 — 모형이 보지 않은 연도
BRD_20080200026,2023,닭이봉춘천닭갈비,기타 외식,30.0,FS2,Medium,0.12358443004732989,0.12155068467657973,평가불가,0,시점 밖 — 모형이 보지 않은 연도
BRD_20080200030,2023,굽네치킨,치킨,1118.0,FS1,Low,0.01158138161683619,0.003228756392775322,건전,0,시점 밖 — 모형이 보지 않은 연도
BRD_20080200033,2023,조마루감자탕,한식,162.0,FS1,Low,0.01158138161683619,0.007756347635724204,건전,0,시점 밖 — 모형이 보지 않은 연도
BRD_20080200047,2023,코리안바베큐,치킨,107.0,FS1,Low,0.01158138161683619,0.006819604619941677,건전,0,시점 밖 — 모형이 보지 않은 연도
BRD_20080200049,2023,사바사바치킨&비어,치킨,4.0,FS2,Medium,0.15982271985071145,0.15255754008564446,평가불가,0,시점 밖 — 모형이 보지 않은 연도
BRD_20080200050,2023,참이맛감자탕,한식,72.0,FS1,Low,0.03234585180001555,0.03373865696726444,건전,0,시점 밖 — 모형이 보지 않은 연도
BRD_20080200055,2023,명인만두,분식,91.0,FS2,Medium,0.09066734525097016,0.08813802828848316,건전,0,시점 밖 — 모형이 보지 않은 연도
BRD_20080200060,2023,용추골미궁순대,한식,44.0,FS2,Medium,0.10584324702589222,0.09920775859292423,요주의,1,시점 밖 — 모형이 보지 않은 연도
BRD_20080200073,2023,불로만치킨바베큐,치킨,118.0,FS1,Low,0.040134190898509337,0.039078144919052565,평가불가,0,시점 밖 — 모형이 보지 않은 연도
BRD_20080200075,2023,명동칼국수샤브샤브,한식,38.0,FS1,Low,0.01158138161683619,0.01790439697336825,건전,0,시점 밖 — 모형이 보지 않은 연도
BRD_20080200076,2023,빚은,기타 외식,35.0,FS2,Medium,0.12358443004732989,0.1160119738796431,건전,0,시점 밖 — 모형이 보지 않은 연도
BRD_20080200100,2023,배터지는생동까스,일식,84.0,FS1,Low,0.03234585180001555,0.03015715796576729,건전,0,시점 밖 — 모형이 보지 않은 연도
BRD_20080200103,2023,이바돔감자탕,한식,58.0,FS2,Medium,0.10584324702589222,0.10028721604134966,건전,0,시점 밖 — 모형이 보지 않은 연도
BRD_20080200106,2023,처갓집양념치킨,치킨,1233.0,FS1,Low,0.01158138161683619,0.001667518033137777,건전,0,시점 밖 — 모형이 보지 않은 연도
BRD_20080200109,2023,따삐오,제과제빵,42.0,FS1,Low,0.040134190898509337,0.038946139171620466,건전,0,시점 밖 — 모형이 보지 않은 연도
BRD_20080200112,2023,씨에프숯불바베큐치킨,치킨,30.0,FS1,Low,0.01158138161683619,0.012440062714636841,건전,0,시점 밖 — 모형이 보지 않은 연도
BRD_20080200128,2023,굽는치킨,치킨,11.0,FS2,Medium,0.15982271985071145,0.15932510479830952,건전,0,시점 밖 — 모형이 보지 않은 연도
BRD_20080200132,2023,디디치킨(DD치킨),치킨,101.0,FS2,Medium,0.12358443004732989,0.1296856661595804,건전,0,시점 밖 — 모형이 보지 않은 연도
BRD_20080200150,2023,지호한방삼계탕,한식,72.0,FS1,Low,0.03234585180001555,0.031919482871265885,건전,0,시점 밖 — 모형이 보지 않은 연도
BRD_20080200188,2023,쪽갈비전문점 예감,기타 외식,44.0,FS1,Low,0.040134190898509337,0.03841811618189207,건전,0,시점 밖 — 모형이 보지 않은 연도
BRD_20080200209,2023,진이찬방,한식,103.0,FS2,Medium,0.10584324702589222,0.11000233307717844,평가불가,0,시점 밖 — 모형이 보지 않은 연도
BRD_20080200222,2023,위드치킨,치킨,19.0,FS1,Low,0.01158138161683619,0.013689053402346878,요주의,1,시점 밖 — 모형이 보지 않은 연도
BRD_20080200229,2023,신의주찹쌀순대,한식,184.0,FS1,Low,0.01158138161683619,0.016030910941803197,건전,0,시점 밖 — 모형이 보지 않은 연도
BRD_20080200233,2023,송담추어탕,한식,91.0,FS1,Low,0.03234585180001555,0.03470509320576367,건전,0,시점 밖 — 모형이 보지 않은 연도
BRD_20080200240,2023,뚝배기양평해장국,한식,44.0,FS1,Low,0.03234585180001555,0.030725649870766838,건전,0,시점 밖 — 모형이 보지 않은 연도
BRD_20080200242,2023,청양일초,한식,26.0,FS2,Medium,0.15982271985071145,0.15574227642101623,건전,0,시점 밖 — 모형이 보지 않은 연도
BRD_20080200265,2023,멘무샤,기타 외식,18.0,FS2,Medium,0.15982271985071145,0.1565384605048592,건전,0,시점 밖 — 모형이 보지 않은 연도
BRD_20080200276,2023,맥시칸치킨,치킨,434.0,FS1,Low,0.01158138161683619,0.0041654994085578495,건전,0,시점 밖 — 모형이 보지 않은 연도
BRD_20080200283,2023,1인자감자탕,한식,31.0,FS1,Low,0.01158138161683619,0.0194656353330058,요주의,1,시점 밖 — 모형이 보지 않은 연도
BRD_20080200287,2023,브레댄코(bread&co.DAILY-NEW),제과제빵,59.0,FS1,Low,0.03234585180001555,0.029816062822767563,건전,0,시점 밖 — 모형이 보지 않은 연도
BRD_20080300005,2023,장모님치킨,치킨,105.0,FS1,Low,0.03234585180001555,0.028963324965268242,건전,0,시점 밖 — 모형이 보지 않은 연도
BRD_20080300010,2023,목촌사골돼지국밥,한식,28.0,FS2,Medium,0.10584324702589222,0.10136667348977507,건전,0,시점 밖 — 모형이 보지 않은 연도
BRD_20080300013,2023,지코바양념치킨,치킨,736.0,FS1,Low,0.01158138161683619,0.002760384884884058,건전,0,시점 밖 — 모형이 보지 않은 연도
BRD_20080300015,2023,무봤나촌닭,치킨,26.0,FS1,Low,0.040134190898509337,0.04053020814080564,요주의,1,시점 밖 — 모형이 보지 않은 연도
BRD_20080300019,2023,티바두마리치킨,치킨,191.0,FS1,Low,0.03234585180001555,0.03493248996776349,건전,0,시점 밖 — 모형이 보지 않은 연도
BRD_20080300020,2023,치킨신드롬,치킨,175.0,FS1,Low,0.03234585180001555,0.0339092045387643,건전,0,시점 밖 — 모형이 보지 않은 연도
BRD_20080300031,2023,가얏골감자탕,한식,33.0,FS2,Medium,0.10584324702589222,0.09901726610202563,건전,0,시점 밖 — 모형이 보지 않은 연도
BRD_20080300046,2023,통뼈감자탕,한식,68.0,FS1,Low,0.03234585180001555,0.0344208472532639,건전,0,시점 밖 — 모형이 보지 않은 연도
BRD_20080400001,2023,아주커,치킨,70.0,FS1,Low,0.01158138161683619,0.012283938878673087,건전,0,시점 밖 — 모형이 보지 않은 연도
BRD_20080400017,2023,조선CH.S치킨,치킨,23.0,FS1,Low,0.040134190898509337,0.04152025124654638,건전,0,시점 밖 — 모형이 보지 않은 연도
BRD_20080400023,2023,임실치즈피자,피자,20.0,FS2,Medium,0.10584324702589222,0.10574800078044296,요주의,1,시점 밖 — 모형이 보지 않은 연도
BRD_20080400025,2023,다사랑,치킨,106.0,FS1,Low,0.01158138161683619,0.010098205175180522,건전,0,시점 밖 — 모형이 보지 않은 연도
BRD_20080400028,2023,지정환피자,패스트푸드,60.0,FS1,Low,0.01158138161683619,0.018997263825114533,건전,0,시점 밖 — 모형이 보지 않은 연도
BRD_20080400030,2023,임실N치즈피자,피자,48.0,FS2,Medium,0.12358443004732989,0.11687739744166445,건전,0,시점 밖 — 모형이 보지 않은 연도
BRD_20080400035,2023,신포우리만두,분식,106.0,FS1,Low,0.01158138161683619,0.007131852291869186,건전,0,시점 밖 — 모형이 보지 않은 연도
BRD_20080400039,2023,까투리,주점,201.0,FS1,Low,0.03234585180001555,0.029474967679767834,건전,0,시점 밖 — 모형이 보지 않은 연도
BRD_20080400052,2023,투사랑,주점,51.0,FS1,Low,0.040134190898509337,0.03716406158128714,건전,0,시점 밖 — 모형이 보지 않은 연도
BRD_20080500004,2023,토스트굽는사람들,기타 외식,51.0,FS1,Low,0.03234585180001555,0.034648244015263716,건전,0,시점 밖 — 모형이 보지 않은 연도
BRD_20080500005,2023,장충동왕족발보쌈,한식,79.0,FS1,Low,0.03234585180001555,0.031635236918766116,건전,0,시점 밖 — 모형이 보지 않은 연도
BRD_20080500012,2023,5.5닭갈비,한식,55.0,FS1,Low,0.040134190898509337,0.042444291478571074,건전,0,시점 밖 — 모형이 보지 않은 연도
BRD_20080500015,2023,배스킨라빈스,아이스크림/빙수,1687.0,FS1,Low,0.01158138161683619,0.0029165087208478137,요주의,1,시점 밖 — 모형이 보지 않은 연도
BRD_20080500016,2023,던킨/던킨도너츠,제과제빵,631.0,FS1,Low,0.01158138161683619,0.0018236418691015312,건전,0,시점 밖 — 모형이 보지 않은 연도
BRD_20080500019,2023,원할머니,한식,295.0,FS1,Low,0.01158138161683619,0.01275231038656435,건전,0,시점 밖 — 모형이 보지 않은 연도
BRD_20080500020,2023,박가부대,한식,90.0,FS1,Low,0.03234585180001555,0.02992976120376747,건전,0,시점 밖 — 모형이 보지 않은 연도
BRD_20080500029,2023,굴세상,기타 외식,52.0,FS1,Low,0.040134190898509337,0.042708302973435266,건전,0,시점 밖 — 모형이 보지 않은 연도
BRD_20080500030,2023,치킨퐁,치킨,11.0,FS2,Medium,0.12358443004732989,0.13245502155804872,건전,0,시점 밖 — 모형이 보지 않은 연도
BRD_20080500031,2023,이삭토스트,분식,917.0,FS1,Low,0.01158138161683619,0.003384880228739076,건전,0,시점 밖 — 모형이 보지 않은 연도
BRD_20080500035,2023,페리카나,치킨,1019.0,FS1,Low,0.01158138161683619,0.001355270361210267,건전,0,시점 밖 — 모형이 보지 않은 연도
BRD_20080500036,2023,가르텐호프앤레스트,주점,32.0,FS2,Medium,0.12358443004732989,0.1259643448428886,건전,0,시점 밖 — 모형이 보지 않은 연도
BRD_20080500052,2023,병천황토방순대,기타 외식,33.0,FS1,Low,0.01158138161683619,0.017279901629513233,건전,0,시점 밖 — 모형이 보지 않은 연도
BRD_20080500053,2023,노걸대,한식,39.0,FS2,Medium,0.10584324702589222,0.10155716598067369,건전,0,시점 밖 — 모형이 보지 않은 연도
BRD_20080600001,2023,신떡,분식,22.0,FS1,Low,0.040134190898509337,0.04224628285742293,건전,0,시점 밖 — 모형이 보지 않은 연도
BRD_20080600002,2023,교촌치킨,치킨,1377.0,FS1,Low,0.01158138161683619,0.0022920133769927954,건전,0,시점 밖 — 모형이 보지 않은 연도
BRD_20080600010,2023,땅땅치킨,치킨,220.0,FS2,Medium,0.09066734525097016,0.09411641383617973,요주의,1,시점 밖 — 모형이 보지 않은 연도
BRD_20080600013,2023,종국이두마리치킨,치킨,39.0,FS1,Low,0.040134190898509337,0.03855012192932417,건전,0,시점 밖 — 모형이 보지 않은 연도
BRD_20080600014,2023,호식이두마리치킨,치킨,730.0,FS1,Low,0.03234585180001555,0.03612632296826254,평가불가,0,시점 밖 — 모형이 보지 않은 연도
BRD_20080600017,2023,계동치킨,치킨,78.0,FS1,Low,0.040134190898509337,0.03987017940364515,건전,0,시점 밖 — 모형이 보지 않은 연도
BRD_20080600030,2023,핸즈커피 (HANDS COFFEE),커피,66.0,FS2,Medium,0.10584324702589222,0.1028271159199977,건전,0,시점 밖 — 모형이 보지 않은 연도
BRD_20090100001,2023,꾼노리,주점,8.0,FS3,High,0.32679523066157073,0.3202017043335043,요주의,2,시점 밖 — 모형이 보지 않은 연도
BRD_20090100037,2023,종로김밥,기타 외식,48.0,FS1,Low,0.040134190898509337,0.04211427710999083,건전,0,시점 밖 — 모형이 보지 않은 연도
BRD_20090100067,2023,야들리애,치킨,34.0,FS2,Medium,0.10584324702589222,0.10695445322280078,건전,0,시점 밖 — 모형이 보지 않은 연도
BRD_20090100089,2023,오구쌀피자,피자,408.0,FS1,Low,0.040134190898509337,0.03888013629790442,평가불가,0,시점 밖 — 모형이 보지 않은 연도
BRD_20090100099,2023,신마포갈매기,한식,76.0,FS2,Medium,0.12358443004732989,0.12535854834947366,건전,0,시점 밖 — 모형이 보지 않은 연도
BRD_20090100126,2023,스쿨푸드,분식,68.0,FS1,Low,0.03234585180001555,0.03402290291976422,건전,0,시점 밖 — 모형이 보지 않은 연도
BRD_20090100151,2023,림스치킨,치킨,64.0,FS2,Medium,0.10584324702589222,0.10441455334415274,건전,0,시점 밖 — 모형이 보지 않은 연도
BRD_20090100165,2023,홍짜장,중식,69.0,FS2,Medium,0.10584324702589222,0.10879588063482062,요주의,2,시점 밖 — 모형이 보지 않은 연도
BRD_20090100195,2023,국수나무,분식,255.0,FS1,Low,0.01158138161683619,0.00931758599536175,건전,0,시점 밖 — 모형이 보지 않은 연도
BRD_20090100258,2023,맛데이,치킨,6.0,FS2,Medium,0.10584324702589222,0.11070080554380665,건전,0,시점 밖 — 모형이 보지 않은 연도
BRD_20090100259,2023,육쌈냉면,한식,83.0,FS2,Medium,0.10584324702589222,0.11146277550740107,건전,0,시점 밖 — 모형이 보지 않은 연도
BRD_20090100310,2023,서래갈매기,한식,15.0,FS2,Medium,0.10584324702589222,0.10993883558021224,건전,0,시점 밖 — 모형이 보지 않은 연도
BRD_20090100325,2023,닐리,서양식,17.0,FS1,Low,0.03234585180001555,0.03237427639526553,건전,0,시점 밖 — 모형이 보지 않은 연도
BRD_20090100341,2023,소노야,일식,20.0,FS1,Low,0.040134190898509337,0.03762608169729948,건전,0,시점 밖 — 모형이 보지 않은 연도
BRD_20090100349,2023,우리집다음에맛있는집양평해장국,기타 외식,99.0,FS1,Low,0.01158138161683619,0.01962175916896955,건전,0,시점 밖 — 모형이 보지 않은 연도
BRD_20090100355,2023,아이러브피자,피자,26.0,FS1,Low,0.01158138161683619,0.014625796418129404,요주의,1,시점 밖 — 모형이 보지 않은 연도
BRD_20090100366,2023,돈통마늘보쌈,기타 외식,57.0,FS1,Low,0.01158138161683619,0.018060520809332004,건전,0,시점 밖 — 모형이 보지 않은 연도
BRD_20090100370,2023,토대력,기타 외식,20.0,FS2,Medium,0.10584324702589222,0.10511302581078096,건전,0,시점 밖 — 모형이 보지 않은 연도
BRD_20090100377,2023,코페아커피(COFFEA COFFEE),커피,6.0,FS2,Medium,0.15982271985071145,0.15999999999999998,요주의,2,시점 밖 — 모형이 보지 않은 연도
BRD_20090100465,2023,커핀그루나루,커피,3.0,FS2,Medium,0.12358443004732989,0.1279548190355377,요주의,3,시점 밖 — 모형이 보지 않은 연도
BRD_20090100478,2023,한촌설렁탕,한식,140.0,FS1,Low,0.01158138161683619,0.015406415597948179,건전,0,시점 밖 — 모형이 보지 않은 연도
BRD_20090100498,2023,한신포차,한식,116.0,FS1,Low,0.03234585180001555,0.032829069919265166,건전,0,시점 밖 — 모형이 보지 않은 연도
BRD_20090100499,2023,미정국수0410,분식,19.0,FS2,Medium,0.12358443004732989,0.11817553278469647,요주의,1,시점 밖 — 모형이 보지 않은 연도
BRD_20090100502,2023,빽다방,커피,1449.0,FS1,Low,0.01158138161683619,0.006195109276086659,건전,0,시점 밖 — 모형이 보지 않은 연도
BRD_20090100504,2023,아비꼬,기타 외식,95.0,FS1,Low,0.01158138161683619,0.0038532517366303403,건전,0,시점 밖 — 모형이 보지 않은 연도
BRD_20090100509,2023,뽕뜨락피자,피자,57.0,FS2,Medium,0.10584324702589222,0.1130502129315561,요주의,2,시점 밖 — 모형이 보지 않은 연도
BRD_20090100534,2023,아리스타,커피,16.0,FS2,Medium,0.12358443004732989,0.12838753081654838,요주의,1,시점 밖 — 모형이 보지 않은 연도
BRD_20090100597,2023,만복국수집,주점,91.0,FS1,Low,0.03234585180001555,0.03305646668126498,건전,0,시점 밖 — 모형이 보지 않은 연도
BRD_20090300004,2023,7번가피자,피자,201.0,FS1,Low,0.01158138161683619,0.009005338323434241,건전,0,시점 밖 — 모형이 보지 않은 연도
BRD_20090300032,2023,히노아지,일식,43.0,FS2,Medium,0.15982271985071145,0.15999999999999998,건전,0,시점 밖 — 모형이 보지 않은 연도
BRD_20090300039,2023,오븐에 꾸운 닭,치킨,108.0,FS1,Low,0.03234585180001555,0.03169208610926607,건전,0,시점 밖 — 모형이 보지 않은 연도
BRD_20090400012,2023,카페일루이스,커피,22.0,FS3,High,0.32679523066157073,0.300928319682233,요주의,1,시점 밖 — 모형이 보지 않은 연도
BRD_20090400025,2023,현대옥,한식,154.0,FS1,Low,0.01158138161683619,0.01103494819096305,건전,0,시점 밖 — 모형이 보지 않은 연도
BRD_20090500007,2023,경아두마리치킨,치킨,48.0,FS2,Medium,0.10584324702589222,0.1073989357015642,요주의,1,시점 밖 — 모형이 보지 않은 연도
BRD_20090600019,2023,커피명가,커피,41.0,FS1,Low,0.01158138161683619,0.007912471471687959,건전,0,시점 밖 — 모형이 보지 않은 연도
BRD_20090600054,2023,봉대박스파게티,서양식,21.0,FS1,Low,0.03234585180001555,0.030327705537267154,건전,0,시점 밖 — 모형이 보지 않은 연도
BRD_20090600075,2023,파-닭에파무쳐,치킨,16.0,FS2,Medium,0.10584324702589222,0.10924036311358402,건전,0,시점 밖 — 모형이 보지 않은 연도
BRD_20100100052,2023,붐비어,주점,27.0,FS1,Low,0.040134190898509337,0.04310432021573156,건전,0,시점 밖 — 모형이 보지 않은 연도
BRD_20100100077,2023,죠스떡볶이,분식,178.0,FS2,Medium,0.09066734525097016,0.09503616545890228,건전,0,시점 밖 — 모형이 보지 않은 연도
BRD_20100100136,2023,피자알볼로,피자,297.0,FS1,Low,0.01158138161683619,0.0058828616041591494,건전,0,시점 밖 — 모형이 보지 않은 연도
BRD_20100100175,2023,오가다,음료 (커피 외),33.0,FS2,Medium,0.12358443004732989,0.12682976840490995,건전,0,시점 밖 — 모형이 보지 않은 연도
BRD_201001002121,2023,대구반야월막창,기타 외식,103.0,FS1,Low,0.040134190898509337,0.03696605296013899,건전,0,시점 밖 — 모형이 보지 않은 연도
BRD_20100100256,2023,김명자낙지마당,한식,32.0,FS2,Medium,0.09066734525097016,0.09089728315665081,건전,0,시점 밖 — 모형이 보지 않은 연도
BRD_20100100306,2023,꽃마름,한식,48.0,FS2,Medium,0.12358443004732989,0.12328153180062243,평가불가,0,시점 밖 — 모형이 보지 않은 연도
BRD_20100100309,2023,앗싸곱창,한식,22.0,FS2,Medium,0.12358443004732989,0.12899332730996332,건전,0,시점 밖 — 모형이 보지 않은 연도
BRD_20100100323,2023,아띠몽,패스트푸드,35.0,FS1,Low,0.03234585180001555,0.03146468934726625,건전,0,시점 밖 — 모형이 보지 않은 연도
BRD_20100100377,2023,깐부치킨,치킨,169.0,FS1,Low,0.01158138161683619,0.02087074985667959,건전,0,시점 밖 — 모형이 보지 않은 연도
BRD_20100100405,2023,포메인,기타 외식,95.0,FS1,Low,0.01158138161683619,0.019934006840897057,건전,0,시점 밖 — 모형이 보지 않은 연도
BRD_20100100419,2023,오봉도시락,한식,53.0,FS2,Medium,0.15982271985071145,0.15355277019044813,건전,0,시점 밖 — 모형이 보지 않은 연도
BRD_20100100453,2023,토마토김밥,분식,106.0,FS1,Low,0.01158138161683619,0.00728797612783294,건전,0,시점 밖 — 모형이 보지 않은 연도
BRD_20100100456,2023,알촌,분식,33.0,FS2,Medium,0.12358443004732989,0.12206993881379254,건전,0,시점 밖 — 모형이 보지 않은 연도
BRD_20100100460,2023,피자헤븐,피자,16.0,FS3,High,0.17833399980005998,0.17386217374488025,요주의,2,시점 밖 — 모형이 보지 않은 연도
BRD_20100100482,2023,본도시락,한식,439.0,FS1,Low,0.01158138161683619,0.006351233112050414,건전,0,시점 밖 — 모형이 보지 않은 연도
BRD_20100100504,2023,꼬지사께,주점,99.0,FS1,Low,0.040134190898509337,0.036438029970410596,건전,0,시점 밖 — 모형이 보지 않은 연도
BRD_20100100520,2023,국대떡볶이,분식,23.0,FS2,Medium,0.12358443004732989,0.12111797289556905,건전,0,시점 밖 — 모형이 보지 않은 연도
BRD_20100100554,2023,돈까스클럽,서양식,33.0,FS1,Low,0.01158138161683619,0.01852889231722327,건전,0,시점 밖 — 모형이 보지 않은 연도
BRD_20100100575,2023,아그집쭈꾸미,기타 외식,14.0,FS1,Low,0.040134190898509337,0.03775808744473158,건전,0,시점 밖 — 모형이 보지 않은 연도
BRD_20100100603,2023,펀비어킹,주점,339.0,FS2,Medium,0.12358443004732989,0.12362770122543097,건전,0,시점 밖 — 모형이 보지 않은 연도
BRD_20100100628,2023,컬투치킨,치킨,70.0,FS2,Medium,0.10584324702589222,0.09844578862932982,요주의,1,시점 밖 — 모형이 보지 않은 연도
BRD_20100300022,2023,등뼈家,한식,76.0,FS1,Low,0.03234585180001555,0.03209003044276575,건전,0,시점 밖 — 모형이 보지 않은 연도
BRD_20100300029,2023,돈오락쪽갈비,한식,38.0,FS2,Medium,0.10584324702589222,0.10492253331988234,건전,0,시점 밖 — 모형이 보지 않은 연도
BRD_20100400012,2023,미스터파파임실치즈피자,피자,14.0,FS3,High,0.17833399980005998,0.17344618992579375,건전,0,시점 밖 — 모형이 보지 않은 연도
BRD_20100500023,2023,시루향기,한식,31.0,FS1,Low,0.040134190898509337,0.04198227136255873,건전,0,시점 밖 — 모형이 보지 않은 연도
BRD_20100500033,2023,마시내,중식,21.0,FS2,Medium,0.15982271985071145,0.1549460923371733,요주의,1,시점 밖 — 모형이 보지 않은 연도
BRD_20100500044,2023,화화돼지왕갈비,기타 외식,64.0,FS2,Medium,0.10584324702589222,0.10797041317426,건전,0,시점 밖 — 모형이 보지 않은 연도
BRD_20100500056,2023,청주본가,기타 외식,33.0,FS2,Medium,0.12358443004732989,0.12007946462114344,요주의,1,시점 밖 — 모형이 보지 않은 연도
BRD_20100600021,2023,닥엔돈스,기타 외식,134.0,FS1,Low,0.03234585180001555,0.03436399806276394,건전,0,시점 밖 — 모형이 보지 않은 연도
BRD_20100600034,2023,BRD백록담,치킨,17.0,FS2,Medium,0.10584324702589222,0.10866888564088821,건전,0,시점 밖 — 모형이 보지 않은 연도
BRD_20100600048,2023,하늘보리피자,피자,16.0,FS3,High,0.17833399980005998,0.1740701656544235,요주의,2,시점 밖 — 모형이 보지 않은 연도
BRD_20100600055,2023,미쳐버린파닭,치킨,60.0,FS2,Medium,0.10584324702589222,0.11222474547099548,건전,0,시점 밖 — 모형이 보지 않은 연도
BRD_20100600076,2023,남다른감자탕(男다른감子탕),한식,60.0,FS1,Low,0.01158138161683619,0.01618703477776695,건전,0,시점 밖 — 모형이 보지 않은 연도
BRD_20110100042,2023,치르치르,치킨,6.0,FS2,Medium,0.12358443004732989,0.12042563404595198,요주의,1,시점 밖 — 모형이 보지 않은 연도
BRD_20110100073,2023,라떼킹(Latteking),커피,10.0,FS2,Medium,0.12358443004732989,0.1197332951963349,건전,0,시점 밖 — 모형이 보지 않은 연도
BRD_20110100100,2023,대칠성포차,주점,20.0,FS2,Medium,0.10584324702589222,0.11044681555594185,건전,0,시점 밖 — 모형이 보지 않은 연도
BRD_20110100125,2023,커피스미스,기타 외식,33.0,FS2,Medium,0.12358443004732989,0.11488692324901535,건전,0,시점 밖 — 모형이 보지 않은 연도
BRD_20110100132,2023,치킨678,기타 외식,27.0,FS3,High,0.17833399980005998,0.17594209284031267,건전,0,시점 밖 — 모형이 보지 않은 연도
BRD_20110100167,2023,커피홀(coffee hole),커피,24.0,FS2,Medium,0.10584324702589222,0.09984273356258624,건전,0,시점 밖 — 모형이 보지 않은 연도
BRD_20110100169,2023,바베큐통족구이,한식,23.0,FS2,Medium,0.10584324702589222,0.10187465346550469,건전,0,시점 밖 — 모형이 보지 않은 연도
BRD_20110100215,2023,아마떼,커피,16.0,FS2,Medium,0.12358443004732989,0.12933949673477185,건전,0,시점 밖 — 모형이 보지 않은 연도
BRD_20110100216,2023,사나포차,주점,21.0,FS3,High,0.17833399980005998,0.17843799575483157,건전,0,시점 밖 — 모형이 보지 않은 연도
BRD_20110100228,2023,아리가또맘마,기타 외국식,19.0,FS2,Medium,0.12358443004732989,0.12631051426769715,요주의,2,시점 밖 — 모형이 보지 않은 연도
BRD_20110100237,2023,커피베이,커피,377.0,FS2,Medium,0.10584324702589222,0.10835139815605721,건전,0,시점 밖 — 모형이 보지 않은 연도
BRD_20110100278,2023,교동전선생,한식,33.0,FS1,Low,0.040134190898509337,0.04350033745802786,건전,0,시점 밖 — 모형이 보지 않은 연도
BRD_20110100299,2023,더진국,한식,75.0,FS1,Low,0.03234585180001555,0.035955775396762674,건전,0,시점 밖 — 모형이 보지 않은 연도
BRD_20110100358,2023,미사리밀빛초계국수,한식,23.0,FS2,Medium,0.12358443004732989,0.1319357674208359,요주의,1,시점 밖 — 모형이 보지 않은 연도
BRD_20110100362,2023,지지고(GGGO),분식,60.0,FS1,Low,0.040134190898509337,0.04336833171059576,건전,0,시점 밖 — 모형이 보지 않은 연도
BRD_20110100457,2023,더기발한치킨(The기발한치킨),치킨,10.0,FS2,Medium,0.10584324702589222,0.10650997074403737,건전,0,시점 밖 — 모형이 보지 않은 연도
BRD_20110100484,2023,마루샤브,기타 외식,10.0,FS2,Medium,0.12358443004732989,0.1284740731727505,건전,0,시점 밖 — 모형이 보지 않은 연도
BRD_20110100490,2023,맛닭꼬,치킨,130.0,FS1,Low,0.01158138161683619,0.009785957503253014,건전,0,시점 밖 — 모형이 보지 않은 연도
BRD_20110100493,2023,라떼떼,커피,12.0,FS2,Medium,0.12358443004732989,0.12708939547351636,요주의,1,시점 밖 — 모형이 보지 않은 연도
BRD_20110100502,2023,돈가네김치찌개,한식,45.0,FS1,Low,0.01158138161683619,0.010254329011144278,건전,0,시점 밖 — 모형이 보지 않은 연도
BRD_20110100503,2023,불불이족발,기타 외식,12.0,FS3,High,0.32679523066157073,0.32053983388878976,요주의,1,시점 밖 — 모형이 보지 않은 연도
BRD_20110100524,2023,전설의치킨,치킨,53.0,FS1,Low,0.03234585180001555,0.03407975211026417,건전,0,시점 밖 — 모형이 보지 않은 연도
BRD_20110100528,2023,짱닭치킨,치킨,43.0,FS2,Medium,0.09066734525097016,0.09227691059073463,요주의,1,시점 밖 — 모형이 보지 않은 연도
BRD_20110100532,2023,추오정,기타 외식,50.0,FS1,Low,0.040134190898509337,0.03822010756074393,건전,0,시점 밖 — 모형이 보지 않은 연도
BRD_20110100535,2023,홍익돈까스,서양식,88.0,FS1,Low,0.03234585180001555,0.031066745013766568,건전,0,시점 밖 — 모형이 보지 않은 연도
BRD_20110100563,2023,우럼마왕만두,분식,29.0,FS2,Medium,0.10584324702589222,0.10949435310144884,평가불가,0,시점 밖 — 모형이 보지 않은 연도
BRD_20110100577,2023,얌샘,분식,8.0,FS2,Medium,0.10584324702589222,0.1079069156772938,요주의,1,시점 밖 — 모형이 보지 않은 연도
BRD_20110100578,2023,군산오징어,한식,13.0,FS2,Medium,0.12358443004732989,0.12734902254212277,요주의,1,시점 밖 — 모형이 보지 않은 연도
BRD_20110100585,2023,폼프리츠,주점,14.0,FS3,High,0.2689750767077569,0.25766243789070636,건전,0,시점 밖 — 모형이 보지 않은 연도
BRD_20110100589,2023,어처구니없는두릉도원북촌순두부,한식,56.0,FS2,Medium,0.10584324702589222,0.10047770853224826,건전,0,시점 밖 — 모형이 보지 않은 연도
BRD_20110100603,2023,누구나홀딱반한닭,치킨,243.0,FS1,Low,0.03234585180001555,0.03351126020526462,건전,0,시점 밖 — 모형이 보지 않은 연도
BRD_20110100608,2023,명동칼국수,기타 외식,12.0,FS2,Medium,0.12358443004732989,0.12241610823860108,건전,0,시점 밖 — 모형이 보지 않은 연도
BRD_20110300014,2023,삼겹파티,한식,30.0,FS1,Low,0.03234585180001555,0.029020174155768196,건전,0,시점 밖 — 모형이 보지 않은 연도
BRD_20110300030,2023,다기야,기타 외식,19.0,FS1,Low,0.040134190898509337,0.03723006445500319,건전,0,시점 밖 — 모형이 보지 않은 연도
BRD_20110300056,2023,몽플,커피,1.0,FS3,High,0.32679523066157073,0.3208779634440752,요주의,2,시점 밖 — 모형이 보지 않은 연도
BRD_20110300060,2023,원조의령소바,한식,26.0,FS2,Medium,0.12358443004732989,0.11782936335988793,건전,0,시점 밖 — 모형이 보지 않은 연도
BRD_20110300071,2023,더만족,한식,21.0,FS2,Medium,0.15982271985071145,0.15999999999999998,건전,0,시점 밖 — 모형이 보지 않은 연도
BRD_20110400001,2023,삼백집,한식,14.0,FS2,Medium,0.15982271985071145,0.1529556321275659,요주의,1,시점 밖 — 모형이 보지 않은 연도
BRD_20110400004,2023,대동국수,한식,16.0,FS2,Medium,0.12358443004732989,0.12579126013048433,요주의,1,시점 밖 — 모형이 보지 않은 연도
BRD_20110500006,2023,"소담애 족발,보쌈",한식,8.0,FS2,Medium,0.15982271985071145,0.15793178265158436,요주의,1,시점 밖 — 모형이 보지 않은 연도
BRD_20110500019,2023,진성아구찜,한식,31.0,FS1,Low,0.03234585180001555,0.031294141775766386,건전,0,시점 밖 — 모형이 보지 않은 연도
BRD_20110500023,2023,천안옛날호두과자,제과제빵,28.0,FS1,Low,0.03234585180001555,0.030668800680266884,건전,0,시점 밖 — 모형이 보지 않은 연도
BRD_20110500053,2023,이비가짬뽕,중식,134.0,FS1,Low,0.01158138161683619,0.02024625451282457,건전,0,시점 밖 — 모형이 보지 않은 연도
BRD_20110600008,2023,신전떡볶이,분식,701.0,FS1,Low,0.01158138161683619,0.003072632556811568,건전,0,시점 밖 — 모형이 보지 않은 연도
BRD_20110600010,2023,VFC치킨파티,치킨,19.0,FS2,Medium,0.10584324702589222,0.11120878551953627,건전,0,시점 밖 — 모형이 보지 않은 연도
BRD_20110600016,2023,달구지막창,기타 외식,22.0,FS2,Medium,0.10584324702589222,0.11216124797402928,건전,0,시점 밖 — 모형이 보지 않은 연도
BRD_20110600022,2023,파스타부오노바,서양식,15.0,FS2,Medium,0.10584324702589222,0.10117618099887647,건전,0,시점 밖 — 모형이 보지 않은 연도
BRD_20110600026,2023,서가앤쿡,서양식,48.0,FS2,Medium,0.12358443004732989,0.11739665157887726,요주의,1,시점 밖 — 모형이 보지 않은 연도
BRD_20110600030,2023,신참떡볶이,분식,144.0,FS2,Medium,0.12358443004732989,0.126223971911495,요주의,1,시점 밖 — 모형이 보지 않은 연도
BRD_20120100007,2023,담소 소사골 순대 육개장,기타 외식,104.0,FS1,Low,0.03234585180001555,0.030043459584767382,건전,0,시점 밖 — 모형이 보지 않은 연도
BRD_20120100060,2023,생어거스틴,기타 외국식,15.0,FS1,Low,0.040134190898509337,0.04171825986769453,건전,0,시점 밖 — 모형이 보지 않은 연도
BRD_20120100089,2023,바빈스,커피,54.0,FS2,Medium,0.10584324702589222,0.09850928612629602,요주의,1,시점 밖 — 모형이 보지 않은 연도
BRD_20120100090,2023,홍대돈부리,일식,15.0,FS3,High,0.17833399980005998,0.17719004429757212,요주의,2,시점 밖 — 모형이 보지 않은 연도
BRD_20120100108,2023,소담치킨,치킨,5.0,FS3,High,0.2689750767077569,0.2618523041192436,건전,0,시점 밖 — 모형이 보지 않은 연도
BRD_20120100160,2023,또봉이통닭,치킨,461.0,FS1,Low,0.03234585180001555,0.0302708563467672,건전,0,시점 밖 — 모형이 보지 않은 연도
BRD_20120100250,2023,육봉달,기타 외식,4.0,FS3,High,0.2689750767077569,0.26101433087353615,요주의,2,시점 밖 — 모형이 보지 않은 연도
BRD_20120100251,2023,킹콩부대찌개,한식,121.0,FS1,Low,0.01158138161683619,0.010878824354999296,건전,0,시점 밖 — 모형이 보지 않은 연도
BRD_20120100267,2023,육장갈비,기타 외식,51.0,FS1,Low,0.040134190898509337,0.03901214204533651,건전,0,시점 밖 — 모형이 보지 않은 연도
BRD_20120100323,2023,손문대구막창갈매기살,한식,16.0,FS2,Medium,0.12358443004732989,0.12232956588239895,요주의,1,시점 밖 — 모형이 보지 않은 연도
BRD_20120100339,2023,사쿠사쿠,치킨,27.0,FS1,Low,0.03234585180001555,0.03339756182426471,건전,0,시점 밖 — 모형이 보지 않은 연도
BRD_20120100352,2023,역전우동0410,분식,192.0,FS1,Low,0.01158138161683619,0.004633870916449113,건전,0,시점 밖 — 모형이 보지 않은 연도
BRD_20120100362,2023,북촌손만두,기타 외식,170.0,FS1,Low,0.03234585180001555,0.03049825310876702,건전,0,시점 밖 — 모형이 보지 않은 연도
BRD_20120100376,2023,옛날장터치킨,치킨,28.0,FS2,Medium,0.10584324702589222,0.107335438204598,건전,0,시점 밖 — 모형이 보지 않은 연도
BRD_20120100380,2023,홍탕,중식,56.0,FS2,Medium,0.15982271985071145,0.15454800029525181,건전,0,시점 밖 — 모형이 보지 않은 연도
BRD_20120100399,2023,디오니스,주점,16.0,FS2,Medium,0.10584324702589222,0.10638297575010497,건전,0,시점 밖 — 모형이 보지 않은 연도
BRD_20120100400,2023,알바트로스,주점,11.0,FS2,Medium,0.12358443004732989,0.12406041300644165,건전,0,시점 밖 — 모형이 보지 않은 연도
BRD_20120100422,2023,통파이브,주점,21.0,FS2,Medium,0.12358443004732989,0.12812790374794197,건전,0,시점 밖 — 모형이 보지 않은 연도
BRD_20120100447,2023,카페아이엠티,커피,11.0,FS2,Medium,0.12358443004732989,0.11549271974243029,요주의,1,시점 밖 — 모형이 보지 않은 연도
BRD_20120100504,2023,셀렉토커피,커피,164.0,FS2,Medium,0.10584324702589222,0.11012932807111084,요주의,3,시점 밖 — 모형이 보지 않은 연도
BRD_20120100525,2023,호치킨,치킨,133.0,FS1,Low,0.03234585180001555,0.0296455152512677,건전,0,시점 밖 — 모형이 보지 않은 연도
BRD_20120100526,2023,공수간,분식,25.0,FS3,High,0.32679523066157073,0.31783479744650606,요주의,2,시점 밖 — 모형이 보지 않은 연도
BRD_20120100533,2023,가장맛있는족발,한식,395.0,FS1,Low,0.03234585180001555,0.03527358511076322,평가불가,0,시점 밖 — 모형이 보지 않은 연도
BRD_20120100560,2023,도스마스,기타 외국식,27.0,FS2,Medium,0.12358443004732989,0.12830098846034624,건전,0,시점 밖 — 모형이 보지 않은 연도
BRD_20120100563,2023,코코샤브,기타 외식,4.0,FS2,Medium,0.12358443004732989,0.13072417443400602,요주의,2,시점 밖 — 모형이 보지 않은 연도
BRD_20120100570,2023,미스터보쌈5379,한식,23.0,FS2,Medium,0.15982271985071145,0.1511642179389193,요주의,2,시점 밖 — 모형이 보지 않은 연도
BRD_20120100595,2023,못말리는파닭,치킨,32.0,FS3,High,0.2689750767077569,0.2601763576278287,건전,0,시점 밖 — 모형이 보지 않은 연도
BRD_20120100604,2023,코코호도,제과제빵,182.0,FS1,Low,0.01158138161683619,0.018685016153187024,건전,0,시점 밖 — 모형이 보지 않은 연도
BRD_20120100629,2023,봉이치킨,치킨,41.0,FS3,High,0.32679523066157073,0.33507940476606457,요주의,2,시점 밖 — 모형이 보지 않은 연도
BRD_20120100631,2023,경성양꼬치,기타 외국식,31.0,FS1,Low,0.01158138161683619,0.020090130676860815,건전,0,시점 밖 — 모형이 보지 않은 연도
BRD_20120100651,2023,가마로강정,치킨,128.0,FS2,Medium,0.09066734525097016,0.08905777991120571,평가불가,0,시점 밖 — 모형이 보지 않은 연도
BRD_20120100672,2023,한스(HANS),제과제빵,41.0,FS1,Low,0.01158138161683619,0.01930951149704204,건전,0,시점 밖 — 모형이 보지 않은 연도
BRD_20120100694,2023,육대장,기타 외식,140.0,FS2,Medium,0.10584324702589222,0.10854189064695581,평가불가,0,시점 밖 — 모형이 보지 않은 연도
BRD_20120300012,2023,더웨이닝커피,커피,43.0,FS1,Low,0.03234585180001555,0.03544413268226308,건전,0,시점 밖 — 모형이 보지 않은 연도
BRD_20120300030,2023,로띠번,제과제빵,87.0,FS2,Medium,0.10584324702589222,0.10308110590786251,건전,0,시점 밖 — 모형이 보지 않은 연도
BRD_20120300066,2023,화르화르,치킨,27.0,FS1,Low,0.040134190898509337,0.043698346079176005,건전,0,시점 밖 — 모형이 보지 않은 연도
BRD_20120300082,2023,압구정 봉구비어,주점,211.0,FS2,Medium,0.10584324702589222,0.1126692279497589,건전,0,시점 밖 — 모형이 보지 않은 연도
BRD_20120300101,2023,칠칠켄터키,치킨,14.0,FS2,Medium,0.10584324702589222,0.1027001209260653,건전,0,시점 밖 — 모형이 보지 않은 연도
BRD_20120400012,2023,난타5000피자,피자,90.0,FS1,Low,0.03234585180001555,0.035500981872763036,건전,0,시점 밖 — 모형이 보지 않은 연도
BRD_20120400013,2023,콩샌,기타 외식,18.0,FS2,Medium,0.15982271985071145,0.1533537241694874,요주의,2,시점 밖 — 모형이 보지 않은 연도
BRD_20120500005,2023,디에떼에스프레소,커피,33.0,FS3,High,0.17833399980005998,0.1798939391216343,요주의,2,시점 밖 — 모형이 보지 않은 연도
BRD_20120500045,2023,샤브쌈주머니,한식,32.0,FS2,Medium,0.12358443004732989,0.12163722703278186,건전,0,시점 밖 — 모형이 보지 않은 연도
BRD_20120500057,2023,정가대박집,한식,25.0,FS2,Medium,0.10584324702589222,0.10409706585932173,건전,0,시점 밖 — 모형이 보지 않은 연도
BRD_20120600009,2023,피자스쿨,피자,323.0,FS1,Low,0.01158138161683619,0.015874787105839443,건전,0,시점 밖 — 모형이 보지 않은 연도
BRD_20120600029,2023,빨봉분식,기타 외식,41.0,FS2,Medium,0.10584324702589222,0.10892287562875302,건전,0,시점 밖 — 모형이 보지 않은 연도
BRD_20130012,2023,라라코스트(raracost),기타 외식,93.0,FS1,Low,0.01158138161683619,0.006663480783977922,건전,0,시점 밖 — 모형이 보지 않은 연도
BRD_20130015,2023,아마스빈,커피,140.0,FS2,Medium,0.09066734525097016,0.08583864923167678,건전,0,시점 밖 — 모형이 보지 않은 연도
BRD_20130100004,2023,봉구스밥버거,기타 외식,489.0,FS1,Low,0.01158138161683619,0.005726737768195395,건전,0,시점 밖 — 모형이 보지 않은 연도
BRD_20130100040,2023,스시웨이,일식,7.0,FS2,Medium,0.15982271985071145,0.15196040202276223,요주의,2,시점 밖 — 모형이 보지 않은 연도
BRD_20130100052,2023,공차,음료 (커피 외),834.0,FS1,Low,0.01158138161683619,0.013376805730419368,건전,0,시점 밖 — 모형이 보지 않은 연도
BRD_20130100056,2023,하남돼지집,한식,168.0,FS1,Low,0.01158138161683619,0.007600223799760449,건전,0,시점 밖 — 모형이 보지 않은 연도
BRD_20130100076,2023,한방전주콩나물국밥,한식,34.0,FS2,Medium,0.12358443004732989,0.1239738706502395,요주의,2,시점 밖 — 모형이 보지 않은 연도
BRD_20130100132,2023,국사랑,한식,29.0,FS3,High,0.17833399980005998,0.18218185012660995,요주의,1,시점 밖 — 모형이 보지 않은 연도
BRD_20130100171,2023,한남동그집,주점,70.0,FS2,Medium,0.12358443004732989,0.12103143053936692,건전,0,시점 밖 — 모형이 보지 않은 연도
BRD_20130100180,2023,뉴욕버거,패스트푸드,170.0,FS1,Low,0.040134190898509337,0.03703205583385504,건전,0,시점 밖 — 모형이 보지 않은 연도
BRD_20130100197,2023,맛나감자탕,한식,72.0,FS1,Low,0.03234585180001555,0.030611951489766927,건전,0,시점 밖 — 모형이 보지 않은 연도
BRD_20130100213,2023,무한사케무사,주점,0.0,FS2,Medium,0.12358443004732989,0.1165312280168559,평가불가,0,시점 밖 — 모형이 보지 않은 연도
BRD_20130100223,2023,메콩타이,기타 외국식,28.0,FS1,Low,0.03234585180001555,0.034818791586763584,건전,0,시점 밖 — 모형이 보지 않은 연도
BRD_20130100233,2023,나능이,한식,44.0,FS2,Medium,0.10584324702589222,0.10549401079257816,건전,0,시점 밖 — 모형이 보지 않은 연도
BRD_20130100234,2023,곱창이야기,한식,35.0,FS2,Medium,0.12358443004732989,0.12959912380337826,요주의,2,시점 밖 — 모형이 보지 않은 연도
BRD_20130100244,2023,청담이상,주점,67.0,FS1,Low,0.03234585180001555,0.028679079012768467,건전,0,시점 밖 — 모형이 보지 않은 연도
BRD_20130100263,2023,구이구이쪽갈비,한식,41.0,FS1,Low,0.03234585180001555,0.030441403918267065,건전,0,시점 밖 — 모형이 보지 않은 연도
BRD_20130100283,2023,불닭발땡초동대문엽기떡볶이,기타 외식,592.0,FS1,Low,0.01158138161683619,0.0024481372129565495,건전,0,시점 밖 — 모형이 보지 않은 연도
BRD_20130100291,2023,본가집안동국밥곰탕,한식,34.0,FS2,Medium,0.12358443004732989,0.11869478692190928,건전,0,시점 밖 — 모형이 보지 않은 연도
BRD_20130100320,2023,쿡1015,기타 외식,53.0,FS3,High,0.32679523066157073,0.3103959472302259,요주의,1,시점 밖 — 모형이 보지 않은 연도
BRD_20130100343,2023,부산아지매국밥,한식,66.0,FS1,Low,0.040134190898509337,0.041454248372830335,건전,0,시점 밖 — 모형이 보지 않은 연도
BRD_20130100350,2023,찰스숯불김밥,분식,0.0,FS2,Medium,0.15982271985071145,0.15999999999999998,요주의,1,시점 밖 — 모형이 보지 않은 연도
BRD_20130100358,2023,버거킹(Burger King),패스트푸드,130.0,FS1,Low,0.01158138161683619,0.004789994752412868,건전,0,시점 밖 — 모형이 보지 않은 연도
BRD_20130100376,2023,맛찬들왕소금구이,한식,91.0,FS1,Low,0.03234585180001555,0.034307148872263986,건전,0,시점 밖 — 모형이 보지 않은 연도
BRD_20130100381,2023,알통떡강정,치킨,132.0,FS1,Low,0.03234585180001555,0.031180443394766475,건전,0,시점 밖 — 모형이 보지 않은 연도
BRD_20130100408,2023,오춘자비어,주점,23.0,FS2,Medium,0.10584324702589222,0.11178026299223208,건전,0,시점 밖 — 모형이 보지 않은 연도
BRD_20130100409,2023,깨순이김밥,기타 외식,20.0,FS1,Low,0.040134190898509337,0.03690005008642294,건전,0,시점 밖 — 모형이 보지 않은 연도
BRD_20130100417,2023,본초불닭발,한식,36.0,FS2,Medium,0.10584324702589222,0.10397007086538933,요주의,1,시점 밖 — 모형이 보지 않은 연도
BRD_20130100418|JNG_001590,2023,커피나무,커피,0.0,FS2,Medium,0.10584324702589222,0.1125422329558265,평가불가,0,시점 밖 — 모형이 보지 않은 연도
BRD_20130100431,2023,그램그램,기타 외식,18.0,FS3,High,0.32679523066157073,0.3198635747782188,요주의,1,시점 밖 — 모형이 보지 않은 연도
BRD_20130100434,2023,일미리금계찜닭,한식,147.0,FS2,Medium,0.12358443004732989,0.11592543152344097,건전,0,시점 밖 — 모형이 보지 않은 연도
BRD_20130100463,2023,킹오브떡볶이,분식,6.0,FS3,High,0.32679523066157073,0.34353264364820113,요주의,2,시점 밖 — 모형이 보지 않은 연도
BRD_20130100465,2023,바푸리,분식,27.0,FS2,Medium,0.12358443004732989,0.12527200599327154,요주의,1,시점 밖 — 모형이 보지 않은 연도
BRD_20130115,2023,최군맥주,주점,13.0,FS2,Medium,0.10584324702589222,0.10962134809538124,평가불가,0,시점 밖 — 모형이 보지 않은 연도
BRD_20130123,2023,쌀통닭,치킨,74.0,FS1,Low,0.01158138161683619,0.017748273137404496,건전,0,시점 밖 — 모형이 보지 않은 연도
BRD_20130139,2023,빌리엔젤,커피,22.0,FS2,Medium,0.10584324702589222,0.1124152379618941,요주의,2,시점 밖 — 모형이 보지 않은 연도
BRD_20130155,2023,이화수전통육개장,한식,158.0,FS2,Medium,0.10584324702589222,0.10625598075617257,평가불가,0,시점 밖 — 모형이 보지 않은 연도
BRD_20130176,2023,노랑통닭,치킨,650.0,FS1,Low,0.03234585180001555,0.035614680253762944,건전,0,시점 밖 — 모형이 보지 않은 연도
BRD_20130181,2023,포베이,기타 외식,34.0,FS1,Low,0.03234585180001555,0.03157838772826616,건전,0,시점 밖 — 모형이 보지 않은 연도
BRD_20130184,2023,쿠우쿠우,일식,80.0,FS2,Medium,0.10584324702589222,0.1078434181803276,건전,0,시점 밖 — 모형이 보지 않은 연도
BRD_20130227,2023,청담동말자싸롱,기타 외식,86.0,FS2,Medium,0.10584324702589222,0.10104918600494407,건전,0,시점 밖 — 모형이 보지 않은 연도
BRD_20130245,2023,전주남문조춘자토종피순대국,한식,27.0,FS2,Medium,0.10584324702589222,0.10346209088965971,건전,0,시점 밖 — 모형이 보지 않은 연도
BRD_20130247,2023,이웃집소녀떡볶이,분식,26.0,FS2,Medium,0.10584324702589222,0.10352558838662591,건전,0,시점 밖 — 모형이 보지 않은 연도
BRD_20130249,2023,설빙,아이스크림/빙수,560.0,FS1,Low,0.01158138161683619,0.0040093755725940945,건전,0,시점 밖 — 모형이 보지 않은 연도
BRD_20130258,2023,오떡,분식,12.0,FS2,Medium,0.15982271985071145,0.15673750652581994,건전,0,시점 밖 — 모형이 보지 않은 연도
BRD_20130261,2023,김영희강남동태찜,한식,40.0,FS1,Low,0.040134190898509337,0.04099222825681799,건전,0,시점 밖 — 모형이 보지 않은 연도
BRD_20130325,2023,인생극장,한식,145.0,FS2,Medium,0.12358443004732989,0.12258919295100534,건전,0,시점 밖 — 모형이 보지 않은 연도
BRD_20130347,2023,달인의찜닭,기타 외식,46.0,FS2,Medium,0.10584324702589222,0.10612898576224017,건전,0,시점 밖 — 모형이 보지 않은 연도
BRD_20130399,2023,올리앤(Ollien),서양식,32.0,FS2,Medium,0.10584324702589222,0.09958874357472144,건전,0,시점 밖 — 모형이 보지 않은 연도
BRD_20130407,2023,피자1번가,피자,13.0,FS3,High,0.32679523066157073,0.3438707732034866,요주의,1,시점 밖 — 모형이 보지 않은 연도
BRD_20130417,2023,땡초우동,주점,31.0,FS2,Medium,0.10584324702589222,0.10873238313785441,건전,0,시점 밖 — 모형이 보지 않은 연도
BRD_20130438,2023,박군치킨,치킨,72.0,FS2,Medium,0.10584324702589222,0.1029541109139301,건전,0,시점 밖 — 모형이 보지 않은 연도
BRD_20130452,2023,유가네,한식,200.0,FS1,Low,0.03234585180001555,0.033454411014764665,건전,0,시점 밖 — 모형이 보지 않은 연도
BRD_20130482,2023,한가네숯불닭갈비,한식,41.0,FS1,Low,0.040134190898509337,0.0403321995196575,평가불가,0,시점 밖 — 모형이 보지 않은 연도
BRD_20130505,2023,오븐마루,치킨,116.0,FS2,Medium,0.12358443004732989,0.11506000796141962,건전,0,시점 밖 — 모형이 보지 않은 연도
BRD_20130538,2023,썬더치킨,치킨,105.0,FS2,Medium,0.12358443004732989,0.12414695536264378,요주의,1,시점 밖 — 모형이 보지 않은 연도
BRD_20140058,2023,바르다김선생,분식,124.0,FS1,Low,0.03234585180001555,0.035842077015762766,건전,0,시점 밖 — 모형이 보지 않은 연도
BRD_20140081,2023,다채,기타 외식,6.0,FS2,Medium,0.15982271985071145,0.15999999999999998,요주의,1,시점 밖 — 모형이 보지 않은 연도
BRD_20140093,2023,수유리우동집,분식,105.0,FS1,Low,0.03234585180001555,0.03299961749076503,건전,0,시점 밖 — 모형이 보지 않은 연도
BRD_20140100,2023,신통치킨,치킨,139.0,FS2,Medium,0.12358443004732989,0.11852170220950502,요주의,1,시점 밖 — 모형이 보지 않은 연도
BRD_20140157,2023,만족오향족발,한식,55.0,FS2,Medium,0.12358443004732989,0.12059871875835625,요주의,1,시점 밖 — 모형이 보지 않은 연도
BRD_20140160,2023,은화수식당,기타 외식,51.0,FS2,Medium,0.09066734525097016,0.08491889760895423,건전,0,시점 밖 — 모형이 보지 않은 연도
BRD_20140164,2023,나드리김밥,기타 외식,49.0,FS2,Medium,0.10584324702589222,0.10454154833808514,건전,0,시점 밖 — 모형이 보지 않은 연도
BRD_20140171,2023,원조전통명가 통큰할매순대국,한식,14.0,FS3,High,0.17833399980005998,0.17011831937310187,요주의,1,시점 밖 — 모형이 보지 않은 연도
BRD_20140188,2023,그린브라우니(green brownie),제과제빵,23.0,FS1,Low,0.03234585180001555,0.03362495858626453,건전,0,시점 밖 — 모형이 보지 않은 연도
BRD_20140203,2023,아마스빈코리아,음료 (커피 외),72.0,FS1,Low,0.03234585180001555,0.032942768300265074,건전,0,시점 밖 — 모형이 보지 않은 연도
BRD_20140218,2023,계림원누릉지통닭구이,치킨,52.0,FS2,Medium,0.12358443004732989,0.11791590571609006,건전,0,시점 밖 — 모형이 보지 않은 연도
BRD_20140220,2023,개미집,한식,34.0,FS1,Low,0.040134190898509337,0.043830351826608105,건전,0,시점 밖 — 모형이 보지 않은 연도
BRD_20140262,2023,신불떡볶이,분식,43.0,FS3,High,0.17833399980005998,0.1823898420361532,요주의,1,시점 밖 — 모형이 보지 않은 연도
BRD_20140288,2023,스트릿츄러스,제과제빵,57.0,FS2,Medium,0.10584324702589222,0.09927125608989043,건전,0,시점 밖 — 모형이 보지 않은 연도
BRD_20140398,2023,슈퍼커피,커피,14.0,FS2,Medium,0.12358443004732989,0.1316761403522295,요주의,1,시점 밖 — 모형이 보지 않은 연도
BRD_20140400,2023,본래순대,한식,69.0,FS2,Medium,0.15982271985071145,0.15395086223236962,건전,0,시점 밖 — 모형이 보지 않은 연도
BRD_20140422,2023,홍익궁중전통육개장,한식,37.0,FS2,Medium,0.12358443004732989,0.11912749870291996,건전,0,시점 밖 — 모형이 보지 않은 연도
BRD_20140465,2023,명동찌개마을,기타 외식,47.0,FS2,Medium,0.10584324702589222,0.10390657336842313,건전,0,시점 밖 — 모형이 보지 않은 연도
BRD_20140475,2023,자담치킨,치킨,686.0,FS1,Low,0.01158138161683619,0.008693090651506731,건전,0,시점 밖 — 모형이 보지 않은 연도
BRD_20140495,2023,돌배기집,한식,17.0,FS3,High,0.17833399980005998,0.18280582585523966,요주의,1,시점 밖 — 모형이 보지 않은 연도
BRD_20140558,2023,육풍,한식,19.0,FS3,High,0.17833399980005998,0.1863416883174748,건전,0,시점 밖 — 모형이 보지 않은 연도
BRD_20140588,2023,짬뽕10101,중식,35.0,FS2,Medium,0.12358443004732989,0.1219833964575904,건전,0,시점 밖 — 모형이 보지 않은 연도
BRD_20140589,2023,교동짬뽕,중식,18.0,FS2,Medium,0.12358443004732989,0.11679085508546232,건전,0,시점 밖 — 모형이 보지 않은 연도
BRD_20140594,2023,충만치킨,치킨,87.0,FS1,Low,0.040134190898509337,0.04323632596316366,건전,0,시점 밖 — 모형이 보지 않은 연도
BRD_20140599,2023,마시그래이,커피,61.0,FS2,Medium,0.12358443004732989,0.11661777037305805,건전,0,시점 밖 — 모형이 보지 않은 연도
BRD_20140651,2023,투존치킨,치킨,51.0,FS3,High,0.17833399980005998,0.16907835982538566,요주의,2,시점 밖 — 모형이 보지 않은 연도
BRD_20140689,2023,천하제일족발,한식,0.0,FS3,High,0.2689750767077569,0.2903433944732968,요주의,1,시점 밖 — 모형이 보지 않은 연도
BRD_20140694,2023,정정아식당,기타 외식,25.0,FS2,Medium,0.10584324702589222,0.10828790065909101,건전,0,시점 밖 — 모형이 보지 않은 연도
BRD_20140706,2023,코리엔탈깻잎두마리치킨,치킨,154.0,FS3,High,0.17833399980005998,0.18654968022701804,요주의,2,시점 밖 — 모형이 보지 않은 연도
BRD_20140722,2023,더벤티,커피,1129.0,FS1,Low,0.01158138161683619,0.00962983366728926,건전,0,시점 밖 — 모형이 보지 않은 연도
BRD_20140725,2023,매머드커피(Mammoth coffee),커피,30.0,FS2,Medium,0.10584324702589222,0.10943085560448262,요주의,1,시점 밖 — 모형이 보지 않은 연도
BRD_20140726,2023,리얼펍,주점,73.0,FS2,Medium,0.09066734525097016,0.09457628964754101,건전,0,시점 밖 — 모형이 보지 않은 연도
BRD_20140747,2023,빅스타피자(Bigstar Pizza),피자,127.0,FS3,High,0.2689750767077569,0.2534725716621691,요주의,1,시점 밖 — 모형이 보지 않은 연도
BRD_20140752,2023,대구우야지막창,기타 외식,22.0,FS2,Medium,0.10584324702589222,0.11127228301650247,건전,0,시점 밖 — 모형이 보지 않은 연도
BRD_20140759,2023,88켄터키치킨&떡볶이,치킨,47.0,FS1,Low,0.040134190898509337,0.03960616790878096,건전,0,시점 밖 — 모형이 보지 않은 연도
BRD_20140782,2023,모로미,주점,24.0,FS1,Low,0.040134190898509337,0.042048274236274774,건전,0,시점 밖 — 모형이 보지 않은 연도
BRD_20140920,2023,옥탑방오봉자싸롱,주점,32.0,FS2,Medium,0.10584324702589222,0.09965224107168764,건전,0,시점 밖 — 모형이 보지 않은 연도
BRD_20140942,2023,짝태&노가리,주점,81.0,FS2,Medium,0.12358443004732989,0.11644468566065377,요주의,1,시점 밖 — 모형이 보지 않은 연도
BRD_20140971,2023,존슨켄터키,치킨,16.0,FS1,Low,0.040134190898509337,0.03861612480304022,건전,0,시점 밖 — 모형이 보지 않은 연도
BRD_20140974,2023,미술관,주점,14.0,FS3,High,0.17833399980005998,0.17136627083036132,요주의,2,시점 밖 — 모형이 보지 않은 연도
BRD_20141019,2023,반올림피자,피자,353.0,FS1,Low,0.01158138161683619,0.013220681894455615,건전,0,시점 밖 — 모형이 보지 않은 연도
BRD_20141047,2023,쏭스클럽핫도그,기타 외식,28.0,FS2,Medium,0.10584324702589222,0.09857278362326222,건전,0,시점 밖 — 모형이 보지 않은 연도
BRD_20141063,2023,생활맥주,주점,192.0,FS1,Low,0.040134190898509337,0.04290631159458341,건전,0,시점 밖 — 모형이 보지 않은 연도
BRD_20141065,2023,부엉이돈가스,기타 외식,26.0,FS2,Medium,0.15982271985071145,0.15999999999999998,요주의,1,시점 밖 — 모형이 보지 않은 연도
BRD_20141066,2023,불스떡볶이,분식,58.0,FS2,Medium,0.10584324702589222,0.1127327254467251,요주의,1,시점 밖 — 모형이 보지 않은 연도
BRD_20141116,2023,안동본가국밥,한식,20.0,FS3,High,0.17833399980005998,0.1834298015838694,요주의,1,시점 밖 — 모형이 보지 않은 연도
BRD_20141134,2023,라무진,기타 외식,136.0,FS1,Low,0.040134190898509337,0.04092622538310194,건전,0,시점 밖 — 모형이 보지 않은 연도
BRD_20141157,2023,아이벗 치킨,치킨,30.0,FS1,Low,0.03234585180001555,0.03459139482476376,건전,0,시점 밖 — 모형이 보지 않은 연도
BRD_20141179,2023,소담촌,기타 외식,96.0,FS1,Low,0.03234585180001555,0.034989339158263445,건전,0,시점 밖 — 모형이 보지 않은 연도
BRD_20141217,2023,순곱이네,기타 외식,22.0,FS2,Medium,0.15982271985071145,0.15514513835813404,건전,0,시점 밖 — 모형이 보지 않은 연도
BRD_20141221,2023,본죽&비빔밥,한식,1003.0,FS1,Low,0.01158138161683619,0.009473709831325505,건전,0,시점 밖 — 모형이 보지 않은 연도
BRD_20141250,2023,컴포즈커피(COMPOSE COFFEE),커피,2360.0,FS1,Low,0.01158138161683619,0.00557061393223164,건전,0,시점 밖 — 모형이 보지 않은 연도
BRD_20141293,2023,크레이저커피(C.Razer Coffee),커피,33.0,FS2,Medium,0.12358443004732989,0.1261374295552929,건전,0,시점 밖 — 모형이 보지 않은 연도
BRD_20150031,2023,브라운돈까스,기타 외식,66.0,FS1,Low,0.040134190898509337,0.041190236877966135,건전,0,시점 밖 — 모형이 보지 않은 연도
BRD_20150050,2023,대독장,한식,9.0,FS3,High,0.32679523066157073,0.33271249787906637,요주의,1,시점 밖 — 모형이 보지 않은 연도
BRD_20150052,2023,빵장수단팥빵,제과제빵,44.0,FS2,Medium,0.09066734525097016,0.09687566870434738,건전,0,시점 밖 — 모형이 보지 않은 연도
BRD_20150062,2023,매스커피,음료 (커피 외),37.0,FS2,Medium,0.12358443004732989,0.12380078593783524,건전,0,시점 밖 — 모형이 보지 않은 연도
BRD_20150064,2023,김진철동래통닭,치킨,10.0,FS2,Medium,0.10584324702589222,0.1028906134169639,건전,0,시점 밖 — 모형이 보지 않은 연도
BRD_20150065,2023,타코비,기타 외식,91.0,FS2,Medium,0.10584324702589222,0.10473204082898374,요주의,1,시점 밖 — 모형이 보지 않은 연도
BRD_20150085,2023,못난이꽈배기,제과제빵,119.0,FS2,Medium,0.10584324702589222,0.09933475358685664,건전,0,시점 밖 — 모형이 보지 않은 연도
BRD_20150087,2023,선굼터,기타 외식,23.0,FS3,High,0.32679523066157073,0.3394750889847756,건전,0,시점 밖 — 모형이 보지 않은 연도
BRD_20150098,2023,곤지암할매소머리국밥,한식,178.0,FS1,Low,0.03234585180001555,0.033283863443264804,건전,0,시점 밖 — 모형이 보지 않은 연도
BRD_20150119,2023,화포식당,기타 외식,39.0,FS2,Medium,0.10584324702589222,0.10200164845943709,건전,0,시점 밖 — 모형이 보지 않은 연도
BRD_20150133,2023,크래프트한스(Craft Han&#39;s),주점,30.0,FS2,Medium,0.15982271985071145,0.15999999999999998,건전,0,시점 밖 — 모형이 보지 않은 연도
BRD_20150146,2023,걸작떡볶이치킨,분식,103.0,FS2,Medium,0.12358443004732989,0.12129105760797333,요주의,2,시점 밖 — 모형이 보지 않은 연도
BRD_20150164,2023,응급실국물떡볶이,분식,189.0,FS2,Medium,0.10584324702589222,0.10600199076830777,요주의,1,시점 밖 — 모형이 보지 않은 연도
BRD_20150166,2023,그라찌에,기타 외식,38.0,FS2,Medium,0.12358443004732989,0.11886787163431355,건전,0,시점 밖 — 모형이 보지 않은 연도
BRD_20150189,2023,카페봄봄,커피,430.0,FS1,Low,0.03234585180001555,0.029247570917768015,건전,0,시점 밖 — 모형이 보지 않은 연도
BRD_20150218,2023,푸라닭,치킨,714.0,FS1,Low,0.01158138161683619,0.01072270051903554,건전,0,시점 밖 — 모형이 보지 않은 연도
BRD_20150239,2023,호떡당,분식,16.0,FS2,Medium,0.12358443004732989,0.1276951919669313,요주의,3,시점 밖 — 모형이 보지 않은 연도
BRD_20150253,2023,카페게이트,커피,135.0,FS1,Low,0.01158138161683619,0.014313548746201896,건전,0,시점 밖 — 모형이 보지 않은 연도
BRD_20150315,2023,피자애,피자,34.0,FS1,Low,0.040134190898509337,0.04303831734201551,건전,0,시점 밖 — 모형이 보지 않은 연도
BRD_20150339,2023,산카이 이자카야,일식,27.0,FS1,Low,0.03234585180001555,0.029702364441767652,건전,0,시점 밖 — 모형이 보지 않은 연도
BRD_20150343,2023,왕빈자전통주막,주점,22.0,FS3,High,0.2689750767077569,0.2920193409647117,요주의,3,시점 밖 — 모형이 보지 않은 연도
BRD_20150356,2023,순남시래기,기타 외식,41.0,FS2,Medium,0.10584324702589222,0.10822440316212481,건전,0,시점 밖 — 모형이 보지 않은 연도
BRD_20150407,2023,오투닭갈비&부대찌개,한식,32.0,FS1,Low,0.03234585180001555,0.02907702334626815,건전,0,시점 밖 — 모형이 보지 않은 연도
BRD_20150426,2023,백스비어,주점,79.0,FS2,Medium,0.10584324702589222,0.10016022104741726,건전,0,시점 밖 — 모형이 보지 않은 연도
BRD_20150449,2023,유가네한우곰탕,한식,72.0,FS3,High,0.32679523066157073,0.33000746143678267,요주의,1,시점 밖 — 모형이 보지 않은 연도
BRD_20150473,2023,밥맛나는세상,한식,32.0,FS3,High,0.17833399980005998,0.18363779349341264,건전,0,시점 밖 — 모형이 보지 않은 연도
BRD_20150477,2023,철인7호,치킨,50.0,FS2,Medium,0.12358443004732989,0.11800244807229221,건전,0,시점 밖 — 모형이 보지 않은 연도
BRD_20150487,2023,만나고쪽갈비가,한식,24.0,FS2,Medium,0.10584324702589222,0.09946174858078904,건전,0,시점 밖 — 모형이 보지 않은 연도
BRD_20150488,2023,개성집,기타 외식,21.0,FS2,Medium,0.15982271985071145,0.15992224286119172,건전,0,시점 밖 — 모형이 보지 않은 연도
BRD_20150505,2023,커피에반하다,커피,349.0,FS2,Medium,0.10584324702589222,0.10663696573796978,요주의,1,시점 밖 — 모형이 보지 않은 연도
BRD_20150519,2023,놀부옛날통닭,치킨,6.0,FS2,Medium,0.15982271985071145,0.15156230998084075,요주의,3,시점 밖 — 모형이 보지 않은 연도
BRD_20150522,2023,리김밥,분식,31.0,FS3,High,0.17833399980005998,0.17261422228762077,요주의,1,시점 밖 — 모형이 보지 않은 연도
BRD_20150530,2023,카페보니또,커피,19.0,FS2,Medium,0.10584324702589222,0.10498603081684854,건전,0,시점 밖 — 모형이 보지 않은 연도
BRD_20150553,2023,밥장인,한식,28.0,FS3,High,0.2689750767077569,0.28699150149046704,건전,0,시점 밖 — 모형이 보지 않은 연도
BRD_20150624,2023,콩심,기타 외식,87.0,FS1,Low,0.040134190898509337,0.039936182277361204,건전,0,시점 밖 — 모형이 보지 않은 연도
BRD_20150650,2023,마미쿡,패스트푸드,15.0,FS2,Medium,0.15982271985071145,0.15434895427429107,요주의,3,시점 밖 — 모형이 보지 않은 연도
BRD_20150651,2023,인기명,기타 외식,19.0,FS3,High,0.32679523066157073,0.349280846088054,요주의,2,시점 밖 — 모형이 보지 않은 연도
BRD_20150668,2023,정성신더큰도시락,한식,23.0,FS2,Medium,0.12358443004732989,0.12665668369250568,건전,0,시점 밖 — 모형이 보지 않은 연도
BRD_20150700,2023,청년다방,분식,399.0,FS1,Low,0.03234585180001555,0.028906475774768285,건전,0,시점 밖 — 모형이 보지 않은 연도
BRD_20150706,2023,김양비어,주점,8.0,FS2,Medium,0.12358443004732989,0.1177428210036858,건전,0,시점 밖 — 모형이 보지 않은 연도
BRD_20150722,2023,종로맥가,기타 외식,42.0,FS2,Medium,0.09066734525097016,0.09595591708162483,건전,0,시점 밖 — 모형이 보지 않은 연도
BRD_20150724,2023,오부장치킨,치킨,30.0,FS1,Low,0.040134190898509337,0.03709805870757109,건전,0,시점 밖 — 모형이 보지 않은 연도
BRD_20150732,2023,예향정,한식,42.0,FS2,Medium,0.10584324702589222,0.1075259306954966,건전,0,시점 밖 — 모형이 보지 않은 연도
BRD_20150749,2023,동네포차주민,주점,40.0,FS2,Medium,0.10584324702589222,0.10384307587145693,건전,0,시점 밖 — 모형이 보지 않은 연도
BRD_20150785,2023,본설렁탕,한식,50.0,FS1,Low,0.040134190898509337,0.03927615354020071,건전,0,시점 밖 — 모형이 보지 않은 연도
BRD_20150790,2023,자연임실치즈피자,피자,41.0,FS2,Medium,0.09066734525097016,0.08445902179759296,건전,0,시점 밖 — 모형이 보지 않은 연도
BRD_20150811,2023,디저트39,커피,529.0,FS2,Medium,0.10584324702589222,0.09863628112022843,건전,0,시점 밖 — 모형이 보지 않은 연도
BRD_20150828,2023,샐러디,기타 외식,322.0,FS1,Low,0.040134190898509337,0.042972314468299466,건전,0,시점 밖 — 모형이 보지 않은 연도
BRD_20150845,2023,산쪼메,기타 외식,31.0,FS2,Medium,0.09066734525097016,0.09825529613843122,건전,0,시점 밖 — 모형이 보지 않은 연도
BRD_20150909,2023,대독장,한식,12.0,FS2,Medium,0.10584324702589222,0.10111268350191027,건전,0,시점 밖 — 모형이 보지 않은 연도
BRD_20150930,2023,바른치킨,치킨,243.0,FS1,Low,0.040134190898509337,0.04066221388823774,요주의,1,시점 밖 — 모형이 보지 않은 연도
BRD_20150931,2023,육미명가옛날아우내순대&보쌈,기타 외식,52.0,FS2,Medium,0.10584324702589222,0.09882677361112703,건전,0,시점 밖 — 모형이 보지 않은 연도
BRD_20150939,2023,홍춘천,한식,66.0,FS2,Medium,0.15982271985071145,0.15375181621140888,요주의,1,시점 밖 — 모형이 보지 않은 연도
BRD_20150982,2023,노량진의 전설 미스사이공(miss420),기타 외국식,96.0,FS2,Medium,0.12358443004732989,0.1269163107611121,건전,0,시점 밖 — 모형이 보지 않은 연도
BRD_20150989,2023,아딸,분식,18.0,FS2,Medium,0.12358443004732989,0.12985875087198467,요주의,1,시점 밖 — 모형이 보지 않은 연도
BRD_20151007,2023,동경야시장,주점,7.0,FS3,High,0.2689750767077569,0.24257891946797228,요주의,2,시점 밖 — 모형이 보지 않은 연도
BRD_20151018,2023,복고다방,커피,47.0,FS2,Medium,0.12358443004732989,0.1251854636370694,평가불가,0,시점 밖 — 모형이 보지 않은 연도
BRD_20151034,2023,3883 팔도실비집,주점,21.0,FS2,Medium,0.15982271985071145,0.15999999999999998,요주의,3,시점 밖 — 모형이 보지 않은 연도
BRD_20151039,2023,60계,치킨,661.0,FS1,Low,0.01158138161683619,0.017436025465476988,건전,0,시점 밖 — 모형이 보지 않은 연도
BRD_20151089,2023,떼루와,커피,16.0,FS2,Medium,0.09066734525097016,0.08307939436350913,건전,0,시점 밖 — 모형이 보지 않은 연도
BRD_20151153,2023,송촌꼬마김밥,한식,36.0,FS1,Low,0.03234585180001555,0.03521673592026327,건전,0,시점 밖 — 모형이 보지 않은 연도
BRD_20151176,2023,빙달,아이스크림/빙수,36.0,FS2,Medium,0.15982271985071145,0.15474704631621256,요주의,2,시점 밖 — 모형이 보지 않은 연도
BRD_20151193,2023,아빠곰탕,한식,10.0,FS3,High,0.2689750767077569,0.26436622385636593,요주의,1,시점 밖 — 모형이 보지 않은 연도
BRD_20151202,2023,THE LITER (더리터,커피,433.0,FS1,Low,0.03234585180001555,0.03231742720476557,요주의,1,시점 밖 — 모형이 보지 않은 연도
BRD_20151210,2023,깐깐한족발,기타 외식,28.0,FS1,Low,0.03234585180001555,0.036183172158762496,건전,0,시점 밖 — 모형이 보지 않은 연도
BRD_20151211,2023,청자다방,커피,126.0,FS1,Low,0.03234585180001555,0.033966053729264256,건전,0,시점 밖 — 모형이 보지 않은 연도
BRD_20151217,2023,싸움의고수,기타 외식,99.0,FS2,Medium,0.10584324702589222,0.10631947825313877,평가불가,0,시점 밖 — 모형이 보지 않은 연도
BRD_20151228,2023,막창도둑,기타 외식,106.0,FS1,Low,0.01158138161683619,0.005258366260304131,건전,0,시점 밖 — 모형이 보지 않은 연도
BRD_20151263,2023,포차어게인,주점,10.0,FS3,High,0.32679523066157073,0.3296693318814972,요주의,2,시점 밖 — 모형이 보지 않은 연도
BRD_20151265,2023,바우네나주곰탕,한식,109.0,FS2,Medium,0.10584324702589222,0.10206514595640329,건전,0,시점 밖 — 모형이 보지 않은 연도
BRD_20151284,2023,101번지 남산돈까스,기타 외식,36.0,FS2,Medium,0.12358443004732989,0.11808899042849434,건전,0,시점 밖 — 모형이 보지 않은 연도
BRD_20151296,2023,백채,한식,181.0,FS1,Low,0.01158138161683619,0.014938044090056914,건전,0,시점 밖 — 모형이 보지 않은 연도
BRD_20160030,2023,수철이네왕새우튀김,분식,13.0,FS2,Medium,0.15982271985071145,0.15999999999999998,요주의,2,시점 밖 — 모형이 보지 않은 연도
BRD_20160063,2023,엉터리생고기 두번째이야기 무한삼겹,기타 외식,33.0,FS3,High,0.32679523066157073,0.32290674077578796,건전,0,시점 밖 — 모형이 보지 않은 연도
BRD_20160070,2023,치킨멤버,치킨,26.0,FS1,Low,0.040134190898509337,0.039804176529929104,건전,0,시점 밖 — 모형이 보지 않은 연도
BRD_20160097,2023,램플러스,기타 외국식,10.0,FS2,Medium,0.15982271985071145,0.1523584940646837,평가불가,0,시점 밖 — 모형이 보지 않은 연도
BRD_20160102,2023,탭플레이(TAPLAY),커피,15.0,FS2,Medium,0.12358443004732989,0.1308972591464103,평가불가,0,시점 밖 — 모형이 보지 않은 연도
BRD_20160116,2023,만랩커피,커피,107.0,FS2,Medium,0.12358443004732989,0.13063763207780388,건전,0,시점 밖 — 모형이 보지 않은 연도
BRD_20160124,2023,설동궁찜닭,한식,193.0,FS1,Low,0.03234585180001555,0.030896197442266703,건전,0,시점 밖 — 모형이 보지 않은 연도
BRD_20160153,2023,오복미역,한식,31.0,FS1,Low,0.03234585180001555,0.03589892620626272,건전,0,시점 밖 — 모형이 보지 않은 연도
BRD_20160173,2023,조선의 옛날통닭,치킨,21.0,FS3,High,0.2689750767077569,0.29285731421041916,요주의,2,시점 밖 — 모형이 보지 않은 연도
BRD_20160195,2023,내가찜한닭,한식,25.0,FS1,Low,0.03234585180001555,0.02873592820326842,건전,0,시점 밖 — 모형이 보지 않은 연도
BRD_20160217,2023,어머나생고기,한식,1.0,FS2,Medium,0.10584324702589222,0.10320810090179491,평가불가,0,시점 밖 — 모형이 보지 않은 연도
BRD_20160303,2023,엑스오엑스오핫도그앤커피,기타 외식,70.0,FS3,High,0.32679523066157073,0.3533384007514795,요주의,1,시점 밖 — 모형이 보지 않은 연도
BRD_20160311,2023,바다양푼이동태탕찜,기타 외식,326.0,FS2,Medium,0.10584324702589222,0.10555750828954436,건전,0,시점 밖 — 모형이 보지 않은 연도
BRD_20160312,2023,순수치킨,기타 외식,40.0,FS3,High,0.2689750767077569,0.29788515368466384,요주의,2,시점 밖 — 모형이 보지 않은 연도
BRD_20160327,2023,석관동떡볶이,기타 외식,17.0,FS2,Medium,0.12358443004732989,0.12457966714365445,요주의,1,시점 밖 — 모형이 보지 않은 연도
BRD_20160329,2023,불막열삼,한식,127.0,FS1,Low,0.040134190898509337,0.03828611043445997,건전,0,시점 밖 — 모형이 보지 않은 연도
BRD_20160331,2023,장혁민의 부대찌개,기타 외식,31.0,FS2,Medium,0.09066734525097016,0.08997753153392826,건전,0,시점 밖 — 모형이 보지 않은 연도
BRD_20160392,2023,베트남노상식당,기타 외국식,55.0,FS2,Medium,0.09066734525097016,0.08629852504303806,건전,0,시점 밖 — 모형이 보지 않은 연도
BRD_20160414,2023,샤이바나,서양식,23.0,FS2,Medium,0.12358443004732989,0.1287337002413569,요주의,3,시점 밖 — 모형이 보지 않은 연도
BRD_20160451,2023,하루엔소쿠,일식,97.0,FS2,Medium,0.10584324702589222,0.09908076359899183,건전,0,시점 밖 — 모형이 보지 않은 연도
BRD_20160452,2023,쉐프삼촌,한식,16.0,FS2,Medium,0.15982271985071145,0.15614036846293772,요주의,1,시점 밖 — 모형이 보지 않은 연도
BRD_20160464,2023,혜화동 돈까스극장,기타 외식,90.0,FS1,Low,0.040134190898509337,0.036570035717842696,요주의,1,시점 밖 — 모형이 보지 않은 연도
BRD_20160469,2023,뿅가야채곱창,기타 외식,85.0,FS3,High,0.17833399980005998,0.1692863517349289,건전,0,시점 밖 — 모형이 보지 않은 연도
BRD_20160481,2023,징기스,기타 외식,41.0,FS1,Low,0.03234585180001555,0.029361269298767922,요주의,1,시점 밖 — 모형이 보지 않은 연도
BRD_20160493,2023,하우돈곱창,기타 외식,22.0,FS2,Medium,0.12358443004732989,0.11705048215406871,건전,0,시점 밖 — 모형이 보지 않은 연도
BRD_20160512,2023,알리바바(ALIBABA),커피,27.0,FS3,High,0.32679523066157073,0.3340650161002082,요주의,2,시점 밖 — 모형이 보지 않은 연도
BRD_20160517,2023,계경순대국,한식,24.0,FS3,High,0.32679523066157073,0.3357556638766355,요주의,2,시점 밖 — 모형이 보지 않은 연도
BRD_20160521,2023,심봉사도로케,제과제빵,47.0,FS2,Medium,0.12358443004732989,0.1254450907056758,건전,0,시점 밖 — 모형이 보지 않은 연도
BRD_20160531,2023,맛나슈퍼,기타 외식,4.0,FS2,Medium,0.10584324702589222,0.10593849327134157,건전,0,시점 밖 — 모형이 보지 않은 연도
BRD_20160534,2023,킹콩쥬스엔커피,음료 (커피 외),21.0,FS2,Medium,0.10584324702589222,0.10301760841089631,건전,0,시점 밖 — 모형이 보지 않은 연도
BRD_20160539,2023,육수당,한식,99.0,FS1,Low,0.040134190898509337,0.039210150666484665,요주의,1,시점 밖 — 모형이 보지 않은 연도
BRD_20160546,2023,잭아저씨족발&보쌈,기타 외식,28.0,FS2,Medium,0.10584324702589222,0.1127962229436913,건전,0,시점 밖 — 모형이 보지 않은 연도
BRD_20160571,2023,경성주막1929,주점,17.0,FS3,High,0.32679523066157073,0.30836716989851315,요주의,2,시점 밖 — 모형이 보지 않은 연도
BRD_20160575,2023,도쿄스테이크,기타 외식,8.0,FS2,Medium,0.10584324702589222,0.10708144821673318,요주의,1,시점 밖 — 모형이 보지 않은 연도
BRD_20160577,2023,커피코트,커피,8.0,FS2,Medium,0.12358443004732989,0.12648359898010142,요주의,2,시점 밖 — 모형이 보지 않은 연도
BRD_20160600,2023,주식회사포차천국,주점,150.0,FS2,Medium,0.10584324702589222,0.11343119791335331,건전,0,시점 밖 — 모형이 보지 않은 연도
BRD_20160628,2023,메가엠지씨커피(MEGA MGC COFFEE),커피,2681.0,FS1,Low,0.040134190898509337,0.03947416216134886,평가불가,0,시점 밖 — 모형이 보지 않은 연도
BRD_20160666,2023,한마음정육식당,한식,124.0,FS1,Low,0.01158138161683619,0.012127815042709333,건전,0,시점 밖 — 모형이 보지 않은 연도
BRD_20160683,2023,토고리 옛날막창,한식,26.0,FS2,Medium,0.12358443004732989,0.12449312478745232,평가불가,0,시점 밖 — 모형이 보지 않은 연도
BRD_20160690,2023,김밥일번지,분식,38.0,FS1,Low,0.03234585180001555,0.03038455472776711,건전,0,시점 밖 — 모형이 보지 않은 연도
BRD_20160713,2023,79대포,주점,91.0,FS2,Medium,0.12358443004732989,0.11618505859204738,건전,0,시점 밖 — 모형이 보지 않은 연도
BRD_20160714,2023,안심치킨,치킨,8.0,FS3,High,0.32679523066157073,0.3225686112205025,건전,0,시점 밖 — 모형이 보지 않은 연도
BRD_20160718,2023,네오피자,피자,57.0,FS3,High,0.2689750767077569,0.2585004111364138,요주의,2,시점 밖 — 모형이 보지 않은 연도
BRD_20160737,2023,스탠딩스테이크,서양식,10.0,FS3,High,0.32679523066157073,0.3218923521099316,요주의,2,시점 밖 — 모형이 보지 않은 연도
BRD_20160773,2023,족발야시장,기타 외식,231.0,FS1,Low,0.01158138161683619,0.009161462159397995,건전,0,시점 밖 — 모형이 보지 않은 연도
BRD_20160785,2023,완산골명가,한식,29.0,FS1,Low,0.03234585180001555,0.0320331812522658,건전,0,시점 밖 — 모형이 보지 않은 연도
BRD_20160798,2023,가마치통닭,치킨,706.0,FS1,Low,0.01158138161683619,0.007444099963796695,건전,0,시점 밖 — 모형이 보지 않은 연도
BRD_20160803,2023,뉴욕야시장,주점,105.0,FS2,Medium,0.10584324702589222,0.10162066347763989,요주의,1,시점 밖 — 모형이 보지 않은 연도
BRD_20160807,2023,파스토보이(pastoboy),서양식,48.0,FS1,Low,0.03234585180001555,0.03487564077726354,건전,0,시점 밖 — 모형이 보지 않은 연도
BRD_20160811,2023,베러먼데이,커피,125.0,FS2,Medium,0.10584324702589222,0.1023191359442681,건전,0,시점 밖 — 모형이 보지 않은 연도
BRD_20160835,2023,얌샘김밥,분식,230.0,FS1,Low,0.01158138161683619,0.005102242424340377,건전,0,시점 밖 — 모형이 보지 않은 연도
BRD_20160858,2023,두찜,한식,592.0,FS1,Low,0.040134190898509337,0.04138824549911428,건전,0,시점 밖 — 모형이 보지 않은 연도
BRD_20160884,2023,마왕족발,기타 외식,246.0,FS1,Low,0.01158138161683619,0.006507356948014168,건전,0,시점 밖 — 모형이 보지 않은 연도
BRD_20160892,2023,만년닭강정,치킨,32.0,FS2,Medium,0.15982271985071145,0.1507661258969978,요주의,1,시점 밖 — 모형이 보지 않은 연도
BRD_20160907,2023,아리랑수제핫도그,제과제빵,14.0,FS3,High,0.32679523066157073,0.31682040878064965,건전,0,시점 밖 — 모형이 보지 않은 연도
BRD_20160924,2023,강창구찹쌀진순대,한식,32.0,FS1,Low,0.03234585180001555,0.030214007156267247,건전,0,시점 밖 — 모형이 보지 않은 연도
BRD_20160973,2023,카페051(cafe051),커피,219.0,FS1,Low,0.01158138161683619,0.009942081339216768,건전,0,시점 밖 — 모형이 보지 않은 연도
BRD_20161030,2023,노군꼬치,기타 외식,101.0,FS1,Low,0.01158138161683619,0.020558502184752078,건전,0,시점 밖 — 모형이 보지 않은 연도
BRD_20161076,2023,투고샐러드 (TOGOSALAD),기타 외식,28.0,FS3,High,0.17833399980005998,0.17240623037807754,요주의,1,시점 밖 — 모형이 보지 않은 연도
BRD_20161120,2023,호수꼬치,한식,18.0,FS2,Medium,0.12358443004732989,0.13055108972160176,요주의,1,시점 밖 — 모형이 보지 않은 연도
BRD_20161124,2023,파주닭국수,한식,24.0,FS2,Medium,0.12358443004732989,0.12977220851578253,건전,0,시점 밖 — 모형이 보지 않은 연도
BRD_20161125,2023,고반식당,기타 외식,117.0,FS1,Low,0.01158138161683619,0.01478192025409316,건전,0,시점 밖 — 모형이 보지 않은 연도
BRD_20161137,2023,명랑시대쌀핫도그,제과제빵,525.0,FS1,Low,0.01158138161683619,0.017123777793549476,건전,0,시점 밖 — 모형이 보지 않은 연도
BRD_20161139,2023,2도맥주 (2°C BEER),주점,39.0,FS3,High,0.2689750767077569,0.2802877155248074,건전,0,시점 밖 — 모형이 보지 않은 연도
BRD_20161159,2023,매머드익스프레스(Mammoth Express),커피,630.0,FS1,Low,0.01158138161683619,0.0019797657050652853,건전,0,시점 밖 — 모형이 보지 않은 연도
BRD_20161160,2023,수내닭꼬치,기타 외식,110.0,FS2,Medium,0.10584324702589222,0.10428755835022033,건전,0,시점 밖 — 모형이 보지 않은 연도
BRD_20161169,2023,강순자옛맛김치찌개,한식,45.0,FS1,Low,0.01158138161683619,0.021182997528607098,건전,0,시점 밖 — 모형이 보지 않은 연도
BRD_20161178,2023,리틀하노이(LittleHANOI),기타 외국식,31.0,FS2,Medium,0.15982271985071145,0.15999999999999998,건전,0,시점 밖 — 모형이 보지 않은 연도
BRD_20161181,2023,블럭제빵소,제과제빵,42.0,FS2,Medium,0.12358443004732989,0.11834861749710074,건전,0,시점 밖 — 모형이 보지 않은 연도
BRD_20161185,2023,하노이별,기타 외국식,33.0,FS2,Medium,0.10584324702589222,0.10403356836235553,평가불가,0,시점 밖 — 모형이 보지 않은 연도
BRD_20161188,2023,이태리부대찌개,한식,42.0,FS1,Low,0.01158138161683619,0.021807492872462114,건전,0,시점 밖 — 모형이 보지 않은 연도
BRD_20161199,2023,동근이숯불두마리치킨,치킨,167.0,FS1,Low,0.03234585180001555,0.03368180777676449,건전,0,시점 밖 — 모형이 보지 않은 연도
BRD_20161219,2023,역전할머니맥주1982,주점,923.0,FS1,Low,0.03234585180001555,0.028622229822268513,건전,0,시점 밖 — 모형이 보지 않은 연도
BRD_20161227,2023,굿맘할매순대국&양선지해장국,한식,42.0,FS1,Low,0.03234585180001555,0.03453454563426381,건전,0,시점 밖 — 모형이 보지 않은 연도
BRD_20161261,2023,황금코다리,한식,123.0,FS1,Low,0.01158138161683619,0.01509416792602067,건전,0,시점 밖 — 모형이 보지 않은 연도
BRD_20161275,2023,한옥마을,한식,47.0,FS2,Medium,0.12358443004732989,0.1152330926738239,건전,0,시점 밖 — 모형이 보지 않은 연도
BRD_20161278,2023,팔팔핫도그,패스트푸드,6.0,FS3,High,0.2689750767077569,0.2710700098220255,요주의,2,시점 밖 — 모형이 보지 않은 연도
BRD_20161308,2023,버거앤프라이즈(Burger&Friez),기타 외식,51.0,FS2,Medium,0.15982271985071145,0.15999999999999998,요주의,2,시점 밖 — 모형이 보지 않은 연도
BRD_20161309,2023,브라보치킨피자,치킨,1.0,FS3,High,0.32679523066157073,0.32933120232621177,요주의,2,시점 밖 — 모형이 보지 않은 연도
BRD_20170014,2023,맘스케익,제과제빵,39.0,FS2,Medium,0.10584324702589222,0.10701795071976698,건전,0,시점 밖 — 모형이 보지 않은 연도
BRD_20170126,2023,미카도스시,일식,69.0,FS2,Medium,0.10584324702589222,0.11330420291942091,건전,0,시점 밖 — 모형이 보지 않은 연도
BRD_20170127,2023,치킨플러스,치킨,287.0,FS1,Low,0.040134190898509337,0.03749407594986738,건전,0,시점 밖 — 모형이 보지 않은 연도
BRD_20170132,2023,바푸리pho베트남쌀국수,기타 외식,6.0,FS3,High,0.32679523066157073,0.30938155856436955,요주의,2,시점 밖 — 모형이 보지 않은 연도
BRD_20170139,2023,용호동낙지,기타 외식,34.0,FS1,Low,0.03234585180001555,0.03248797477626544,건전,0,시점 밖 — 모형이 보지 않은 연도
BRD_20170147,2023,마성떡볶이,분식,36.0,FS1,Low,0.040134190898509337,0.036702041465274796,건전,0,시점 밖 — 모형이 보지 않은 연도
BRD_20170182,2023,79네수육국밥,기타 외식,37.0,FS1,Low,0.01158138161683619,0.021651369036498364,건전,0,시점 밖 — 모형이 보지 않은 연도
BRD_20170185,2023,제주스,음료 (커피 외),34.0,FS3,High,0.17833399980005998,0.17926996339300455,건전,0,시점 밖 — 모형이 보지 않은 연도
BRD_20170214,2023,청춘감성쌀핫도그,기타 외식,40.0,FS2,Medium,0.10584324702589222,0.10606548826527397,건전,0,시점 밖 — 모형이 보지 않은 연도
BRD_20170227,2023,오르새피자,피자,44.0,FS2,Medium,0.12358443004732989,0.11480038089281322,건전,0,시점 밖 — 모형이 보지 않은 연도
BRD_20170274,2023,길동우동,기타 외식,79.0,FS2,Medium,0.10584324702589222,0.10098568850797787,건전,0,시점 밖 — 모형이 보지 않은 연도
BRD_20170305,2023,꽃찬찜닭,기타 외식,8.0,FS3,High,0.32679523066157073,0.3374463116530628,요주의,2,시점 밖 — 모형이 보지 않은 연도
BRD_20170316,2023,Emoi(에머이),기타 외국식,35.0,FS2,Medium,0.15982271985071145,0.15892701275638804,요주의,2,시점 밖 — 모형이 보지 않은 연도
BRD_20170332,2023,김영희아구찜&코다리냉면,기타 외식,45.0,FS2,Medium,0.09066734525097016,0.08951765572256698,건전,0,시점 밖 — 모형이 보지 않은 연도
BRD_20170356,2023,보돌미역,기타 외식,46.0,FS2,Medium,0.10584324702589222,0.10847839314998961,건전,0,시점 밖 — 모형이 보지 않은 연도
BRD_20170357,2023,어벤더치커피,커피,43.0,FS2,Medium,0.10584324702589222,0.11006583057414464,건전,0,시점 밖 — 모형이 보지 않은 연도
BRD_20170358,2023,33떡볶이,기타 외식,175.0,FS1,Low,0.01158138161683619,0.018372768481259516,건전,0,시점 밖 — 모형이 보지 않은 연도
BRD_20170368,2023,백남옥달인손만두,기타 외식,47.0,FS1,Low,0.01158138161683619,0.021026873692643343,건전,0,시점 밖 — 모형이 보지 않은 연도
BRD_20170380,2023,가마솥순대국밥,한식,36.0,FS2,Medium,0.10584324702589222,0.10562100578651056,건전,0,시점 밖 — 모형이 보지 않은 연도
BRD_20170439,2023,후라이드 참 잘하는집,치킨,277.0,FS2,Medium,0.10584324702589222,0.1026366234290991,건전,0,시점 밖 — 모형이 보지 않은 연도
BRD_20170446,2023,스파게티스토리,기타 외식,40.0,FS1,Low,0.03234585180001555,0.03419345049126408,건전,0,시점 밖 — 모형이 보지 않은 연도
BRD_20170451,2023,선비꼬마김밥,분식,221.0,FS1,Low,0.01158138161683619,0.003541004064702832,건전,0,시점 밖 — 모형이 보지 않은 연도
BRD_20170464,2023,배달삼겹 돼지되지,한식,24.0,FS2,Medium,0.15982271985071145,0.15136326395988,평가불가,0,시점 밖 — 모형이 보지 않은 연도
BRD_20170468,2023,쌀똑핫도그,제과제빵,24.0,FS3,High,0.2689750767077569,0.25095865192504674,건전,0,시점 밖 — 모형이 보지 않은 연도
BRD_20170500,2023,오닭꼬치,치킨,71.0,FS3,High,0.17833399980005998,0.18405377731249914,평가불가,0,시점 밖 — 모형이 보지 않은 연도
BRD_20170511,2023,오마뎅,분식,90.0,FS1,Low,0.01158138161683619,0.015250291761984423,건전,0,시점 밖 — 모형이 보지 않은 연도
BRD_20170517,2023,쑝쑝돈까스,서양식,136.0,FS2,Medium,0.10584324702589222,0.09914426109595803,건전,0,시점 밖 — 모형이 보지 않은 연도
BRD_20170519,2023,국제통닭,치킨,56.0,FS1,Low,0.040134190898509337,0.03663603859155874,건전,0,시점 밖 — 모형이 보지 않은 연도
BRD_20170520,2023,에이바우트커피,커피,51.0,FS1,Low,0.01158138161683619,0.021963616708425872,건전,0,시점 밖 — 모형이 보지 않은 연도
BRD_20170534,2023,본초맘죽,한식,40.0,FS3,High,0.17833399980005998,0.18072590675980724,건전,0,시점 밖 — 모형이 보지 않은 연도
BRD_20170547,2023,엑스오엑스오푸드카페,기타 외식,332.0,FS2,Medium,0.12358443004732989,0.11930058341532422,건전,0,시점 밖 — 모형이 보지 않은 연도
BRD_20170549,2023,맛있는 오칠구,기타 외식,6.0,FS3,High,0.32679523066157073,0.3070146516773713,요주의,2,시점 밖 — 모형이 보지 않은 연도
BRD_20170559,2023,행컵,기타 외식,31.0,FS1,Low,0.03234585180001555,0.030100308775267336,요주의,1,시점 밖 — 모형이 보지 않은 연도
BRD_20170560,2023,이춘봉치킨,치킨,84.0,FS2,Medium,0.15982271985071145,0.15096517191795855,요주의,1,시점 밖 — 모형이 보지 않은 연도
BRD_20170565,2023,우거지품은순대국,한식,14.0,FS2,Medium,0.10584324702589222,0.10054120602921446,건전,0,시점 밖 — 모형이 보지 않은 연도
BRD_20170579,2023,우주라이크(WOULDULIKE),커피,79.0,FS3,High,0.32679523066157073,0.31445350189365145,요주의,2,시점 밖 — 모형이 보지 않은 연도
BRD_20170626,2023,진1926,기타 외식,51.0,FS2,Medium,0.09066734525097016,0.09043740734528953,요주의,1,시점 밖 — 모형이 보지 않은 연도
BRD_20170699,2023,내담해물찜탕,한식,26.0,FS2,Medium,0.15982271985071145,0.15999999999999998,요주의,1,시점 밖 — 모형이 보지 않은 연도
BRD_20170705,2023,별법동태탕왕해물찜,한식,19.0,FS1,Low,0.040134190898509337,0.03637202709669455,건전,0,시점 밖 — 모형이 보지 않은 연도
BRD_20170711,2023,착한쭝식,중식,19.0,FS3,High,0.2689750767077569,0.2786117690333925,요주의,2,시점 밖 — 모형이 보지 않은 연도
BRD_20170765,2023,비엔나커피하우스,커피,24.0,FS3,High,0.32679523066157073,0.31174846545136775,건전,0,시점 밖 — 모형이 보지 않은 연도
BRD_20170774,2023,싸다김밥,분식,82.0,FS1,Low,0.03234585180001555,0.03083934825176675,건전,0,시점 밖 — 모형이 보지 않은 연도
BRD_20170813,2023,해초과메기,기타 외식,29.0,FS2,Medium,0.10584324702589222,0.10447805084111894,건전,0,시점 밖 — 모형이 보지 않은 연도
BRD_20170818,2023,고집센그집갈비탕,한식,67.0,FS1,Low,0.03234585180001555,0.03572837863476286,건전,0,시점 밖 — 모형이 보지 않은 연도
BRD_20170826,2023,마마쿡(MAMA COOK),한식,37.0,FS1,Low,0.01158138161683619,0.012596186550600597,건전,0,시점 밖 — 모형이 보지 않은 연도
BRD_20170833,2023,빵사부식빵공방,제과제빵,10.0,FS3,High,0.32679523066157073,0.31107220634079685,요주의,3,시점 밖 — 모형이 보지 않은 연도
BRD_20170850,2023,꿀스커피GGUL'S COFFEE,커피,16.0,FS2,Medium,0.15982271985071145,0.15999999999999998,요주의,3,시점 밖 — 모형이 보지 않은 연도
BRD_20170854,2023,갈통삼,한식,6.0,FS3,High,0.32679523066157073,0.3279786841050699,요주의,2,시점 밖 — 모형이 보지 않은 연도
BRD_20170868,2023,DDC치킨,치킨,10.0,FS3,High,0.32679523066157073,0.318511056557077,요주의,1,시점 밖 — 모형이 보지 않은 연도
BRD_20170900,2023,웅이네 오돌뼈,기타 외식,89.0,FS1,Low,0.03234585180001555,0.03555783106326299,건전,0,시점 밖 — 모형이 보지 않은 연도
BRD_20170915,2023,화로상회,기타 외식,64.0,FS1,Low,0.01158138161683619,0.013845177238310634,건전,0,시점 밖 — 모형이 보지 않은 연도
BRD_20170922,2023,풍국면,기타 외식,44.0,FS1,Low,0.01158138161683619,0.016343158613730705,건전,0,시점 밖 — 모형이 보지 않은 연도
BRD_20170925,2023,브라더한정식도시락,한식,39.0,FS3,High,0.17833399980005998,0.17677406047848562,건전,0,시점 밖 — 모형이 보지 않은 연도
BRD_20170957,2023,생고기대학교,한식,0.0,FS2,Medium,0.12358443004732989,0.12657014133630354,평가불가,0,시점 밖 — 모형이 보지 않은 연도
BRD_20170998,2023,유로코피자(EUROKO PIZZA),피자,69.0,FS2,Medium,0.12358443004732989,0.1321953944894423,평가불가,0,시점 밖 — 모형이 보지 않은 연도
BRD_20171018,2023,직화삼겹살직구삼,한식,33.0,FS3,High,0.32679523066157073,0.3191873156676479,요주의,2,시점 밖 — 모형이 보지 않은 연도
BRD_20171051,2023,"오늘,와인한잔",주점,96.0,FS1,Low,0.03234585180001555,0.03112359420426652,요주의,1,시점 밖 — 모형이 보지 않은 연도
BRD_20171067,2023,남다른대구막창,한식,16.0,FS2,Medium,0.12358443004732989,0.12570471777428222,건전,0,시점 밖 — 모형이 보지 않은 연도
BRD_20171075,2023,팔공티,음료 (커피 외),142.0,FS2,Medium,0.12358443004732989,0.11860824456570715,요주의,2,시점 밖 — 모형이 보지 않은 연도
BRD_20171098,2023,홍대쌀국수,기타 외국식,69.0,FS2,Medium,0.12358443004732989,0.12856061552895265,건전,0,시점 밖 — 모형이 보지 않은 연도
BRD_20171100,2023,어사출또,기타 외식,45.0,FS2,Medium,0.15982271985071145,0.15999999999999998,요주의,3,시점 밖 — 모형이 보지 않은 연도
BRD_20171110,2023,유달리,기타 외식,20.0,FS2,Medium,0.15982271985071145,0.15999999999999998,건전,0,시점 밖 — 모형이 보지 않은 연도
BRD_20171141,2023,전통맛집 할매순대국,한식,27.0,FS2,Medium,0.10584324702589222,0.10085869351404547,건전,0,시점 밖 — 모형이 보지 않은 연도
BRD_20171164,2023,종로계림닭도리탕원조,기타 외식,40.0,FS1,Low,0.01158138161683619,0.011971691206745579,건전,0,시점 밖 — 모형이 보지 않은 연도
BRD_20171168,2023,커피왕,커피,23.0,FS3,High,0.17833399980005998,0.18467775304112885,요주의,1,시점 밖 — 모형이 보지 않은 연도
BRD_20171173,2023,오백국수,분식,34.0,FS1,Low,0.040134190898509337,0.03874813055047232,건전,0,시점 밖 — 모형이 보지 않은 연도
BRD_20171180,2023,망원동티라미수,제과제빵,11.0,FS3,High,0.32679523066157073,0.35469091897262134,요주의,2,시점 밖 — 모형이 보지 않은 연도
BRD_20171184,2023,육회본가,한식,27.0,FS2,Medium,0.12358443004732989,0.13107034385881455,평가불가,0,시점 밖 — 모형이 보지 않은 연도
BRD_20171186,2023,DK동키치킨,치킨,99.0,FS3,High,0.17833399980005998,0.1869656640461045,건전,0,시점 밖 — 모형이 보지 않은 연도
BRD_20171201,2023,치킨과 바람피자,치킨,25.0,FS2,Medium,0.15982271985071145,0.15534418437909478,요주의,3,시점 밖 — 모형이 보지 않은 연도
BRD_20171211,2023,노가리슈퍼,주점,19.0,FS3,High,0.32679523066157073,0.344885161869343,요주의,1,시점 밖 — 모형이 보지 않은 연도
BRD_20171221,2023,꽉찬쌀통닭,치킨,3.0,FS2,Medium,0.10584324702589222,0.10314460340482871,평가불가,0,시점 밖 — 모형이 보지 않은 연도
BRD_20171226,2023,최고당돈가스,기타 외식,148.0,FS1,Low,0.040134190898509337,0.03934215641391676,건전,0,시점 밖 — 모형이 보지 않은 연도
BRD_20171233,2023,남도술상,기타 외식,35.0,FS1,Low,0.01158138161683619,0.019777883004933307,건전,0,시점 밖 — 모형이 보지 않은 연도
BRD_20171241,2023,엉터리 해장국,한식,42.0,FS2,Medium,0.15982271985071145,0.15999999999999998,건전,0,시점 밖 — 모형이 보지 않은 연도
BRD_20171244,2023,크라운호프보리장인,주점,454.0,FS1,Low,0.03234585180001555,0.02919072172726806,건전,0,시점 밖 — 모형이 보지 않은 연도
BRD_20171254,2023,명륜진사갈비,한식,560.0,FS1,Low,0.01158138161683619,0.021339121364570852,건전,0,시점 밖 — 모형이 보지 않은 연도
BRD_20171271,2023,"고기,원칙",한식,57.0,FS2,Medium,0.12358443004732989,0.13003183558438894,건전,0,시점 밖 — 모형이 보지 않은 연도
BRD_20171304,2023,현풍닭칼국수,한식,72.0,FS2,Medium,0.09066734525097016,0.09365653802481846,건전,0,시점 밖 — 모형이 보지 않은 연도
BRD_20171308,2023,교동면옥,한식,54.0,FS1,Low,0.01158138161683619,0.02071462602071583,건전,0,시점 밖 — 모형이 보지 않은 연도
BRD_20171319,2023,테트리스찜닭,치킨,62.0,FS3,High,0.32679523066157073,0.35232401208562314,요주의,2,시점 밖 — 모형이 보지 않은 연도
BRD_20171354,2023,링코(RINKO),주점,30.0,FS2,Medium,0.10584324702589222,0.10536701579864576,건전,0,시점 밖 — 모형이 보지 않은 연도
BRD_20171372,2023,설맥(SEOL MAC),주점,92.0,FS2,Medium,0.10584324702589222,0.10911336811965162,건전,0,시점 밖 — 모형이 보지 않은 연도
BRD_20171384,2023,커피홀 베이커리,제과제빵,24.0,FS2,Medium,0.10584324702589222,0.10517652330774716,요주의,1,시점 밖 — 모형이 보지 않은 연도
BRD_20171391,2023,아재불닭발,한식,43.0,FS2,Medium,0.12358443004732989,0.1202525493335477,건전,0,시점 밖 — 모형이 보지 않은 연도
BRD_20171409,2023,바우네 나주곰탕,한식,15.0,FS3,High,0.2689750767077569,0.28280163526192975,요주의,2,시점 밖 — 모형이 보지 않은 연도
BRD_20171421,2023,연안식당,한식,33.0,FS3,High,0.2689750767077569,0.28866744798188193,요주의,2,시점 밖 — 모형이 보지 않은 연도
BRD_20171425,2023,송사부고로케,제과제빵,94.0,FS1,Low,0.03234585180001555,0.03174893529976602,건전,0,시점 밖 — 모형이 보지 않은 연도
BRD_20171445,2023,카페일리터,커피,98.0,FS2,Medium,0.12358443004732989,0.12310844708821815,건전,0,시점 밖 — 모형이 보지 않은 연도
BRD_20171478,2023,커피사피엔스,커피,81.0,FS1,Low,0.01158138161683619,0.017592149301440742,건전,0,시점 밖 — 모형이 보지 않은 연도
BRD_20171493,2023,이차돌,기타 외식,180.0,FS3,High,0.17833399980005998,0.18758963977473425,요주의,3,시점 밖 — 모형이 보지 않은 연도
BRD_20171499,2023,양계장집아들,치킨,41.0,FS2,Medium,0.10584324702589222,0.10022371854438346,건전,0,시점 밖 — 모형이 보지 않은 연도
BRD_20171503,2023,샌드리아,기타 외식,43.0,FS2,Medium,0.12358443004732989,0.11938712577152635,요주의,1,시점 밖 — 모형이 보지 않은 연도
BRD_20171511,2023,차돌풍,한식,40.0,FS2,Medium,0.12358443004732989,0.12336807415682456,평가불가,0,시점 밖 — 모형이 보지 않은 연도
BRD_20171544,2023,분식이더치킨,치킨,19.0,FS2,Medium,0.15982271985071145,0.15999999999999998,요주의,2,시점 밖 — 모형이 보지 않은 연도
BRD_20171553,2023,숙달돼지,기타 외식,14.0,FS3,High,0.2689750767077569,0.24006499973084994,요주의,3,시점 밖 — 모형이 보지 않은 연도
BRD_20180004,2023,조선화로집,한식,29.0,FS3,High,0.32679523066157073,0.32730242499449896,요주의,2,시점 밖 — 모형이 보지 않은 연도
BRD_20180011,2023,통불,기타 외식,30.0,FS2,Medium,0.15982271985071145,0.15056707987603707,건전,0,시점 밖 — 모형이 보지 않은 연도
BRD_20180037,2023,피슈 마라홍탕,중식,42.0,FS2,Medium,0.10584324702589222,0.11025632306504325,건전,0,시점 밖 — 모형이 보지 않은 연도
BRD_20180068,2023,방가네소고기국밥수육,한식,73.0,FS2,Medium,0.12358443004732989,0.12432004007504804,요주의,1,시점 밖 — 모형이 보지 않은 연도
BRD_20180070,2023,감성커피,커피,311.0,FS1,Low,0.040134190898509337,0.04039820239337355,건전,0,시점 밖 — 모형이 보지 않은 연도
BRD_20180074,2023,김충기꽃삼겹,한식,74.0,FS2,Medium,0.10584324702589222,0.1027636184230315,요주의,1,시점 밖 — 모형이 보지 않은 연도
BRD_20180092,2023,소플러스,한식,31.0,FS1,Low,0.03234585180001555,0.033170165062264896,건전,0,시점 밖 — 모형이 보지 않은 연도
BRD_20180102,2023,1도씨맥주(1℃ 맥주),주점,64.0,FS1,Low,0.03234585180001555,0.03186263368076593,건전,0,시점 밖 — 모형이 보지 않은 연도
BRD_20180145,2023,미식가의구이,한식,9.0,FS3,High,0.2689750767077569,0.28112568877051486,요주의,1,시점 밖 — 모형이 보지 않은 연도
BRD_20180162,2023,사계진미 숯불닭갈비,한식,28.0,FS3,High,0.32679523066157073,0.3181729270017915,건전,0,시점 밖 — 모형이 보지 않은 연도
BRD_20180171,2023,달리는커피,커피,271.0,FS1,Low,0.03234585180001555,0.03322701425276485,요주의,1,시점 밖 — 모형이 보지 않은 연도
BRD_20180229,2023,캠토토스트,기타 외식,79.0,FS2,Medium,0.12358443004732989,0.13158959799602737,건전,0,시점 밖 — 모형이 보지 않은 연도
BRD_20180231,2023,혼다라멘,일식,14.0,FS3,High,0.32679523066157073,0.33338875698963727,건전,0,시점 밖 — 모형이 보지 않은 연도
BRD_20180240,2023,스푼필라프,서양식,15.0,FS3,High,0.32679523066157073,0.2999139310163766,요주의,2,시점 밖 — 모형이 보지 않은 연도
BRD_20180244,2023,텐퍼센트스페셜티커피,커피,621.0,FS1,Low,0.03234585180001555,0.029133872536768104,요주의,1,시점 밖 — 모형이 보지 않은 연도
BRD_20180249,2023,청년피자,피자,334.0,FS1,Low,0.03234585180001555,0.029531816870267787,건전,0,시점 밖 — 모형이 보지 않은 연도
BRD_20180250,2023,분식쌀롱,분식,26.0,FS2,Medium,0.15982271985071145,0.15999999999999998,건전,0,시점 밖 — 모형이 보지 않은 연도
BRD_20180251,2023,숯양두마리치킨,치킨,33.0,FS2,Medium,0.10584324702589222,0.10327159839876111,건전,0,시점 밖 — 모형이 보지 않은 연도
BRD_20180260,2023,대마족발,한식,5.0,FS3,High,0.17833399980005998,0.1697023355540154,요주의,2,시점 밖 — 모형이 보지 않은 연도
BRD_20180277,2023,강경불고기,기타 외식,36.0,FS2,Medium,0.12358443004732989,0.12137759996417546,요주의,1,시점 밖 — 모형이 보지 않은 연도
BRD_20180308,2023,서래왕차돌,한식,15.0,FS3,High,0.32679523066157073,0.353676530306765,요주의,1,시점 밖 — 모형이 보지 않은 연도
BRD_20180318,2023,리춘시장,중식,19.0,FS3,High,0.17833399980005998,0.1703263112826451,요주의,2,시점 밖 — 모형이 보지 않은 연도
BRD_20180332,2023,백금당,커피,30.0,FS2,Medium,0.10584324702589222,0.11235174046492788,건전,0,시점 밖 — 모형이 보지 않은 연도
BRD_20180361,2023,고돼지,기타 외식,85.0,FS1,Low,0.040134190898509337,0.04343433458431181,요주의,1,시점 밖 — 모형이 보지 않은 연도
BRD_20180395,2023,부대통령뚝배기,한식,22.0,FS2,Medium,0.10584324702589222,0.107652925689429,건전,0,시점 밖 — 모형이 보지 않은 연도
BRD_20180406,2023,웰덤치킨,치킨,36.0,FS2,Medium,0.12358443004732989,0.12033909168974985,요주의,1,시점 밖 — 모형이 보지 않은 연도
BRD_20180410,2023,일품양평해장국,한식,282.0,FS1,Low,0.040134190898509337,0.04317032308944761,건전,0,시점 밖 — 모형이 보지 않은 연도
BRD_20180413,2023,추닭집,치킨,33.0,FS1,Low,0.040134190898509337,0.03815410468702787,건전,0,시점 밖 — 모형이 보지 않은 연도
BRD_20180414,2023,KMGM HOLD’EM & EVENT PUB(케이엠지엠홀드이엠앤이벤트펍),주점,64.0,FS3,High,0.2689750767077569,0.27190798306773295,건전,0,시점 밖 — 모형이 보지 않은 연도
BRD_20180420,2023,치요남치킨,치킨,12.0,FS3,High,0.32679523066157073,0.35300027119619404,요주의,2,시점 밖 — 모형이 보지 않은 연도
BRD_20180428,2023,일공공샤브&편백찜,기타 외국식,47.0,FS2,Medium,0.10584324702589222,0.10168416097460609,건전,0,시점 밖 — 모형이 보지 않은 연도
BRD_20180479,2023,벌크커피(BULK COFFEE),커피,218.0,FS1,Low,0.01158138161683619,0.015562539433911931,건전,0,시점 밖 — 모형이 보지 않은 연도
BRD_20180488,2023,브라더탕수,기타 외식,19.0,FS2,Medium,0.12358443004732989,0.13081071679020817,평가불가,0,시점 밖 — 모형이 보지 않은 연도
BRD_20180511,2023,고피자(GOPIZZA),피자,105.0,FS2,Medium,0.12358443004732989,0.129426039090974,건전,0,시점 밖 — 모형이 보지 않은 연도
BRD_20180512,2023,홍루이젠,제과제빵,146.0,FS2,Medium,0.12358443004732989,0.12250265059480321,요주의,1,시점 밖 — 모형이 보지 않은 연도
BRD_20180554,2023,대패가1900,기타 외식,79.0,FS2,Medium,0.10584324702589222,0.10917686561661782,요주의,1,시점 밖 — 모형이 보지 않은 연도
BRD_20180559,2023,밥통령,한식,45.0,FS3,High,0.32679523066157073,0.34522329142462843,건전,0,시점 밖 — 모형이 보지 않은 연도
BRD_20180565,2023,여우愛,분식,55.0,FS1,Low,0.01158138161683619,0.016655406285658217,요주의,1,시점 밖 — 모형이 보지 않은 연도
BRD_20180580,2023,탄탄면공방,분식,41.0,FS2,Medium,0.15982271985071145,0.15633941448389846,요주의,1,시점 밖 — 모형이 보지 않은 연도
BRD_20180600,2023,곱분이곱창,한식,126.0,FS2,Medium,0.10584324702589222,0.09869977861719463,건전,0,시점 밖 — 모형이 보지 않은 연도
BRD_20180608,2023,진미대왕통닭,치킨,27.0,FS3,High,0.32679523066157073,0.35029523475391033,요주의,2,시점 밖 — 모형이 보지 않은 연도
BRD_20180609,2023,유케야,주점,20.0,FS3,High,0.32679523066157073,0.3174966678912206,요주의,2,시점 밖 — 모형이 보지 않은 연도
BRD_20180630,2023,문토스트,기타 외식,28.0,FS1,Low,0.03234585180001555,0.03243112558576548,건전,0,시점 밖 — 모형이 보지 않은 연도
BRD_20180650,2023,열정분식소,분식,4.0,FS3,High,0.17833399980005998,0.17365418183533698,요주의,2,시점 밖 — 모형이 보지 않은 연도
BRD_20180676,2023,오산조은참치,일식,19.0,FS3,High,0.2689750767077569,0.26855609008490317,건전,0,시점 밖 — 모형이 보지 않은 연도
BRD_20180711,2023,비스트로피자,패스트푸드,87.0,FS1,Low,0.040134190898509337,0.03848411905560812,건전,0,시점 밖 — 모형이 보지 않은 연도
BRD_20180715,2023,카페보스(CAFE BOSS),커피,42.0,FS3,High,0.2689750767077569,0.25933838438212126,요주의,1,시점 밖 — 모형이 보지 않은 연도
BRD_20180720,2023,철뚝집,한식,30.0,FS1,Low,0.01158138161683619,0.020402378348788323,건전,0,시점 밖 — 모형이 보지 않은 연도
BRD_20180727,2023,눈꽃치즈떡볶이,분식,3.0,FS3,High,0.32679523066157073,0.32764055454978447,요주의,2,시점 밖 — 모형이 보지 않은 연도
BRD_20180732,2023,닭장수후라이드和,치킨,43.0,FS1,Low,0.040134190898509337,0.03789009319216368,건전,0,시점 밖 — 모형이 보지 않은 연도
BRD_20180733,2023,범프리카인생치킨,치킨,21.0,FS2,Medium,0.15982271985071145,0.15999999999999998,요주의,2,시점 밖 — 모형이 보지 않은 연도
BRD_20180737,2023,멘야마쯔리,일식,40.0,FS2,Medium,0.10584324702589222,0.09996972855651864,요주의,1,시점 밖 — 모형이 보지 않은 연도
BRD_20180747,2023,치순이통닭,치킨,29.0,FS2,Medium,0.10584324702589222,0.10485903582291614,요주의,1,시점 밖 — 모형이 보지 않은 연도
BRD_20180759,2023,토스트카페마리,제과제빵,24.0,FS3,High,0.32679523066157073,0.3384607003189192,요주의,1,시점 밖 — 모형이 보지 않은 연도
BRD_20180779,2023,조커닭 (Jokerdark),치킨,8.0,FS2,Medium,0.12358443004732989,0.12882024259755906,건전,0,시점 밖 — 모형이 보지 않은 연도
BRD_20180783,2023,백년불고기,기타 외식,34.0,FS2,Medium,0.10584324702589222,0.11133578051346867,요주의,1,시점 밖 — 모형이 보지 않은 연도
BRD_20180793,2023,허갈닭강정,치킨,29.0,FS3,High,0.32679523066157073,0.3458995505351994,요주의,1,시점 밖 — 모형이 보지 않은 연도
BRD_20180804,2023,미스터빠삭,기타 외식,75.0,FS1,Low,0.03234585180001555,0.03271537153826525,건전,0,시점 밖 — 모형이 보지 않은 연도
BRD_20180812,2023,돈까스짱,기타 외식,71.0,FS1,Low,0.040134190898509337,0.03973817365621306,건전,0,시점 밖 — 모형이 보지 않은 연도
BRD_20180833,2023,자가제빵 선명희피자,피자,87.0,FS2,Medium,0.10584324702589222,0.10333509589572731,건전,0,시점 밖 — 모형이 보지 않은 연도
BRD_20180889,2023,엘에이치씨피자탑(LHC PIZZA TOP),피자,35.0,FS3,High,0.32679523066157073,0.32121609299936066,요주의,2,시점 밖 — 모형이 보지 않은 연도
BRD_20180890,2023,에센스커피,커피,11.0,FS2,Medium,0.10584324702589222,0.09831879363539742,평가불가,0,시점 밖 — 모형이 보지 않은 연도
BRD_20180893,2023,고기듬뿍 대왕비빔밥,한식,120.0,FS2,Medium,0.10584324702589222,0.09977923606562004,건전,0,시점 밖 — 모형이 보지 않은 연도
BRD_20180917,2023,피치랑,피자,31.0,FS2,Medium,0.15982271985071145,0.15999999999999998,건전,0,시점 밖 — 모형이 보지 않은 연도
BRD_20180922,2023,삼겹본능,한식,112.0,FS2,Medium,0.10584324702589222,0.11038331805897565,요주의,2,시점 밖 — 모형이 보지 않은 연도
BRD_20180941,2023,동명 카츠,일식,56.0,FS3,High,0.32679523066157073,0.35130962341976674,요주의,1,시점 밖 — 모형이 보지 않은 연도
BRD_20180953,2023,파파도나스,제과제빵,15.0,FS3,High,0.32679523066157073,0.29788515368466384,요주의,2,시점 밖 — 모형이 보지 않은 연도
BRD_20180986,2023,김형제고기의철학,한식,68.0,FS1,Low,0.03234585180001555,0.034136601300764124,건전,0,시점 밖 — 모형이 보지 않은 연도
BRD_20181008,2023,김복남맥주,주점,214.0,FS1,Low,0.01158138161683619,0.010566576683071786,건전,0,시점 밖 — 모형이 보지 않은 연도
BRD_20181029,2023,빅쭌부대찌개,기타 외식,27.0,FS2,Medium,0.12358443004732989,0.12172376938898401,건전,0,시점 밖 — 모형이 보지 않은 연도
BRD_20181053,2023,장호덕손만두,분식,169.0,FS2,Medium,0.10584324702589222,0.11108179052560387,건전,0,시점 밖 — 모형이 보지 않은 연도
BRD_20181061,2023,미태리,서양식,87.0,FS2,Medium,0.09066734525097016,0.09641579289298612,건전,0,시점 밖 — 모형이 보지 않은 연도
BRD_20181085,2023,마피아떡볶이,분식,45.0,FS3,High,0.2689750767077569,0.2467687856965095,평가불가,0,시점 밖 — 모형이 보지 않은 연도
BRD_20181091,2023,요녀석,서양식,66.0,FS3,High,0.17833399980005998,0.17739803620711536,요주의,1,시점 밖 — 모형이 보지 않은 연도
BRD_20181139,2023,SSOJA(쏘자),패스트푸드,46.0,FS3,High,0.32679523066157073,0.3043096152350876,건전,0,시점 밖 — 모형이 보지 않은 연도
BRD_20181157,2023,동경에서먹었던규동,일식,65.0,FS2,Medium,0.10584324702589222,0.11082780053773905,건전,0,시점 밖 — 모형이 보지 않은 연도
BRD_20181179,2023,곱깨비,한식,40.0,FS2,Medium,0.10584324702589222,0.1074624331985304,요주의,1,시점 밖 — 모형이 보지 않은 연도
BRD_20181194,2023,아부찌부대찌개,한식,79.0,FS3,High,0.17833399980005998,0.1786459876643748,평가불가,0,시점 밖 — 모형이 보지 않은 연도
BRD_20181198,2023,육전국밥,한식,43.0,FS1,Low,0.040134190898509337,0.042576297226003174,건전,0,시점 밖 — 모형이 보지 않은 연도
BRD_20181209,2023,차얌,음료 (커피 외),95.0,FS2,Medium,0.10584324702589222,0.10657346824100358,건전,0,시점 밖 — 모형이 보지 않은 연도
BRD_20181212,2023,이동규인왔따쪽갈비,한식,88.0,FS2,Medium,0.10584324702589222,0.10365258338055831,요주의,1,시점 밖 — 모형이 보지 않은 연도
BRD_20181220,2023,해산물직화구이전문점삼바리,기타 외식,51.0,FS2,Medium,0.10584324702589222,0.09889027110809323,건전,0,시점 밖 — 모형이 보지 않은 연도
BRD_20181259,2023,통큰두마리찜닭,한식,20.0,FS3,High,0.32679523066157073,0.34420890275877203,요주의,2,시점 밖 — 모형이 보지 않은 연도
BRD_20181268,2023,치킨의민족,치킨,14.0,FS3,High,0.17833399980005998,0.18550972067930183,요주의,2,시점 밖 — 모형이 보지 않은 연도
BRD_20181300,2023,가락동리어카포차,주점,7.0,FS3,High,0.32679523066157073,0.32662616588392807,요주의,2,시점 밖 — 모형이 보지 않은 연도
BRD_20181303,2023,투가이즈(TWO GUYS),치킨,34.0,FS2,Medium,0.10584324702589222,0.10358908588359211,요주의,1,시점 밖 — 모형이 보지 않은 연도
BRD_20181340,2023,보배반점,중식,169.0,FS1,Low,0.01158138161683619,0.010410452847108032,건전,0,시점 밖 — 모형이 보지 않은 연도
BRD_20190005,2023,뚱보집,기타 외식,28.0,FS3,High,0.32679523066157073,0.29856141279523474,요주의,1,시점 밖 — 모형이 보지 않은 연도
BRD_20190011,2023,상상짬뽕,중식,25.0,FS2,Medium,0.10584324702589222,0.11165326799829968,건전,0,시점 밖 — 모형이 보지 않은 연도
BRD_20190033,2023,버텍스(VERTEX),서양식,38.0,FS2,Medium,0.09066734525097016,0.09135715896801208,건전,0,시점 밖 — 모형이 보지 않은 연도
BRD_20190058,2023,포트리스,기타 외국식,34.0,FS2,Medium,0.10584324702589222,0.10066820102314686,건전,0,시점 밖 — 모형이 보지 않은 연도
BRD_20190063,2023,One&Two깻잎두마리치킨,치킨,17.0,FS2,Medium,0.12358443004732989,0.12951258144717614,요주의,1,시점 밖 — 모형이 보지 않은 연도
BRD_20190092,2023,샐러데이즈(Salad Days),기타 외식,36.0,FS2,Medium,0.10584324702589222,0.10587499577437537,건전,0,시점 밖 — 모형이 보지 않은 연도
BRD_20190139,2023,더꼬치다,기타 외식,93.0,FS3,High,0.32679523066157073,0.3320362387684954,건전,0,시점 밖 — 모형이 보지 않은 연도
BRD_20190156,2023,gre P&T,분식,17.0,FS3,High,0.32679523066157073,0.3526621416409086,요주의,1,시점 밖 — 모형이 보지 않은 연도
BRD_20190157,2023,청춘당 찹쌀 꽈배기,제과제빵,29.0,FS2,Medium,0.12358443004732989,0.12925295437856973,건전,0,시점 밖 — 모형이 보지 않은 연도
BRD_20190163,2023,크라상점,제과제빵,30.0,FS3,High,0.17833399980005998,0.18301381776478293,요주의,2,시점 밖 — 모형이 보지 않은 연도
BRD_20190195,2023,그놈포차,한식,74.0,FS3,High,0.17833399980005998,0.18426176922204238,건전,0,시점 밖 — 모형이 보지 않은 연도
BRD_20190198,2023,무쏘,한식,19.0,FS3,High,0.32679523066157073,0.340489477650632,건전,0,시점 밖 — 모형이 보지 않은 연도
BRD_20190199,2023,자연정가 양평해장국,한식,75.0,FS1,Low,0.01158138161683619,0.0026042610489203036,건전,0,시점 밖 — 모형이 보지 않은 연도
BRD_20190202,2023,흥부찜닭,한식,30.0,FS3,High,0.17833399980005998,0.17157426273990456,요주의,2,시점 밖 — 모형이 보지 않은 연도
BRD_20190216,2023,명태어장,한식,57.0,FS1,Low,0.040134190898509337,0.04402836044775625,건전,0,시점 밖 — 모형이 보지 않은 연도
BRD_20190218,2023,택이네 조개전골,한식,81.0,FS1,Low,0.03234585180001555,0.029872912013267517,건전,0,시점 밖 — 모형이 보지 않은 연도
BRD_20190227,2023,롤링파스타,서양식,126.0,FS1,Low,0.040134190898509337,0.037560078823583434,건전,0,시점 밖 — 모형이 보지 않은 연도
BRD_20190249,2023,아임일리터,커피,78.0,FS1,Low,0.01158138161683619,0.01306455805849186,건전,0,시점 밖 — 모형이 보지 않은 연도
BRD_20190267,2023,흑화당,음료 (커피 외),5.0,FS2,Medium,0.15982271985071145,0.15999999999999998,요주의,2,시점 밖 — 모형이 보지 않은 연도
BRD_20190275,2023,인생설렁탕,한식,27.0,FS3,High,0.2689750767077569,0.27358392955914784,요주의,1,시점 밖 — 모형이 보지 않은 연도
BRD_20190285,2023,탕쓱잘튀기는집,한식,28.0,FS3,High,0.32679523066157073,0.30566213345622945,요주의,1,시점 밖 — 모형이 보지 않은 연도
BRD_20190292,2023,25센치,일식,32.0,FS3,High,0.17833399980005998,0.1761500847498559,건전,0,시점 밖 — 모형이 보지 않은 연도
BRD_20190293,2023,냠냠숯불두마리치킨,치킨,80.0,FS2,Medium,0.10584324702589222,0.10885937813178682,건전,0,시점 밖 — 모형이 보지 않은 연도
BRD_20190308,2023,타이거슈가(TIGER SUGAR),음료 (커피 외),6.0,FS3,High,0.17833399980005998,0.17531811711168294,요주의,2,시점 밖 — 모형이 보지 않은 연도
BRD_20190328,2023,1943,기타 외식,63.0,FS2,Medium,0.12358443004732989,0.11566580445483457,요주의,1,시점 밖 — 모형이 보지 않은 연도
BRD_20190332,2023,홍베이팡,제과제빵,4.0,FS3,High,0.17833399980005998,0.17199024655899106,요주의,3,시점 밖 — 모형이 보지 않은 연도
BRD_20190345,2023,봉자막창,한식,60.0,FS2,Medium,0.10584324702589222,0.10435105584718653,요주의,1,시점 밖 — 모형이 보지 않은 연도
BRD_20190352,2023,군자대한곱창,기타 외식,76.0,FS3,High,0.17833399980005998,0.1794779553025478,요주의,2,시점 밖 — 모형이 보지 않은 연도
BRD_20190359,2023,남도복국,한식,27.0,FS2,Medium,0.10584324702589222,0.11057381054987425,건전,0,시점 밖 — 모형이 보지 않은 연도
BRD_20190374,2023,이쿠라멘,기타 외식,20.0,FS3,High,0.2689750767077569,0.2693940633306106,요주의,2,시점 밖 — 모형이 보지 않은 연도
BRD_20190404,2023,신떡순 신천할매떡볶이,분식,80.0,FS2,Medium,0.15982271985071145,0.1587279667354273,건전,0,시점 밖 — 모형이 보지 않은 연도
BRD_20190451,2023,고향옥얼큰순대국,한식,33.0,FS1,Low,0.01158138161683619,0.012908434222528105,건전,0,시점 밖 — 모형이 보지 않은 연도
BRD_20190495,2023,밀회관,주점,40.0,FS3,High,0.17833399980005998,0.1776060281166586,건전,0,시점 밖 — 모형이 보지 않은 연도
BRD_20190497,2023,정직유부,한식,169.0,FS1,Low,0.01158138161683619,0.008536966815542977,건전,0,시점 밖 — 모형이 보지 않은 연도
BRD_20190499,2023,용범이네인계동껍데기,기타 외식,2.0,FS2,Medium,0.12358443004732989,0.1271759378297185,요주의,2,시점 밖 — 모형이 보지 않은 연도
BRD_20190513,2023,탐나종합어시장,일식,43.0,FS2,Medium,0.10584324702589222,0.11051031305290805,건전,0,시점 밖 — 모형이 보지 않은 연도
BRD_20190526,2023,샤브마니아,한식,88.0,FS1,Low,0.03234585180001555,0.032601673157265344,건전,0,시점 밖 — 모형이 보지 않은 연도
BRD_20190527,2023,낙원갈비집,한식,40.0,FS2,Medium,0.10584324702589222,0.11019282556807705,요주의,2,시점 밖 — 모형이 보지 않은 연도
BRD_20190543,2023,파스타도 식사다,기타 외국식,48.0,FS2,Medium,0.12358443004732989,0.12068526111455838,요주의,2,시점 밖 — 모형이 보지 않은 연도
BRD_20190567,2023,금화왕돈까스,한식,50.0,FS1,Low,0.03234585180001555,0.029986610394267428,건전,0,시점 밖 — 모형이 보지 않은 연도
BRD_20190585,2023,피자 비토랩,피자,25.0,FS2,Medium,0.15982271985071145,0.15753369060966288,요주의,1,시점 밖 — 모형이 보지 않은 연도
BRD_20190599,2023,애플꼬마김밥,분식,106.0,FS1,Low,0.01158138161683619,0.014001301074274386,건전,0,시점 밖 — 모형이 보지 않은 연도
BRD_20190603,2023,한뚝수육국밥,한식,24.0,FS2,Medium,0.10584324702589222,0.10060470352618066,건전,0,시점 밖 — 모형이 보지 않은 연도
BRD_20190606,2023,행복한찜닭,한식,85.0,FS2,Medium,0.12358443004732989,0.12475275185605872,요주의,1,시점 밖 — 모형이 보지 않은 연도
BRD_20190618,2023,떡군이네떡볶이,분식,99.0,FS3,High,0.17833399980005998,0.16949434364447213,평가불가,0,시점 밖 — 모형이 보지 않은 연도
BRD_20190620,2023,소소떡볶이,분식,46.0,FS2,Medium,0.15982271985071145,0.15275658610660517,건전,0,시점 밖 — 모형이 보지 않은 연도
BRD_20190628,2023,김용덕의 소문난 부자국밥,한식,36.0,FS1,Low,0.03234585180001555,0.03578522782526281,건전,0,시점 밖 — 모형이 보지 않은 연도
BRD_20190630,2023,배떡,분식,418.0,FS2,Medium,0.10584324702589222,0.1077164231863952,건전,0,시점 밖 — 모형이 보지 않은 연도
BRD_20190662,2023,피굽남피자,피자,65.0,FS3,High,0.2689750767077569,0.24928270543363187,요주의,1,시점 밖 — 모형이 보지 않은 연도
BRD_20190664,2023,옥이네김치찌개와직화삼겹,한식,17.0,FS3,High,0.32679523066157073,0.3398132185400611,요주의,2,시점 밖 — 모형이 보지 않은 연도
BRD_20190677,2023,두레통닭,치킨,56.0,FS1,Low,0.040134190898509337,0.04013419089850935,건전,0,시점 밖 — 모형이 보지 않은 연도
BRD_20190707,2023,웰돈까츠,서양식,41.0,FS1,Low,0.040134190898509337,0.03624002134926245,건전,0,시점 밖 — 모형이 보지 않은 연도
BRD_20190730,2023,벌떡,분식,22.0,FS2,Medium,0.10584324702589222,0.10898637312571922,요주의,2,시점 밖 — 모형이 보지 않은 연도
BRD_20190734,2023,잔잔,주점,36.0,FS2,Medium,0.12358443004732989,0.11964675284013276,건전,0,시점 밖 — 모형이 보지 않은 연도
BRD_20190753,2023,갓튀긴후라이드,치킨,85.0,FS2,Medium,0.10584324702589222,0.09990623105955244,건전,0,시점 밖 — 모형이 보지 않은 연도
BRD_20190770,2023,지랄닭발,치킨,32.0,FS2,Medium,0.12358443004732989,0.11843515985330287,건전,0,시점 밖 — 모형이 보지 않은 연도
BRD_20190771,2023,와이블랙,기타 외식,39.0,FS3,High,0.17833399980005998,0.17095028701127485,요주의,1,시점 밖 — 모형이 보지 않은 연도
BRD_20190794,2023,족발신선생,한식,79.0,FS1,Low,0.03234585180001555,0.033113315871764935,건전,0,시점 밖 — 모형이 보지 않은 연도
BRD_20190804,2023,아메리칸트레이,기타 외식,9.0,FS3,High,0.2689750767077569,0.28363960850763725,평가불가,0,시점 밖 — 모형이 보지 않은 연도
BRD_20190835,2023,에그셀런트,패스트푸드,34.0,FS3,High,0.32679523066157073,0.31073407678551135,요주의,2,시점 밖 — 모형이 보지 않은 연도
BRD_20190838,2023,원래는 치킨집을 할려고 했었다,분식,33.0,FS2,Medium,0.10584324702589222,0.10009672355045104,요주의,1,시점 밖 — 모형이 보지 않은 연도
BRD_20190842,2023,돼지영농후계자,한식,34.0,FS1,Low,0.03234585180001555,0.035330434301263175,건전,0,시점 밖 — 모형이 보지 않은 연도
BRD_20190853,2023,인생건어물맥주,주점,97.0,FS2,Medium,0.10584324702589222,0.10682745822886838,평가불가,0,시점 밖 — 모형이 보지 않은 연도
BRD_20190860,2023,밀포유,기타 외식,0.0,FS2,Medium,0.10584324702589222,0.10041421103528206,평가불가,0,시점 밖 — 모형이 보지 않은 연도
BRD_20190861,2023,달토끼의 떡볶이 흡입구역,분식,60.0,FS1,Low,0.040134190898509337,0.04376434895289205,요주의,1,시점 밖 — 모형이 보지 않은 연도
BRD_20190878,2023,몬떡,분식,2.0,FS3,High,0.17833399980005998,0.1853017287697586,건전,0,시점 밖 — 모형이 보지 않은 연도
BRD_20190883,2023,닭갈비클라쓰,치킨,10.0,FS2,Medium,0.15982271985071145,0.15999999999999998,요주의,3,시점 밖 — 모형이 보지 않은 연도
BRD_20190889,2023,테그42(TEgg.42),기타 외식,51.0,FS3,High,0.32679523066157073,0.3347412752107791,요주의,2,시점 밖 — 모형이 보지 않은 연도
BRD_20190909,2023,무지개맥주,주점,103.0,FS2,Medium,0.10584324702589222,0.10504952831381474,건전,0,시점 밖 — 모형이 보지 않은 연도
BRD_20190910,2023,요달의찜닭,한식,101.0,FS2,Medium,0.10584324702589222,0.10619248325920637,요주의,1,시점 밖 — 모형이 보지 않은 연도
BRD_20190916,2023,세광양대창,기타 외식,61.0,FS1,Low,0.040134190898509337,0.03835211330817602,건전,0,시점 밖 — 모형이 보지 않은 연도
BRD_20190926,2023,놀부김치찜,한식,44.0,FS3,High,0.17833399980005998,0.17552610902122617,요주의,2,시점 밖 — 모형이 보지 않은 연도
BRD_20190929,2023,노브랜드 버거(No Brand Burger),패스트푸드,169.0,FS1,Low,0.040134190898509337,0.03676804433899084,건전,0,시점 밖 — 모형이 보지 않은 연도
BRD_20190930,2023,사이공본가,기타 외국식,37.0,FS1,Low,0.040134190898509337,0.04026619664594145,건전,0,시점 밖 — 모형이 보지 않은 연도
BRD_20190933,2023,봉구통닭,치킨,8.0,FS3,High,0.32679523066157073,0.3259499067733571,요주의,2,시점 밖 — 모형이 보지 않은 연도
BRD_20190945,2023,고품격커피공장,커피,32.0,FS2,Medium,0.10584324702589222,0.10968484559234744,건전,0,시점 밖 — 모형이 보지 않은 연도
BRD_20190950,2023,일백집 서울포장마차,주점,11.0,FS3,High,0.2689750767077569,0.2760978492962702,요주의,2,시점 밖 — 모형이 보지 않은 연도
BRD_20190954,2023,이태리면가게,서양식,25.0,FS2,Medium,0.12358443004732989,0.1231949894444203,요주의,1,시점 밖 — 모형이 보지 않은 연도
BRD_20190955,2023,봉명동내커피,커피,135.0,FS1,Low,0.03234585180001555,0.028792777393768378,건전,0,시점 밖 — 모형이 보지 않은 연도
BRD_20190964,2023,신룽푸마라탕,중식,44.0,FS2,Medium,0.12358443004732989,0.11609851623584524,건전,0,시점 밖 — 모형이 보지 않은 연도
BRD_20190967,2023,별난아재맥주,주점,65.0,FS2,Medium,0.15982271985071145,0.15999999999999998,건전,0,시점 밖 — 모형이 보지 않은 연도
BRD_20190976,2023,꼬꼬아찌,치킨,30.0,FS1,Low,0.040134190898509337,0.04363234320545996,건전,0,시점 밖 — 모형이 보지 않은 연도
BRD_20190978,2023,한끼한죽,한식,106.0,FS2,Medium,0.12358443004732989,0.13124342857121885,요주의,2,시점 밖 — 모형이 보지 않은 연도
BRD_20191016,2023,삼첩분식,분식,254.0,FS2,Medium,0.09066734525097016,0.08675840085439933,건전,0,시점 밖 — 모형이 보지 않은 연도
BRD_20191034,2023,긴자료코,일식,90.0,FS1,Low,0.040134190898509337,0.042840308720867366,건전,0,시점 밖 — 모형이 보지 않은 연도
BRD_20191036,2023,궁 잔기지떡,기타 외식,30.0,FS1,Low,0.040134190898509337,0.03940815928763281,건전,0,시점 밖 — 모형이 보지 않은 연도
BRD_20191049,2023,탕화쿵푸마라탕,중식,419.0,FS1,Low,0.040134190898509337,0.041586254120262435,건전,0,시점 밖 — 모형이 보지 않은 연도
BRD_20191062,2023,김순덕원조부안집,한식,101.0,FS2,Medium,0.12358443004732989,0.12804136139173986,평가불가,0,시점 밖 — 모형이 보지 않은 연도
BRD_20191073,2023,정코다리,한식,18.0,FS2,Medium,0.10584324702589222,0.10974834308931364,요주의,1,시점 밖 — 모형이 보지 않은 연도
BRD_20191099,2023,더맛있는족발보쌈,한식,38.0,FS1,Low,0.03234585180001555,0.031976332061765846,건전,0,시점 밖 — 모형이 보지 않은 연도
BRD_20191104,2023,혼밥대왕,한식,97.0,FS2,Medium,0.12358443004732989,0.12120451525177119,요주의,2,시점 밖 — 모형이 보지 않은 연도
BRD_20191113,2023,1970새마을포차,주점,5.0,FS3,High,0.17833399980005998,0.18030992294072076,요주의,2,시점 밖 — 모형이 보지 않은 연도
BRD_20191129,2023,두뽂스,한식,8.0,FS3,High,0.17833399980005998,0.17053430319218835,요주의,3,시점 밖 — 모형이 보지 않은 연도
BRD_20191140,2023,두부만드는사람들,한식,73.0,FS1,Low,0.040134190898509337,0.042312285731138974,건전,0,시점 밖 — 모형이 보지 않은 연도
BRD_20191167,2023,이백장 돈가스,분식,135.0,FS2,Medium,0.15982271985071145,0.15999999999999998,요주의,1,시점 밖 — 모형이 보지 않은 연도
BRD_20191188,2023,오븐에 빠진 막창,한식,60.0,FS2,Medium,0.12358443004732989,0.11497346560521748,요주의,1,시점 밖 — 모형이 보지 않은 연도
BRD_20191191,2023,몬스터커피,커피,80.0,FS1,Low,0.01158138161683619,0.021495245200534606,건전,0,시점 밖 — 모형이 보지 않은 연도
BRD_20191192,2023,프랭크버거,패스트푸드,591.0,FS1,Low,0.01158138161683619,0.011815567370781823,건전,0,시점 밖 — 모형이 보지 않은 연도
BRD_20191199,2023,윤검푸드 봉수아피자,피자,58.0,FS2,Medium,0.10584324702589222,0.10930386061055022,건전,0,시점 밖 — 모형이 보지 않은 연도
BRD_20191214,2023,샐러드박스(SaladBox),기타 외식,54.0,FS3,High,0.32679523066157073,0.3076909107879422,요주의,1,시점 밖 — 모형이 보지 않은 연도
BRD_20191218,2023,은하별,서양식,25.0,FS2,Medium,0.15982271985071145,0.15554323040005552,요주의,1,시점 밖 — 모형이 보지 않은 연도
BRD_20191239,2023,고쿠텐,일식,23.0,FS3,High,0.2689750767077569,0.2819636620162223,요주의,1,시점 밖 — 모형이 보지 않은 연도
BRD_20191246,2023,최가네크레이지떡볶이,분식,45.0,FS2,Medium,0.12358443004732989,0.12752210725452703,요주의,1,시점 밖 — 모형이 보지 않은 연도
BRD_20191258,2023,룸서비스파이브스타,기타 외식,7.0,FS3,High,0.2689750767077569,0.2484447321879244,요주의,2,시점 밖 — 모형이 보지 않은 연도
BRD_20191275,2023,찐이야숯불두마리치킨,치킨,47.0,FS1,Low,0.03234585180001555,0.03515988672976331,요주의,1,시점 밖 — 모형이 보지 않은 연도
BRD_20191276,2023,자갈치브라더스,주점,46.0,FS3,High,0.32679523066157073,0.31715853833593516,건전,0,시점 밖 — 모형이 보지 않은 연도
BRD_20191281,2023,피자이탈리,피자,24.0,FS2,Medium,0.10584324702589222,0.11063730804684045,요주의,1,시점 밖 — 모형이 보지 않은 연도
BRD_20191303,2023,영커피,커피,47.0,FS1,Low,0.040134190898509337,0.04000218515107725,건전,0,시점 밖 — 모형이 보지 않은 연도
BRD_20191312,2023,언양닭칼국수,한식,58.0,FS2,Medium,0.10584324702589222,0.11031982056200945,건전,0,시점 밖 — 모형이 보지 않은 연도
BRD_20191322,2023,선식당,서양식,27.0,FS1,Low,0.040134190898509337,0.041322242625398235,건전,0,시점 밖 — 모형이 보지 않은 연도
BRD_20191330,2023,광명대창집,기타 외식,50.0,FS1,Low,0.03234585180001555,0.03078249906126679,건전,0,시점 밖 — 모형이 보지 않은 연도
BRD_20191340,2023,집밥e선생,한식,78.0,FS2,Medium,0.15982271985071145,0.15999999999999998,요주의,2,시점 밖 — 모형이 보지 않은 연도
BRD_20191342,2023,우리할매 떡볶이,분식,336.0,FS1,Low,0.01158138161683619,0.008849214487470485,건전,0,시점 밖 — 모형이 보지 않은 연도
BRD_20191392,2023,경양카츠,일식,48.0,FS2,Medium,0.12358443004732989,0.11514655031762175,요주의,2,시점 밖 — 모형이 보지 않은 연도
BRD_20191403,2023,와플칸,기타 외식,115.0,FS2,Medium,0.09066734525097016,0.08721827666576061,건전,0,시점 밖 — 모형이 보지 않은 연도
BRD_20191432,2023,마선생마약국밥,한식,73.0,FS2,Medium,0.12358443004732989,0.11540617738622816,요주의,1,시점 밖 — 모형이 보지 않은 연도
BRD_20191444,2023,할머니가래떡볶이,분식,109.0,FS2,Medium,0.10584324702589222,0.1077799206833614,건전,0,시점 밖 — 모형이 보지 않은 연도
BRD_20191447,2023,베스트생갈비찜&찜닭,한식,54.0,FS2,Medium,0.10584324702589222,0.11152627300436727,건전,0,시점 밖 — 모형이 보지 않은 연도
BRD_20200012,2023,돈카츠마켙,서양식,77.0,FS2,Medium,0.15982271985071145,0.15832987469350585,건전,0,시점 밖 — 모형이 보지 않은 연도
BRD_20200032,2023,명랑부대찌개&amp;낙곱새,한식,65.0,FS2,Medium,0.12358443004732989,0.11904095634671782,건전,0,시점 밖 — 모형이 보지 않은 연도
BRD_20200040,2023,The 진한 나주곰탕 1인용,한식,41.0,FS2,Medium,0.15982271985071145,0.15999999999999998,요주의,1,시점 밖 — 모형이 보지 않은 연도
BRD_20200042,2023,갈비냉면,한식,11.0,FS3,High,0.32679523066157073,0.3323743683237809,요주의,2,시점 밖 — 모형이 보지 않은 연도
BRD_20200044,2023,갓샐러드&갓요거트,기타 외국식,17.0,FS3,High,0.32679523066157073,0.32392112944164436,요주의,2,시점 밖 — 모형이 보지 않은 연도
BRD_20200056,2023,동춘돌곱창,한식,38.0,FS2,Medium,0.12358443004732989,0.1304645473653996,요주의,2,시점 밖 — 모형이 보지 않은 연도
BRD_20200099,2023,장미맨숀,주점,36.0,FS3,High,0.32679523066157073,0.34792832786691213,요주의,2,시점 밖 — 모형이 보지 않은 연도
BRD_20200107,2023,미진축산,한식,94.0,FS1,Low,0.03234585180001555,0.02941811848926788,건전,0,시점 밖 — 모형이 보지 않은 연도
BRD_20200110,2023,일계양득,기타 외식,2.0,FS3,High,0.2689750767077569,0.2878294747361745,요주의,1,시점 밖 — 모형이 보지 않은 연도
BRD_20200121,2023,발도스커피(valdos coffee),커피,83.0,FS1,Low,0.01158138161683619,0.008068595307651713,건전,0,시점 밖 — 모형이 보지 않은 연도
BRD_20200125,2023,킹스꼬마김밥,분식,36.0,FS3,High,0.32679523066157073,0.3553671780831923,건전,0,시점 밖 — 모형이 보지 않은 연도
BRD_20200127,2023,고기싸롱,한식,94.0,FS2,Medium,0.09066734525097016,0.09273678640209591,건전,0,시점 밖 — 모형이 보지 않은 연도
BRD_20200130,2023,롱쓰부대찌개,한식,89.0,FS2,Medium,0.15982271985071145,0.15999999999999998,건전,0,시점 밖 — 모형이 보지 않은 연도
BRD_20200136,2023,상무초밥,일식,50.0,FS1,Low,0.040134190898509337,0.04389635470032415,건전,0,시점 밖 — 모형이 보지 않은 연도
BRD_20200152,2023,서오릉피자,피자,63.0,FS2,Medium,0.10584324702589222,0.10987533808324604,건전,0,시점 밖 — 모형이 보지 않은 연도
BRD_20200159,2023,에그박스,기타 외식,26.0,FS3,High,0.32679523066157073,0.34015134809534653,요주의,2,시점 밖 — 모형이 보지 않은 연도
BRD_20200170,2023,수피자,피자,36.0,FS2,Medium,0.10584324702589222,0.10581149827740916,건전,0,시점 밖 — 모형이 보지 않은 연도
BRD_20200174,2023,메이크어딜리버리,기타 외식,41.0,FS2,Medium,0.12358443004732989,0.12587780248668648,요주의,1,시점 밖 — 모형이 보지 않은 연도
BRD_20200176,2023,달콤왕가탕후루,기타 외국식,531.0,FS2,Medium,0.10584324702589222,0.10689095572583458,건전,0,시점 밖 — 모형이 보지 않은 연도
BRD_20200187,2023,원유로스페셜티커피,커피,82.0,FS3,High,0.32679523066157073,0.3509714938644813,요주의,1,시점 밖 — 모형이 보지 않은 연도
BRD_20200193,2023,무공돈까스,분식,60.0,FS3,High,0.32679523066157073,0.30329522656923125,요주의,1,시점 밖 — 모형이 보지 않은 연도
BRD_20200209,2023,인생닭강정,치킨,128.0,FS2,Medium,0.10584324702589222,0.10981184058627984,건전,0,시점 밖 — 모형이 보지 않은 연도
BRD_20200220,2023,마라공방,중식,87.0,FS2,Medium,0.10584324702589222,0.10816090566515861,건전,0,시점 밖 — 모형이 보지 않은 연도
BRD_20200239,2023,인쌩맥주,주점,213.0,FS2,Medium,0.09066734525097016,0.09549604127026357,건전,0,시점 밖 — 모형이 보지 않은 연도
BRD_20200249,2023,신나게쌈빠찹쌀강정,기타 외식,28.0,FS3,High,0.32679523066157073,0.33102185010263907,건전,0,시점 밖 — 모형이 보지 않은 연도
BRD_20200279,2023,삼환축산,한식,31.0,FS1,Low,0.03234585180001555,0.033795506157764395,건전,0,시점 밖 — 모형이 보지 않은 연도
BRD_20200320,2023,빵위에 치즈 피자앰플러,피자,50.0,FS2,Medium,0.12358443004732989,0.11670431272926018,건전,0,시점 밖 — 모형이 보지 않은 연도
BRD_20200323,2023,오풍미족발,한식,15.0,FS2,Medium,0.12358443004732989,0.13202230977703805,건전,0,시점 밖 — 모형이 보지 않은 연도
BRD_20200326,2023,666 BURGER,패스트푸드,38.0,FS3,High,0.32679523066157073,0.35401465986205044,요주의,2,시점 밖 — 모형이 보지 않은 연도
BRD_20200330,2023,두꺼비로멘스,주점,22.0,FS3,High,0.32679523066157073,0.33440314565549367,요주의,1,시점 밖 — 모형이 보지 않은 연도
BRD_20200341,2023,청년치킨,치킨,41.0,FS2,Medium,0.12358443004732989,0.12492583656846298,건전,0,시점 밖 — 모형이 보지 않은 연도
BRD_20200365,2023,맛있는 고기에 솜씨를 더하다,한식,79.0,FS1,Low,0.03234585180001555,0.0350461883487634,건전,0,시점 밖 — 모형이 보지 않은 연도
BRD_20200369,2023,탄광맥주,주점,34.0,FS3,High,0.2689750767077569,0.2953712339475415,건전,0,시점 밖 — 모형이 보지 않은 연도
BRD_20200376,2023,읍천리 382,음료 (커피 외),173.0,FS2,Medium,0.10584324702589222,0.10149366848370747,건전,0,시점 밖 — 모형이 보지 않은 연도
BRD_20200394,2023,온센,일식,37.0,FS3,High,0.2689750767077569,0.2517966251707542,평가불가,0,시점 밖 — 모형이 보지 않은 연도
BRD_20200396,2023,성윤국가대표아구찜앤알곤이찜,한식,11.0,FS3,High,0.2689750767077569,0.29453326070183405,요주의,2,시점 밖 — 모형이 보지 않은 연도
BRD_20200398,2023,오늘술집 주다방,주점,8.0,FS3,High,0.2689750767077569,0.2769358225419776,요주의,2,시점 밖 — 모형이 보지 않은 연도
BRD_20200417,2023,한끼삼계탕,한식,19.0,FS3,High,0.32679523066157073,0.34623768009048483,건전,0,시점 밖 — 모형이 보지 않은 연도
BRD_20200425,2023,정온달집,한식,22.0,FS3,High,0.2689750767077569,0.2635282506106585,요주의,2,시점 밖 — 모형이 보지 않은 연도
BRD_20200430,2023,누들보쌈배달만족,한식,36.0,FS3,High,0.32679523066157073,0.32493551810750076,요주의,1,시점 밖 — 모형이 보지 않은 연도
BRD_20200439,2023,에바돈가츠,기타 외식,60.0,FS2,Medium,0.10584324702589222,0.10676396073190218,건전,0,시점 밖 — 모형이 보지 않은 연도
BRD_20200448,2023,왕손피자,피자,35.0,FS3,High,0.32679523066157073,0.34184199587177383,요주의,2,시점 밖 — 모형이 보지 않은 연도
BRD_20200463,2023,핵밥,기타 외국식,111.0,FS3,High,0.17833399980005998,0.1751101252021397,요주의,1,시점 밖 — 모형이 보지 않은 연도
BRD_20200491,2023,어부김호권의청년어부,일식,52.0,FS2,Medium,0.15982271985071145,0.15999999999999998,건전,0,시점 밖 — 모형이 보지 않은 연도
BRD_20200496,2023,코지하우스,서양식,36.0,FS2,Medium,0.10584324702589222,0.11076430304077285,건전,0,시점 밖 — 모형이 보지 않은 연도
BRD_20200505,2023,치교치킨,치킨,31.0,FS3,High,0.32679523066157073,0.2992376719058057,건전,0,시점 밖 — 모형이 보지 않은 연도
BRD_20200516,2023,연남물갈비,한식,51.0,FS3,High,0.32679523066157073,0.3472520687563412,건전,0,시점 밖 — 모형이 보지 않은 연도
BRD_20200522,2023,프레드피자,피자,137.0,FS2,Medium,0.15982271985071145,0.15999999999999998,요주의,2,시점 밖 — 모형이 보지 않은 연도
BRD_20200543,2023,목구멍,한식,149.0,FS1,Low,0.03234585180001555,0.03100989582326661,건전,0,시점 밖 — 모형이 보지 않은 연도
BRD_20200553,2023,노상치킨,치킨,39.0,FS2,Medium,0.10584324702589222,0.1129867154345899,요주의,1,시점 밖 — 모형이 보지 않은 연도
BRD_20200561,2023,금복주류,주점,42.0,FS3,High,0.2689750767077569,0.27525987605056274,요주의,1,시점 밖 — 모형이 보지 않은 연도
BRD_20200586,2023,오유미당,기타 외국식,46.0,FS3,High,0.2689750767077569,0.29620920719324895,요주의,2,시점 밖 — 모형이 보지 않은 연도
BRD_20200597,2023,경원해물찜0427,한식,36.0,FS1,Low,0.040134190898509337,0.03650403284412665,건전,0,시점 밖 — 모형이 보지 않은 연도
BRD_20200598,2023,사랑관,주점,22.0,FS2,Medium,0.15982271985071145,0.15999999999999998,건전,0,시점 밖 — 모형이 보지 않은 연도
BRD_20200599,2023,미미고,분식,18.0,FS3,High,0.32679523066157073,0.3286549432156408,건전,0,시점 밖 — 모형이 보지 않은 연도
BRD_20200624,2023,찜꽁찜닭,한식,48.0,FS3,High,0.2689750767077569,0.2668801435934883,건전,0,시점 밖 — 모형이 보지 않은 연도
BRD_20200632,2023,유미카츠,일식,68.0,FS2,Medium,0.10584324702589222,0.10860538814392201,건전,0,시점 밖 — 모형이 보지 않은 연도
BRD_20200638,2023,천씨씨커피,커피,99.0,FS3,High,0.17833399980005998,0.1790619714834613,건전,0,시점 밖 — 모형이 보지 않은 연도
BRD_20200673,2023,저스트텐동,일식,28.0,FS3,High,0.32679523066157073,0.3371081820977774,요주의,3,시점 밖 — 모형이 보지 않은 연도
BRD_20200686,2023,치교치밥&치킨,기타 외식,89.0,FS3,High,0.17833399980005998,0.180517914850264,요주의,1,시점 밖 — 모형이 보지 않은 연도
BRD_20200700,2023,죽~이요,한식,148.0,FS3,High,0.17833399980005998,0.18509373686021535,요주의,1,시점 밖 — 모형이 보지 않은 연도
BRD_20200704,2023,홍콩할매불닭발,한식,82.0,FS3,High,0.17833399980005998,0.1815578743979802,요주의,1,시점 밖 — 모형이 보지 않은 연도
BRD_20200724,2023,팔각도,한식,181.0,FS1,Low,0.03234585180001555,0.03254482396676539,건전,0,시점 밖 — 모형이 보지 않은 연도
BRD_20200732,2023,CAFE CANBUS(카페캔버스),커피,36.0,FS1,Low,0.040134190898509337,0.04086022250938589,요주의,1,시점 밖 — 모형이 보지 않은 연도
BRD_20200740,2023,브런치앤다이닝37.5(Brunch&Dining37.5),기타 외식,61.0,FS1,Low,0.03234585180001555,0.0285085314412686,건전,0,시점 밖 — 모형이 보지 않은 연도
BRD_20200743,2023,탕수육주는육군짬뽕,중식,35.0,FS3,High,0.32679523066157073,0.3235829998863589,건전,0,시점 밖 — 모형이 보지 않은 연도
BRD_20200756,2023,청년순대국,한식,30.0,FS2,Medium,0.15982271985071145,0.15999999999999998,요주의,1,시점 밖 — 모형이 보지 않은 연도
BRD_20200757,2023,한결통아구찜,한식,29.0,FS1,Low,0.01158138161683619,0.01649928244969446,건전,0,시점 밖 — 모형이 보지 않은 연도
BRD_20200774,2023,다가치통닭,치킨,38.0,FS2,Medium,0.09066734525097016,0.08767815247712188,평가불가,0,시점 밖 — 모형이 보지 않은 연도
BRD_20200775,2023,덮밥90도씨,한식,50.0,FS3,High,0.32679523066157073,0.3131009836725096,요주의,3,시점 밖 — 모형이 보지 않은 연도
BRD_20200778,2023,구구족,한식,113.0,FS2,Medium,0.09066734525097016,0.09181703477937336,건전,0,시점 밖 — 모형이 보지 않은 연도
BRD_20200798,2023,명가통닭,치킨,74.0,FS1,Low,0.040134190898509337,0.0402001937722254,건전,0,시점 밖 — 모형이 보지 않은 연도
BRD_20200802,2023,Blu Shaak(블루샥),커피,208.0,FS1,Low,0.01158138161683619,0.008380842979579223,건전,0,시점 밖 — 모형이 보지 않은 연도
BRD_20200807,2023,덮덮밥,한식,198.0,FS2,Medium,0.10584324702589222,0.10212864345336949,건전,0,시점 밖 — 모형이 보지 않은 연도
BRD_20200828,2023,두돈까스,한식,13.0,FS3,High,0.17833399980005998,0.18010193103117753,요주의,2,시점 밖 — 모형이 보지 않은 연도
BRD_20200830,2023,인생아구찜,한식,112.0,FS2,Medium,0.10584324702589222,0.10955785059841504,평가불가,0,시점 밖 — 모형이 보지 않은 연도
BRD_20200837,2023,금커피별빙수,음료 (커피 외),46.0,FS2,Medium,0.12358443004732989,0.11713702451027086,건전,0,시점 밖 — 모형이 보지 않은 연도
BRD_20200845,2023,황해수육,한식,37.0,FS2,Medium,0.10584324702589222,0.10530351830167956,건전,0,시점 밖 — 모형이 보지 않은 연도
BRD_20200856,2023,입큰아구알곤이찜,한식,83.0,FS3,High,0.17833399980005998,0.17303020610670727,요주의,3,시점 밖 — 모형이 보지 않은 연도
BRD_20200872,2023,행진푸드,한식,25.0,FS2,Medium,0.12358443004732989,0.11635814330445164,요주의,1,시점 밖 — 모형이 보지 않은 연도
BRD_20200878,2023,구삼짜글이,한식,55.0,FS3,High,0.32679523066157073,0.3147916314489369,요주의,2,시점 밖 — 모형이 보지 않은 연도
BRD_20200879,2023,막이오름,주점,29.0,FS3,High,0.17833399980005998,0.1859257044983883,요주의,1,시점 밖 — 모형이 보지 않은 연도
BRD_20200937,2023,마장동김씨,한식,42.0,FS2,Medium,0.10584324702589222,0.11190725798616448,건전,0,시점 밖 — 모형이 보지 않은 연도
BRD_20200968,2023,수원왕갈비통닭,치킨,10.0,FS3,High,0.32679523066157073,0.30228083790337484,요주의,2,시점 밖 — 모형이 보지 않은 연도
BRD_20200969,2023,청년고기장수,한식,44.0,FS3,High,0.32679523066157073,0.30126644923751844,건전,0,시점 밖 — 모형이 보지 않은 연도
BRD_20200991,2023,씨네마얼음맥주,기타 외식,32.0,FS1,Low,0.040134190898509337,0.038682127676756266,건전,0,시점 밖 — 모형이 보지 않은 연도
BRD_20200997,2023,피자플래넷,서양식,37.0,FS3,High,0.32679523066157073,0.3475901983116267,요주의,2,시점 밖 — 모형이 보지 않은 연도
BRD_20200998,2023,공룡닭발,기타 외식,38.0,FS2,Medium,0.10584324702589222,0.10644647324707117,건전,0,시점 밖 — 모형이 보지 않은 연도
BRD_20201014,2023,고기극찬,한식,122.0,FS2,Medium,0.12358443004732989,0.12051217640215411,요주의,1,시점 밖 — 모형이 보지 않은 연도
BRD_20201018,2023,피자스톰,피자,100.0,FS2,Medium,0.12358443004732989,0.1199929222649413,요주의,1,시점 밖 — 모형이 보지 않은 연도
BRD_20201021,2023,피자쿠치나,피자,19.0,FS3,High,0.32679523066157073,0.35570530763847774,요주의,2,시점 밖 — 모형이 보지 않은 연도
BRD_20201043,2023,꼬치의품격,기타 외식,78.0,FS3,High,0.32679523066157073,0.32899307277092626,요주의,2,시점 밖 — 모형이 보지 않은 연도
BRD_20201098,2023,내조국국밥,한식,33.0,FS1,Low,0.040134190898509337,0.03802209893959578,건전,0,시점 밖 — 모형이 보지 않은 연도
BRD_20201106,2023,뜸들이다,한식,75.0,FS3,High,0.32679523066157073,0.3158060201147933,건전,0,시점 밖 — 모형이 보지 않은 연도
BRD_20201121,2023,"챙길,밥",한식,58.0,FS3,High,0.2689750767077569,0.2652041971020734,요주의,1,시점 밖 — 모형이 보지 않은 연도
BRD_20201124,2023,두심스 독도해물알찜,한식,26.0,FS2,Medium,0.15982271985071145,0.159723196840231,건전,0,시점 밖 — 모형이 보지 않은 연도
BRD_20201156,2023,마실커피,커피,37.0,FS1,Low,0.01158138161683619,0.01884113998915078,요주의,1,시점 밖 — 모형이 보지 않은 연도
BRD_20201164,2023,밥도둑 한끼뚝딱,한식,14.0,FS3,High,0.2689750767077569,0.24593081245080206,요주의,2,시점 밖 — 모형이 보지 않은 연도
BRD_20201166,2023,교반,한식,63.0,FS2,Medium,0.10584324702589222,0.10568450328347676,건전,0,시점 밖 — 모형이 보지 않은 연도
BRD_20201169,2023,그집곱닭도리탕,한식,66.0,FS3,High,0.32679523066157073,0.32223048166521706,요주의,1,시점 밖 — 모형이 보지 않은 연도
BRD_20201202,2023,오태식해바라기치킨,치킨,58.0,FS3,High,0.32679523066157073,0.31276285411722415,요주의,2,시점 밖 — 모형이 보지 않은 연도
BRD_20201203,2023,하삼동커피,커피,587.0,FS1,Low,0.01158138161683619,0.006975728455905431,건전,0,시점 밖 — 모형이 보지 않은 연도
BRD_20201215,2023,청담피자,피자,49.0,FS3,High,0.2689750767077569,0.24425486595938717,건전,0,시점 밖 — 모형이 보지 않은 연도
BRD_20201223,2023,눈꽃대패,기타 외식,30.0,FS1,Low,0.03234585180001555,0.03334071263376476,건전,0,시점 밖 — 모형이 보지 않은 연도
BRD_20201227,2023,오복 오봉집,한식,213.0,FS1,Low,0.03234585180001555,0.03538728349176313,건전,0,시점 밖 — 모형이 보지 않은 연도
BRD_20201240,2023,오늘은카레,기타 외국식,33.0,FS3,High,0.2689750767077569,0.26269027736495104,요주의,2,시점 밖 — 모형이 보지 않은 연도
BRD_20201243,2023,피자는 치즈빨,피자,51.0,FS3,High,0.17833399980005998,0.17178225464944782,건전,0,시점 밖 — 모형이 보지 않은 연도
BRD_20201249,2023,수유리혼밥왕,한식,100.0,FS2,Medium,0.15982271985071145,0.15999999999999998,요주의,2,시점 밖 — 모형이 보지 않은 연도
BRD_20201254,2023,치킨인류,치킨,22.0,FS2,Medium,0.15982271985071145,0.15952415081927027,요주의,2,시점 밖 — 모형이 보지 않은 연도
BRD_20201258,2023,동방축산,한식,39.0,FS2,Medium,0.10584324702589222,0.09838229113236362,건전,0,시점 밖 — 모형이 보지 않은 연도
BRD_20201272,2023,커피마마퀸,기타 외식,54.0,FS3,High,0.32679523066157073,0.3482664574221976,건전,0,시점 밖 — 모형이 보지 않은 연도
BRD_20201275,2023,호두당,제과제빵,51.0,FS2,Medium,0.12358443004732989,0.11471383853661107,요주의,1,시점 밖 — 모형이 보지 않은 연도
BRD_20201276,2023,그리너,기타 외식,35.0,FS2,Medium,0.15982271985071145,0.15315467814852665,건전,0,시점 밖 — 모형이 보지 않은 연도
BRD_20201281,2023,경성한우국밥,기타 외식,46.0,FS2,Medium,0.15982271985071145,0.1571355985677414,평가불가,0,시점 밖 — 모형이 보지 않은 연도
BRD_20201287,2023,카츠백,일식,49.0,FS3,High,0.32679523066157073,0.31546789055950786,평가불가,0,시점 밖 — 모형이 보지 않은 연도
BRD_20201288,2023,밥스토랑,기타 외식,428.0,FS1,Low,0.03234585180001555,0.03180578449026598,건전,0,시점 밖 — 모형이 보지 않은 연도
BRD_20201327,2023,무모한 초밥,일식,117.0,FS2,Medium,0.10584324702589222,0.10809740816819241,요주의,1,시점 밖 — 모형이 보지 않은 연도
BRD_20201331,2023,이태리양조장,주점,35.0,FS2,Medium,0.15982271985071145,0.15999999999999998,요주의,1,시점 밖 — 모형이 보지 않은 연도
BRD_20201332,2023,79파운야드(79 FOUNYARD),제과제빵,30.0,FS3,High,0.32679523066157073,0.3303455909920681,요주의,3,시점 밖 — 모형이 보지 않은 연도
BRD_20201339,2023,마요네즈 (mayonnaise),일식,39.0,FS2,Medium,0.10584324702589222,0.1022556384473019,건전,0,시점 밖 — 모형이 보지 않은 연도
BRD_20201343,2023,포케올데이,기타 외국식,115.0,FS2,Medium,0.09066734525097016,0.09779542032706995,건전,0,시점 밖 — 모형이 보지 않은 연도
BRD_20201345,2023,에그폭탄덮밥,한식,106.0,FS2,Medium,0.12358443004732989,0.12509892128086725,요주의,1,시점 밖 — 모형이 보지 않은 연도
BRD_20201348,2023,"떡볶이 참 잘하는 집, 떡참",분식,119.0,FS3,High,0.2689750767077569,0.2861535282447596,요주의,2,시점 밖 — 모형이 보지 않은 연도
BRD_20201402,2023,강다짐,분식,74.0,FS1,Low,0.040134190898509337,0.039672170782497004,건전,0,시점 밖 — 모형이 보지 않은 연도
BRD_20201407,2023,권사부 순대국,한식,32.0,FS3,High,0.17833399980005998,0.1848857449506721,요주의,1,시점 밖 — 모형이 보지 않은 연도
BRD_20201443,2023,라홍방 마라탕,중식,125.0,FS1,Low,0.03234585180001555,0.02930442010826797,건전,0,시점 밖 — 모형이 보지 않은 연도
BRD_20201482,2023,돼지게티,한식,165.0,FS2,Medium,0.12358443004732989,0.13176268270843164,요주의,1,시점 밖 — 모형이 보지 않은 연도
BRD_20201484,2023,리틀꼬마김밥,분식,44.0,FS1,Low,0.01158138161683619,0.016967653957585725,건전,0,시점 밖 — 모형이 보지 않은 연도
BRD_20201507,2023,돈까스회관,기타 외식,42.0,FS3,High,0.17833399980005998,0.18571771258884506,요주의,1,시점 밖 — 모형이 보지 않은 연도
BRD_20201527,2023,카페희다,커피,23.0,FS3,High,0.32679523066157073,0.3080290403432277,요주의,3,시점 밖 — 모형이 보지 않은 연도
BRD_20201537,2023,구도로통닭,치킨,96.0,FS2,Medium,0.12358443004732989,0.12016600697734557,요주의,1,시점 밖 — 모형이 보지 않은 연도
BRD_20201587,2023,한신우동,분식,86.0,FS2,Medium,0.10584324702589222,0.11139927801043487,건전,0,시점 밖 — 모형이 보지 않은 연도
BRD_20201592,2023,윤이불닭발,기타 외식,91.0,FS2,Medium,0.15982271985071145,0.15693655254678068,요주의,1,시점 밖 — 모형이 보지 않은 연도
BRD_20201595,2023,"쉼, 어묵 그리고 한잔 술",주점,50.0,FS3,High,0.32679523066157073,0.3026189674586603,건전,0,시점 밖 — 모형이 보지 않은 연도
BRD_20201615,2023,손찬,한식,40.0,FS1,Low,0.040134190898509337,0.038814133424188366,건전,0,시점 밖 — 모형이 보지 않은 연도
BRD_20201631,2023,커스텀커피,커피,112.0,FS1,Low,0.040134190898509337,0.04237828860485502,요주의,1,시점 밖 — 모형이 보지 않은 연도
BRD_20201644,2023,에그벅,기타 외식,22.0,FS3,High,0.32679523066157073,0.3124247245619387,요주의,3,시점 밖 — 모형이 보지 않은 연도
BRD_20201657,2023,에그존,기타 외식,32.0,FS2,Medium,0.12358443004732989,0.11765627864748367,요주의,1,시점 밖 — 모형이 보지 않은 연도
BRD_20201680,2023,벤티프레소,커피,50.0,FS2,Medium,0.12358443004732989,0.1214641423203776,요주의,1,시점 밖 — 모형이 보지 않은 연도
BRD_20201685,2023,푸줏간 고기도시락,한식,97.0,FS2,Medium,0.10584324702589222,0.10092219101101167,요주의,1,시점 밖 — 모형이 보지 않은 연도
BRD_20201713,2023,제줏간,한식,63.0,FS1,Low,0.03234585180001555,0.03425029968176403,요주의,1,시점 밖 — 모형이 보지 않은 연도
BRD_20201728,2023,호미스(HOMIES),서양식,34.0,FS1,Low,0.01158138161683619,0.014157424910238142,건전,0,시점 밖 — 모형이 보지 않은 연도
BRD_20201747,2023,아구듬뿍&알곤마니,한식,146.0,FS2,Medium,0.15982271985071145,0.15999999999999998,건전,0,시점 밖 — 모형이 보지 않은 연도
BRD_20201751,2023,나우커피,커피,470.0,FS2,Medium,0.12358443004732989,0.12215648116999467,건전,0,시점 밖 — 모형이 보지 않은 연도
BRD_20201793,2023,국제시장 돼지국밥,한식,48.0,FS2,Medium,0.15982271985071145,0.15999999999999998,요주의,2,시점 밖 — 모형이 보지 않은 연도
BRD_20201823,2023,비돈이제돈이,한식,14.0,FS3,High,0.32679523066157073,0.2982232832399493,요주의,2,시점 밖 — 모형이 보지 않은 연도
BRD_20201827,2023,양가네고기듬뿍김치찜,한식,28.0,FS2,Medium,0.10584324702589222,0.09895376860505943,건전,0,시점 밖 — 모형이 보지 않은 연도
BRD_20201840,2023,히츠지야,일식,35.0,FS3,High,0.32679523066157073,0.3060002630115149,요주의,1,시점 밖 — 모형이 보지 않은 연도
BRD_20201844,2023,샐러바웃,기타 외식,30.0,FS3,High,0.32679523066157073,0.32831681366035537,건전,0,시점 밖 — 모형이 보지 않은 연도
BRD_20201869,2023,댄싱컵(DANCINGCUP),커피,107.0,FS1,Low,0.01158138161683619,0.011347195862890559,건전,0,시점 밖 — 모형이 보지 않은 연도
BRD_20201873,2023,아틀리에빈,커피,18.0,FS2,Medium,0.12358443004732989,0.13011837794059108,요주의,2,시점 밖 — 모형이 보지 않은 연도
BRD_20201892,2023,hcs,분식,33.0,FS3,High,0.2689750767077569,0.2844775817533447,요주의,2,시점 밖 — 모형이 보지 않은 연도
BRD_20201895,2023,무쇠김치삼겹,한식,25.0,FS3,High,0.32679523066157073,0.30397148567980214,요주의,2,시점 밖 — 모형이 보지 않은 연도
BRD_20201906,2023,고망고,음료 (커피 외),52.0,FS1,Low,0.040134190898509337,0.04330232883687971,건전,0,시점 밖 — 모형이 보지 않은 연도
BRD_20210017,2023,일월육일,주점,42.0,FS2,Medium,0.15982271985071145,0.1517613560018015,요주의,1,시점 밖 — 모형이 보지 않은 연도
BRD_20210019,2023,볶찜,한식,67.0,FS3,High,0.2689750767077569,0.2501206786793393,요주의,3,시점 밖 — 모형이 보지 않은 연도
BRD_20210023,2023,돈쫄돈,기타 외식,56.0,FS3,High,0.32679523066157073,0.3245973885522153,요주의,1,시점 밖 — 모형이 보지 않은 연도
BRD_20210036,2023,양가네 명품갈비찜,한식,15.0,FS1,Low,0.040134190898509337,0.043566340331743905,요주의,2,시점 밖 — 모형이 보지 않은 연도
BRD_20210040,2023,악동삼겹,한식,25.0,FS2,Medium,0.12358443004732989,0.1270028531173142,요주의,1,시점 밖 — 모형이 보지 않은 연도
BRD_20210041,2023,아덴블랑제리,커피,42.0,FS1,Low,0.040134190898509337,0.039540165035064904,건전,0,시점 밖 — 모형이 보지 않은 연도
BRD_20210086,2023,삼겹식당,기타 외식,33.0,FS1,Low,0.01158138161683619,0.005414490096267886,건전,0,시점 밖 — 모형이 보지 않은 연도
BRD_20210129,2023,제육폭식,한식,38.0,FS3,High,0.17833399980005998,0.18738164786519101,요주의,2,시점 밖 — 모형이 보지 않은 연도
BRD_20210148,2023,잭슨피자,피자,41.0,FS1,Low,0.03234585180001555,0.028451682250768648,요주의,1,시점 밖 — 모형이 보지 않은 연도
BRD_20210211,2023,제육대가,기타 외식,105.0,FS2,Medium,0.09066734525097016,0.09733554451570867,건전,0,시점 밖 — 모형이 보지 않은 연도
BRD_20210213,2023,동복리 제주갈치조림,한식,22.0,FS3,High,0.17833399980005998,0.1769820523880289,요주의,2,시점 밖 — 모형이 보지 않은 연도
BRD_20210216,2023,일일양,한식,35.0,FS2,Medium,0.10584324702589222,0.11324070542245471,요주의,1,시점 밖 — 모형이 보지 않은 연도
BRD_20210242,2023,전일맥주,주점,37.0,FS2,Medium,0.10584324702589222,0.10193815096247089,건전,0,시점 밖 — 모형이 보지 않은 연도
BRD_20210248,2023,박봉구가래떡볶이,분식,23.0,FS3,High,0.32679523066157073,0.29889954235052024,요주의,2,시점 밖 — 모형이 보지 않은 연도
BRD_20210285,2023,밥풀릭스,한식,143.0,FS2,Medium,0.10584324702589222,0.10466854333201754,요주의,1,시점 밖 — 모형이 보지 않은 연도
BRD_20210315,2023,소림마라,중식,183.0,FS1,Low,0.040134190898509337,0.03914414779276861,건전,0,시점 밖 — 모형이 보지 않은 연도
BRD_20210365,2023,꾸꾸삼겹,한식,49.0,FS2,Medium,0.12358443004732989,0.12388732829403737,요주의,2,시점 밖 — 모형이 보지 않은 연도
BRD_20210368,2023,꼬육꼬밥,한식,0.0,FS2,Medium,0.12358443004732989,0.12466620949985659,평가불가,0,시점 밖 — 모형이 보지 않은 연도
BRD_20210375,2023,바른보쌈1990,기타 외식,133.0,FS2,Medium,0.15982271985071145,0.15999999999999998,건전,0,시점 밖 — 모형이 보지 않은 연도
BRD_20210428,2023,덮밥.ZIP,한식,49.0,FS3,High,0.32679523066157073,0.3367700525424919,요주의,1,시점 밖 — 모형이 보지 않은 연도
BRD_20210454,2023,청담곱떡,기타 외식,80.0,FS3,High,0.32679523066157073,0.30295709701394574,요주의,1,시점 밖 — 모형이 보지 않은 연도
BRD_20210460,2023,청솔로9,커피,81.0,FS1,Low,0.040134190898509337,0.042180279983706874,건전,0,시점 밖 — 모형이 보지 않은 연도
BRD_20210465,2023,죽선생,한식,18.0,FS3,High,0.17833399980005998,0.18259783394569643,요주의,3,시점 밖 — 모형이 보지 않은 연도
BRD_20210513,2023,1992덮밥&짜글이,한식,68.0,FS2,Medium,0.12358443004732989,0.1237142435816331,요주의,1,시점 밖 — 모형이 보지 않은 연도
BRD_20210527,2023,1인삼겹 오빠삼,한식,18.0,FS3,High,0.17833399980005998,0.18176586630752345,요주의,2,시점 밖 — 모형이 보지 않은 연도
BRD_20210532,2023,범맥주,주점,58.0,FS3,High,0.32679523066157073,0.3313599796579245,요주의,1,시점 밖 — 모형이 보지 않은 연도
BRD_20210534,2023,삼산회관,한식,131.0,FS2,Medium,0.10584324702589222,0.10714494571369938,건전,0,시점 밖 — 모형이 보지 않은 연도
BRD_20210545,2023,제육명가,한식,2.0,FS3,High,0.2689750767077569,0.25514851815358397,요주의,3,시점 밖 — 모형이 보지 않은 연도
BRD_20210546,2023,삼거리시장국수,한식,15.0,FS3,High,0.2689750767077569,0.28531555499905215,요주의,3,시점 밖 — 모형이 보지 않은 연도
BRD_20210552,2023,육만사,한식,76.0,FS3,High,0.17833399980005998,0.1721982384685343,건전,0,시점 밖 — 모형이 보지 않은 연도
BRD_20210570,2023,모리커피,커피,64.0,FS2,Medium,0.10584324702589222,0.09939825108382284,건전,0,시점 밖 — 모형이 보지 않은 연도
BRD_20210606,2023,거진어부네 코다리,한식,46.0,FS3,High,0.17833399980005998,0.18114189057889374,평가불가,0,시점 밖 — 모형이 보지 않은 연도
BRD_20210622,2023,한라맥주,주점,66.0,FS1,Low,0.040134190898509337,0.041058231130534036,건전,0,시점 밖 — 모형이 보지 않은 연도
BRD_20210637,2023,불닭발의신,기타 외식,28.0,FS3,High,0.2689750767077569,0.2727459563134404,건전,0,시점 밖 — 모형이 보지 않은 연도
BRD_20210655,2023,덮밥장사장,일식,34.0,FS3,High,0.32679523066157073,0.3455614209799139,건전,0,시점 밖 — 모형이 보지 않은 연도
BRD_20210705,2023,우지커피(OOZYCOFFEE),커피,97.0,FS1,Low,0.040134190898509337,0.03795609606587973,건전,0,시점 밖 — 모형이 보지 않은 연도
BRD_20210719,2023,카우보이,치킨,14.0,FS3,High,0.32679523066157073,0.3330506274343518,요주의,2,시점 밖 — 모형이 보지 않은 연도
BRD_20210738,2023,짐키친(GYM KITCHEN),기타 외식,52.0,FS2,Medium,0.12358443004732989,0.12760864961072918,건전,0,시점 밖 — 모형이 보지 않은 연도
BRD_20210758,2023,보글지글,기타 외식,8.0,FS3,High,0.17833399980005998,0.17282221419716404,요주의,3,시점 밖 — 모형이 보지 않은 연도
BRD_20210819,2023,마몽로제떡볶이,분식,48.0,FS3,High,0.32679523066157073,0.34691393920105573,건전,0,시점 밖 — 모형이 보지 않은 연도
BRD_20210826,2023,요거트아이스크림의정석,아이스크림/빙수,166.0,FS2,Medium,0.12358443004732989,0.11990637990873917,건전,0,시점 밖 — 모형이 보지 않은 연도
BRD_20210827,2023,조선화로닭발,한식,81.0,FS3,High,0.2689750767077569,0.2936952874561266,건전,0,시점 밖 — 모형이 보지 않은 연도
BRD_20210847,2023,찐곱도리식당,한식,15.0,FS3,High,0.32679523066157073,0.3421801254270593,요주의,2,시점 밖 — 모형이 보지 않은 연도
BRD_20210891,2023,가든쿡,서양식,15.0,FS3,High,0.32679523066157073,0.32324487033107346,요주의,2,시점 밖 — 모형이 보지 않은 연도
BRD_20210896,2023,참다랑어 막주는 집,일식,49.0,FS3,High,0.2689750767077569,0.24341689271367972,요주의,2,시점 밖 — 모형이 보지 않은 연도
BRD_20210908,2023,이것이국밥이다,한식,125.0,FS2,Medium,0.12358443004732989,0.12501237892466513,요주의,2,시점 밖 — 모형이 보지 않은 연도
BRD_20210911,2023,야미마라탕,중식,58.0,FS2,Medium,0.10584324702589222,0.10123967849584267,건전,0,시점 밖 — 모형이 보지 않은 연도
BRD_20210931,2023,기대만족,한식,98.0,FS3,High,0.32679523066157073,0.3425182549823447,건전,0,시점 밖 — 모형이 보지 않은 연도
BRD_20210937,2023,진탱 불곱창&불닭발,한식,33.0,FS3,High,0.32679523066157073,0.31343911322779505,요주의,1,시점 밖 — 모형이 보지 않은 연도
BRD_20210955,2023,청춘꼬마김밥앤떡볶이,분식,50.0,FS1,Low,0.040134190898509337,0.037692084571015534,건전,0,시점 밖 — 모형이 보지 않은 연도
BRD_20210961,2023,백돈,기타 외식,58.0,FS3,High,0.17833399980005998,0.18197385821706671,요주의,1,시점 밖 — 모형이 보지 않은 연도
BRD_20210973,2023,피자덕,피자,36.0,FS3,High,0.32679523066157073,0.3519858825303377,건전,0,시점 밖 — 모형이 보지 않은 연도
BRD_20210990,2023,통통회,기타 외식,24.0,FS3,High,0.32679523066157073,0.3543527894173359,요주의,1,시점 밖 — 모형이 보지 않은 연도
BRD_20210996,2023,다복향 마라탕,기타 외국식,79.0,FS2,Medium,0.12358443004732989,0.12181031174518614,요주의,1,시점 밖 — 모형이 보지 않은 연도
BRD_20211004,2023,더마니,한식,75.0,FS2,Medium,0.10584324702589222,0.09952524607775524,건전,0,시점 밖 — 모형이 보지 않은 연도
BRD_20211005,2023,하이오커피,커피,249.0,FS2,Medium,0.12358443004732989,0.12561817541808007,건전,0,시점 밖 — 모형이 보지 않은 연도
BRD_20211017,2023,용용선생,주점,112.0,FS2,Medium,0.12358443004732989,0.11748319393507939,요주의,1,시점 밖 — 모형이 보지 않은 연도
BRD_20211034,2023,찌개공방,한식,45.0,FS2,Medium,0.10584324702589222,0.1024461309382005,건전,0,시점 밖 — 모형이 보지 않은 연도
BRD_20211037,2023,1키로탕수육,중식,108.0,FS2,Medium,0.15982271985071145,0.15414990825333033,요주의,1,시점 밖 — 모형이 보지 않은 연도
BRD_20211040,2023,하륜일만족발,한식,38.0,FS2,Medium,0.15982271985071145,0.15999999999999998,요주의,1,시점 밖 — 모형이 보지 않은 연도
BRD_20211074,2023,태리로제떡볶이&닭강정,분식,108.0,FS3,High,0.2689750767077569,0.27023203657631806,요주의,2,시점 밖 — 모형이 보지 않은 연도
BRD_20211096,2023,해장쿡,한식,28.0,FS2,Medium,0.15982271985071145,0.15773273663062362,요주의,1,시점 밖 — 모형이 보지 않은 연도
BRD_20211100,2023,유캔두잇,기타 외식,82.0,FS3,High,0.32679523066157073,0.3499571051986249,요주의,1,시점 밖 — 모형이 보지 않은 연도
BRD_20211103,2023,커피에반하다 스마트카페,커피,205.0,FS1,Low,0.01158138161683619,0.01915338766107829,건전,0,시점 밖 — 모형이 보지 않은 연도
BRD_20211115,2023,영계소문옛날통닭,치킨,52.0,FS1,Low,0.03234585180001555,0.03220372882376566,평가불가,0,시점 밖 — 모형이 보지 않은 연도
BRD_20211123,2023,스참,분식,19.0,FS3,High,0.32679523066157073,0.3019427083480894,요주의,2,시점 밖 — 모형이 보지 않은 연도
BRD_20211133,2023,효자동설렁탕,한식,40.0,FS3,High,0.17833399980005998,0.17635807665939915,건전,0,시점 밖 — 모형이 보지 않은 연도
BRD_20211154,2023,죽도령,한식,85.0,FS3,High,0.32679523066157073,0.3137772427830805,요주의,2,시점 밖 — 모형이 보지 않은 연도
BRD_20211155,2023,인생냉면,한식,140.0,FS2,Medium,0.12358443004732989,0.12786827667933556,요주의,1,시점 밖 — 모형이 보지 않은 연도
BRD_20211159,2023,돈도니 석쇠한판불고기,한식,7.0,FS3,High,0.32679523066157073,0.34860458697748303,요주의,2,시점 밖 — 모형이 보지 않은 연도
BRD_20211160,2023,을찌로국물떡볶이,분식,83.0,FS3,High,0.32679523066157073,0.3269642954392135,요주의,2,시점 밖 — 모형이 보지 않은 연도
BRD_20211162,2023,향리원 마라탕,중식,34.0,FS1,Low,0.040134190898509337,0.041916268488842674,건전,0,시점 밖 — 모형이 보지 않은 연도
BRD_20211197,2023,집밥뚝딱,한식,93.0,FS3,High,0.17833399980005998,0.18675767213656128,요주의,3,시점 밖 — 모형이 보지 않은 연도
BRD_20211200,2023,라화공방,중식,30.0,FS2,Medium,0.12358443004732989,0.12605088719909074,건전,0,시점 밖 — 모형이 보지 않은 연도
BRD_20211217,2023,당신은지금치킨이땡긴다,치킨,56.0,FS3,High,0.32679523066157073,0.3431945140929157,요주의,2,시점 밖 — 모형이 보지 않은 연도
BRD_20211235,2023,샤오바오우육면,중식,37.0,FS3,High,0.32679523066157073,0.31512976100422235,건전,0,시점 밖 — 모형이 보지 않은 연도
BRD_20211246,2023,대동집,한식,94.0,FS1,Low,0.03234585180001555,0.03152153853776621,건전,0,시점 밖 — 모형이 보지 않은 연도
BRD_20211247,2023,아이엠도넛(IamDonut),제과제빵,40.0,FS3,High,0.32679523066157073,0.30498587434565855,요주의,1,시점 밖 — 모형이 보지 않은 연도
BRD_20211278,2023,광안천지식당,한식,55.0,FS2,Medium,0.12358443004732989,0.11981983755253703,평가불가,0,시점 밖 — 모형이 보지 않은 연도
BRD_20211286,2023,점프(JUMP),커피,31.0,FS3,High,0.32679523066157073,0.30667652212208585,요주의,1,시점 밖 — 모형이 보지 않은 연도
BRD_20211310,2023,정성순대,한식,33.0,FS1,Low,0.03234585180001555,0.03476194239626362,건전,0,시점 밖 — 모형이 보지 않은 연도
BRD_20211329,2023,옐로우스푼,기타 외식,20.0,FS3,High,0.32679523066157073,0.31884918611236246,요주의,2,시점 밖 — 모형이 보지 않은 연도
BRD_20211340,2023,순수덮밥,한식,184.0,FS2,Medium,0.15982271985071145,0.15999999999999998,요주의,1,시점 밖 — 모형이 보지 않은 연도
BRD_20211382,2023,크로플 각,커피,47.0,FS3,High,0.32679523066157073,0.3408276072059174,요주의,2,시점 밖 — 모형이 보지 않은 연도
BRD_20211406,2023,육회왕자연어공주,한식,86.0,FS3,High,0.17833399980005998,0.18613369640793156,건전,0,시점 밖 — 모형이 보지 않은 연도
BRD_20211434,2023,요거트월드,기타 외식,95.0,FS2,Medium,0.12358443004732989,0.11731010922267512,건전,0,시점 밖 — 모형이 보지 않은 연도
BRD_20211440,2023,평화김해뒷고기,한식,51.0,FS2,Medium,0.10584324702589222,0.10339859339269351,건전,0,시점 밖 — 모형이 보지 않은 연도
BRD_20211453,2023,GLOER,제과제빵,26.0,FS3,High,0.17833399980005998,0.1809338986693505,요주의,1,시점 밖 — 모형이 보지 않은 연도
BRD_20211458,2023,양호실떡볶이,분식,18.0,FS3,High,0.32679523066157073,0.3262880363286426,요주의,3,시점 밖 — 모형이 보지 않은 연도
BRD_20211497,2023,메가샵크로플,기타 외식,15.0,FS3,High,0.32679523066157073,0.305324003900944,요주의,2,시점 밖 — 모형이 보지 않은 연도
BRD_20211506,2023,팔팔포장마차,주점,80.0,FS3,High,0.17833399980005998,0.17448614947350996,요주의,1,시점 밖 — 모형이 보지 않은 연도
BRD_20211548,2023,짬뽕관,중식,34.0,FS2,Medium,0.10584324702589222,0.11336770041638711,건전,0,시점 밖 — 모형이 보지 않은 연도
BRD_20211561,2023,파스타집이야,서양식,42.0,FS3,High,0.32679523066157073,0.3114103358960823,요주의,1,시점 밖 — 모형이 보지 않은 연도
BRD_20211569,2023,피자웨이브,피자,31.0,FS3,High,0.32679523066157073,0.3120865950066532,요주의,1,시점 밖 — 모형이 보지 않은 연도
BRD_20211593,2023,파란만잔,커피,42.0,FS2,Medium,0.12358443004732989,0.12276227766340962,건전,0,시점 밖 — 모형이 보지 않은 연도
BRD_20211596,2023,순살의민족,치킨,19.0,FS3,High,0.32679523066157073,0.30735278123265675,요주의,3,시점 밖 — 모형이 보지 않은 연도
BRD_20211608,2023,카페미뇽,제과제빵,25.0,FS3,High,0.32679523066157073,0.3465758096457703,요주의,2,시점 밖 — 모형이 보지 않은 연도
BRD_20211645,2023,맘마찬,한식,42.0,FS2,Medium,0.10584324702589222,0.10803391067122621,평가불가,0,시점 밖 — 모형이 보지 않은 연도
BRD_20211652,2023,윤반장,한식,65.0,FS2,Medium,0.12358443004732989,0.11722356686647299,요주의,1,시점 밖 — 모형이 보지 않은 연도
BRD_20211698,2023,헤즈업,주점,33.0,FS2,Medium,0.12358443004732989,0.11921404105912209,건전,0,시점 밖 — 모형이 보지 않은 연도
BRD_20211707,2023,순살만공격,치킨,200.0,FS2,Medium,0.12358443004732989,0.13132997092742096,요주의,1,시점 밖 — 모형이 보지 않은 연도
BRD_20211709,2023,히포슈가 (HIPPO SUGAR),기타 외식,23.0,FS3,High,0.32679523066157073,0.336093793431921,요주의,2,시점 밖 — 모형이 보지 않은 연도
BRD_20211711,2023,동네커피,커피,65.0,FS2,Medium,0.10584324702589222,0.10371608087752453,요주의,1,시점 밖 — 모형이 보지 않은 연도
BRD_20211764,2023,국물에빠진두루치기,한식,133.0,FS3,High,0.32679523066157073,0.32561177721807166,건전,0,시점 밖 — 모형이 보지 않은 연도
BRD_20211774,2023,육회바른연어,기타 외식,75.0,FS1,Low,0.03234585180001555,0.02884962658426833,건전,0,시점 밖 — 모형이 보지 않은 연도
BRD_20211835,2023,더잇24,한식,18.0,FS3,High,0.2689750767077569,0.2777737957876851,요주의,3,시점 밖 — 모형이 보지 않은 연도
BRD_20211882,2023,솔솥,한식,51.0,FS1,Low,0.040134190898509337,0.04112423400425009,건전,0,시점 밖 — 모형이 보지 않은 연도
BRD_20211903,2023,제이델링,제과제빵,36.0,FS2,Medium,0.12358443004732989,0.12423349771884591,요주의,1,시점 밖 — 모형이 보지 않은 연도
BRD_20211947,2023,오한수우육면가,중식,57.0,FS2,Medium,0.10584324702589222,0.1128597204406575,건전,0,시점 밖 — 모형이 보지 않은 연도
BRD_20211955,2023,삼계탕이요,한식,53.0,FS3,High,0.32679523066157073,0.35063336430919584,건전,0,시점 밖 — 모형이 보지 않은 연도
BRD_20211973,2023,이라이타코야끼,일식,63.0,FS2,Medium,0.12358443004732989,0.1274355648983249,건전,0,시점 밖 — 모형이 보지 않은 연도
BRD_20211990,2023,랑데자뷰(RENDEJAVOUS),커피,29.0,FS3,High,0.32679523066157073,0.30464774479037304,요주의,1,시점 밖 — 모형이 보지 않은 연도
BRD_20211998,2023,연돈볼카츠,분식,49.0,FS3,High,0.32679523066157073,0.3337268865449228,요주의,2,시점 밖 — 모형이 보지 않은 연도
BRD_20212010,2023,복호두,제과제빵,109.0,FS2,Medium,0.15982271985071145,0.15733464458870214,요주의,1,시점 밖 — 모형이 보지 않은 연도
BRD_20212045,2023,국밥참맛있는집,한식,68.0,FS3,High,0.32679523066157073,0.34894271653276854,건전,0,시점 밖 — 모형이 보지 않은 연도
BRD_20212074,2023,도로시파스타,서양식,106.0,FS2,Medium,0.15982271985071145,0.15999999999999998,건전,0,시점 밖 — 모형이 보지 않은 연도
BRD_20212140,2023,스텔라떡볶이,분식,98.0,FS2,Medium,0.10584324702589222,0.10073169852011306,건전,0,시점 밖 — 모형이 보지 않은 연도
BRD_20212154,2023,부뚜막김치찜,한식,76.0,FS2,Medium,0.12358443004732989,0.1286471578851548,건전,0,시점 밖 — 모형이 보지 않은 연도
BRD_20212168,2023,병아리김밥,기타 외식,61.0,FS3,High,0.32679523066157073,0.30059019012694754,요주의,1,시점 밖 — 모형이 보지 않은 연도
BRD_20212213,2023,안주가,한식,34.0,FS3,High,0.17833399980005998,0.17968594721209102,요주의,1,시점 밖 — 모형이 보지 않은 연도
BRD_20212216,2023,조선부뚜막,한식,57.0,FS2,Medium,0.12358443004732989,0.12094488818316479,건전,0,시점 밖 — 모형이 보지 않은 연도
BRD_20212229,2023,삼동소바,일식,43.0,FS1,Low,0.040134190898509337,0.03736207020243529,건전,0,시점 밖 — 모형이 보지 않은 연도
BRD_20212244,2023,타코형,기타 외식,54.0,FS2,Medium,0.12358443004732989,0.1182620751408986,평가불가,0,시점 밖 — 모형이 보지 않은 연도
BRD_20212274,2023,타코아찌 타코야끼전문점,일식,76.0,FS3,High,0.32679523066157073,0.3391369594294901,요주의,2,시점 밖 — 모형이 보지 않은 연도
BRD_20212321,2023,대박삼겹김치찜&초대박등갈비김치찜,한식,247.0,FS2,Medium,0.10584324702589222,0.11171676549526588,요주의,1,시점 밖 — 모형이 보지 않은 연도
BRD_20212322,2023,와우당 냉면,한식,76.0,FS3,High,0.32679523066157073,0.3002520605716621,요주의,1,시점 밖 — 모형이 보지 않은 연도
BRD_20212331,2023,응급실닭볶음탕,한식,41.0,FS2,Medium,0.10584324702589222,0.10460504583505134,건전,0,시점 밖 — 모형이 보지 않은 연도
BRD_20212334,2023,포트캔커피 PORT CAN COFFEE,커피,98.0,FS2,Medium,0.12358443004732989,0.11557926209863242,건전,0,시점 밖 — 모형이 보지 않은 연도
BRD_20212359,2023,아라치,치킨,146.0,FS3,High,0.2689750767077569,0.2744219028048553,건전,0,시점 밖 — 모형이 보지 않은 연도
BRD_20212385,2023,계계속속,한식,62.0,FS2,Medium,0.10584324702589222,0.10524002080471336,평가불가,0,시점 밖 — 모형이 보지 않은 연도
BRD_20212416,2023,하노이맥주밤거리,주점,46.0,FS2,Medium,0.15982271985071145,0.15912605877734878,요주의,1,시점 밖 — 모형이 보지 않은 연도
BRD_20212430,2023,미스터국수왕,분식,40.0,FS2,Medium,0.12358443004732989,0.13098380150261243,요주의,3,시점 밖 — 모형이 보지 않은 연도
BRD_20212439,2023,피자먹다,피자,92.0,FS2,Medium,0.12358443004732989,0.11895441399051569,건전,0,시점 밖 — 모형이 보지 않은 연도
BRD_20212450,2023,취향마라,중식,31.0,FS3,High,0.32679523066157073,0.34961897564333944,건전,0,시점 밖 — 모형이 보지 않은 연도
BRD_20212464,2023,피자와썹,피자,49.0,FS2,Medium,0.10584324702589222,0.10079519601707926,요주의,1,시점 밖 — 모형이 보지 않은 연도
BRD_20212508,2023,구름계란덮밥,한식,86.0,FS2,Medium,0.15982271985071145,0.15999999999999998,요주의,1,시점 밖 — 모형이 보지 않은 연도
BRD_20212547,2023,덮밥집이야,한식,41.0,FS3,High,0.32679523066157073,0.35502904852790684,요주의,1,시점 밖 — 모형이 보지 않은 연도
BRD_20212607,2023,샐러디아,한식,75.0,FS2,Medium,0.12358443004732989,0.11696393979786658,건전,0,시점 밖 — 모형이 보지 않은 연도
BRD_20212610,2023,기떡찜,분식,153.0,FS2,Medium,0.12358443004732989,0.12440658243125018,건전,0,시점 밖 — 모형이 보지 않은 연도
BRD_20212743,2023,카츠루와,기타 외식,59.0,FS3,High,0.2689750767077569,0.27944974227909997,요주의,2,시점 밖 — 모형이 보지 않은 연도
BRD_20212760,2023,브런치빈,서양식,55.0,FS1,Low,0.03234585180001555,0.029759213632267606,건전,0,시점 밖 — 모형이 보지 않은 연도
BRD_20212767,2023,제육의 법칙,한식,83.0,FS3,High,0.17833399980005998,0.1746941413830532,요주의,2,시점 밖 — 모형이 보지 않은 연도
BRD_20212770,2023,김치백서,한식,40.0,FS3,High,0.2689750767077569,0.2568244646449989,요주의,3,시점 밖 — 모형이 보지 않은 연도
BRD_20212815,2023,조타코,기타 외국식,30.0,FS2,Medium,0.12358443004732989,0.12639705662389927,요주의,1,시점 밖 — 모형이 보지 않은 연도
BRD_20212828,2023,소코아,기타 외식,54.0,FS2,Medium,0.12358443004732989,0.12778173432313344,요주의,1,시점 밖 — 모형이 보지 않은 연도
BRD_20212868,2023,수북국밥,한식,29.0,FS3,High,0.32679523066157073,0.33169810921320997,요주의,1,시점 밖 — 모형이 보지 않은 연도
BRD_20212985,2023,파스타에반하다,서양식,75.0,FS2,Medium,0.15982271985071145,0.15852892071446656,요주의,1,시점 밖 — 모형이 보지 않은 연도
BRD_20213018,2023,인생김치찌개,한식,124.0,FS2,Medium,0.12358443004732989,0.11756973629128153,요주의,1,시점 밖 — 모형이 보지 않은 연도
BRD_20213039,2023,풍덕천 두꺼비집,주점,31.0,FS3,High,0.32679523066157073,0.3377844412083483,건전,0,시점 밖 — 모형이 보지 않은 연도
BRD_20213068,2023,오사이초밥,일식,30.0,FS2,Medium,0.10584324702589222,0.10143017098674127,건전,0,시점 밖 — 모형이 보지 않은 연도
BRD_20213078,2023,육칠이,한식,98.0,FS2,Medium,0.10584324702589222,0.10670046323493598,건전,0,시점 밖 — 모형이 보지 않은 연도
BRD_20213136,2023,유떡,분식,32.0,FS3,High,0.2689750767077569,0.24760675894221698,요주의,2,시점 밖 — 모형이 보지 않은 연도
BRD_20213267,2023,기영이숯불두마리치킨,치킨,175.0,FS1,Low,0.040134190898509337,0.040728216761953796,건전,0,시점 밖 — 모형이 보지 않은 연도
BRD_20213402,2023,바른국밥,한식,31.0,FS2,Medium,0.12358443004732989,0.13210885213324017,요주의,1,시점 밖 — 모형이 보지 않은 연도
BRD_20213411,2023,백억커피,커피,88.0,FS2,Medium,0.10584324702589222,0.10003322605348484,건전,0,시점 밖 — 모형이 보지 않은 연도
BRD_20213522,2023,국밥도감,한식,42.0,FS3,High,0.32679523066157073,0.3306837205473536,요주의,1,시점 밖 — 모형이 보지 않은 연도
BRD_20213713,2023,앗뜨죽,한식,55.0,FS3,High,0.32679523066157073,0.3387988298742047,요주의,1,시점 밖 — 모형이 보지 않은 연도
BRD_20213743,2023,성북당 십원빵,제과제빵,43.0,FS2,Medium,0.10584324702589222,0.1025731259321329,건전,0,시점 밖 — 모형이 보지 않은 연도
BRD_20213758,2023,"바로덮밥,바로파스타&경양식",기타 외식,109.0,FS2,Medium,0.10584324702589222,0.10422406085325413,건전,0,시점 밖 — 모형이 보지 않은 연도
BRD_20213816,2023,완미족발,한식,127.0,FS1,Low,0.040134190898509337,0.04251029435228712,건전,0,시점 밖 — 모형이 보지 않은 연도
BRD_20213850,2023,일일수작,주점,60.0,FS2,Medium,0.10584324702589222,0.11101829302863767,건전,0,시점 밖 — 모형이 보지 않은 연도
BRD_20213895,2023,몬스터탕수육,중식,62.0,FS3,High,0.2689750767077569,0.2895054212275894,요주의,1,시점 밖 — 모형이 보지 않은 연도
BRD_20213898,2023,그릭하다,기타 외식,33.0,FS3,High,0.17833399980005998,0.1732381980162505,건전,0,시점 밖 — 모형이 보지 않은 연도
BRD_20213927,2023,국민낙곱새,한식,82.0,FS3,High,0.32679523066157073,0.32155422255464616,건전,0,시점 밖 — 모형이 보지 않은 연도
BRD_20214020,2023,Egg2000,기타 외식,50.0,FS3,High,0.17833399980005998,0.18322180967432616,요주의,2,시점 밖 — 모형이 보지 않은 연도
BRD_20214050,2023,김종구식맛치킨ㆍ 전기바베큐 옛날통닭,치킨,95.0,FS3,High,0.32679523066157073,0.309719688119655,건전,0,시점 밖 — 모형이 보지 않은 연도
BRD_20214094,2023,압구정화로구이,한식,39.0,FS3,High,0.32679523066157073,0.3036333561245167,건전,0,시점 밖 — 모형이 보지 않은 연도
BRD_20214138,2023,와드커피(WAD COFFEE),커피,34.0,FS3,High,0.2689750767077569,0.2970471804389564,건전,0,시점 밖 — 모형이 보지 않은 연도
BRD_20214151,2023,빙수를품은달인(빙품달),아이스크림/빙수,36.0,FS3,High,0.32679523066157073,0.31614414967007876,건전,0,시점 밖 — 모형이 보지 않은 연도
BRD_20214278,2023,만타스시31,일식,90.0,FS3,High,0.32679523066157073,0.34454703231405753,건전,0,시점 밖 — 모형이 보지 않은 연도
BRD_20214343,2023,화락바베큐치킨,치킨,126.0,FS2,Medium,0.12358443004732989,0.1234546165130267,요주의,1,시점 밖 — 모형이 보지 않은 연도
BRD_20214362,2023,월간맥주,주점,46.0,FS1,Low,0.03234585180001555,0.030953046632766656,건전,0,시점 밖 — 모형이 보지 않은 연도
BRD_20214457,2023,스트릿 1988,커피,30.0,FS3,High,0.32679523066157073,0.31952544522293336,요주의,1,시점 밖 — 모형이 보지 않은 연도
BRD_20214465,2023,볶음밥도사,한식,62.0,FS3,High,0.2689750767077569,0.2677181168391957,요주의,1,시점 밖 — 모형이 보지 않은 연도
BRD_20214501,2023,왓더버거,패스트푸드,38.0,FS3,High,0.17833399980005998,0.1780220119357451,건전,0,시점 밖 — 모형이 보지 않은 연도
BRD_20214596,2023,물회&회덮밥8000원,일식,96.0,FS2,Medium,0.12358443004732989,0.13029146265299535,요주의,1,시점 밖 — 모형이 보지 않은 연도
BRD_20214600,2023,무청감자탕,한식,48.0,FS3,High,0.17833399980005998,0.1707422951017316,요주의,2,시점 밖 — 모형이 보지 않은 연도
BRD_20214614,2023,마녀김밥,분식,44.0,FS2,Medium,0.10584324702589222,0.09971573856865384,요주의,1,시점 밖 — 모형이 보지 않은 연도
BRD_20214635,2023,NAN갈비장터,치킨,49.0,FS3,High,0.2689750767077569,0.24174094622226483,평가불가,0,시점 밖 — 모형이 보지 않은 연도
BRD_20214650,2023,순수빙떡,아이스크림/빙수,36.0,FS3,High,0.17833399980005998,0.17781402002620184,요주의,1,시점 밖 — 모형이 보지 않은 연도
BRD_20214651,2023,순수타코야끼,기타 외식,106.0,FS2,Medium,0.12358443004732989,0.11531963503002603,요주의,1,시점 밖 — 모형이 보지 않은 연도
BRD_20214653,2023,효자동솥뚜껑삼겹살감자탕순대국,한식,43.0,FS2,Medium,0.12358443004732989,0.1302049202967932,건전,0,시점 밖 — 모형이 보지 않은 연도
BRD_20214660,2023,호주에서 온 스시,일식,42.0,FS2,Medium,0.12358443004732989,0.12553163306187792,평가불가,0,시점 밖 — 모형이 보지 않은 연도
BRD_20214774,2023,킹치찌개찜,한식,63.0,FS3,High,0.32679523066157073,0.3411657367612029,건전,0,시점 밖 — 모형이 보지 않은 연도
BRD_20214794,2023,미미관마라탕,중식,40.0,FS2,Medium,0.12358443004732989,0.11583888916723883,요주의,1,시점 밖 — 모형이 보지 않은 연도
BRD_20214795,2023,2피자1치킨상회,피자,54.0,FS2,Medium,0.10584324702589222,0.09825529613843122,건전,0,시점 밖 — 모형이 보지 않은 연도
BRD_20214931,2023,탕참탕수육참잘하는집,중식,223.0,FS2,Medium,0.12358443004732989,0.12189685410138827,요주의,2,시점 밖 — 모형이 보지 않은 연도
BRD_20215019,2023,빽보이피자,피자,202.0,FS2,Medium,0.10584324702589222,0.10904987062268542,요주의,1,시점 밖 — 모형이 보지 않은 연도
BRD_20215029,2023,순살몬스터,치킨,166.0,FS2,Medium,0.12358443004732989,0.12821444610414412,요주의,1,시점 밖 — 모형이 보지 않은 연도
BRD_20215034,2023,칠봉통닭,치킨,64.0,FS2,Medium,0.10584324702589222,0.10720844321066558,평가불가,0,시점 밖 — 모형이 보지 않은 연도
BRD_20215073,2023,이층집피자,피자,98.0,FS2,Medium,0.09066734525097016,0.08537877342031551,평가불가,0,시점 밖 — 모형이 보지 않은 연도
BRD_20215294,2023,브라운베이글,제과제빵,77.0,FS2,Medium,0.10584324702589222,0.11228824296796168,평가불가,0,시점 밖 — 모형이 보지 않은 연도
BRD_20215410,2023,모락떡볶이,분식,39.0,FS2,Medium,0.12358443004732989,0.1291664120223676,평가불가,0,시점 밖 — 모형이 보지 않은 연도
BRD_20215565,2023,꾸이덮밥잘하는집,한식,43.0,FS2,Medium,0.12358443004732989,0.12674322604870783,평가불가,0,시점 밖 — 모형이 보지 않은 연도
BRD_20215582,2023,김치볶음밥잘볶는집,한식,78.0,FS3,High,0.17833399980005998,0.17885397957391805,평가불가,0,시점 밖 — 모형이 보지 않은 연도
BRD_20215583,2023,파스타시키면치킨을주는집,서양식,33.0,FS2,Medium,0.12358443004732989,0.1157523468110367,평가불가,0,시점 밖 — 모형이 보지 않은 연도
BRD_20215768,2023,모두의죽,한식,54.0,FS3,High,0.17833399980005998,0.16991032746355864,평가불가,0,시점 밖 — 모형이 보지 않은 연도
BRD_20215837,2023,돈까스튀기는형,일식,34.0,FS3,High,0.32679523066157073,0.3016045787928039,요주의,1,시점 밖 — 모형이 보지 않은 연도
BRD_20215860,2023,돼지팥빙수,기타 외식,25.0,FS2,Medium,0.15982271985071145,0.15594132244197698,요주의,2,시점 밖 — 모형이 보지 않은 연도
BRD_20220015,2023,토리아에즈,일식,37.0,FS2,Medium,0.10584324702589222,0.10219214095033569,요주의,1,시점 밖 — 모형이 보지 않은 연도
BRD_20220024,2023,이우철한방누룽지삼계탕,한식,33.0,FS2,Medium,0.15982271985071145,0.15215944804372297,건전,0,시점 밖 — 모형이 보지 않은 연도
BRD_20220035,2023,제비파스타&리조또,서양식,76.0,FS3,High,0.32679523066157073,0.3516477529750522,요주의,1,시점 밖 — 모형이 보지 않은 연도
BRD_20220053,2023,이찌방라멘& 카츠카레,일식,40.0,FS3,High,0.17833399980005998,0.18717365595564778,요주의,2,시점 밖 — 모형이 보지 않은 연도
BRD_20220057,2023,철길부산집,주점,201.0,FS2,Medium,0.12358443004732989,0.12302190473201602,건전,0,시점 밖 — 모형이 보지 않은 연도
BRD_20220096,2023,경아식당,한식,35.0,FS3,High,0.17833399980005998,0.17115827892081809,요주의,2,시점 밖 — 모형이 보지 않은 연도
BRD_20220138,2023,순살치킨을잘튀기는집,치킨,33.0,FS2,Medium,0.12358443004732989,0.1194736681277285,평가불가,0,시점 밖 — 모형이 보지 않은 연도
BRD_20220147,2023,샐러리아 SALARIA,커피,45.0,FS2,Medium,0.12358443004732989,0.12085834582696266,건전,0,시점 밖 — 모형이 보지 않은 연도
BRD_20220154,2023,달래해장,한식,49.0,FS2,Medium,0.12358443004732989,0.12890678495376118,요주의,1,시점 밖 — 모형이 보지 않은 연도
BRD_20220173,2023,밀면의 법칙,한식,54.0,FS3,High,0.32679523066157073,0.34285638453763023,요주의,1,시점 밖 — 모형이 보지 않은 연도
BRD_20220177,2023,수백당,한식,77.0,FS2,Medium,0.10584324702589222,0.11158977050133347,건전,0,시점 밖 — 모형이 보지 않은 연도
BRD_20220206,2023,일품대패,한식,53.0,FS2,Medium,0.10584324702589222,0.10841489565302341,건전,0,시점 밖 — 모형이 보지 않은 연도
BRD_20220226,2023,PLUS 82(플러스 82),커피,122.0,FS3,High,0.2689750767077569,0.25263459841646163,건전,0,시점 밖 — 모형이 보지 않은 연도
BRD_20220232,2023,커피나인,커피,41.0,FS2,Medium,0.10584324702589222,0.11203425298009688,평가불가,0,시점 밖 — 모형이 보지 않은 연도
BRD_20220252,2023,바다수퍼 해물천하조개구이·찜,한식,49.0,FS2,Medium,0.12358443004732989,0.1311568862150167,평가불가,0,시점 밖 — 모형이 보지 않은 연도
BRD_20220257,2023,이십센치,커피,29.0,FS3,High,0.32679523066157073,0.3164822792253642,요주의,2,시점 밖 — 모형이 보지 않은 연도
BRD_20220301,2023,마케집,일식,30.0,FS1,Low,0.03234585180001555,0.031407840156766294,건전,0,시점 밖 — 모형이 보지 않은 연도
BRD_20220322,2023,한식밥상,한식,66.0,FS3,High,0.32679523066157073,0.3415038663164884,요주의,2,시점 밖 — 모형이 보지 않은 연도
BRD_20220332,2023,고래맥주창고,주점,104.0,FS3,High,0.32679523066157073,0.3381225707636337,건전,0,시점 밖 — 모형이 보지 않은 연도
BRD_20220334,2023,정성카츠,기타 외식,52.0,FS3,High,0.2689750767077569,0.2543105449078765,건전,0,시점 밖 — 모형이 보지 않은 연도
BRD_20220426,2023,편편집,한식,48.0,FS2,Medium,0.12358443004732989,0.12224302352619681,요주의,1,시점 밖 — 모형이 보지 않은 연도
BRD_20220427,2023,월미당,기타 외국식,39.0,FS3,High,0.17833399980005998,0.1844697611315856,요주의,1,시점 밖 — 모형이 보지 않은 연도
BRD_20220436,2023,타코이찌 타코야끼 전문점,일식,81.0,FS3,High,0.2689750767077569,0.2660421703477808,요주의,1,시점 밖 — 모형이 보지 않은 연도
BRD_20220467,2023,내가닭도리탕이다,한식,78.0,FS2,Medium,0.15982271985071145,0.1581308286725451,건전,0,시점 밖 — 모형이 보지 않은 연도
BRD_20220492,2023,구여사 컵밥,한식,38.0,FS3,High,0.17833399980005998,0.18384578540295587,건전,0,시점 밖 — 모형이 보지 않은 연도
BRD_20220521,2023,대한마라,중식,8.0,FS3,High,0.32679523066157073,0.31005781767494045,요주의,2,시점 밖 — 모형이 보지 않은 연도
BRD_20220525,2023,동래정 백탄직화,한식,32.0,FS1,Low,0.040134190898509337,0.040068188024793304,건전,0,시점 밖 — 모형이 보지 않은 연도
BRD_20220528,2023,맘스터치 피자앤치킨,패스트푸드,44.0,FS2,Medium,0.12358443004732989,0.12994529322818682,건전,0,시점 밖 — 모형이 보지 않은 연도
BRD_20220529,2023,하르당,제과제빵,38.0,FS1,Low,0.03234585180001555,0.03288591910976512,건전,0,시점 밖 — 모형이 보지 않은 연도
BRD_20220554,2023,리파인,한식,39.0,FS3,High,0.32679523066157073,0.3242592589969298,요주의,1,시점 밖 — 모형이 보지 않은 연도
BRD_20220555,2023,더담덮밥,한식,50.0,FS3,High,0.32679523066157073,0.3364319229872064,건전,0,시점 밖 — 모형이 보지 않은 연도
BRD_20220587,2023,라사천마라탕,중식,59.0,FS3,High,0.32679523066157073,0.29957580146109114,평가불가,0,시점 밖 — 모형이 보지 않은 연도
BRD_20220664,2023,전국3대춘천닭갈비,한식,59.0,FS3,High,0.17833399980005998,0.17490213329259646,요주의,1,시점 밖 — 모형이 보지 않은 연도
BRD_20220732,2023,98도씨 국밥,기타 외식,68.0,FS3,High,0.17833399980005998,0.17656606856894239,요주의,3,시점 밖 — 모형이 보지 않은 연도
BRD_20220780,2023,커피다스1리터,커피,15.0,FS3,High,0.32679523066157073,0.3252736476627862,요주의,2,시점 밖 — 모형이 보지 않은 연도
BRD_20220789,2023,우이락,한식,31.0,FS3,High,0.32679523066157073,0.3063383925668004,평가불가,0,시점 밖 — 모형이 보지 않은 연도
BRD_20220797,2023,타타스베이글,제과제빵,36.0,FS3,High,0.32679523066157073,0.3354175343213501,요주의,1,시점 밖 — 모형이 보지 않은 연도
BRD_20220831,2023,노모어피자,피자,96.0,FS2,Medium,0.12358443004732989,0.12293536237581389,건전,0,시점 밖 — 모형이 보지 않은 연도
BRD_20220867,2023,김치찜은못참지,한식,77.0,FS2,Medium,0.15982271985071145,0.15999999999999998,건전,0,시점 밖 — 모형이 보지 않은 연도
BRD_20220917,2023,제주고세호해장국,한식,37.0,FS2,Medium,0.12358443004732989,0.13236847920184658,평가불가,0,시점 밖 — 모형이 보지 않은 연도
BRD_20220920,2023,라스트춘선,한식,40.0,FS2,Medium,0.15982271985071145,0.15999999999999998,요주의,1,시점 밖 — 모형이 보지 않은 연도
BRD_20220930,2023,고기가뜩 김치찜,한식,37.0,FS2,Medium,0.10584324702589222,0.11095479553167147,평가불가,0,시점 밖 — 모형이 보지 않은 연도
BRD_20220940,2023,크로플덕오리아가씨,기타 외식,68.0,FS2,Medium,0.12358443004732989,0.12483929421226085,평가불가,0,시점 밖 — 모형이 보지 않은 연도
BRD_20221022,2023,까몬(CAMO’N),기타 외국식,36.0,FS1,Low,0.03234585180001555,0.03214687963326571,건전,0,시점 밖 — 모형이 보지 않은 연도
BRD_20221027,2023,정우의 도시락,기타 외식,33.0,FS3,High,0.2689750767077569,0.24509283920509461,건전,0,시점 밖 — 모형이 보지 않은 연도
BRD_20221028,2023,차차커피코,커피,50.0,FS3,High,0.2689750767077569,0.24090297297655738,건전,0,시점 밖 — 모형이 보지 않은 연도
BRD_20221035,2023,김선생불닭발,한식,84.0,FS3,High,0.32679523066157073,0.314115372338366,건전,0,시점 밖 — 모형이 보지 않은 연도
BRD_20221036,2023,뚜선장 쭈꾸미호,한식,37.0,FS2,Medium,0.10584324702589222,0.10543051329561196,평가불가,0,시점 밖 — 모형이 보지 않은 연도
BRD_20221037,2023,김사부의곱창명가,한식,84.0,FS3,High,0.17833399980005998,0.17427815756396672,건전,0,시점 밖 — 모형이 보지 않은 연도
BRD_20221049,2023,남썬치킨,치킨,93.0,FS2,Medium,0.10584324702589222,0.1129232179376237,건전,0,시점 밖 — 모형이 보지 않은 연도
BRD_20221056,2023,담아내다,한식,104.0,FS3,High,0.17833399980005998,0.17823000384528834,요주의,1,시점 밖 — 모형이 보지 않은 연도
BRD_20221216,2023,카레세끼 매운숙성카레,일식,53.0,FS2,Medium,0.12358443004732989,0.12077180347076052,건전,0,시점 밖 — 모형이 보지 않은 연도
BRD_20221246,2023,열정국밥,한식,234.0,FS2,Medium,0.10584324702589222,0.09876327611416083,평가불가,0,시점 밖 — 모형이 보지 않은 연도
BRD_20221248,2023,열정해장국,한식,205.0,FS1,Low,0.040134190898509337,0.04165225699397848,평가불가,0,시점 밖 — 모형이 보지 않은 연도
BRD_20221254,2023,본가왕뼈 감자탕,한식,44.0,FS2,Medium,0.15982271985071145,0.15999999999999998,평가불가,0,시점 밖 — 모형이 보지 않은 연도
BRD_20221260,2023,한양화로,한식,61.0,FS3,High,0.17833399980005998,0.1757341009307694,요주의,1,시점 밖 — 모형이 보지 않은 연도
BRD_20221273,2023,정동진칼국수,기타 외식,50.0,FS2,Medium,0.12358443004732989,0.11878132927811141,평가불가,0,시점 밖 — 모형이 보지 않은 연도
BRD_20221283,2023,이게볶음밥,한식,44.0,FS2,Medium,0.12358443004732989,0.1314165132836231,건전,0,시점 밖 — 모형이 보지 않은 연도
BRD_20221393,2023,김삼구,한식,68.0,FS2,Medium,0.10584324702589222,0.10130317599280887,요주의,1,시점 밖 — 모형이 보지 않은 연도
BRD_20221446,2023,파스타 흔,서양식,40.0,FS2,Medium,0.12358443004732989,0.12284882001961175,평가불가,0,시점 밖 — 모형이 보지 않은 연도
BRD_20221447,2023,이바우국밥,한식,54.0,FS2,Medium,0.10584324702589222,0.11089129803470527,평가불가,0,시점 밖 — 모형이 보지 않은 연도
NAME:국수나무@외식,2023,국수나무,분식,195.0,FS1,Low,0.01158138161683619,0.018216644645295762,건전,0,시점 밖 — 모형이 보지 않은 연도
NAME:달떡볶이@외식,2023,달떡볶이,분식,57.0,FS1,Low,0.040134190898509337,0.036306024222978496,건전,0,시점 밖 — 모형이 보지 않은 연도
NAME:보고싶다@외식,2023,보고싶다,기타 외식,48.0,FS3,High,0.32679523066157073,0.3087052994537986,요주의,3,시점 밖 — 모형이 보지 않은 연도
NAME:생고기제작소@외식,2023,생고기제작소,한식,19.0,FS2,Medium,0.12358443004732989,0.11956021048393063,건전,0,시점 밖 — 모형이 보지 않은 연도
NAME:샤브향@외식,2023,샤브향,기타 외식,0.0,FS2,Medium,0.10584324702589222,0.1126057304527927,평가불가,0,시점 밖 — 모형이 보지 않은 연도
NAME:손큰할매순대국@외식,2023,손큰할매순대국,한식,45.0,FS1,Low,0.040134190898509337,0.03782409031844763,건전,0,시점 밖 — 모형이 보지 않은 연도
NAME:시선@외식,2023,시선,일식,56.0,FS2,Medium,0.15982271985071145,0.15999999999999998,평가불가,0,시점 밖 — 모형이 보지 않은 연도
NAME:인정국물떡볶이@외식,2023,인정국물떡볶이,기타 외식,15.0,FS2,Medium,0.12358443004732989,0.13150305563982523,요주의,2,시점 밖 — 모형이 보지 않은 연도
NAME:청춘닭꼬치@외식,2023,청춘닭꼬치,기타 외식,41.0,FS2,Medium,0.10584324702589222,0.10727194070763178,건전,0,시점 밖 — 모형이 보지 않은 연도
NAME:카페베네@외식,2023,카페베네,음료 (커피 외),119.0,FS2,Medium,0.10584324702589222,0.11317720792548851,건전,0,시점 밖 — 모형이 보지 않은 연도
NAME:커피마마@외식,2023,커피마마,커피,108.0,FS1,Low,0.040134190898509337,0.04125623975168219,건전,0,시점 밖 — 모형이 보지 않은 연도
NAME:킹스타피자@외식,2023,킹스타피자,피자,34.0,FS2,Medium,0.10584324702589222,0.1025096284351667,건전,0,시점 밖 — 모형이 보지 않은 연도
NAME:화통삼@외식,2023,화통삼,한식,17.0,FS1,Low,0.040134190898509337,0.04185026561512663,건전,0,시점 밖 — 모형이 보지 않은 연도
BRD_20080100014,2024,이디야커피,커피,2562.0,FS1,Low,0.01158138161683619,0.017025724408767366,건전,0,운영 등급 — 라벨 미확정
BRD_20080100031,2024,강정이기가막혀,치킨,7.0,FS3,High,0.32679523066157073,0.34204929137802925,요주의,2,운영 등급 — 라벨 미확정
BRD_20080100033,2024,피자에땅,피자,138.0,FS1,Low,0.03234585180001555,0.03535734291809981,건전,0,운영 등급 — 라벨 미확정
BRD_20080100034,2024,오븐에빠진닭,치킨,55.0,FS2,Medium,0.10584324702589222,0.1015255241303336,건전,0,운영 등급 — 라벨 미확정
BRD_20080100039,2024,뚜레쥬르,제과제빵,1307.0,FS1,Low,0.01158138161683619,0.0024652727559281804,건전,0,운영 등급 — 라벨 미확정
BRD_20080100047,2024,놀부보쌈족발,한식,63.0,FS2,Medium,0.12358443004732989,0.12537560717930196,요주의,2,운영 등급 — 라벨 미확정
BRD_20080100048,2024,놀부부대찌개,한식,156.0,FS1,Low,0.040134190898509337,0.03789580997650128,건전,0,운영 등급 — 라벨 미확정
BRD_20080100052,2024,치킨마루,치킨,152.0,FS2,Medium,0.10584324702589222,0.10208759456644181,건전,0,운영 등급 — 라벨 미확정
BRD_20080100055,2024,본스치킨,치킨,109.0,FS1,Low,0.03234585180001555,0.030943950762286666,건전,0,운영 등급 — 라벨 미확정
BRD_20080100059,2024,생생돈까스,분식,39.0,FS2,Medium,0.10584324702589222,0.09932833969827418,건전,0,운영 등급 — 라벨 미확정
BRD_20080100061,2024,네네치킨,치킨,869.0,FS1,Low,0.03234585180001555,0.030424728155720414,건전,0,운영 등급 — 라벨 미확정
BRD_20080100076,2024,파파존스피자,피자,250.0,FS1,Low,0.01158138161683619,0.014620084570472196,건전,0,운영 등급 — 라벨 미확정
BRD_20080100077,2024,맛깔참죽,한식,73.0,FS1,Low,0.03234585180001555,0.03431889770496731,건전,0,운영 등급 — 라벨 미확정
BRD_20080100085,2024,나뚜루,아이스크림/빙수,19.0,FS2,Medium,0.10584324702589222,0.1114895000431612,요주의,1,운영 등급 — 라벨 미확정
BRD_20080100087,2024,김밥천국,분식,284.0,FS1,Low,0.01158138161683619,0.01120154374763169,건전,0,운영 등급 — 라벨 미확정
BRD_20080100092,2024,엘리팝,주점,32.0,FS2,Medium,0.12358443004732989,0.13134619761920888,요주의,1,운영 등급 — 라벨 미확정
BRD_20080100099,2024,피쉬앤그릴too,주점,0.0,FS2,Medium,0.10584324702589222,0.10423368168612776,평가불가,0,운영 등급 — 라벨 미확정
BRD_20080100101,2024,코바코,기타 외식,129.0,FS1,Low,0.03234585180001555,0.032293929539358925,요주의,1,운영 등급 — 라벨 미확정
BRD_20080100109,2024,김가네,분식,377.0,FS1,Low,0.01158138161683619,0.01829185063944903,건전,0,운영 등급 — 라벨 미확정
BRD_20080100111,2024,채선당,한식,146.0,FS2,Medium,0.10584324702589222,0.10014589669624976,평가불가,0,운영 등급 — 라벨 미확정
BRD_20080100117,2024,구이가,기타 외식,11.0,FS2,Medium,0.12358443004732989,0.131857962514058,건전,0,운영 등급 — 라벨 미확정
BRD_20080100128,2024,디델리,분식,18.0,FS1,Low,0.040134190898509337,0.039858226127302866,건전,0,운영 등급 — 라벨 미확정
BRD_20080100138,2024,죠샌드위치,패스트푸드,48.0,FS2,Medium,0.10584324702589222,0.100707967132358,요주의,1,운영 등급 — 라벨 미확정
BRD_20080100157,2024,맘스터치,패스트푸드,1444.0,FS1,Low,0.01158138161683619,0.0033515611174053488,건전,0,운영 등급 — 라벨 미확정
BRD_20080100159,2024,도미노피자,피자,373.0,FS1,Low,0.01158138161683619,0.006643489317177686,건전,0,운영 등급 — 라벨 미확정
BRD_20080100162,2024,기소야,일식,26.0,FS2,Medium,0.10584324702589222,0.10377380587476649,건전,0,운영 등급 — 라벨 미확정
BRD_20080100172,2024,둘둘치킨,치킨,80.0,FS1,Low,0.03234585180001555,0.031203562065569793,건전,0,운영 등급 — 라벨 미확정
BRD_20080100180,2024,또래오래,치킨,527.0,FS1,Low,0.01158138161683619,0.0017055970175191802,건전,0,운영 등급 — 라벨 미확정
BRD_20080100190,2024,피자스쿨,피자,628.0,FS1,Low,0.040134190898509337,0.037159903919950686,건전,0,운영 등급 — 라벨 미확정
BRD_20080100201,2024,간이역,주점,349.0,FS1,Low,0.03234585180001555,0.030061272331124038,건전,0,운영 등급 — 라벨 미확정
BRD_20080100207,2024,백종원의원조쌈밥집,한식,14.0,FS2,Medium,0.10584324702589222,0.1035183193128991,요주의,1,운영 등급 — 라벨 미확정
BRD_20080100208,2024,새마을식당,한식,92.0,FS1,Low,0.03234585180001555,0.02860744903273853,건전,0,운영 등급 — 라벨 미확정
BRD_20080100209,2024,본가,한식,16.0,FS2,Medium,0.10584324702589222,0.10300734618916436,건전,0,운영 등급 — 라벨 미확정
BRD_20080100210,2024,홍콩반점0410,중식,293.0,FS1,Low,0.01158138161683619,0.003478173740473515,건전,0,운영 등급 — 라벨 미확정
BRD_20080100233,2024,용우동,분식,160.0,FS1,Low,0.01158138161683619,0.009428967024677356,건전,0,운영 등급 — 라벨 미확정
BRD_20080100239,2024,틈새라면,분식,58.0,FS1,Low,0.040134190898509337,0.03752785694822598,건전,0,운영 등급 — 라벨 미확정
BRD_20080100240,2024,봉추찜닭,한식,120.0,FS1,Low,0.01158138161683619,0.0037313989866098497,건전,0,운영 등급 — 라벨 미확정
BRD_20080100243,2024,본죽,한식,575.0,FS1,Low,0.01158138161683619,0.01398702145513136,건전,0,운영 등급 — 라벨 미확정
BRD_20080100257,2024,더카페,커피,145.0,FS2,Medium,0.10584324702589222,0.09937943701064765,건전,0,운영 등급 — 라벨 미확정
BRD_20080100259,2024,돈치킨,치킨,140.0,FS2,Medium,0.09066734525097016,0.0879356829314842,건전,0,운영 등급 — 라벨 미확정
BRD_20080100261,2024,훌랄라,치킨,298.0,FS1,Low,0.03234585180001555,0.03125548432622642,건전,0,운영 등급 — 라벨 미확정
BRD_20080100272,2024,송주불냉면앤칼국수,한식,57.0,FS2,Medium,0.10584324702589222,0.1129202247896185,요주의,1,운영 등급 — 라벨 미확정
BRD_20080100287,2024,퀴즈노스서브,패스트푸드,66.0,FS2,Medium,0.10584324702589222,0.10264966500255004,건전,0,운영 등급 — 라벨 미확정
BRD_20080100308,2024,한솥,한식,811.0,FS1,Low,0.01158138161683619,0.003098335871269014,건전,0,운영 등급 — 라벨 미확정
BRD_20080100313,2024,베스트빈,커피,14.0,FS2,Medium,0.10584324702589222,0.09830639345080466,건전,0,운영 등급 — 라벨 미확정
BRD_20080100317,2024,준코노래타운,주점,60.0,FS2,Medium,0.10584324702589222,0.09902175582403332,건전,0,운영 등급 — 라벨 미확정
BRD_20080100324,2024,북창동순두부,한식,79.0,FS1,Low,0.03234585180001555,0.030632417198346917,건전,0,운영 등급 — 라벨 미확정
BRD_20080100328,2024,죽이야기,한식,318.0,FS1,Low,0.040134190898509337,0.03875436704247697,건전,0,운영 등급 — 라벨 미확정
BRD_20080100371,2024,하코야,일식,9.0,FS2,Medium,0.15982271985071145,0.15999999999999998,요주의,3,운영 등급 — 라벨 미확정
BRD_20080100373,2024,탐앤탐스커피(TOMNTOMS COFFEE),커피,215.0,FS1,Low,0.040134190898509337,0.043721732924193485,건전,0,운영 등급 — 라벨 미확정
BRD_20080100393,2024,치킨뱅이,치킨,37.0,FS1,Low,0.03234585180001555,0.029853583288497538,건전,0,운영 등급 — 라벨 미확정
BRD_20080100396,2024,JBD 본 종로빈대떡,한식,28.0,FS1,Low,0.03234585180001555,0.029022827117991534,요주의,1,운영 등급 — 라벨 미확정
BRD_20080100397,2024,피자헛,피자,260.0,FS1,Low,0.01158138161683619,0.015759598178085695,건전,0,운영 등급 — 라벨 미확정
BRD_20080100412,2024,피자와치킨의러브레터,피자,44.0,FS2,Medium,0.12358443004732989,0.1310903151717843,건전,0,운영 등급 — 라벨 미확정
BRD_20080100430,2024,미소야,일식,180.0,FS1,Low,0.01158138161683619,0.0032249484943371806,건전,0,운영 등급 — 라벨 미확정
BRD_20080100445,2024,목우촌웰빙마을,기타 외식,29.0,FS1,Low,0.040134190898509337,0.03795713548121383,건전,0,운영 등급 — 라벨 미확정
BRD_20080100455,2024,뽕잎사랑샤브칼국수보쌈냉면,기타 외식,20.0,FS1,Low,0.03234585180001555,0.029178593899961407,건전,0,운영 등급 — 라벨 미확정
BRD_20080100473,2024,스테프핫도그(STEFF HOTDOG),패스트푸드,41.0,FS2,Medium,0.10584324702589222,0.1055622118078381,요주의,1,운영 등급 — 라벨 미확정
BRD_20080100482,2024,토프레소,커피,98.0,FS2,Medium,0.15982271985071145,0.15999999999999998,요주의,1,운영 등급 — 라벨 미확정
BRD_20080100487,2024,부어치킨,치킨,260.0,FS1,Low,0.01158138161683619,0.011707994239904358,건전,0,운영 등급 — 라벨 미확정
BRD_20080100499,2024,치킨더홈,치킨,27.0,FS2,Medium,0.15982271985071145,0.15999999999999998,요주의,2,운영 등급 — 라벨 미확정
BRD_20080100545,2024,치킨매니아,치킨,123.0,FS1,Low,0.03234585180001555,0.03525349839678656,건전,0,운영 등급 — 라벨 미확정
BRD_20080100570,2024,쌈촌,기타 외국식,31.0,FS2,Medium,0.12358443004732989,0.12887266729410457,건전,0,운영 등급 — 라벨 미확정
BRD_20080100607,2024,700비어,주점,27.0,FS2,Medium,0.10584324702589222,0.09983931282200892,건전,0,운영 등급 — 라벨 미확정
BRD_20080100635,2024,요거프레소,커피,281.0,FS1,Low,0.03234585180001555,0.031307406586883045,건전,0,운영 등급 — 라벨 미확정
BRD_20080100646,2024,앤티앤스,제과제빵,197.0,FS1,Low,0.01158138161683619,0.005503975709564184,건전,0,운영 등급 — 라벨 미확정
BRD_20080100650,2024,올떡,분식,67.0,FS2,Medium,0.09066734525097016,0.09461307971244991,건전,0,운영 등급 — 라벨 미확정
BRD_20080100655,2024,비에이치씨(BHC),치킨,2228.0,FS1,Low,0.01158138161683619,0.0013257591483146793,건전,0,운영 등급 — 라벨 미확정
BRD_20080100657,2024,춘향골남원추어탕,한식,35.0,FS1,Low,0.01158138161683619,0.010188642763086356,건전,0,운영 등급 — 라벨 미확정
BRD_20080100666,2024,석봉토스트,패스트푸드,36.0,FS3,High,0.32679523066157073,0.33071770341723156,요주의,1,운영 등급 — 라벨 미확정
BRD_20080100675,2024,호밀호두,제과제빵,56.0,FS1,Low,0.03234585180001555,0.03219008501804567,건전,0,운영 등급 — 라벨 미확정
BRD_20080100676,2024,원당감자탕,기타 외식,20.0,FS2,Medium,0.09066734525097016,0.08732864686048732,건전,0,운영 등급 — 라벨 미확정
BRD_20080100717,2024,버무리떡볶이,분식,57.0,FS1,Low,0.040134190898509337,0.04194329328752955,건전,0,운영 등급 — 라벨 미확정
BRD_20080100738,2024,엉터리생고기,기타 외식,15.0,FS3,High,0.32679523066157073,0.30050013552177096,건전,0,운영 등급 — 라벨 미확정
BRD_20080100739,2024,피자마루,피자,498.0,FS1,Low,0.01158138161683619,0.0036047863635416816,건전,0,운영 등급 — 라벨 미확정
BRD_20080200002,2024,두리아,치킨,23.0,FS1,Low,0.03234585180001555,0.02949012746390116,요주의,1,운영 등급 — 라벨 미확정
BRD_20080200005,2024,호아빈,기타 외국식,13.0,FS2,Medium,0.10584324702589222,0.11246034897825723,건전,0,운영 등급 — 라벨 미확정
BRD_20080200019,2024,투다리,주점,1292.0,FS1,Low,0.01158138161683619,0.008289453417063854,건전,0,운영 등급 — 라벨 미확정
BRD_20080200026,2024,닭이봉춘천닭갈비,기타 외식,29.0,FS1,Low,0.01158138161683619,0.012974120470586025,건전,0,운영 등급 — 라벨 미확정
BRD_20080200030,2024,굽네치킨,치킨,1154.0,FS1,Low,0.01158138161683619,0.003858011609678016,건전,0,운영 등급 — 라벨 미확정
BRD_20080200033,2024,조마루감자탕,한식,157.0,FS1,Low,0.01158138161683619,0.008162840793995688,건전,0,운영 등급 — 라벨 미확정
BRD_20080200047,2024,코리안바베큐,치킨,100.0,FS1,Low,0.01158138161683619,0.01525314768581303,건전,0,운영 등급 — 라벨 미확정
BRD_20080200049,2024,사바사바치킨&비어,치킨,4.0,FS1,Low,0.03234585180001555,0.030840106240973417,건전,0,운영 등급 — 라벨 미확정
BRD_20080200050,2024,참이맛감자탕,한식,72.0,FS1,Low,0.040134190898509337,0.03949027309902756,건전,0,운영 등급 — 라벨 미확정
BRD_20080200055,2024,명인만두,분식,87.0,FS1,Low,0.01158138161683619,0.021710391462289536,건전,0,운영 등급 — 라벨 미확정
BRD_20080200060,2024,용추골순대미궁,한식,43.0,FS1,Low,0.040134190898509337,0.04083943420270365,건전,0,운영 등급 — 라벨 미확정
BRD_20080200073,2024,불로만치킨바베큐,치킨,111.0,FS1,Low,0.03234585180001555,0.034163130922997435,건전,0,운영 등급 — 라벨 미확정
BRD_20080200075,2024,명동칼국수샤브샤브,한식,35.0,FS1,Low,0.040134190898509337,0.03740520593880088,건전,0,운영 등급 — 라벨 미확정
BRD_20080200076,2024,빚은,기타 외식,31.0,FS2,Medium,0.10584324702589222,0.10433587631087471,건전,0,운영 등급 — 라벨 미확정
BRD_20080200100,2024,배터지는생동까스,일식,78.0,FS1,Low,0.03234585180001555,0.03182662919344929,건전,0,운영 등급 — 라벨 미확정
BRD_20080200103,2024,이바돔감자탕,한식,53.0,FS1,Low,0.040134190898509337,0.0420046187922421,건전,0,운영 등급 — 라벨 미확정
BRD_20080200106,2024,처갓집양념치킨,치킨,1254.0,FS1,Low,0.01158138161683619,0.002971723248200848,건전,0,운영 등급 — 라벨 미확정
BRD_20080200109,2024,따삐오,제과제빵,29.0,FS2,Medium,0.10584324702589222,0.11031426185857128,요주의,1,운영 등급 — 라벨 미확정
BRD_20080200112,2024,씨에프숯불바베큐치킨,치킨,29.0,FS1,Low,0.01158138161683619,0.005250750463427851,건전,0,운영 등급 — 라벨 미확정
BRD_20080200132,2024,디디치킨(DD치킨),치킨,83.0,FS2,Medium,0.12358443004732989,0.11966089918681963,요주의,1,운영 등급 — 라벨 미확정
BRD_20080200150,2024,지호한방삼계탕,한식,72.0,FS1,Low,0.01158138161683619,0.0057572009557005175,건전,0,운영 등급 — 라벨 미확정
BRD_20080200188,2024,쪽갈비전문점 예감,기타 외식,38.0,FS2,Medium,0.10584324702589222,0.10535782255834421,건전,0,운영 등급 — 라벨 미확정
BRD_20080200209,2024,진이찬방,한식,89.0,FS2,Medium,0.12358443004732989,0.12759325505698166,건전,0,운영 등급 — 라벨 미확정
BRD_20080200222,2024,위드치킨,치킨,16.0,FS2,Medium,0.10584324702589222,0.10116784294371926,건전,0,운영 등급 — 라벨 미확정
BRD_20080200229,2024,신의주찹쌀순대,한식,175.0,FS1,Low,0.03234585180001555,0.03281315214592517,건전,0,운영 등급 — 라벨 미확정
BRD_20080200233,2024,송담추어탕,한식,93.0,FS1,Low,0.03234585180001555,0.03437081996562393,건전,0,운영 등급 — 라벨 미확정
BRD_20080200240,2024,뚝배기양평해장국,한식,46.0,FS1,Low,0.03234585180001555,0.03146317336885292,건전,0,운영 등급 — 라벨 미확정
BRD_20080200242,2024,청양일초,한식,25.0,FS2,Medium,0.12358443004732989,0.13066384442607665,건전,0,운영 등급 — 라벨 미확정
BRD_20080200265,2024,멘무샤,기타 외식,15.0,FS2,Medium,0.15982271985071145,0.15999999999999998,건전,0,운영 등급 — 라벨 미확정
BRD_20080200276,2024,맥시칸치킨,기타 외식,418.0,FS1,Low,0.01158138161683619,0.00487091259422335,건전,0,운영 등급 — 라벨 미확정
BRD_20080200283,2024,1인자감자탕,한식,33.0,FS2,Medium,0.09066734525097016,0.08307939436350914,건전,0,운영 등급 — 라벨 미확정
BRD_20080200287,2024,브레댄코(bread&amp;co.DAILY-NEW),제과제빵,58.0,FS1,Low,0.03234585180001555,0.02886706033602166,건전,0,운영 등급 — 라벨 미확정
BRD_20080300005,2024,장모님치킨,치킨,108.0,FS1,Low,0.01158138161683619,0.009808804893881855,건전,0,운영 등급 — 라벨 미확정
BRD_20080300010,2024,목촌사골돼지국밥,한식,27.0,FS2,Medium,0.10584324702589222,0.10244527575305613,건전,0,운영 등급 — 라벨 미확정
BRD_20080300013,2024,지코바양념치킨,치킨,743.0,FS1,Low,0.01158138161683619,0.002718498002064515,건전,0,운영 등급 — 라벨 미확정
BRD_20080300015,2024,무봤나촌닭,치킨,27.0,FS1,Low,0.03234585180001555,0.03141125110819629,건전,0,운영 등급 — 라벨 미확정
BRD_20080300019,2024,티바두마리치킨,치킨,151.0,FS2,Medium,0.10584324702589222,0.09973711819726197,요주의,1,운영 등급 — 라벨 미확정
BRD_20080300020,2024,치킨신드롬,치킨,175.0,FS1,Low,0.01158138161683619,0.010821705878427191,건전,0,운영 등급 — 라벨 미확정
BRD_20080300031,2024,가얏골감자탕,한식,33.0,FS1,Low,0.03234585180001555,0.0326573853639553,건전,0,운영 등급 — 라벨 미확정
BRD_20080400001,2024,아주커,치킨,68.0,FS1,Low,0.01158138161683619,0.008036228170927522,건전,0,운영 등급 — 라벨 미확정
BRD_20080400017,2024,조선CH.S치킨,치킨,21.0,FS2,Medium,0.09066734525097016,0.09218493542846237,건전,0,운영 등급 — 라벨 미확정
BRD_20080400023,2024,임실치즈피자,피자,18.0,FS2,Medium,0.09066734525097016,0.08429346650550291,요주의,1,운영 등급 — 라벨 미확정
BRD_20080400025,2024,다사랑,치킨,107.0,FS1,Low,0.01158138161683619,0.019811202116267034,건전,0,운영 등급 — 라벨 미확정
BRD_20080400028,2024,지정환피자,패스트푸드,59.0,FS1,Low,0.03234585180001555,0.028970904857334907,건전,0,운영 등급 — 라벨 미확정
BRD_20080400030,2024,임실N치즈피자,피자,44.0,FS1,Low,0.01158138161683619,0.01677249916263103,요주의,1,운영 등급 — 라벨 미확정
BRD_20080400035,2024,신포우리만두,분식,102.0,FS1,Low,0.01158138161683619,0.00411123685581435,건전,0,운영 등급 — 라벨 미확정
BRD_20080400039,2024,까투리,주점,154.0,FS2,Medium,0.10584324702589222,0.09943053432302112,건전,0,운영 등급 — 라벨 미확정
BRD_20080400052,2024,투사랑,주점,39.0,FS2,Medium,0.12358443004732989,0.1270814901621325,건전,0,운영 등급 — 라벨 미확정
BRD_20080500005,2024,장충동왕족발보쌈,한식,78.0,FS1,Low,0.03234585180001555,0.03509773161481669,건전,0,운영 등급 — 라벨 미확정
BRD_20080500012,2024,5.5닭갈비,한식,53.0,FS1,Low,0.03234585180001555,0.028451682250768655,건전,0,운영 등급 — 라벨 미확정
BRD_20080500015,2024,배스킨라빈스,아이스크림/빙수,1706.0,FS1,Low,0.01158138161683619,0.0022120475097918476,건전,0,운영 등급 — 라벨 미확정
BRD_20080500016,2024,던킨/던킨도너츠,제과제빵,616.0,FS1,Low,0.01158138161683619,0.0025918853789963486,건전,0,운영 등급 — 라벨 미확정
BRD_20080500019,2024,원할머니,한식,278.0,FS1,Low,0.01158138161683619,0.004491074725018851,건전,0,운영 등급 — 라벨 미확정
BRD_20080500020,2024,박가부대,한식,94.0,FS1,Low,0.01158138161683619,0.019937814739335202,건전,0,운영 등급 — 라벨 미확정
BRD_20080500029,2024,굴세상,기타 외식,49.0,FS2,Medium,0.09066734525097016,0.0849005025764998,건전,0,운영 등급 — 라벨 미확정
BRD_20080500030,2024,치킨퐁,치킨,11.0,FS2,Medium,0.10584324702589222,0.10270076231492352,건전,0,운영 등급 — 라벨 미확정
BRD_20080500031,2024,이삭토스트,분식,894.0,FS1,Low,0.01158138161683619,0.0020854348867236795,건전,0,운영 등급 — 라벨 미확정
BRD_20080500035,2024,페리카나,치킨,995.0,FS1,Low,0.01158138161683619,0.0018322096405873466,건전,0,운영 등급 — 라벨 미확정
BRD_20080500036,2024,가르텐호프앤레스트,주점,28.0,FS1,Low,0.040134190898509337,0.03918364557546482,건전,0,운영 등급 — 라벨 미확정
BRD_20080500052,2024,병천황토방순대,기타 외식,33.0,FS1,Low,0.03234585180001555,0.03208624049673242,건전,0,운영 등급 — 라벨 미확정
BRD_20080500053,2024,노걸대,한식,50.0,FS1,Low,0.03234585180001555,0.029126671639304783,건전,0,운영 등급 — 라벨 미확정
BRD_20080600001,2024,신떡,분식,21.0,FS2,Medium,0.10584324702589222,0.09922614507352721,건전,0,운영 등급 — 라벨 미확정
BRD_20080600002,2024,교촌치킨,치킨,1361.0,FS1,Low,0.01158138161683619,0.0028451106251326814,건전,0,운영 등급 — 라벨 미확정
BRD_20080600010,2024,땅땅치킨,치킨,177.0,FS2,Medium,0.10584324702589222,0.10362051393764606,요주의,1,운영 등급 — 라벨 미확정
BRD_20080600013,2024,종국이두마리치킨,치킨,31.0,FS2,Medium,0.10584324702589222,0.10029918863337019,요주의,1,운영 등급 — 라벨 미확정
BRD_20080600014,2024,호식이두마리치킨,치킨,722.0,FS1,Low,0.01158138161683619,0.020570877854676036,건전,0,운영 등급 — 라벨 미확정
BRD_20080600017,2024,계동치킨,치킨,70.0,FS1,Low,0.03234585180001555,0.033436219273804677,건전,0,운영 등급 — 라벨 미확정
BRD_20080600030,2024,핸즈커피 (HANDS COFFEE),커피,58.0,FS1,Low,0.040134190898509337,0.03654664887282519,건전,0,운영 등급 — 라벨 미확정
BRD_20090100001,2024,꾼노리,주점,7.0,FS2,Medium,0.12358443004732989,0.1282756082501139,건전,0,운영 등급 — 라벨 미확정
BRD_20090100037,2024,종로김밥,기타 외식,42.0,FS1,Low,0.03234585180001555,0.02907474937864816,건전,0,운영 등급 — 라벨 미확정
BRD_20090100067,2024,야들리애,치킨,31.0,FS1,Low,0.01158138161683619,0.020444265231607868,건전,0,운영 등급 — 라벨 미확정
BRD_20090100082,2024,오늘통닭,치킨,72.0,FS2,Medium,0.12358443004732989,0.1289579614432461,요주의,1,운영 등급 — 라벨 미확정
BRD_20090100089,2024,오구피자,피자,360.0,FS1,Low,0.03234585180001555,0.03582464326400944,건전,0,운영 등급 — 라벨 미확정
BRD_20090100099,2024,신마포갈매기,한식,54.0,FS2,Medium,0.15982271985071145,0.15642268883960656,요주의,1,운영 등급 — 라벨 미확정
BRD_20090100126,2024,스쿨푸드,분식,62.0,FS1,Low,0.03234585180001555,0.029230516160618034,건전,0,운영 등급 — 라벨 미확정
BRD_20090100151,2024,림스치킨,치킨,68.0,FS2,Medium,0.10584324702589222,0.10602208761919939,건전,0,운영 등급 — 라벨 미확정
BRD_20090100165,2024,홍짜장,중식,58.0,FS1,Low,0.040134190898509337,0.041023410716841305,건전,0,운영 등급 — 라벨 미확정
BRD_20090100195,2024,국수나무,분식,236.0,FS1,Low,0.01158138161683619,0.0176587875241082,건전,0,운영 등급 — 라벨 미확정
BRD_20090100258,2024,맛데이,치킨,6.0,FS2,Medium,0.10584324702589222,0.10316063812628479,요주의,1,운영 등급 — 라벨 미확정
BRD_20090100259,2024,육쌈냉면,한식,75.0,FS2,Medium,0.09066734525097016,0.09036382721547173,건전,0,운영 등급 — 라벨 미확정
BRD_20090100310,2024,서래갈매기,한식,14.0,FS2,Medium,0.12358443004732989,0.11693148641429076,건전,0,운영 등급 — 라벨 미확정
BRD_20090100325,2024,닐리,서양식,17.0,FS2,Medium,0.10584324702589222,0.09861297732504552,건전,0,운영 등급 — 라벨 미확정
BRD_20090100341,2024,소노야,일식,22.0,FS2,Medium,0.10584324702589222,0.10346722200052563,건전,0,운영 등급 — 라벨 미확정
BRD_20090100349,2024,우리집다음에맛있는집양평해장국,기타 외식,94.0,FS1,Low,0.01158138161683619,0.014240246701267695,건전,0,운영 등급 — 라벨 미확정
BRD_20090100355,2024,아이러브피자,피자,23.0,FS1,Low,0.03234585180001555,0.035565031960726315,건전,0,운영 등급 — 라벨 미확정
BRD_20090100360,2024,육회지존,기타 외식,17.0,FS2,Medium,0.12358443004732989,0.13219913911062414,요주의,2,운영 등급 — 라벨 미확정
BRD_20090100366,2024,돈통마늘보쌈,기타 외식,47.0,FS1,Low,0.040134190898509337,0.043599081914768384,건전,0,운영 등급 — 라벨 미확정
BRD_20090100370,2024,토대력,기타 외식,19.0,FS2,Medium,0.10584324702589222,0.10530672524597073,건전,0,운영 등급 — 라벨 미확정
BRD_20090100377,2024,코페아커피(COFFEA COFFEE),커피,5.0,FS2,Medium,0.10584324702589222,0.10459136287274208,건전,0,운영 등급 — 라벨 미확정
BRD_20090100465,2024,커핀그루나루,커피,2.0,FS3,High,0.17833399980005998,0.1867185207182943,요주의,2,운영 등급 — 라벨 미확정
BRD_20090100471,2024,치킨주막,치킨,21.0,FS2,Medium,0.10584324702589222,0.1110807215441734,건전,0,운영 등급 — 라벨 미확정
BRD_20090100478,2024,한촌설렁탕,한식,141.0,FS1,Low,0.01158138161683619,0.00841606604013202,건전,0,운영 등급 — 라벨 미확정
BRD_20090100498,2024,한신포차,한식,124.0,FS1,Low,0.01158138161683619,0.014746697193540362,건전,0,운영 등급 — 라벨 미확정
BRD_20090100499,2024,미정국수0410,분식,17.0,FS1,Low,0.03234585180001555,0.029697816506527662,건전,0,운영 등급 — 라벨 미확정
BRD_20090100502,2024,빽다방,커피,1712.0,FS1,Low,0.01158138161683619,0.0015789843944510138,건전,0,운영 등급 — 라벨 미확정
BRD_20090100504,2024,아비꼬,기타 외식,97.0,FS1,Low,0.01158138161683619,0.004617687348087017,건전,0,운영 등급 — 라벨 미확정
BRD_20090100509,2024,뽕뜨락피자,피자,50.0,FS2,Medium,0.15982271985071145,0.1526448766050456,건전,0,운영 등급 — 라벨 미확정
BRD_20090100534,2024,아리스타,커피,16.0,FS2,Medium,0.10584324702589222,0.11200047316689594,건전,0,운영 등급 — 라벨 미확정
BRD_20090100545,2024,영구스피자,피자,29.0,FS3,High,0.2689750767077569,0.24738400656044657,평가불가,0,운영 등급 — 라벨 미확정
BRD_20090100597,2024,만복집,기타 외식,85.0,FS2,Medium,0.10584324702589222,0.09912395044878027,건전,0,운영 등급 — 라벨 미확정
BRD_20090300004,2024,7번가피자,피자,191.0,FS1,Low,0.01158138161683619,0.0043644621019506835,건전,0,운영 등급 — 라벨 미확정
BRD_20090300032,2024,히노아지,일식,35.0,FS2,Medium,0.10584324702589222,0.10561330912021158,건전,0,운영 등급 — 라벨 미확정
BRD_20090300039,2024,오븐에 꾸운 닭,치킨,100.0,FS1,Low,0.03234585180001555,0.034007364141027556,건전,0,운영 등급 — 라벨 미확정
BRD_20090400025,2024,현대옥,한식,179.0,FS1,Low,0.01158138161683619,0.007023327186382187,건전,0,운영 등급 — 라벨 미확정
BRD_20090500007,2024,경아두마리치킨,치킨,40.0,FS2,Medium,0.15982271985071145,0.15963382923898334,건전,0,운영 등급 — 라벨 미확정
BRD_20090600019,2024,커피명가,커피,37.0,FS1,Low,0.03234585180001555,0.033695830577087804,건전,0,운영 등급 — 라벨 미확정
BRD_20090600054,2024,봉대박스파게티,서양식,18.0,FS2,Medium,0.10584324702589222,0.11286912747724502,건전,0,운영 등급 — 라벨 미확정
BRD_20090600075,2024,파-닭에파무쳐,치킨,13.0,FS2,Medium,0.12358443004732989,0.12750796090784014,요주의,1,운영 등급 — 라벨 미확정
BRD_20100100018,2024,콩불,한식,18.0,FS1,Low,0.040134190898509337,0.04310847787706799,건전,0,운영 등급 — 라벨 미확정
BRD_20100100052,2024,붐비어,주점,22.0,FS2,Medium,0.10584324702589222,0.10443807093562166,건전,0,운영 등급 — 라벨 미확정
BRD_20100100077,2024,죠스떡볶이,분식,138.0,FS2,Medium,0.10584324702589222,0.10898573173686092,요주의,1,운영 등급 — 라벨 미확정
BRD_20100100136,2024,피자알볼로,피자,249.0,FS1,Low,0.03234585180001555,0.03364390831643118,건전,0,운영 등급 — 라벨 미확정
BRD_20100100165,2024,토마토도시락,기타 외식,43.0,FS2,Medium,0.12358443004732989,0.13236972740890718,요주의,2,운영 등급 — 라벨 미확정
BRD_20100100175,2024,오가다,음료 (커피 외),27.0,FS2,Medium,0.12358443004732989,0.12187854706449934,건전,0,운영 등급 — 라벨 미확정
BRD_20100100210,2024,오니기리와이규동,기타 외식,35.0,FS1,Low,0.040134190898509337,0.0416366657639668,건전,0,운영 등급 — 라벨 미확정
BRD_201001002121,2024,대구반야월막창,기타 외식,95.0,FS1,Low,0.03234585180001555,0.034578509008250435,건전,0,운영 등급 — 라벨 미확정
BRD_20100100256,2024,김명자낙지마당,한식,28.0,FS1,Low,0.040134190898509337,0.03685327639638794,건전,0,운영 등급 — 라벨 미확정
BRD_20100100306,2024,꽃마름,한식,41.0,FS2,Medium,0.10584324702589222,0.1045402655603686,건전,0,운영 등급 — 라벨 미확정
BRD_20100100309,2024,앗싸곱창,한식,22.0,FS1,Low,0.040134190898509337,0.042985826867642886,건전,0,운영 등급 — 라벨 미확정
BRD_20100100323,2024,아띠몽,패스트푸드,38.0,FS2,Medium,0.09066734525097016,0.08550753864749668,요주의,1,운영 등급 — 라벨 미확정
BRD_20100100377,2024,깐부치킨,치킨,152.0,FS1,Low,0.01158138161683619,0.008795903909336522,건전,0,운영 등급 — 라벨 미확정
BRD_20100100405,2024,포메인,기타 외식,81.0,FS1,Low,0.040134190898509337,0.03783448447178873,건전,0,운영 등급 — 라벨 미확정
BRD_20100100419,2024,오봉도시락,한식,43.0,FS3,High,0.2689750767077569,0.26202202021963994,건전,0,운영 등급 — 라벨 미확정
BRD_20100100453,2024,토마토김밥,분식,103.0,FS1,Low,0.01158138161683619,0.006263651447973185,건전,0,운영 등급 — 라벨 미확정
BRD_20100100456,2024,알촌,분식,25.0,FS2,Medium,0.15982271985071145,0.15999999999999998,건전,0,운영 등급 — 라벨 미확정
BRD_20100100460,2024,피자헤븐,피자,11.0,FS2,Medium,0.12358443004732989,0.12221972366106545,요주의,3,운영 등급 — 라벨 미확정
BRD_20100100482,2024,본도시락,한식,405.0,FS1,Low,0.01158138161683619,0.007149939809450352,건전,0,운영 등급 — 라벨 미확정
BRD_20100100504,2024,꼬지사께,주점,86.0,FS2,Medium,0.12358443004732989,0.12119619387136712,요주의,1,운영 등급 — 라벨 미확정
BRD_20100100520,2024,국대떡볶이,분식,19.0,FS2,Medium,0.10584324702589222,0.10827036936363228,요주의,1,운영 등급 — 라벨 미확정
BRD_20100100554,2024,돈까스클럽,서양식,28.0,FS1,Low,0.03234585180001555,0.034422742226280556,건전,0,운영 등급 — 라벨 미확정
BRD_20100100575,2024,아그집쭈꾸미,기타 외식,14.0,FS2,Medium,0.10584324702589222,0.10990548335958347,건전,0,운영 등급 — 라벨 미확정
BRD_20100100603,2024,펀비어킹,주점,327.0,FS1,Low,0.040134190898509337,0.03728255492937579,건전,0,운영 등급 — 라벨 미확정
BRD_20100100628,2024,컬투치킨,치킨,65.0,FS2,Medium,0.10584324702589222,0.111898278542149,건전,0,운영 등급 — 라벨 미확정
BRD_20100300022,2024,등뼈家,한식,78.0,FS1,Low,0.03234585180001555,0.029438205203244534,건전,0,운영 등급 — 라벨 미확정
BRD_20100300029,2024,돈오락쪽갈비,한식,35.0,FS1,Low,0.040134190898509337,0.03666929988225029,요주의,1,운영 등급 — 라벨 미확정
BRD_20100400012,2024,미스터파파임실치즈피자,피자,9.0,FS3,High,0.17833399980005998,0.17082059793826554,요주의,2,운영 등급 — 라벨 미확정
BRD_20100500023,2024,시루향기,한식,28.0,FS1,Low,0.03234585180001555,0.03058049493769029,건전,0,운영 등급 — 라벨 미확정
BRD_20100500044,2024,화화돼지왕갈비,기타 외식,61.0,FS2,Medium,0.09066734525097016,0.08368643043450603,건전,0,운영 등급 — 라벨 미확정
BRD_20100500056,2024,청주본가,기타 외식,31.0,FS2,Medium,0.10584324702589222,0.09953272894776807,건전,0,운영 등급 — 라벨 미확정
BRD_20100600021,2024,닥엔돈스,기타 외식,116.0,FS1,Low,0.040134190898509337,0.036423997863400094,건전,0,운영 등급 — 라벨 미확정
BRD_20100600034,2024,BRD백록담,치킨,18.0,FS2,Medium,0.10584324702589222,0.09891956119928637,건전,0,운영 등급 — 라벨 미확정
BRD_20100600048,2024,하늘보리피자,피자,14.0,FS1,Low,0.040134190898509337,0.04323112888649309,건전,0,운영 등급 — 라벨 미확정
BRD_20100600055,2024,미쳐버린파닭,치킨,51.0,FS2,Medium,0.10584324702589222,0.10714622849141583,건전,0,운영 등급 — 라벨 미확정
BRD_20100600076,2024,남다른감자탕,한식,54.0,FS1,Low,0.01158138161683619,0.010568480632290857,건전,0,운영 등급 — 라벨 미확정
BRD_20110100012,2024,짚신매운갈비찜,한식,67.0,FS1,Low,0.03234585180001555,0.03483812031153356,건전,0,운영 등급 — 라벨 미확정
BRD_20110100042,2024,치르치르,치킨,7.0,FS2,Medium,0.15982271985071145,0.1569893606747907,건전,0,운영 등급 — 라벨 미확정
BRD_20110100073,2024,라떼킹(Latteking),커피,10.0,FS2,Medium,0.10584324702589222,0.1121026677916429,요주의,1,운영 등급 — 라벨 미확정
BRD_20110100100,2024,대칠성포차,주점,15.0,FS3,High,0.2689750767077569,0.2788557359277124,건전,0,운영 등급 — 라벨 미확정
BRD_20110100125,2024,커피스미스,기타 외식,29.0,FS1,Low,0.03234585180001555,0.036136176827949194,요주의,1,운영 등급 — 라벨 미확정
BRD_20110100132,2024,치킨678,기타 외식,22.0,FS2,Medium,0.12358443004732989,0.11889325184454588,건전,0,운영 등급 — 라벨 미확정
BRD_20110100154,2024,드롭탑(DROPTOP),커피,142.0,FS1,Low,0.040134190898509337,0.042311246315804844,건전,0,운영 등급 — 라벨 미확정
BRD_20110100167,2024,커피홀(coffee hole),커피,15.0,FS3,High,0.2689750767077569,0.29349374958690577,요주의,2,운영 등급 — 라벨 미확정
BRD_20110100169,2024,바베큐통족구이,한식,23.0,FS2,Medium,0.10584324702589222,0.10310954081391131,건전,0,운영 등급 — 라벨 미확정
BRD_20110100215,2024,아마떼,커피,17.0,FS2,Medium,0.12358443004732989,0.11761383960742298,건전,0,운영 등급 — 라벨 미확정
BRD_20110100216,2024,사나포차,주점,20.0,FS2,Medium,0.10584324702589222,0.10699293655429541,건전,0,운영 등급 — 라벨 미확정
BRD_20110100228,2024,아리가또맘마,기타 외국식,14.0,FS3,High,0.2689750767077569,0.2869066434402687,요주의,1,운영 등급 — 라벨 미확정
BRD_20110100237,2024,커피베이,커피,286.0,FS2,Medium,0.10584324702589222,0.09927724238590069,요주의,2,운영 등급 — 라벨 미확정
BRD_20110100278,2024,교동전선생,한식,29.0,FS1,Low,0.040134190898509337,0.04053280667914091,요주의,1,운영 등급 — 라벨 미확정
BRD_20110100299,2024,더진국,한식,61.0,FS2,Medium,0.12358443004732989,0.11633442737030007,건전,0,운영 등급 — 라벨 미확정
BRD_20110100362,2024,지지고(GGGO),분식,65.0,FS2,Medium,0.10584324702589222,0.10980328873483652,건전,0,운영 등급 — 라벨 미확정
BRD_20110100457,2024,더기발한치킨(The기발한치킨),치킨,9.0,FS2,Medium,0.12358443004732989,0.12691090186384946,건전,0,운영 등급 — 라벨 미확정
BRD_20110100484,2024,마루샤브,기타 외식,8.0,FS2,Medium,0.12358443004732989,0.12929913803981222,건전,0,운영 등급 — 라벨 미확정
BRD_20110100490,2024,맛닭꼬,치킨,130.0,FS1,Low,0.03234585180001555,0.030528572677033666,건전,0,운영 등급 — 라벨 미확정
BRD_20110100493,2024,라떼떼,커피,10.0,FS2,Medium,0.10584324702589222,0.1100587752967039,요주의,1,운영 등급 — 라벨 미확정
BRD_20110100502,2024,돈가네김치찌개,한식,39.0,FS1,Low,0.03234585180001555,0.0334881415344613,건전,0,운영 등급 — 라벨 미확정
BRD_20110100503,2024,불불이족발,기타 외식,11.0,FS2,Medium,0.12358443004732989,0.12631384281985875,건전,0,운영 등급 — 라벨 미확정
BRD_20110100524,2024,전설의치킨,치킨,52.0,FS1,Low,0.040134190898509337,0.03863171603305187,건전,0,운영 등급 — 라벨 미확정
BRD_20110100528,2024,짱닭치킨,치킨,40.0,FS1,Low,0.03234585180001555,0.03390351961971431,요주의,1,운영 등급 — 라벨 미확정
BRD_20110100532,2024,추오정,기타 외식,49.0,FS1,Low,0.040134190898509337,0.036975927405813035,건전,0,운영 등급 — 라벨 미확정
BRD_20110100535,2024,홍익돈까스,서양식,88.0,FS1,Low,0.01158138161683619,0.010695093255359025,건전,0,운영 등급 — 라벨 미확정
BRD_20110100562,2024,전설의짬뽕,중식,9.0,FS2,Medium,0.12358443004732989,0.1267403135655664,요주의,1,운영 등급 — 라벨 미확정
BRD_20110100577,2024,얌샘,분식,7.0,FS1,Low,0.040134190898509337,0.036914601901100484,건전,0,운영 등급 — 라벨 미확정
BRD_20110100578,2024,군산오징어&군오부대찌개,한식,10.0,FS3,High,0.32679523066157073,0.30602065273344164,건전,0,운영 등급 — 라벨 미확정
BRD_20110100585,2024,폼프리츠,주점,14.0,FS2,Medium,0.12358443004732989,0.12853149069753847,건전,0,운영 등급 — 라벨 미확정
BRD_20110100589,2024,어처구니없는두릉도원북촌순두부,한식,60.0,FS1,Low,0.01158138161683619,0.0191781390009262,건전,0,운영 등급 — 라벨 미확정
BRD_20110100603,2024,누구나홀딱반한닭,치킨,260.0,FS1,Low,0.01158138161683619,0.006770101940245853,건전,0,운영 등급 — 라벨 미확정
BRD_20110100608,2024,명동칼국수,기타 외식,13.0,FS2,Medium,0.15982271985071145,0.1573671418982468,건전,0,운영 등급 — 라벨 미확정
BRD_20110300014,2024,삼겹파티,한식,23.0,FS2,Medium,0.12358443004732989,0.12571678377586806,건전,0,운영 등급 — 라벨 미확정
BRD_20110300030,2024,다기야,기타 외식,15.0,FS2,Medium,0.10584324702589222,0.10224088650356224,건전,0,운영 등급 — 라벨 미확정
BRD_20110300060,2024,원조의령소바,한식,27.0,FS2,Medium,0.10584324702589222,0.10142332950558663,건전,0,운영 등급 — 라벨 미확정
BRD_20110300071,2024,더만족,한식,20.0,FS2,Medium,0.10584324702589222,0.10995658067195695,건전,0,운영 등급 — 라벨 미확정
BRD_20110300082,2024,아웃닭,치킨,57.0,FS1,Low,0.01158138161683619,0.021963616708425872,건전,0,운영 등급 — 라벨 미확정
BRD_20110400001,2024,삼백집,한식,12.0,FS2,Medium,0.10584324702589222,0.0996860208848885,건전,0,운영 등급 — 라벨 미확정
BRD_20110500019,2024,진성아구찜,한식,31.0,FS1,Low,0.01158138161683619,0.017405562277971867,건전,0,운영 등급 — 라벨 미확정
BRD_20110500023,2024,천안옛날호두과자,제과제빵,31.0,FS1,Low,0.01158138161683619,0.019304751623994365,건전,0,운영 등급 — 라벨 미확정
BRD_20110500053,2024,이비가짬뽕,중식,132.0,FS1,Low,0.01158138161683619,0.005377363086496018,건전,0,운영 등급 — 라벨 미확정
BRD_20110600008,2024,신전떡볶이,분식,671.0,FS1,Low,0.01158138161683619,0.00930235440160919,건전,0,운영 등급 — 라벨 미확정
BRD_20110600010,2024,VFC치킨파티,치킨,16.0,FS2,Medium,0.12358443004732989,0.11718736886171534,요주의,1,운영 등급 — 라벨 미확정
BRD_20110600016,2024,달구지막창,기타 외식,20.0,FS2,Medium,0.15982271985071145,0.15566712639269437,건전,0,운영 등급 — 라벨 미확정
BRD_20110600022,2024,파스타부오노바,서양식,11.0,FS2,Medium,0.10584324702589222,0.10413148706138081,건전,0,운영 등급 — 라벨 미확정
BRD_20110600026,2024,서가앤쿡,서양식,43.0,FS2,Medium,0.10584324702589222,0.09994150744675587,건전,0,운영 등급 — 라벨 미확정
BRD_20110600030,2024,신참떡볶이,분식,97.0,FS3,High,0.17833399980005998,0.18584740166185437,요주의,1,운영 등급 — 라벨 미확정
BRD_20120100007,2024,담소 소사골 순대 육개장,기타 외식,97.0,FS1,Low,0.03234585180001555,0.031047795283599917,건전,0,운영 등급 — 라벨 미확정
BRD_20120100023,2024,청와삼대,한식,21.0,FS2,Medium,0.10584324702589222,0.10106564831897231,건전,0,운영 등급 — 라벨 미확정
BRD_20120100060,2024,생어거스틴,기타 외국식,12.0,FS2,Medium,0.12358443004732989,0.12230501781020697,건전,0,운영 등급 — 라벨 미확정
BRD_20120100089,2024,바빈스,커피,48.0,FS2,Medium,0.09066734525097016,0.09339900757045615,건전,0,운영 등급 — 라벨 미확정
BRD_20120100090,2024,홍대돈부리,일식,14.0,FS1,Low,0.040134190898509337,0.04047148117442836,건전,0,운영 등급 — 라벨 미확정
BRD_20120100160,2024,또봉이통닭,치킨,462.0,FS1,Low,0.01158138161683619,0.014493471947404028,요주의,1,운영 등급 — 라벨 미확정
BRD_20120100250,2024,육봉달,기타 외식,2.0,FS3,High,0.17833399980005998,0.17691843133334506,요주의,2,운영 등급 — 라벨 미확정
BRD_20120100251,2024,킹콩부대찌개,한식,112.0,FS1,Low,0.01158138161683619,0.01322734571672236,건전,0,운영 등급 — 라벨 미확정
BRD_20120100261,2024,팔색삼겹살,한식,0.0,FS2,Medium,0.10584324702589222,0.11174498660502857,평가불가,0,운영 등급 — 라벨 미확정
BRD_20120100267,2024,육장갈비,기타 외식,49.0,FS2,Medium,0.10584324702589222,0.1067885473048015,건전,0,운영 등급 — 라벨 미확정
BRD_20120100323,2024,손문대구막창갈매기살,한식,14.0,FS2,Medium,0.10584324702589222,0.10096345369422537,건전,0,운영 등급 — 라벨 미확정
BRD_20120100339,2024,사쿠사쿠,치킨,23.0,FS2,Medium,0.10584324702589222,0.11113181885654687,요주의,1,운영 등급 — 라벨 미확정
BRD_20120100352,2024,역전우동0410,분식,218.0,FS1,Low,0.01158138161683619,0.006516876694109519,건전,0,운영 등급 — 라벨 미확정
BRD_20120100362,2024,북촌손만두,기타 외식,142.0,FS1,Low,0.03234585180001555,0.03255354084264205,건전,0,운영 등급 — 라벨 미확정
BRD_20120100376,2024,옛날장터치킨,치킨,22.0,FS2,Medium,0.15982271985071145,0.15245598599331758,요주의,1,운영 등급 — 라벨 미확정
BRD_20120100380,2024,홍탕,중식,54.0,FS2,Medium,0.12358443004732989,0.12699619601299098,건전,0,운영 등급 — 라벨 미확정
BRD_20120100399,2024,디오니스,주점,15.0,FS1,Low,0.01158138161683619,0.021837004085357704,건전,0,운영 등급 — 라벨 미확정
BRD_20120100400,2024,알바트로스,주점,10.0,FS2,Medium,0.10584324702589222,0.10847475861312618,건전,0,운영 등급 — 라벨 미확정
BRD_20120100412,2024,빨라쪼 델 프레도,아이스크림/빙수,15.0,FS1,Low,0.03234585180001555,0.03566887648203956,건전,0,운영 등급 — 라벨 미확정
BRD_20120100422,2024,통파이브,주점,17.0,FS2,Medium,0.10584324702589222,0.11230705704113679,요주의,1,운영 등급 — 라벨 미확정
BRD_20120100447,2024,카페아이엠티,커피,10.0,FS2,Medium,0.10584324702589222,0.11082523498230602,건전,0,운영 등급 — 라벨 미확정
BRD_20120100504,2024,셀렉토커피,커피,121.0,FS2,Medium,0.12358443004732989,0.1321138449614826,요주의,2,운영 등급 — 라벨 미확정
BRD_20120100525,2024,호치킨,치킨,112.0,FS1,Low,0.03234585180001555,0.03551310970006969,건전,0,운영 등급 — 라벨 미확정
BRD_20120100526,2024,공수간,분식,9.0,FS3,High,0.32679523066157073,0.31851445484406476,요주의,2,운영 등급 — 라벨 미확정
BRD_20120100533,2024,가장맛있는족발,한식,384.0,FS1,Low,0.040134190898509337,0.03777315896707618,건전,0,운영 등급 — 라벨 미확정
BRD_20120100560,2024,도스마스,기타 외국식,33.0,FS2,Medium,0.12358443004732989,0.1308344327243597,건전,0,운영 등급 — 라벨 미확정
BRD_20120100563,2024,코코샤브,기타 외식,4.0,FS2,Medium,0.10584324702589222,0.10566440643258505,건전,0,운영 등급 — 라벨 미확정
BRD_20120100570,2024,미스터보쌈5379,한식,15.0,FS3,High,0.32679523066157073,0.34146818430311654,요주의,1,운영 등급 — 라벨 미확정
BRD_20120100595,2024,못말리는파닭,치킨,23.0,FS2,Medium,0.15982271985071145,0.1590671574037992,요주의,1,운영 등급 — 라벨 미확정
BRD_20120100604,2024,코코호도,제과제빵,167.0,FS2,Medium,0.10584324702589222,0.10387600049951344,건전,0,운영 등급 — 라벨 미확정
BRD_20120100629,2024,봉이치킨,치킨,50.0,FS2,Medium,0.09066734525097016,0.09400604364145303,요주의,1,운영 등급 — 라벨 미확정
BRD_20120100631,2024,경성양꼬치,기타 외국식,25.0,FS2,Medium,0.10584324702589222,0.10791268817701795,건전,0,운영 등급 — 라벨 미확정
BRD_20120100651,2024,가마로강정,치킨,128.0,FS1,Low,0.03234585180001555,0.03322853023117818,건전,0,운영 등급 — 라벨 미확정
BRD_20120100672,2024,한스(HANS),제과제빵,40.0,FS1,Low,0.01158138161683619,0.016645886539562865,건전,0,운영 등급 — 라벨 미확정
BRD_20120100694,2024,육대장,기타 외식,139.0,FS1,Low,0.03234585180001555,0.0322420072787023,건전,0,운영 등급 — 라벨 미확정
BRD_20120300012,2024,더웨이닝커피,커피,42.0,FS1,Low,0.03234585180001555,0.029334360681931286,건전,0,운영 등급 — 라벨 미확정
BRD_20120300030,2024,로띠번,제과제빵,95.0,FS1,Low,0.03234585180001555,0.03109971754425654,건전,0,운영 등급 — 라벨 미확정
BRD_20120300066,2024,화르화르,치킨,27.0,FS2,Medium,0.09066734525097016,0.08854271900248109,건전,0,운영 등급 — 라벨 미확정
BRD_20120300082,2024,압구정 봉구비어,주점,182.0,FS2,Medium,0.10584324702589222,0.10924121829872831,건전,0,운영 등급 — 라벨 미확정
BRD_20120300101,2024,칠칠켄터키,치킨,12.0,FS2,Medium,0.10584324702589222,0.11235815435351026,건전,0,운영 등급 — 라벨 미확정
BRD_20120400012,2024,난타5000피자,피자,86.0,FS1,Low,0.03234585180001555,0.032138162757389045,건전,0,운영 등급 — 라벨 미확정
BRD_20120500005,2024,디에떼에스프레소,커피,33.0,FS1,Low,0.03234585180001555,0.030995873022943293,건전,0,운영 등급 — 라벨 미확정
BRD_20120500045,2024,샤브쌈주머니,한식,30.0,FS2,Medium,0.12358443004732989,0.11727266301085687,건전,0,운영 등급 — 라벨 미확정
BRD_20120500057,2024,정가대박집,한식,25.0,FS2,Medium,0.10584324702589222,0.098664074637419,건전,0,운영 등급 — 라벨 미확정
BRD_20120600009,2024,피자스쿨,피자,324.0,FS1,Low,0.01158138161683619,0.005883813578768685,건전,0,운영 등급 — 라벨 미확정
BRD_20120600029,2024,빨봉분식,기타 외식,31.0,FS2,Medium,0.12358443004732989,0.12324325345076377,건전,0,운영 등급 — 라벨 미확정
BRD_20130012,2024,라라코스트(raracost),기타 외식,90.0,FS1,Low,0.01158138161683619,0.013353958339790526,건전,0,운영 등급 — 라벨 미확정
BRD_20130015,2024,아마스빈,커피,106.0,FS2,Medium,0.12358443004732989,0.12912854974152915,요주의,2,운영 등급 — 라벨 미확정
BRD_20130100004,2024,봉구스밥버거,기타 외식,473.0,FS1,Low,0.01158138161683619,0.007783002924791187,건전,0,운영 등급 — 라벨 미확정
BRD_20130100040,2024,스시웨이,일식,6.0,FS2,Medium,0.10584324702589222,0.10724842311616278,건전,0,운영 등급 — 라벨 미확정
BRD_20130100052,2024,공차,음료 (커피 외),836.0,FS1,Low,0.01158138161683619,0.006010426201836851,건전,0,운영 등급 — 라벨 미확정
BRD_20130100056,2024,하남돼지집,한식,150.0,FS1,Low,0.01158138161683619,0.009049129155472856,건전,0,운영 등급 — 라벨 미확정
BRD_20130100064,2024,미쓰족발,기타 외식,13.0,FS2,Medium,0.10584324702589222,0.11205157047926942,건전,0,운영 등급 — 라벨 미확정
BRD_20130100076,2024,한방전주콩나물국밥,한식,27.0,FS2,Medium,0.10584324702589222,0.10709513117904236,건전,0,운영 등급 — 라벨 미확정
BRD_20130100132,2024,국사랑,한식,20.0,FS3,High,0.2689750767077569,0.2905661468550671,요주의,1,운영 등급 — 라벨 미확정
BRD_20130100171,2024,한남동그집,주점,59.0,FS2,Medium,0.15982271985071145,0.15056707987603712,요주의,1,운영 등급 — 라벨 미확정
BRD_20130100180,2024,뉴욕버거,기타 외식,161.0,FS1,Low,0.040134190898509337,0.04335377989591819,건전,0,운영 등급 — 라벨 미확정
BRD_20130100197,2024,맛나감자탕,한식,70.0,FS1,Low,0.01158138161683619,0.01044186800922269,건전,0,운영 등급 — 라벨 미확정
BRD_20130100213,2024,무한사케무사,주점,0.0,FS2,Medium,0.12358443004732989,0.11607854492287549,평가불가,0,운영 등급 — 라벨 미확정
BRD_20130100223,2024,메콩타이,기타 외국식,26.0,FS1,Low,0.03234585180001555,0.03530542065744319,건전,0,운영 등급 — 라벨 미확정
BRD_20130100233,2024,나능이,한식,46.0,FS2,Medium,0.12358443004732989,0.11906384014282895,건전,0,운영 등급 — 라벨 미확정
BRD_20130100234,2024,곱창이야기,한식,20.0,FS3,High,0.17833399980005998,0.17626509204101512,요주의,2,운영 등급 — 라벨 미확정
BRD_20130100244,2024,청담이상,주점,54.0,FS2,Medium,0.10584324702589222,0.11102962423179992,건전,0,운영 등급 — 라벨 미확정
BRD_20130100263,2024,구이구이쪽갈비,한식,39.0,FS1,Low,0.03234585180001555,0.03592848778532269,건전,0,운영 등급 — 라벨 미확정
BRD_20130100283,2024,불닭발땡초동대문엽기떡볶이,기타 외식,650.0,FS1,Low,0.01158138161683619,0.002338660132860014,건전,0,운영 등급 — 라벨 미확정
BRD_20130100291,2024,본가집안동국밥곰탕,한식,33.0,FS2,Medium,0.10584324702589222,0.102751859627297,건전,0,운영 등급 — 라벨 미확정
BRD_20130100320,2024,쿡1015,기타 외식,33.0,FS3,High,0.17833399980005998,0.17582953251279515,요주의,2,운영 등급 — 라벨 미확정
BRD_20130100343,2024,부산아지매국밥,한식,69.0,FS2,Medium,0.12358443004732989,0.12452266568788668,건전,0,운영 등급 — 라벨 미확정
BRD_20130100350,2024,찰스숯불김밥,분식,5.0,FS2,Medium,0.10584324702589222,0.11051865110806518,평가불가,0,운영 등급 — 라벨 미확정
BRD_20130100358,2024,버거킹(Burger King),패스트푸드,132.0,FS1,Low,0.01158138161683619,0.005124137840359684,건전,0,운영 등급 — 라벨 미확정
BRD_20130100376,2024,맛찬들왕소금구이,한식,84.0,FS2,Medium,0.10584324702589222,0.09881736657453942,건전,0,운영 등급 — 라벨 미확정
BRD_20130100381,2024,알통떡강정,치킨,123.0,FS2,Medium,0.10584324702589222,0.10612428224394634,건전,0,운영 등급 — 라벨 미확정
BRD_20130100408,2024,오춘자비어,주점,19.0,FS2,Medium,0.10584324702589222,0.10888353711211397,건전,0,운영 등급 — 라벨 미확정
BRD_20130100409,2024,깨순이김밥,기타 외식,15.0,FS3,High,0.2689750767077569,0.29715325300170414,건전,0,운영 등급 — 라벨 미확정
BRD_20130100417,2024,본초불닭발,한식,27.0,FS3,High,0.17833399980005998,0.17735399086156503,건전,0,운영 등급 — 라벨 미확정
BRD_20130100431,2024,그램그램,기타 외식,22.0,FS3,High,0.17833399980005998,0.17866066944622494,건전,0,운영 등급 — 라벨 미확정
BRD_20130100434,2024,일미리금계찜닭,한식,125.0,FS2,Medium,0.10584324702589222,0.11062084573281213,건전,0,운영 등급 — 라벨 미확정
BRD_20130100463,2024,킹오브떡볶이,분식,6.0,FS2,Medium,0.12358443004732989,0.12094031142394254,요주의,2,운영 등급 — 라벨 미확정
BRD_20130100465,2024,바푸리,분식,23.0,FS2,Medium,0.12358443004732989,0.119234428441112,건전,0,운영 등급 — 라벨 미확정
BRD_20130123,2024,쌀통닭,치킨,77.0,FS1,Low,0.040134190898509337,0.04396703494304368,건전,0,운영 등급 — 라벨 미확정
BRD_20130139,2024,빌리엔젤,커피,18.0,FS2,Medium,0.12358443004732989,0.11650501566858312,건전,0,운영 등급 — 라벨 미확정
BRD_20130155,2024,이화수전통육개장,한식,157.0,FS2,Medium,0.10584324702589222,0.10239417844068266,건전,0,운영 등급 — 라벨 미확정
BRD_20130176,2024,노랑통닭,치킨,751.0,FS1,Low,0.01158138161683619,0.013607183585926861,건전,0,운영 등급 — 라벨 미확정
BRD_20130181,2024,포베이,기타 외식,32.0,FS1,Low,0.03234585180001555,0.03193047371476255,건전,0,운영 등급 — 라벨 미확정
BRD_20130184,2024,쿠우쿠우,일식,89.0,FS1,Low,0.040134190898509337,0.04402836044775623,건전,0,운영 등급 — 라벨 미확정
BRD_20130227,2024,청담동말자싸롱,기타 외식,83.0,FS2,Medium,0.10584324702589222,0.11332900328860629,건전,0,운영 등급 — 라벨 미확정
BRD_20130245,2024,전주남문조춘자토종피순대국,한식,28.0,FS1,Low,0.040134190898509337,0.036362672358687544,건전,0,운영 등급 — 라벨 미확정
BRD_20130247,2024,이웃집소녀떡볶이,분식,16.0,FS2,Medium,0.15982271985071145,0.15999999999999998,요주의,3,운영 등급 — 라벨 미확정
BRD_20130249,2024,설빙,아이스크림/빙수,576.0,FS1,Low,0.01158138161683619,0.006390264071041352,건전,0,운영 등급 — 라벨 미확정
BRD_20130258,2024,오떡,분식,16.0,FS2,Medium,0.10584324702589222,0.11021206723382432,건전,0,운영 등급 — 라벨 미확정
BRD_20130261,2024,김영희강남동태찜,한식,35.0,FS1,Low,0.03234585180001555,0.03374775283774443,건전,0,운영 등급 — 라벨 미확정
BRD_20130325,2024,인생극장,한식,99.0,FS3,High,0.2689750767077569,0.24665210587748687,요주의,1,운영 등급 — 라벨 미확정
BRD_20130347,2024,달인의찜닭,기타 외식,46.0,FS1,Low,0.040134190898509337,0.04145268924982915,건전,0,운영 등급 — 라벨 미확정
BRD_20130399,2024,올리앤(Ollien),서양식,31.0,FS1,Low,0.03234585180001555,0.03250161858198543,건전,0,운영 등급 — 라벨 미확정
BRD_20130400,2024,누리마을감자탕,한식,57.0,FS2,Medium,0.10584324702589222,0.10689074192954845,평가불가,0,운영 등급 — 라벨 미확정
BRD_20130417,2024,땡초우동,주점,23.0,FS3,High,0.17833399980005998,0.18214514567198467,요주의,1,운영 등급 — 라벨 미확정
BRD_20130438,2024,박군치킨,치킨,65.0,FS2,Medium,0.12358443004732989,0.12588737207415113,건전,0,운영 등급 — 라벨 미확정
BRD_20130452,2024,유가네,한식,201.0,FS1,Low,0.01158138161683619,0.011328156370699857,건전,0,운영 등급 — 라벨 미확정
BRD_20130482,2024,한가네숯불닭갈비,한식,35.0,FS1,Low,0.040134190898509337,0.04016485365086561,건전,0,운영 등급 — 라벨 미확정
BRD_20130505,2024,오븐마루,치킨,149.0,FS1,Low,0.03234585180001555,0.03463043126890706,요주의,1,운영 등급 — 라벨 미확정
BRD_20130538,2024,썬더치킨,치킨,132.0,FS2,Medium,0.12358443004732989,0.12725207846041556,요주의,1,운영 등급 — 라벨 미확정
BRD_20140058,2024,바르다김선생,분식,104.0,FS1,Low,0.040134190898509337,0.03660797437753774,건전,0,운영 등급 — 라벨 미확정
BRD_20140093,2024,수유리우동집,분식,107.0,FS1,Low,0.040134190898509337,0.03630134685397499,건전,0,운영 등급 — 라벨 미확정
BRD_20140100,2024,신통치킨,치킨,141.0,FS2,Medium,0.10584324702589222,0.1047446548098625,건전,0,운영 등급 — 라벨 미확정
BRD_20140157,2024,만족오향족발,한식,56.0,FS2,Medium,0.15982271985071145,0.15321154844022977,요주의,1,운영 등급 — 라벨 미확정
BRD_20140160,2024,은화수식당,기타 외식,53.0,FS1,Low,0.03234585180001555,0.03291699666723843,요주의,1,운영 등급 — 라벨 미확정
BRD_20140164,2024,나드리김밥,기타 외식,57.0,FS2,Medium,0.10584324702589222,0.10336502737577868,요주의,1,운영 등급 — 라벨 미확정
BRD_20140171,2024,원조전통명가 통큰할매순대국,한식,14.0,FS2,Medium,0.12358443004732989,0.1276785492061232,건전,0,운영 등급 — 라벨 미확정
BRD_20140188,2024,그린브라우니(green brownie),제과제빵,21.0,FS1,Low,0.040134190898509337,0.03679195089167539,요주의,1,운영 등급 — 라벨 미확정
BRD_20140203,2024,아마스빈코리아,음료 (커피 외),60.0,FS2,Medium,0.10584324702589222,0.10356941662527258,건전,0,운영 등급 — 라벨 미확정
BRD_20140218,2024,계림원누릉지통닭구이,치킨,49.0,FS1,Low,0.03234585180001555,0.029645894245871034,건전,0,운영 등급 — 라벨 미확정
BRD_20140220,2024,개미집,한식,26.0,FS2,Medium,0.10584324702589222,0.10786159086464447,건전,0,운영 등급 — 라벨 미확정
BRD_20140262,2024,신불떡볶이,분식,32.0,FS3,High,0.32679523066157073,0.31880500838152115,건전,0,운영 등급 — 라벨 미확정
BRD_20140288,2024,스트릿츄러스,제과제빵,68.0,FS2,Medium,0.10584324702589222,0.10193430262932139,건전,0,운영 등급 — 라벨 미확정
BRD_20140398,2024,슈퍼커피,커피,10.0,FS3,High,0.32679523066157073,0.3202577760688029,요주의,2,운영 등급 — 라벨 미확정
BRD_20140399,2024,로봇김밥,분식,3.0,FS2,Medium,0.12358443004732989,0.12025795823081033,요주의,1,운영 등급 — 라벨 미확정
BRD_20140400,2024,본래순대,한식,51.0,FS3,High,0.32679523066157073,0.30311511735887814,건전,0,운영 등급 — 라벨 미확정
BRD_20140422,2024,홍익궁중전통육개장,한식,33.0,FS1,Low,0.040134190898509337,0.038447739518914226,건전,0,운영 등급 — 라벨 미확정
BRD_20140465,2024,명동찌개마을,기타 외식,46.0,FS2,Medium,0.10584324702589222,0.11000767798433042,건전,0,운영 등급 — 라벨 미확정
BRD_20140475,2024,자담치킨,치킨,708.0,FS1,Low,0.01158138161683619,0.004237849478882517,건전,0,운영 등급 — 라벨 미확정
BRD_20140495,2024,돌배기집,한식,9.0,FS2,Medium,0.10584324702589222,0.10929231561110178,요주의,2,운영 등급 — 라벨 미확정
BRD_20140558,2024,육풍,한식,19.0,FS3,High,0.17833399980005998,0.18345182425664455,건전,0,운영 등급 — 라벨 미확정
BRD_20140588,2024,짬뽕10101,중식,29.0,FS2,Medium,0.10584324702589222,0.10622647686869328,건전,0,운영 등급 — 라벨 미확정
BRD_20140589,2024,교동짬뽕,중식,19.0,FS2,Medium,0.10584324702589222,0.10479575212223599,건전,0,운영 등급 — 라벨 미확정
BRD_20140594,2024,충만치킨,치킨,70.0,FS2,Medium,0.12358443004732989,0.11957560503767811,요주의,1,운영 등급 — 라벨 미확정
BRD_20140599,2024,마시그래이,커피,48.0,FS2,Medium,0.12358443004732989,0.12964031463637832,요주의,1,운영 등급 — 라벨 미확정
BRD_20140624,2024,도야족발보쌈,한식,98.0,FS1,Low,0.03234585180001555,0.035149653875473315,건전,0,운영 등급 — 라벨 미확정
BRD_20140647,2024,두거리우신탕,한식,30.0,FS1,Low,0.040134190898509337,0.04274052484879269,건전,0,운영 등급 — 라벨 미확정
BRD_20140651,2024,투존치킨,치킨,19.0,FS2,Medium,0.12358443004732989,0.1248638422844528,요주의,3,운영 등급 — 라벨 미확정
BRD_20140689,2024,천하제일족발,한식,0.0,FS2,Medium,0.12358443004732989,0.12307266515248072,평가불가,0,운영 등급 — 라벨 미확정
BRD_20140694,2024,정정아식당,기타 외식,25.0,FS1,Low,0.040134190898509337,0.04182064227810445,건전,0,운영 등급 — 라벨 미확정
BRD_20140706,2024,코리엔탈깻잎두마리치킨,치킨,131.0,FS2,Medium,0.15982271985071145,0.15999999999999998,요주의,2,운영 등급 — 라벨 미확정
BRD_20140722,2024,더벤티,커피,1230.0,FS1,Low,0.01158138161683619,0.007656390301723021,건전,0,운영 등급 — 라벨 미확정
BRD_20140725,2024,매머드커피(Mammoth coffee),커피,21.0,FS2,Medium,0.10584324702589222,0.10663525536768108,요주의,2,운영 등급 — 라벨 미확정
BRD_20140726,2024,리얼펍,주점,82.0,FS2,Medium,0.10584324702589222,0.11220486241638984,건전,0,운영 등급 — 라벨 미확정
BRD_20140747,2024,빅스타피자(Bigstar Pizza),피자,114.0,FS1,Low,0.040134190898509337,0.04329245439120564,요주의,1,운영 등급 — 라벨 미확정
BRD_20140752,2024,대구우야지막창,기타 외식,20.0,FS1,Low,0.040134190898509337,0.04206594429695465,건전,0,운영 등급 — 라벨 미확정
BRD_20140759,2024,88켄터키치킨&떡볶이,치킨,44.0,FS2,Medium,0.10584324702589222,0.10505123868410336,건전,0,운영 등급 — 라벨 미확정
BRD_20140773,2024,반포식스,기타 외국식,30.0,FS1,Low,0.03234585180001555,0.034111208662340804,요주의,1,운영 등급 — 라벨 미확정
BRD_20140782,2024,모로미,주점,18.0,FS2,Medium,0.12358443004732989,0.11667560396686617,요주의,1,운영 등급 — 라벨 미확정
BRD_20140920,2024,옥탑방오봉자싸롱,주점,16.0,FS3,High,0.2689750767077569,0.268609126366277,요주의,2,운영 등급 — 라벨 미확정
BRD_20140942,2024,짝태&노가리,주점,69.0,FS3,High,0.2689750767077569,0.27519623251291403,건전,0,운영 등급 — 라벨 미확정
BRD_20140971,2024,존슨켄터키,치킨,15.0,FS1,Low,0.03234585180001555,0.03504580935416006,건전,0,운영 등급 — 라벨 미확정
BRD_20140974,2024,미술관,주점,9.0,FS3,High,0.32679523066157073,0.33304213171688235,요주의,2,운영 등급 — 라벨 미확정
BRD_20141003,2024,장수본가해장국,한식,30.0,FS1,Low,0.040134190898509337,0.037711833462363634,건전,0,운영 등급 — 라벨 미확정
BRD_20141019,2024,반올림피자,피자,365.0,FS1,Low,0.01158138161683619,0.0061370388249050185,건전,0,운영 등급 — 라벨 미확정
BRD_20141047,2024,쏭스클럽핫도그,기타 외식,26.0,FS2,Medium,0.10584324702589222,0.10765720161515058,요주의,1,운영 등급 — 라벨 미확정
BRD_20141063,2024,생활맥주,주점,179.0,FS2,Medium,0.10584324702589222,0.10418258437375429,건전,0,운영 등급 — 라벨 미확정
BRD_20141065,2024,부엉이돈가스,기타 외식,25.0,FS1,Low,0.03234585180001555,0.03561695422138294,건전,0,운영 등급 — 라벨 미확정
BRD_20141066,2024,불스떡볶이,분식,34.0,FS2,Medium,0.15982271985071145,0.15999999999999998,요주의,3,운영 등급 — 라벨 미확정
BRD_20141116,2024,안동본가국밥,한식,19.0,FS2,Medium,0.12358443004732989,0.12511972473187738,건전,0,운영 등급 — 라벨 미확정
BRD_20141134,2024,라무진,기타 외식,123.0,FS1,Low,0.040134190898509337,0.03673062538696284,요주의,1,운영 등급 — 라벨 미확정
BRD_20141157,2024,아이벗 치킨,치킨,28.0,FS2,Medium,0.09066734525097016,0.08914975507347797,건전,0,운영 등급 — 라벨 미확정
BRD_20141179,2024,소담촌,기타 외식,108.0,FS1,Low,0.040134190898509337,0.037098578415238136,건전,0,운영 등급 — 라벨 미확정
BRD_20141217,2024,순곱이네,기타 외식,21.0,FS2,Medium,0.12358443004732989,0.11659030981772465,요주의,1,운영 등급 — 라벨 미확정
BRD_20141221,2024,본죽&비빔밥,한식,1150.0,FS1,Low,0.01158138161683619,0.016519273916494697,건전,0,운영 등급 — 라벨 미확정
BRD_20141250,2024,컴포즈커피(COMPOSE COFFEE),커피,2649.0,FS1,Low,0.01158138161683619,0.01246766997831336,건전,0,운영 등급 — 라벨 미확정
BRD_20141293,2024,크레이저커피(C.Razer Coffee),커피,29.0,FS3,High,0.2689750767077569,0.266413424317398,건전,0,운영 등급 — 라벨 미확정
BRD_20150031,2024,브라운돈까스,기타 외식,74.0,FS2,Medium,0.10584324702589222,0.10065686981998452,건전,0,운영 등급 — 라벨 미확정
BRD_20150050,2024,대독장,한식,1.0,FS2,Medium,0.15982271985071145,0.1545337827223261,요주의,2,운영 등급 — 라벨 미확정
BRD_20150052,2024,빵장수단팥빵,제과제빵,42.0,FS2,Medium,0.10584324702589222,0.0982552961384312,건전,0,운영 등급 — 라벨 미확정
BRD_20150062,2024,매스커피,음료 (커피 외),37.0,FS2,Medium,0.10584324702589222,0.10745281236565668,건전,0,운영 등급 — 라벨 미확정
BRD_20150064,2024,김진철동래통닭,치킨,7.0,FS3,High,0.32679523066157073,0.3118317234825687,요주의,1,운영 등급 — 라벨 미확정
BRD_20150065,2024,타코비,기타 외식,84.0,FS2,Medium,0.10584324702589222,0.10111674563134579,요주의,1,운영 등급 — 라벨 미확정
BRD_20150085,2024,못난이꽈배기,제과제빵,117.0,FS2,Medium,0.10584324702589222,0.09876626926216595,건전,0,운영 등급 — 라벨 미확정
BRD_20150087,2024,선굼터,기타 외식,19.0,FS3,High,0.17833399980005998,0.18454072307719446,건전,0,운영 등급 — 라벨 미확정
BRD_20150098,2024,곤지암할매소머리국밥,한식,194.0,FS1,Low,0.040134190898509337,0.04286317585821779,건전,0,운영 등급 — 라벨 미확정
BRD_20150119,2024,화포식당,기타 외식,35.0,FS1,Low,0.040134190898509337,0.03912232007075227,건전,0,운영 등급 — 라벨 미확정
BRD_20150133,2024,크래프트한스(Craft Han&#39;s),주점,24.0,FS2,Medium,0.12358443004732989,0.12162266461707476,건전,0,운영 등급 — 라벨 미확정
BRD_20150146,2024,걸작떡볶이치킨,분식,79.0,FS2,Medium,0.15982271985071145,0.15999999999999998,요주의,1,운영 등급 — 라벨 미확정
BRD_20150164,2024,응급실국물떡볶이,분식,148.0,FS2,Medium,0.12358443004732989,0.12341384174904683,건전,0,운영 등급 — 라벨 미확정
BRD_20150166,2024,그라찌에,기타 외식,29.0,FS2,Medium,0.15982271985071145,0.15868937618034312,건전,0,운영 등급 — 라벨 미확정
BRD_20150189,2024,카페봄봄,커피,414.0,FS1,Low,0.01158138161683619,0.012214444732177025,건전,0,운영 등급 — 라벨 미확정
BRD_20150218,2024,푸라닭,치킨,715.0,FS1,Low,0.01158138161683619,0.007529777678654853,건전,0,운영 등급 — 라벨 미확정
BRD_20150253,2024,카페게이트,커피,146.0,FS1,Low,0.03234585180001555,0.02928243842127466,건전,0,운영 등급 — 라벨 미확정
BRD_20150273,2024,쉐프의부대찌개,기타 외식,20.0,FS2,Medium,0.12358443004732989,0.13032266782951055,평가불가,0,운영 등급 — 라벨 미확정
BRD_20150315,2024,피자애,피자,30.0,FS2,Medium,0.09066734525097016,0.0982552961384312,건전,0,운영 등급 — 라벨 미확정
BRD_20150339,2024,산카이 이자카야,일식,22.0,FS2,Medium,0.15982271985071145,0.15113375171122126,요주의,1,운영 등급 — 라벨 미확정
BRD_20150343,2024,왕빈자전통주막,주점,20.0,FS2,Medium,0.12358443004732989,0.12111089972222559,건전,0,운영 등급 — 라벨 미확정
BRD_20150356,2024,순남시래기,기타 외식,34.0,FS2,Medium,0.10584324702589222,0.11194937585452247,건전,0,운영 등급 — 라벨 미확정
BRD_20150404,2024,에슬로우커피 (ESLOW COFFEE),커피,25.0,FS1,Low,0.03234585180001555,0.03452658674759381,건전,0,운영 등급 — 라벨 미확정
BRD_20150407,2024,오투닭갈비&부대찌개,한식,35.0,FS1,Low,0.01158138161683619,0.012341057355245193,건전,0,운영 등급 — 라벨 미확정
BRD_20150426,2024,백스비어,주점,69.0,FS1,Low,0.03234585180001555,0.03587656552466607,건전,0,운영 등급 — 라벨 미확정
BRD_20150449,2024,유가네한우곰탕,한식,65.0,FS2,Medium,0.15982271985071145,0.15999999999999998,건전,0,운영 등급 — 라벨 미확정
BRD_20150473,2024,밥맛나는세상,한식,24.0,FS2,Medium,0.10584324702589222,0.10643086611818718,건전,0,운영 등급 — 라벨 미확정
BRD_20150477,2024,철인7호,치킨,36.0,FS3,High,0.32679523066157073,0.3086356345705488,요주의,2,운영 등급 — 라벨 미확정
BRD_20150487,2024,만나고쪽갈비가,한식,17.0,FS3,High,0.17833399980005998,0.18323404449253458,요주의,1,운영 등급 — 라벨 미확정
BRD_20150488,2024,개성집,기타 외식,16.0,FS2,Medium,0.12358443004732989,0.12972560878551984,요주의,1,운영 등급 — 라벨 미확정
BRD_20150519,2024,놀부옛날통닭,치킨,2.0,FS2,Medium,0.12358443004732989,0.12580207792500958,요주의,3,운영 등급 — 라벨 미확정
BRD_20150522,2024,리김밥,분식,28.0,FS1,Low,0.03234585180001555,0.031878551454105925,건전,0,운영 등급 — 라벨 미확정
BRD_20150530,2024,카페보니또,커피,15.0,FS2,Medium,0.12358443004732989,0.11795501620398909,요주의,1,운영 등급 — 라벨 미확정
BRD_20150553,2024,밥장인,한식,26.0,FS2,Medium,0.10584324702589222,0.11240925166588375,건전,0,운영 등급 — 라벨 미확정
BRD_20150573,2024,모미락,기타 외식,31.0,FS1,Low,0.03234585180001555,0.03198239597541917,건전,0,운영 등급 — 라벨 미확정
BRD_20150624,2024,콩심,기타 외식,79.0,FS1,Low,0.040134190898509337,0.03807978649063893,건전,0,운영 등급 — 라벨 미확정
BRD_20150650,2024,마미쿡,패스트푸드,13.0,FS2,Medium,0.10584324702589222,0.11118291616892034,건전,0,운영 등급 — 라벨 미확정
BRD_20150700,2024,청년다방,분식,352.0,FS1,Low,0.040134190898509337,0.039551598603740114,건전,0,운영 등급 — 라벨 미확정
BRD_20150706,2024,김양비어,주점,5.0,FS3,High,0.32679523066157073,0.3469887015147872,요주의,2,운영 등급 — 라벨 미확정
BRD_20150722,2024,종로맥가,기타 외식,41.0,FS2,Medium,0.09066734525097016,0.09279197149945925,건전,0,운영 등급 — 라벨 미확정
BRD_20150724,2024,오부장치킨,치킨,29.0,FS1,Low,0.040134190898509337,0.039674249613165215,건전,0,운영 등급 — 라벨 미확정
BRD_20150732,2024,예향정,한식,42.0,FS2,Medium,0.10584324702589222,0.10627757418106676,건전,0,운영 등급 — 라벨 미확정
BRD_20150749,2024,동네포차주민,주점,39.0,FS2,Medium,0.10584324702589222,0.1108763322946795,건전,0,운영 등급 — 라벨 미확정
BRD_20150785,2024,본설렁탕,한식,39.0,FS2,Medium,0.12358443004732989,0.11804031035313062,건전,0,운영 등급 — 라벨 미확정
BRD_20150790,2024,자연임실치즈피자,피자,45.0,FS1,Low,0.01158138161683619,0.0195579768701307,건전,0,운영 등급 — 라벨 미확정
BRD_20150811,2024,디저트39,커피,504.0,FS1,Low,0.01158138161683619,0.015506372931949362,요주의,1,운영 등급 — 라벨 미확정
BRD_20150828,2024,샐러디,기타 외식,333.0,FS1,Low,0.01158138161683619,0.001958822263655513,건전,0,운영 등급 — 라벨 미확정
BRD_20150845,2024,산쪼메,기타 외식,29.0,FS2,Medium,0.15982271985071145,0.15283376721677366,건전,0,운영 등급 — 라벨 미확정
BRD_20150909,2024,대독장,한식,9.0,FS2,Medium,0.12358443004732989,0.12946972633809525,건전,0,운영 등급 — 라벨 미확정
BRD_20150930,2024,바른치킨,치킨,185.0,FS2,Medium,0.10584324702589222,0.1017299133798275,요주의,1,운영 등급 — 라벨 미확정
BRD_20150931,2024,육미명가옛날아우내순대&보쌈,기타 외식,52.0,FS2,Medium,0.10584324702589222,0.10305844350153784,건전,0,운영 등급 — 라벨 미확정
BRD_20150939,2024,홍춘천,한식,61.0,FS2,Medium,0.10584324702589222,0.10796378548939142,요주의,1,운영 등급 — 라벨 미확정
BRD_20150982,2024,노량진의 전설 미스사이공(miss420),기타 외국식,88.0,FS1,Low,0.040134190898509337,0.04065545768856601,건전,0,운영 등급 — 라벨 미확정
BRD_20150989,2024,아딸,분식,18.0,FS3,High,0.32679523066157073,0.3051489921210726,요주의,1,운영 등급 — 라벨 미확정
BRD_20151007,2024,동경야시장,주점,2.0,FS2,Medium,0.15982271985071145,0.15999999999999998,요주의,2,운영 등급 — 라벨 미확정
BRD_20151018,2024,복고다방,커피,50.0,FS2,Medium,0.12358443004732989,0.11582266247545091,건전,0,운영 등급 — 라벨 미확정
BRD_20151034,2024,3883 팔도실비집,주점,14.0,FS3,High,0.2689750767077569,0.2861747427573091,요주의,1,운영 등급 — 라벨 미확정
BRD_20151039,2024,60계,치킨,665.0,FS1,Low,0.03234585180001555,0.02938628294258791,건전,0,운영 등급 — 라벨 미확정
BRD_20151089,2024,떼루와,커피,10.0,FS3,High,0.32679523066157073,0.29817570722212017,요주의,2,운영 등급 — 라벨 미확정
BRD_20151153,2024,송촌꼬마김밥,한식,36.0,FS2,Medium,0.10584324702589222,0.10254747037780308,건전,0,운영 등급 — 라벨 미확정
BRD_20151155,2024,쥬씨(JUICY),음료 (커피 외),175.0,FS2,Medium,0.12358443004732989,0.12059913482737643,건전,0,운영 등급 — 라벨 미확정
BRD_20151176,2024,빙달,아이스크림/빙수,35.0,FS2,Medium,0.12358443004732989,0.11624913322115854,건전,0,운영 등급 — 라벨 미확정
BRD_20151193,2024,아빠곰탕,한식,5.0,FS3,High,0.17833399980005998,0.17604731227690512,요주의,2,운영 등급 — 라벨 미확정
BRD_20151202,2024,THE LITER (더리터),커피,416.0,FS1,Low,0.01158138161683619,0.014366859324335861,건전,0,운영 등급 — 라벨 미확정
BRD_20151210,2024,깐깐한족발,기타 외식,29.0,FS1,Low,0.01158138161683619,0.012594282601381526,건전,0,운영 등급 — 라벨 미확정
BRD_20151211,2024,청자다방,커피,124.0,FS1,Low,0.040134190898509337,0.03722122942466324,건전,0,운영 등급 — 라벨 미확정
BRD_20151217,2024,싸움의고수,기타 외식,67.0,FS3,High,0.2689750767077569,0.27666003387883337,요주의,1,운영 등급 — 라벨 미확정
BRD_20151228,2024,막창도둑,기타 외식,99.0,FS1,Low,0.01158138161683619,0.018165238016380866,건전,0,운영 등급 — 라벨 미확정
BRD_20151263,2024,포차어게인,주점,9.0,FS2,Medium,0.12358443004732989,0.12034325237995185,건전,0,운영 등급 — 라벨 미확정
BRD_20151265,2024,바우네나주곰탕,한식,105.0,FS2,Medium,0.10584324702589222,0.10280295693967047,요주의,1,운영 등급 — 라벨 미확정
BRD_20151284,2024,101번지 남산돈까스,기타 외식,42.0,FS1,Low,0.01158138161683619,0.013480570962858693,건전,0,운영 등급 — 라벨 미확정
BRD_20151296,2024,백채,한식,191.0,FS1,Low,0.01158138161683619,0.010315255386154524,건전,0,운영 등급 — 라벨 미확정
BRD_20160030,2024,수철이네왕새우튀김,분식,10.0,FS2,Medium,0.12358443004732989,0.12938443218895374,건전,0,운영 등급 — 라벨 미확정
BRD_20160063,2024,엉터리생고기 두번째이야기 무한삼겹,기타 외식,25.0,FS3,High,0.17833399980005998,0.1843229433130845,건전,0,운영 등급 — 라벨 미확정
BRD_20160097,2024,램플러스,기타 외국식,6.0,FS3,High,0.32679523066157073,0.3254877397430172,요주의,1,운영 등급 — 라벨 미확정
BRD_20160116,2024,만랩커피,커피,84.0,FS3,High,0.17833399980005998,0.1817095861437647,요주의,1,운영 등급 — 라벨 미확정
BRD_20160124,2024,설동궁찜닭,한식,184.0,FS1,Low,0.040134190898509337,0.04212726980166719,요주의,1,운영 등급 — 라벨 미확정
BRD_20160150,2024,숯불에닭,한식,66.0,FS2,Medium,0.10584324702589222,0.10178101069220097,건전,0,운영 등급 — 라벨 미확정
BRD_20160153,2024,오복미역,한식,22.0,FS3,High,0.2689750767077569,0.26494962295147867,요주의,1,운영 등급 — 라벨 미확정
BRD_20160173,2024,조선의 옛날통닭,치킨,23.0,FS2,Medium,0.12358443004732989,0.11974619333596116,건전,0,운영 등급 — 라벨 미확정
BRD_20160195,2024,내가찜한닭,한식,24.0,FS1,Low,0.01158138161683619,0.014999922439676697,요주의,1,운영 등급 — 라벨 미확정
BRD_20160217,2024,어머나생고기,한식,0.0,FS3,High,0.32679523066157073,0.3312988104921442,요주의,1,운영 등급 — 라벨 미확정
BRD_20160303,2024,엑스오엑스오핫도그앤커피,기타 외식,56.0,FS2,Medium,0.10584324702589222,0.10832146667600576,건전,0,운영 등급 — 라벨 미확정
BRD_20160311,2024,바다양푼이동태탕찜,기타 외식,334.0,FS1,Low,0.03234585180001555,0.03405928640168418,건전,0,운영 등급 — 라벨 미확정
BRD_20160327,2024,석관동떡볶이,기타 외식,16.0,FS2,Medium,0.10584324702589222,0.11133620810604078,건전,0,운영 등급 — 라벨 미확정
BRD_20160329,2024,불막열삼,한식,118.0,FS2,Medium,0.10584324702589222,0.11016096992145084,건전,0,운영 등급 — 라벨 미확정
BRD_20160331,2024,장혁민의 부대찌개,기타 외식,27.0,FS1,Low,0.03234585180001555,0.03618809908860582,건전,0,운영 등급 — 라벨 미확정
BRD_20160392,2024,베트남노상식당,기타 외국식,40.0,FS3,High,0.2689750767077569,0.2949575509528251,요주의,1,운영 등급 — 라벨 미확정
BRD_20160395,2024,배부장찌개,한식,58.0,FS2,Medium,0.15982271985071145,0.1517004235464054,평가불가,0,운영 등급 — 라벨 미확정
BRD_20160414,2024,샤이바나,서양식,11.0,FS2,Medium,0.12358443004732989,0.12281678270505614,요주의,3,운영 등급 — 라벨 미확정
BRD_20160451,2024,하루엔소쿠,일식,94.0,FS2,Medium,0.10584324702589222,0.10132113488083969,건전,0,운영 등급 — 라벨 미확정
BRD_20160452,2024,쉐프삼촌,한식,16.0,FS2,Medium,0.10584324702589222,0.11123401348129382,건전,0,운영 등급 — 라벨 미확정
BRD_20160464,2024,혜화동 돈까스극장,기타 외식,76.0,FS2,Medium,0.10584324702589222,0.11225595972876332,건전,0,운영 등급 — 라벨 미확정
BRD_20160469,2024,뿅가야채곱창,기타 외식,75.0,FS3,High,0.17833399980005998,0.1701672586459356,요주의,1,운영 등급 — 라벨 미확정
BRD_20160478,2024,툴스돈카츠,기타 외식,12.0,FS2,Medium,0.12358443004732989,0.12435207738960363,평가불가,0,운영 등급 — 라벨 미확정
BRD_20160481,2024,징기스,기타 외식,33.0,FS2,Medium,0.12358443004732989,0.11573736832630938,요주의,1,운영 등급 — 라벨 미확정
BRD_20160493,2024,하우돈곱창,기타 외식,24.0,FS1,Low,0.01158138161683619,0.019431364247062533,건전,0,운영 등급 — 라벨 미확정
BRD_20160517,2024,계경순대국,한식,19.0,FS2,Medium,0.10584324702589222,0.10484684943460947,요주의,1,운영 등급 — 라벨 미확정
BRD_20160521,2024,심봉사도로케,제과제빵,50.0,FS3,High,0.2689750767077569,0.24445640382860787,건전,0,운영 등급 — 라벨 미확정
BRD_20160531,2024,맛나슈퍼,주점,3.0,FS3,High,0.17833399980005998,0.17299839557936536,건전,0,운영 등급 — 라벨 미확정
BRD_20160534,2024,킹콩쥬스엔커피,음료 (커피 외),13.0,FS3,High,0.2689750767077569,0.2415288010967692,요주의,2,운영 등급 — 라벨 미확정
BRD_20160546,2024,잭아저씨족발&보쌈,기타 외식,24.0,FS2,Medium,0.10584324702589222,0.1102631645461978,건전,0,운영 등급 — 라벨 미확정
BRD_20160549,2024,노랑강정,기타 외식,43.0,FS2,Medium,0.12358443004732989,0.12921384389067067,요주의,2,운영 등급 — 라벨 미확정
BRD_20160553,2024,헬로베트남 쌀국수,기타 외국식,8.0,FS2,Medium,0.09066734525097016,0.08975679114447485,건전,0,운영 등급 — 라벨 미확정
BRD_20160571,2024,경성주막1929,주점,10.0,FS3,High,0.17833399980005998,0.1788784492103349,요주의,2,운영 등급 — 라벨 미확정
BRD_20160575,2024,도쿄스테이크,기타 외식,4.0,FS3,High,0.32679523066157073,0.3022434567465091,요주의,2,운영 등급 — 라벨 미확정
BRD_20160577,2024,커피코트,커피,5.0,FS3,High,0.2689750767077569,0.24811590724340624,요주의,2,운영 등급 — 라벨 미확정
BRD_20160600,2024,주식회사포차천국,주점,132.0,FS2,Medium,0.10584324702589222,0.10167881606745402,건전,0,운영 등급 — 라벨 미확정
BRD_20160621,2024,홍대개미,기타 외식,30.0,FS1,Low,0.040134190898509337,0.041146061726266406,건전,0,운영 등급 — 라벨 미확정
BRD_20160628,2024,메가엠지씨커피(MEGA MGC COFFEE),커피,3325.0,FS1,Low,0.040134190898509337,0.03814111199535148,건전,0,운영 등급 — 라벨 미확정
BRD_20160666,2024,한마음정육식당,한식,137.0,FS1,Low,0.01158138161683619,0.009555579647745522,건전,0,운영 등급 — 라벨 미확정
BRD_20160683,2024,토고리 옛날막창,한식,23.0,FS1,Low,0.040134190898509337,0.04059413218385346,건전,0,운영 등급 — 라벨 미확정
BRD_20160690,2024,김밥일번지,분식,37.0,FS1,Low,0.03234585180001555,0.0320343182360758,요주의,1,운영 등급 — 라벨 미확정
BRD_20160713,2024,79대포,주점,126.0,FS2,Medium,0.10584324702589222,0.10341612468815216,건전,0,운영 등급 — 라벨 미확정
BRD_20160714,2024,안심치킨,치킨,7.0,FS3,High,0.17833399980005998,0.1727806158152554,요주의,1,운영 등급 — 라벨 미확정
BRD_20160718,2024,네오피자,피자,48.0,FS2,Medium,0.10584324702589222,0.10821927205125881,건전,0,운영 등급 — 라벨 미확정
BRD_20160737,2024,스탠딩스테이크,서양식,6.0,FS3,High,0.17833399980005998,0.18366960402075455,요주의,2,운영 등급 — 라벨 미확정
BRD_20160760,2024,천사곱창,한식,25.0,FS3,High,0.2689750767077569,0.2488478079263659,건전,0,운영 등급 — 라벨 미확정
BRD_20160771,2024,샤브보트,한식,47.0,FS2,Medium,0.12358443004732989,0.11684619226514924,평가불가,0,운영 등급 — 라벨 미확정
BRD_20160773,2024,족발야시장,기타 외식,219.0,FS1,Low,0.03234585180001555,0.0316189401508228,건전,0,운영 등급 — 라벨 미확정
BRD_20160785,2024,완산골명가,한식,24.0,FS2,Medium,0.12358443004732989,0.13194325666319956,건전,0,운영 등급 — 라벨 미확정
BRD_20160798,2024,가마치통닭,치킨,788.0,FS1,Low,0.03234585180001555,0.03296891892789505,건전,0,운영 등급 — 라벨 미확정
BRD_20160803,2024,뉴욕야시장,주점,76.0,FS2,Medium,0.10584324702589222,0.11302241941436544,요주의,1,운영 등급 — 라벨 미확정
BRD_20160807,2024,파스토보이(pastoboy),서양식,37.0,FS2,Medium,0.12358443004732989,0.13057855027693513,건전,0,운영 등급 — 라벨 미확정
BRD_20160811,2024,베러먼데이,커피,136.0,FS2,Medium,0.10584324702589222,0.10213869187881529,건전,0,운영 등급 — 라벨 미확정
BRD_20160835,2024,얌샘김밥,분식,226.0,FS1,Low,0.01158138161683619,0.0047442999711551845,건전,0,운영 등급 — 라벨 미확정
BRD_20160858,2024,두찜,한식,603.0,FS1,Low,0.01158138161683619,0.0011991465252465128,건전,0,운영 등급 — 라벨 미확정
BRD_20160884,2024,마왕족발,기타 외식,231.0,FS1,Low,0.01158138161683619,0.00563058833263235,건전,0,운영 등급 — 라벨 미확정
BRD_20160892,2024,만년닭강정,치킨,32.0,FS2,Medium,0.12358443004732989,0.11897854599368742,건전,0,운영 등급 — 라벨 미확정
BRD_20160907,2024,아리랑수제핫도그,제과제빵,14.0,FS2,Medium,0.12358443004732989,0.12622854867071723,건전,0,운영 등급 — 라벨 미확정
BRD_20160924,2024,강창구찹쌀진순대,한식,46.0,FS1,Low,0.01158138161683619,0.01006203014001819,건전,0,운영 등급 — 라벨 미확정
BRD_20160973,2024,카페051(cafe051),커피,226.0,FS1,Low,0.01158138161683619,0.0014523717713828474,건전,0,운영 등급 — 라벨 미확정
BRD_20161030,2024,노군꼬치,기타 외식,99.0,FS1,Low,0.040134190898509337,0.04347643090534328,요주의,1,운영 등급 — 라벨 미확정
BRD_20161076,2024,투고샐러드 (TOGOSALAD),기타 외식,27.0,FS2,Medium,0.10584324702589222,0.11317571135148587,건전,0,운영 등급 — 라벨 미확정
BRD_20161120,2024,호수꼬치,한식,12.0,FS2,Medium,0.15982271985071145,0.15132264232294929,요주의,2,운영 등급 — 라벨 미확정
BRD_20161124,2024,파주닭국수,한식,28.0,FS2,Medium,0.10584324702589222,0.10816817473888533,요주의,1,운영 등급 — 라벨 미확정
BRD_20161125,2024,고반식당,기타 외식,93.0,FS2,Medium,0.12358443004732989,0.1263991369690003,건전,0,운영 등급 — 라벨 미확정
BRD_20161129,2024,뜨돈(DD'DON),서양식,43.0,FS2,Medium,0.12358443004732989,0.11983148748510268,건전,0,운영 등급 — 라벨 미확정
BRD_20161137,2024,명랑시대쌀핫도그,제과제빵,480.0,FS1,Low,0.03234585180001555,0.03156701789016617,요주의,1,운영 등급 — 라벨 미확정
BRD_20161139,2024,2도맥주 (2°C BEER),주점,39.0,FS1,Low,0.040134190898509337,0.042372571820517395,건전,0,운영 등급 — 라벨 미확정
BRD_20161159,2024,매머드익스프레스(Mammoth Express),커피,742.0,FS1,Low,0.01158138161683619,0.007403165055586686,건전,0,운영 등급 — 라벨 미확정
BRD_20161160,2024,수내닭꼬치,기타 외식,69.0,FS3,High,0.32679523066157073,0.3429209519903983,요주의,2,운영 등급 — 라벨 미확정
BRD_20161169,2024,강순자옛맛김치찌개,한식,54.0,FS1,Low,0.01158138161683619,0.015886210801153863,건전,0,운영 등급 — 라벨 미확정
BRD_20161178,2024,리틀하노이(LittleHANOI),기타 외국식,25.0,FS3,High,0.32679523066157073,0.3283932751175807,건전,0,운영 등급 — 라벨 미확정
BRD_20161181,2024,블럭제빵소,제과제빵,29.0,FS3,High,0.32679523066157073,0.3400154166158348,요주의,1,운영 등급 — 라벨 미확정
BRD_20161185,2024,하노이별,기타 외국식,32.0,FS2,Medium,0.10584324702589222,0.10249637306542961,건전,0,운영 등급 — 라벨 미확정
BRD_20161188,2024,이태리부대찌개,한식,42.0,FS1,Low,0.01158138161683619,0.004997525217291517,건전,0,운영 등급 — 라벨 미확정
BRD_20161199,2024,동근이숯불두마리치킨,치킨,172.0,FS1,Low,0.01158138161683619,0.016899111785699198,건전,0,운영 등급 — 라벨 미확정
BRD_20161207,2024,커피온리,커피,13.0,FS3,High,0.32679523066157073,0.34263039845294196,요주의,2,운영 등급 — 라벨 미확정
BRD_20161219,2024,역전할머니맥주1982,주점,963.0,FS1,Low,0.03234585180001555,0.030320883634407166,건전,0,운영 등급 — 라벨 미확정
BRD_20161227,2024,굿맘할매순대국&양선지해장국,한식,35.0,FS2,Medium,0.10584324702589222,0.11215376510401637,건전,0,운영 등급 — 라벨 미확정
BRD_20161261,2024,황금코다리,한식,137.0,FS1,Low,0.01158138161683619,0.018924913754789864,건전,0,운영 등급 — 라벨 미확정
BRD_20161275,2024,한옥마을,한식,51.0,FS2,Medium,0.10584324702589222,0.11056974842043865,건전,0,운영 등급 — 라벨 미확정
BRD_20161278,2024,팔팔핫도그,패스트푸드,5.0,FS2,Medium,0.15982271985071145,0.15999999999999998,건전,0,운영 등급 — 라벨 미확정
BRD_20161308,2024,버거앤프라이즈(Burger&Friez),기타 외식,38.0,FS3,High,0.32679523066157073,0.3423398449154856,건전,0,운영 등급 — 라벨 미확정
BRD_20161309,2024,브라보치킨피자,치킨,1.0,FS2,Medium,0.12358443004732989,0.12597266622329265,건전,0,운영 등급 — 라벨 미확정
BRD_20170014,2024,맘스케익,제과제빵,35.0,FS2,Medium,0.10584324702589222,0.10806598011413839,요주의,1,운영 등급 — 라벨 미확정
BRD_20170126,2024,미카도스시,일식,78.0,FS1,Low,0.03234585180001555,0.030113194591780662,건전,0,운영 등급 — 라벨 미확정
BRD_20170127,2024,치킨플러스,치킨,279.0,FS1,Low,0.01158138161683619,0.009935417516950023,건전,0,운영 등급 — 라벨 미확정
BRD_20170132,2024,바푸리pho베트남쌀국수,기타 외식,2.0,FS2,Medium,0.12358443004732989,0.1233285475999053,요주의,3,운영 등급 — 라벨 미확정
BRD_20170139,2024,용호동낙지,기타 외식,37.0,FS2,Medium,0.10584324702589222,0.11092742960705297,건전,0,운영 등급 — 라벨 미확정
BRD_20170147,2024,마성떡볶이,분식,31.0,FS2,Medium,0.15982271985071145,0.1509448610994932,건전,0,운영 등급 — 라벨 미확정
BRD_20170182,2024,79네수육국밥,기타 외식,36.0,FS1,Low,0.01158138161683619,0.013733796208995027,건전,0,운영 등급 — 라벨 미확정
BRD_20170185,2024,제주스,음료 (커피 외),39.0,FS1,Low,0.03234585180001555,0.03338429701314805,건전,0,운영 등급 — 라벨 미확정
BRD_20170214,2024,청춘감성쌀핫도그,기타 외식,33.0,FS2,Medium,0.10584324702589222,0.10331393006340521,건전,0,운영 등급 — 라벨 미확정
BRD_20170227,2024,오르새피자,피자,33.0,FS3,High,0.17833399980005998,0.18301626472842458,요주의,2,운영 등급 — 라벨 미확정
BRD_20170243,2024,비어첸,주점,15.0,FS2,Medium,0.12358443004732989,0.11855207524797978,평가불가,0,운영 등급 — 라벨 미확정
BRD_20170265,2024,마린보이 코다리1번가,한식,33.0,FS2,Medium,0.15982271985071145,0.15999999999999998,평가불가,0,운영 등급 — 라벨 미확정
BRD_20170274,2024,길동우동,기타 외식,93.0,FS2,Medium,0.10584324702589222,0.09840858807555163,건전,0,운영 등급 — 라벨 미확정
BRD_20170305,2024,꽃찬찜닭,기타 외식,4.0,FS3,High,0.32679523066157073,0.3371098812412713,요주의,2,운영 등급 — 라벨 미확정
BRD_20170316,2024,Emoi(에머이),기타 외국식,28.0,FS2,Medium,0.12358443004732989,0.13160208006663343,건전,0,운영 등급 — 라벨 미확정
BRD_20170332,2024,김영희아구찜&코다리냉면,기타 외식,48.0,FS2,Medium,0.10584324702589222,0.11159169466790815,건전,0,운영 등급 — 라벨 미확정
BRD_20170356,2024,보돌미역,기타 외식,50.0,FS1,Low,0.03234585180001555,0.03078818398031679,건전,0,운영 등급 — 라벨 미확정
BRD_20170357,2024,어벤더치커피,커피,32.0,FS3,High,0.2689750767077569,0.26348582158555933,요주의,2,운영 등급 — 라벨 미확정
BRD_20170358,2024,33떡볶이,기타 외식,183.0,FS1,Low,0.01158138161683619,0.018545075885585367,건전,0,운영 등급 — 라벨 미확정
BRD_20170368,2024,백남옥달인손만두,기타 외식,63.0,FS2,Medium,0.10584324702589222,0.10637976880581371,건전,0,운영 등급 — 라벨 미확정
BRD_20170380,2024,가마솥순대국밥,한식,58.0,FS2,Medium,0.10584324702589222,0.10075906444473147,건전,0,운영 등급 — 라벨 미확정
BRD_20170439,2024,후라이드 참 잘하는집,치킨,280.0,FS1,Low,0.040134190898509337,0.043047152372355436,건전,0,운영 등급 — 라벨 미확정
BRD_20170446,2024,스파게티스토리,기타 외식,36.0,FS1,Low,0.040134190898509337,0.04133003824040405,건전,0,운영 등급 — 라벨 미확정
BRD_20170451,2024,선비꼬마김밥,분식,248.0,FS1,Low,0.03234585180001555,0.030165116852437286,건전,0,운영 등급 — 라벨 미확정
BRD_20170454,2024,감탄떡볶이,분식,182.0,FS1,Low,0.03234585180001555,0.0324496963213288,건전,0,운영 등급 — 라벨 미확정
BRD_20170468,2024,쌀똑핫도그,제과제빵,15.0,FS3,High,0.32679523066157073,0.33362323879179506,요주의,2,운영 등급 — 라벨 미확정
BRD_20170511,2024,오마뎅,분식,81.0,FS2,Medium,0.10584324702589222,0.09978821550963544,건전,0,운영 등급 — 라벨 미확정
BRD_20170517,2024,쑝쑝돈까스,서양식,131.0,FS1,Low,0.040134190898509337,0.040900759707416204,건전,0,운영 등급 — 라벨 미확정
BRD_20170519,2024,국제통닭,치킨,56.0,FS1,Low,0.03234585180001555,0.033124685709864925,건전,0,운영 등급 — 라벨 미확정
BRD_20170520,2024,에이바우트커피,커피,53.0,FS1,Low,0.03234585180001555,0.03089202850163004,건전,0,운영 등급 — 라벨 미확정
BRD_20170534,2024,본초맘죽,한식,33.0,FS2,Medium,0.12358443004732989,0.1279344316535478,요주의,1,운영 등급 — 라벨 미확정
BRD_20170547,2024,엑스오엑스오푸드카페,기타 외식,275.0,FS2,Medium,0.10584324702589222,0.10939451023584873,건전,0,운영 등급 — 라벨 미확정
BRD_20170549,2024,맛있는 오칠구,기타 외식,5.0,FS2,Medium,0.15982271985071145,0.15717825128651874,건전,0,운영 등급 — 라벨 미확정
BRD_20170559,2024,행컵,기타 외식,33.0,FS2,Medium,0.10584324702589222,0.11041645648331823,건전,0,운영 등급 — 라벨 미확정
BRD_20170560,2024,이춘봉치킨,치킨,71.0,FS3,High,0.17833399980005998,0.18388738378486452,요주의,1,운영 등급 — 라벨 미확정
BRD_20170565,2024,우거지품은순대국,한식,13.0,FS2,Medium,0.09066734525097016,0.08611457471849356,건전,0,운영 등급 — 라벨 미확정
BRD_20170579,2024,우주라이크(WOULDULIKE),커피,60.0,FS3,High,0.32679523066157073,0.3176427942316957,요주의,1,운영 등급 — 라벨 미확정
BRD_20170626,2024,진1926,기타 외식,39.0,FS3,High,0.17833399980005998,0.17038503841004557,요주의,1,운영 등급 — 라벨 미확정
BRD_20170699,2024,내담해물찜탕,한식,23.0,FS2,Medium,0.10584324702589222,0.10469355749748903,건전,0,운영 등급 — 라벨 미확정
BRD_20170703,2024,행복가마솥밥&알솥밥,한식,21.0,FS2,Medium,0.12358443004732989,0.12213442951192392,평가불가,0,운영 등급 — 라벨 미확정
BRD_20170705,2024,별법동태탕왕해물찜,한식,16.0,FS2,Medium,0.10584324702589222,0.11261364091537765,건전,0,운영 등급 — 라벨 미확정
BRD_20170711,2024,착한쭝식,중식,12.0,FS3,High,0.2689750767077569,0.24299260246268853,요주의,2,운영 등급 — 라벨 미확정
BRD_20170726,2024,라화쿵부,중식,96.0,FS1,Low,0.03234585180001555,0.031722784672136045,건전,0,운영 등급 — 라벨 미확정
BRD_20170765,2024,비엔나커피하우스,커피,17.0,FS3,High,0.17833399980005998,0.17974956826677485,요주의,2,운영 등급 — 라벨 미확정
BRD_20170774,2024,싸다김밥,분식,97.0,FS1,Low,0.03234585180001555,0.02850360451142528,건전,0,운영 등급 — 라벨 미확정
BRD_20170813,2024,해초과메기,기타 외식,24.0,FS2,Medium,0.10584324702589222,0.10188320531694792,건전,0,운영 등급 — 라벨 미확정
BRD_20170818,2024,고집센그집갈비탕,한식,71.0,FS1,Low,0.03234585180001555,0.03520157613612994,건전,0,운영 등급 — 라벨 미확정
BRD_20170826,2024,마마쿡(MAMA COOK),한식,33.0,FS2,Medium,0.10584324702589222,0.10162771875508055,건전,0,운영 등급 — 라벨 미확정
BRD_20170828,2024,리얼안심탕수육,기타 외식,41.0,FS2,Medium,0.15982271985071145,0.15999999999999998,요주의,1,운영 등급 — 라벨 미확정
BRD_20170833,2024,빵사부식빵공방,제과제빵,10.0,FS3,High,0.17833399980005998,0.18236292543609464,건전,0,운영 등급 — 라벨 미확정
BRD_20170850,2024,꿀스커피GGUL'S COFFEE,커피,10.0,FS3,High,0.2689750767077569,0.27958763661067204,요주의,2,운영 등급 — 라벨 미확정
BRD_20170854,2024,갈통삼,한식,1.0,FS3,High,0.17833399980005998,0.17321617534347536,요주의,2,운영 등급 — 라벨 미확정
BRD_20170868,2024,DDC치킨,치킨,10.0,FS3,High,0.17833399980005998,0.17822510991800497,건전,0,운영 등급 — 라벨 미확정
BRD_20170900,2024,웅이네 오돌뼈,기타 외식,70.0,FS2,Medium,0.15982271985071145,0.15680047006306264,건전,0,운영 등급 — 라벨 미확정
BRD_20170915,2024,화로상회,기타 외식,60.0,FS1,Low,0.03234585180001555,0.03478619805087694,건전,0,운영 등급 — 라벨 미확정
BRD_20170922,2024,풍국면,기타 외식,43.0,FS1,Low,0.01158138161683619,0.020950715723880534,건전,0,운영 등급 — 라벨 미확정
BRD_20170925,2024,브라더한정식도시락,한식,65.0,FS1,Low,0.040134190898509337,0.041881967782817,건전,0,운영 등급 — 라벨 미확정
BRD_20170957,2024,우리동네서민한우,한식,0.0,FS2,Medium,0.12358443004732989,0.11616383907201702,평가불가,0,운영 등급 — 라벨 미확정
BRD_20170998,2024,유로코피자(EUROKO PIZZA),피자,63.0,FS2,Medium,0.15982271985071145,0.15999999999999998,요주의,2,운영 등급 — 라벨 미확정
BRD_20171018,2024,직화삼겹살직구삼,한식,9.0,FS3,High,0.32679523066157073,0.3304271498797752,요주의,2,운영 등급 — 라벨 미확정
BRD_20171051,2024,"오늘,와인한잔",주점,51.0,FS3,High,0.32679523066157073,0.3379815418536403,요주의,2,운영 등급 — 라벨 미확정
BRD_20171067,2024,남다른대구막창,한식,15.0,FS2,Medium,0.10584324702589222,0.10775939623989753,건전,0,운영 등급 — 라벨 미확정
BRD_20171075,2024,팔공티,음료 (커피 외),89.0,FS3,High,0.2689750767077569,0.27226862978107536,요주의,2,운영 등급 — 라벨 미확정
BRD_20171087,2024,가츠몽,일식,20.0,FS2,Medium,0.09066734525097016,0.09764826006743431,건전,0,운영 등급 — 라벨 미확정
BRD_20171098,2024,홍대쌀국수,기타 외국식,62.0,FS2,Medium,0.10584324702589222,0.10489794674698294,건전,0,운영 등급 — 라벨 미확정
BRD_20171100,2024,어사출또,기타 외식,45.0,FS2,Medium,0.15982271985071145,0.1537782202754139,건전,0,운영 등급 — 라벨 미확정
BRD_20171110,2024,유달리,기타 외식,15.0,FS3,High,0.17833399980005998,0.1854118421336344,건전,0,운영 등급 — 라벨 미확정
BRD_20171137,2024,카페인중독,커피,183.0,FS1,Low,0.03234585180001555,0.029905505549154162,건전,0,운영 등급 — 라벨 미확정
BRD_20171141,2024,전통맛집 할매순대국,한식,32.0,FS1,Low,0.040134190898509337,0.03930629658488992,건전,0,운영 등급 — 라벨 미확정
BRD_20171164,2024,종로계림닭도리탕원조,기타 외식,39.0,FS1,Low,0.040134190898509337,0.03998087713672796,건전,0,운영 등급 — 라벨 미확정
BRD_20171168,2024,커피왕,커피,20.0,FS2,Medium,0.12358443004732989,0.12742266675869862,건전,0,운영 등급 — 라벨 미확정
BRD_20171173,2024,오백국수,분식,52.0,FS2,Medium,0.10584324702589222,0.10591989299445244,건전,0,운영 등급 — 라벨 미확정
BRD_20171186,2024,DK동키치킨,치킨,92.0,FS1,Low,0.040134190898509337,0.04010352814615306,건전,0,운영 등급 — 라벨 미확정
BRD_20171201,2024,치킨과 바람피자,치킨,18.0,FS3,High,0.32679523066157073,0.30950729518291786,요주의,2,운영 등급 — 라벨 미확정
BRD_20171211,2024,노가리슈퍼,주점,15.0,FS2,Medium,0.12358443004732989,0.11846678109883825,건전,0,운영 등급 — 라벨 미확정
BRD_20171221,2024,꽉찬쌀통닭,치킨,3.0,FS1,Low,0.040134190898509337,0.041084736221553855,요주의,1,운영 등급 — 라벨 미확정
BRD_20171222,2024,보승회관,한식,34.0,FS1,Low,0.040134190898509337,0.039735575117877765,건전,0,운영 등급 — 라벨 미확정
BRD_20171226,2024,최고당돈가스,기타 외식,137.0,FS2,Medium,0.10584324702589222,0.09835749076317815,건전,0,운영 등급 — 라벨 미확정
BRD_20171233,2024,남도술상,기타 외식,41.0,FS1,Low,0.01158138161683619,0.0180386253933127,건전,0,운영 등급 — 라벨 미확정
BRD_20171241,2024,엉터리 해장국,한식,23.0,FS3,High,0.2689750767077569,0.2525073113411643,요주의,2,운영 등급 — 라벨 미확정
BRD_20171244,2024,크라운호프보리장인,주점,456.0,FS1,Low,0.01158138161683619,0.017785400147176368,건전,0,운영 등급 — 라벨 미확정
BRD_20171254,2024,명륜진사갈비,한식,606.0,FS1,Low,0.03234585180001555,0.03234585180001555,건전,0,운영 등급 — 라벨 미확정
BRD_20171271,2024,"고기,원칙",한식,44.0,FS2,Medium,0.10584324702589222,0.10091235638185189,건전,0,운영 등급 — 라벨 미확정
BRD_20171288,2024,명랑한찜닭,치킨,3.0,FS3,High,0.17833399980005998,0.1699494788818256,요주의,1,운영 등급 — 라벨 미확정
BRD_20171304,2024,현풍닭칼국수,한식,74.0,FS1,Low,0.03234585180001555,0.03135932884753967,건전,0,운영 등급 — 라벨 미확정
BRD_20171308,2024,교동면옥,한식,59.0,FS1,Low,0.01158138161683619,0.009175741778541023,건전,0,운영 등급 — 라벨 미확정
BRD_20171319,2024,테트리스찜닭,치킨,49.0,FS2,Medium,0.15982271985071145,0.15999999999999998,요주의,1,운영 등급 — 라벨 미확정
BRD_20171354,2024,링코(RINKO),주점,30.0,FS1,Low,0.040134190898509337,0.043660407419480934,건전,0,운영 등급 — 라벨 미확정
BRD_20171372,2024,설맥(SEOL MAC),주점,95.0,FS2,Medium,0.10584324702589222,0.10157662144270707,건전,0,운영 등급 — 라벨 미확정
BRD_20171384,2024,커피홀 베이커리,제과제빵,18.0,FS3,High,0.2689750767077569,0.24079690041380952,건전,0,운영 등급 — 라벨 미확정
BRD_20171391,2024,아재불닭발,한식,60.0,FS2,Medium,0.10584324702589222,0.11143840273078773,요주의,1,운영 등급 — 라벨 미확정
BRD_20171409,2024,바우네 나주곰탕,한식,13.0,FS2,Medium,0.15982271985071145,0.15999999999999998,건전,0,운영 등급 — 라벨 미확정
BRD_20171421,2024,연안식당,한식,14.0,FS3,High,0.32679523066157073,0.31444670531967583,요주의,3,운영 등급 — 라벨 미확정
BRD_20171425,2024,송사부고로케,제과제빵,90.0,FS2,Medium,0.10584324702589222,0.10668635268005455,건전,0,운영 등급 — 라벨 미확정
BRD_20171445,2024,카페일리터,커피,118.0,FS2,Medium,0.12358443004732989,0.1182961928005552,건전,0,운영 등급 — 라벨 미확정
BRD_20171478,2024,커피사피엔스,커피,77.0,FS2,Medium,0.10584324702589222,0.09917504776115374,건전,0,운영 등급 — 라벨 미확정
BRD_20171493,2024,이차돌,기타 외식,117.0,FS2,Medium,0.12358443004732989,0.11786972205484757,요주의,2,운영 등급 — 라벨 미확정
BRD_20171499,2024,양계장집아들,치킨,41.0,FS1,Low,0.040134190898509337,0.042495222829942496,건전,0,운영 등급 — 라벨 미확정
BRD_20171503,2024,샌드리아,기타 외식,31.0,FS3,High,0.32679523066157073,0.31270338409493775,요주의,2,운영 등급 — 라벨 미확정
BRD_20171511,2024,차돌풍,한식,30.0,FS3,High,0.2689750767077569,0.24592020519452723,건전,0,운영 등급 — 라벨 미확정
BRD_20171515,2024,자성화 맛집 코다리네,한식,0.0,FS2,Medium,0.10584324702589222,0.1127158355401246,평가불가,0,운영 등급 — 라벨 미확정
BRD_20171544,2024,분식이더치킨,분식,12.0,FS3,High,0.32679523066157073,0.3368193277038149,요주의,1,운영 등급 — 라벨 미확정
BRD_20171553,2024,숙달돼지,기타 외식,7.0,FS3,High,0.2689750767077569,0.28397904070843005,요주의,2,운영 등급 — 라벨 미확정
BRD_20180004,2024,조선화로집,한식,15.0,FS3,High,0.32679523066157073,0.33914375600346575,요주의,3,운영 등급 — 라벨 미확정
BRD_20180011,2024,통불,기타 외식,20.0,FS3,High,0.32679523066157073,0.31154116994511233,요주의,1,운영 등급 — 라벨 미확정
BRD_20180037,2024,피슈 마라홍탕,중식,28.0,FS3,High,0.32679523066157073,0.35454309348865237,요주의,1,운영 등급 — 라벨 미확정
BRD_20180068,2024,방가네소고기국밥수육,한식,74.0,FS2,Medium,0.10584324702589222,0.09958382626014155,건전,0,운영 등급 — 라벨 미확정
BRD_20180070,2024,감성커피,커피,283.0,FS2,Medium,0.15982271985071145,0.15585601700442242,건전,0,운영 등급 — 라벨 미확정
BRD_20180074,2024,김충기꽃삼겹,한식,51.0,FS2,Medium,0.12358443004732989,0.13074913857521817,요주의,1,운영 등급 — 라벨 미확정
BRD_20180092,2024,소플러스,한식,39.0,FS1,Low,0.01158138161683619,0.0068967145633140195,건전,0,운영 등급 — 라벨 미확정
BRD_20180102,2024,1도씨맥주(1℃ 맥주),주점,61.0,FS2,Medium,0.10584324702589222,0.10408038974900734,건전,0,운영 등급 — 라벨 미확정
BRD_20180162,2024,사계진미 숯불닭갈비,한식,20.0,FS3,High,0.32679523066157073,0.31502781239458855,요주의,1,운영 등급 — 라벨 미확정
BRD_20180168,2024,밀방떡,분식,5.0,FS2,Medium,0.10584324702589222,0.10500014137172989,평가불가,0,운영 등급 — 라벨 미확정
BRD_20180171,2024,달리는커피,커피,240.0,FS3,High,0.2689750767077569,0.2759281331958737,건전,0,운영 등급 — 라벨 미확정
BRD_20180229,2024,캠토토스트,기타 외식,73.0,FS3,High,0.32679523066157073,0.32054832960625923,건전,0,운영 등급 — 라벨 미확정
BRD_20180231,2024,혼다라멘,일식,13.0,FS2,Medium,0.12358443004732989,0.11496972098403563,요주의,1,운영 등급 — 라벨 미확정
BRD_20180240,2024,스푼필라프,서양식,8.0,FS3,High,0.32679523066157073,0.3339137923292514,요주의,2,운영 등급 — 라벨 미확정
BRD_20180244,2024,텐퍼센트스페셜티커피,커피,814.0,FS1,Low,0.01158138161683619,0.008669291286268355,건전,0,운영 등급 — 라벨 미확정
BRD_20180249,2024,청년피자,피자,312.0,FS1,Low,0.01158138161683619,0.017912012770244533,건전,0,운영 등급 — 라벨 미확정
BRD_20180260,2024,대마족발,한식,4.0,FS2,Medium,0.10584324702589222,0.11179608391740205,건전,0,운영 등급 — 라벨 미확정
BRD_20180277,2024,강경불고기,기타 외식,37.0,FS2,Medium,0.12358443004732989,0.11880795769540436,건전,0,운영 등급 — 라벨 미확정
BRD_20180308,2024,서래왕차돌,한식,10.0,FS3,High,0.32679523066157073,0.32083888314371556,요주의,1,운영 등급 — 라벨 미확정
BRD_20180318,2024,리춘시장,중식,13.0,FS3,High,0.2689750767077569,0.25763061612188193,요주의,1,운영 등급 — 라벨 미확정
BRD_20180332,2024,백금당,커피,29.0,FS2,Medium,0.10584324702589222,0.10954780217296915,건전,0,운영 등급 — 라벨 미확정
BRD_20180361,2024,고돼지,기타 외식,88.0,FS1,Low,0.040134190898509337,0.03899966906132717,건전,0,운영 등급 — 라벨 미확정
BRD_20180406,2024,웰덤치킨,치킨,23.0,FS2,Medium,0.15982271985071145,0.15491156394578218,요주의,3,운영 등급 — 라벨 미확정
BRD_20180410,2024,일품양평해장국,한식,394.0,FS1,Low,0.03234585180001555,0.030476650416377038,건전,0,운영 등급 — 라벨 미확정
BRD_20180413,2024,추닭집,치킨,40.0,FS1,Low,0.040134190898509337,0.03758918245293853,건전,0,운영 등급 — 라벨 미확정
BRD_20180414,2024,케이엠지엠홀덤앤이벤트펍(KMGM HOLD’EM & EVENT PUB),주점,61.0,FS2,Medium,0.10584324702589222,0.10127003756846621,건전,0,운영 등급 — 라벨 미확정
BRD_20180428,2024,일공공샤브&편백찜,기타 외국식,43.0,FS2,Medium,0.12358443004732989,0.12273148855591462,건전,0,운영 등급 — 라벨 미확정
BRD_20180479,2024,벌크커피(BULK COFFEE),커피,210.0,FS1,Low,0.03234585180001555,0.032709307624611925,건전,0,운영 등급 — 라벨 미확정
BRD_20180488,2024,브라더탕수,기타 외식,10.0,FS2,Medium,0.15982271985071145,0.15358932966368585,요주의,3,운영 등급 — 라벨 미확정
BRD_20180511,2024,고피자(GOPIZZA),피자,95.0,FS2,Medium,0.12358443004732989,0.11821089865141367,요주의,1,운영 등급 — 라벨 미확정
BRD_20180512,2024,홍루이젠,제과제빵,120.0,FS2,Medium,0.10584324702589222,0.10970109411008958,건전,0,운영 등급 — 라벨 미확정
BRD_20180554,2024,대패가1900,기타 외식,71.0,FS2,Medium,0.12358443004732989,0.12401090079303752,건전,0,운영 등급 — 라벨 미확정
BRD_20180559,2024,밥통령,한식,30.0,FS2,Medium,0.15982271985071145,0.15774492312170288,요주의,1,운영 등급 — 라벨 미확정
BRD_20180565,2024,여우애(愛),분식,46.0,FS2,Medium,0.10584324702589222,0.11322680866385934,건전,0,운영 등급 — 라벨 미확정
BRD_20180580,2024,탄탄면공방,분식,36.0,FS2,Medium,0.10584324702589222,0.1116938892926551,요주의,1,운영 등급 — 라벨 미확정
BRD_20180600,2024,곱분이곱창,한식,113.0,FS3,High,0.2689750767077569,0.24226070177972886,건전,0,운영 등급 — 라벨 미확정
BRD_20180608,2024,진미대왕통닭,치킨,29.0,FS2,Medium,0.12358443004732989,0.12656972526728333,건전,0,운영 등급 — 라벨 미확정
BRD_20180609,2024,유케야,주점,10.0,FS2,Medium,0.15982271985071145,0.15999999999999998,요주의,3,운영 등급 — 라벨 미확정
BRD_20180612,2024,샤브20,한식,59.0,FS2,Medium,0.10584324702589222,0.10198539994169487,건전,0,운영 등급 — 라벨 미확정
BRD_20180630,2024,문토스트,기타 외식,24.0,FS3,High,0.17833399980005998,0.18693630048240428,건전,0,운영 등급 — 라벨 미확정
BRD_20180639,2024,정성찬,기타 외식,6.0,FS3,High,0.17833399980005998,0.17996734803088482,요주의,2,운영 등급 — 라벨 미확정
BRD_20180650,2024,열정분식소,분식,2.0,FS3,High,0.17833399980005998,0.18606518142596434,요주의,2,운영 등급 — 라벨 미확정
BRD_20180661,2024,한상차림코다리명가,한식,33.0,FS1,Low,0.03234585180001555,0.03379967509840105,건전,0,운영 등급 — 라벨 미확정
BRD_20180676,2024,오산조은참치,일식,17.0,FS2,Medium,0.15982271985071145,0.15812270434515896,건전,0,운영 등급 — 라벨 미확정
BRD_20180711,2024,비스트로피자,패스트푸드,68.0,FS1,Low,0.040134190898509337,0.04041015566971581,건전,0,운영 등급 — 라벨 미확정
BRD_20180715,2024,카페보스(CAFE BOSS),커피,45.0,FS3,High,0.2689750767077569,0.2693410270492367,요주의,1,운영 등급 — 라벨 미확정
BRD_20180720,2024,철뚝집,한식,37.0,FS1,Low,0.040134190898509337,0.04071678319327856,요주의,1,운영 등급 — 라벨 미확정
BRD_20180732,2024,닭장수후라이드和,치킨,43.0,FS2,Medium,0.10584324702589222,0.10857695323787313,건전,0,운영 등급 — 라벨 미확정
BRD_20180733,2024,범프리카인생치킨,치킨,5.0,FS2,Medium,0.15982271985071145,0.15151153293467734,요주의,2,운영 등급 — 라벨 미확정
BRD_20180737,2024,멘야마쯔리,일식,33.0,FS3,High,0.2689750767077569,0.2700729277321963,건전,0,운영 등급 — 라벨 미확정
BRD_20180747,2024,치순이통닭,치킨,29.0,FS2,Medium,0.10584324702589222,0.10597099030682591,요주의,1,운영 등급 — 라벨 미확정
BRD_20180759,2024,토스트카페마리,제과제빵,17.0,FS3,High,0.32679523066157073,0.3405965236907475,요주의,1,운영 등급 — 라벨 미확정
BRD_20180779,2024,조커닭 (Jokerdark),치킨,8.0,FS2,Medium,0.12358443004732989,0.1242667832404621,건전,0,운영 등급 — 라벨 미확정
BRD_20180783,2024,백년불고기,기타 외식,36.0,FS2,Medium,0.12358443004732989,0.11701678056343229,건전,0,운영 등급 — 라벨 미확정
BRD_20180793,2024,허갈닭강정,치킨,28.0,FS3,High,0.2689750767077569,0.25909441748780127,건전,0,운영 등급 — 라벨 미확정
BRD_20180804,2024,미스터빠삭,기타 외식,58.0,FS3,High,0.2689750767077569,0.24518830451156753,건전,0,운영 등급 — 라벨 미확정
BRD_20180812,2024,돈까스짱,기타 외식,69.0,FS1,Low,0.040134190898509337,0.04255654833465504,건전,0,운영 등급 — 라벨 미확정
BRD_20180833,2024,자가제빵 선명희피자,피자,87.0,FS2,Medium,0.12358443004732989,0.1315167859174919,건전,0,운영 등급 — 라벨 미확정
BRD_20180834,2024,달빛경성술집,주점,60.0,FS3,High,0.17833399980005998,0.1814918063796547,건전,0,운영 등급 — 라벨 미확정
BRD_20180886,2024,점순이 호떡,패스트푸드,33.0,FS2,Medium,0.10584324702589222,0.10367161125001953,건전,0,운영 등급 — 라벨 미확정
BRD_20180889,2024,엘에이치씨피자탑(LHC PIZZA TOP),피자,28.0,FS3,High,0.32679523066157073,0.317061687156783,요주의,2,운영 등급 — 라벨 미확정
BRD_20180890,2024,에센스커피,커피,10.0,FS2,Medium,0.10584324702589222,0.10295624887679089,건전,0,운영 등급 — 라벨 미확정
BRD_20180893,2024,고기듬뿍 대왕비빔밥,한식,101.0,FS2,Medium,0.10584324702589222,0.1106719430451856,요주의,1,운영 등급 — 라벨 미확정
BRD_20180917,2024,피치랑,피자,20.0,FS3,High,0.17833399980005998,0.17147393723059548,요주의,2,운영 등급 — 라벨 미확정
BRD_20180922,2024,삼겹본능,한식,64.0,FS3,High,0.17833399980005998,0.17931400873855488,요주의,2,운영 등급 — 라벨 미확정
BRD_20180941,2024,동명 카츠,일식,44.0,FS3,High,0.2689750767077569,0.273000530464035,요주의,2,운영 등급 — 라벨 미확정
BRD_20180948,2024,감동까스,한식,82.0,FS3,High,0.2689750767077569,0.2817833386595511,평가불가,0,운영 등급 — 라벨 미확정
BRD_20180953,2024,파파도나스,제과제빵,8.0,FS3,High,0.2689750767077569,0.28983424617210746,요주의,2,운영 등급 — 라벨 미확정
BRD_20180986,2024,김형제고기의철학,한식,45.0,FS3,High,0.32679523066157073,0.30543954565852893,요주의,1,운영 등급 — 라벨 미확정
BRD_20181008,2024,김복남맥주,주점,253.0,FS1,Low,0.01158138161683619,0.0187983011317217,건전,0,운영 등급 — 라벨 미확정
BRD_20181029,2024,빅쭌부대찌개,기타 외식,33.0,FS2,Medium,0.10584324702589222,0.0994816316353946,건전,0,운영 등급 — 라벨 미확정
BRD_20181053,2024,장호덕손만두,분식,178.0,FS1,Low,0.03234585180001555,0.034266975444310684,건전,0,운영 등급 — 라벨 미확정
BRD_20181061,2024,미태리,서양식,99.0,FS1,Low,0.03234585180001555,0.03577272100335281,건전,0,운영 등급 — 라벨 미확정
BRD_20181091,2024,요녀석,서양식,39.0,FS3,High,0.32679523066157073,0.3138655982447631,요주의,1,운영 등급 — 라벨 미확정
BRD_20181139,2024,SSOJA(쏘자),패스트푸드,33.0,FS3,High,0.32679523066157073,0.3315893640296006,요주의,2,운영 등급 — 라벨 미확정
BRD_20181157,2024,동경에서먹었던규동,일식,67.0,FS1,Low,0.03234585180001555,0.033280452491834804,건전,0,운영 등급 — 라벨 미확정
BRD_20181179,2024,곱깨비,한식,30.0,FS3,High,0.2689750767077569,0.2854428420743494,요주의,1,운영 등급 — 라벨 미확정
BRD_20181194,2024,아부찌부대찌개,한식,70.0,FS2,Medium,0.12358443004732989,0.11565207417716786,요주의,1,운영 등급 — 라벨 미확정
BRD_20181198,2024,육전국밥,한식,51.0,FS2,Medium,0.10584324702589222,0.10949670486059568,건전,0,운영 등급 — 라벨 미확정
BRD_20181209,2024,차얌,음료 (커피 외),64.0,FS2,Medium,0.12358443004732989,0.11931972259025353,요주의,1,운영 등급 — 라벨 미확정
BRD_20181212,2024,이동규인왔따쪽갈비,한식,69.0,FS3,High,0.32679523066157073,0.3266499538928426,요주의,1,운영 등급 — 라벨 미확정
BRD_20181220,2024,해산물직화구이전문점삼바리,기타 외식,51.0,FS2,Medium,0.10584324702589222,0.09963492357251502,건전,0,운영 등급 — 라벨 미확정
BRD_20181268,2024,치킨의민족,치킨,8.0,FS3,High,0.32679523066157073,0.34727925505224355,요주의,2,운영 등급 — 라벨 미확정
BRD_20181300,2024,가락동리어카포차,주점,3.0,FS3,High,0.32679523066157073,0.30340567089633447,요주의,2,운영 등급 — 라벨 미확정
BRD_20181303,2024,투가이즈(TWO GUYS),치킨,22.0,FS3,High,0.32679523066157073,0.30921674164546153,요주의,1,운영 등급 — 라벨 미확정
BRD_20181340,2024,보배반점,중식,198.0,FS1,Low,0.01158138161683619,0.014113634078199527,건전,0,운영 등급 — 라벨 미확정
BRD_20190005,2024,뚱보집,기타 외식,18.0,FS2,Medium,0.15982271985071145,0.1554782357809663,요주의,1,운영 등급 — 라벨 미확정
BRD_20190011,2024,상상짬뽕,중식,22.0,FS1,Low,0.01158138161683619,0.02158377883922137,건전,0,운영 등급 — 라벨 미확정
BRD_20190033,2024,버텍스(VERTEX),서양식,41.0,FS2,Medium,0.12358443004732989,0.12179325291535781,건전,0,운영 등급 — 라벨 미확정
BRD_20190037,2024,정통집,한식,72.0,FS1,Low,0.01158138161683619,0.011581381616836191,건전,0,운영 등급 — 라벨 미확정
BRD_20190058,2024,포트리스,기타 외국식,35.0,FS1,Low,0.01158138161683619,0.020317652608539703,건전,0,운영 등급 — 라벨 미확정
BRD_20190063,2024,One&Two깻잎두마리치킨,치킨,11.0,FS3,High,0.32679523066157073,0.3286838286550371,요주의,2,운영 등급 — 라벨 미확정
BRD_20190092,2024,샐러데이즈(Salad Days),기타 외식,25.0,FS3,High,0.32679523066157073,0.32984604280486246,요주의,2,운영 등급 — 라벨 미확정
BRD_20190139,2024,더꼬치다,기타 외식,93.0,FS1,Low,0.040134190898509337,0.04267919934408014,건전,0,운영 등급 — 라벨 미확정
BRD_20190156,2024,gre P&T,분식,11.0,FS3,High,0.32679523066157073,0.3109600628701996,요주의,1,운영 등급 — 라벨 미확정
BRD_20190157,2024,청춘당 찹쌀 꽈배기,제과제빵,24.0,FS2,Medium,0.12358443004732989,0.12170795876621629,건전,0,운영 등급 — 라벨 미확정
BRD_20190195,2024,그놈포차,주점,82.0,FS1,Low,0.040134190898509337,0.03765050795765108,요주의,1,운영 등급 — 라벨 미확정
BRD_20190198,2024,무쏘,한식,11.0,FS3,High,0.2689750767077569,0.25031160929228524,요주의,2,운영 등급 — 라벨 미확정
BRD_20190199,2024,자연정가 양평해장국,한식,74.0,FS1,Low,0.03234585180001555,0.030268961373750538,건전,0,운영 등급 — 라벨 미확정
BRD_20190202,2024,흥부찜닭,한식,19.0,FS3,High,0.17833399980005998,0.17452285392813524,요주의,2,운영 등급 — 라벨 미확정
BRD_20190216,2024,명태어장,한식,67.0,FS1,Low,0.01158138161683619,0.01284750784751786,건전,0,운영 등급 — 라벨 미확정
BRD_20190218,2024,택이네 조개전골,한식,81.0,FS1,Low,0.040134190898509337,0.03857039052833933,건전,0,운영 등급 — 라벨 미확정
BRD_20190227,2024,롤링파스타,서양식,130.0,FS1,Low,0.01158138161683619,0.016266048670358364,건전,0,운영 등급 — 라벨 미확정
BRD_20190267,2024,흑화당,음료 (커피 외),2.0,FS2,Medium,0.15982271985071145,0.15999999999999998,요주의,2,운영 등급 — 라벨 미확정
BRD_20190275,2024,인생설렁탕,한식,25.0,FS2,Medium,0.12358443004732989,0.12290207685419767,건전,0,운영 등급 — 라벨 미확정
BRD_20190292,2024,25센치,일식,33.0,FS2,Medium,0.12358443004732989,0.1164197215194416,요주의,2,운영 등급 — 라벨 미확정
BRD_20190293,2024,냠냠숯불두마리치킨,치킨,76.0,FS2,Medium,0.10584324702589222,0.10694183924192192,요주의,1,운영 등급 — 라벨 미확정
BRD_20190308,2024,타이거슈가(TIGER SUGAR),음료 (커피 외),3.0,FS3,High,0.32679523066157073,0.32171054375608465,요주의,2,운영 등급 — 라벨 미확정
BRD_20190328,2024,1943,기타 외식,38.0,FS3,High,0.17833399980005998,0.18127402661554473,요주의,3,운영 등급 — 라벨 미확정
BRD_20190332,2024,홍베이팡,제과제빵,1.0,FS3,High,0.32679523066157073,0.30079068905922735,요주의,2,운영 등급 — 라벨 미확정
BRD_20190345,2024,봉자막창,한식,76.0,FS3,High,0.32679523066157073,0.3028245638214218,건전,0,운영 등급 — 라벨 미확정
BRD_20190352,2024,군자대한곱창,기타 외식,58.0,FS3,High,0.17833399980005998,0.17800733015389497,건전,0,운영 등급 — 라벨 미확정
BRD_20190359,2024,남도복국,한식,23.0,FS2,Medium,0.12358443004732989,0.123925606643896,건전,0,운영 등급 — 라벨 미확정
BRD_20190404,2024,신떡순 신천할매떡볶이,분식,56.0,FS3,High,0.2689750767077569,0.26787722568331734,요주의,1,운영 등급 — 라벨 미확정
BRD_20190451,2024,고향옥얼큰순대국,한식,40.0,FS1,Low,0.01158138161683619,0.019051526377858032,건전,0,운영 등급 — 라벨 미확정
BRD_20190477,2024,후라토식당,일식,31.0,FS1,Low,0.03234585180001555,0.03354006379511793,건전,0,운영 등급 — 라벨 미확정
BRD_20190495,2024,밀회관,주점,21.0,FS3,High,0.17833399980005998,0.17844288968211494,요주의,2,운영 등급 — 라벨 미확정
BRD_20190497,2024,정직유부,한식,174.0,FS1,Low,0.01158138161683619,0.011834606862972526,건전,0,운영 등급 — 라벨 미확정
BRD_20190499,2024,용범이네인계동껍데기,기타 외식,1.0,FS3,High,0.17833399980005998,0.16907835982538566,요주의,2,운영 등급 — 라벨 미확정
BRD_20190513,2024,탐나종합어시장,일식,38.0,FS2,Medium,0.10584324702589222,0.105766601057332,건전,0,운영 등급 — 라벨 미확정
BRD_20190526,2024,샤브마니아,한식,110.0,FS1,Low,0.03234585180001555,0.03494196483284681,건전,0,운영 등급 — 라벨 미확정
BRD_20190543,2024,파스타도 식사다,기타 외국식,59.0,FS1,Low,0.040134190898509337,0.0415140147545417,요주의,1,운영 등급 — 라벨 미확정
BRD_20190545,2024,호맥,주점,128.0,FS1,Low,0.040134190898509337,0.04353775641005583,건전,0,운영 등급 — 라벨 미확정
BRD_20190567,2024,금화왕돈까스,한식,58.0,FS1,Low,0.040134190898509337,0.040348830165003256,건전,0,운영 등급 — 라벨 미확정
BRD_20190585,2024,피자 비토랩,피자,21.0,FS2,Medium,0.10584324702589222,0.1090368290492344,건전,0,운영 등급 — 라벨 미확정
BRD_20190591,2024,오슬로우(OHSLOW),커피,31.0,FS1,Low,0.040134190898509337,0.0407781086979911,건전,0,운영 등급 — 라벨 미확정
BRD_20190599,2024,애플꼬마김밥,분식,105.0,FS1,Low,0.01158138161683619,0.013100733093654192,건전,0,운영 등급 — 라벨 미확정
BRD_20190603,2024,한뚝수육국밥,한식,22.0,FS1,Low,0.03234585180001555,0.03068433945900354,건전,0,운영 등급 — 라벨 미확정
BRD_20190606,2024,행복한찜닭,한식,81.0,FS2,Medium,0.12358443004732989,0.13168737421577498,건전,0,운영 등급 — 라벨 미확정
BRD_20190618,2024,떡군이네떡볶이,분식,50.0,FS3,High,0.32679523066157073,0.30137179613414,요주의,2,운영 등급 — 라벨 미확정
BRD_20190620,2024,소소떡볶이,분식,45.0,FS3,High,0.17833399980005998,0.18018512779499482,요주의,1,운영 등급 — 라벨 미확정
BRD_20190628,2024,김용덕의 소문난 부자국밥,한식,28.0,FS2,Medium,0.10584324702589222,0.10719732580378931,건전,0,운영 등급 — 라벨 미확정
BRD_20190630,2024,배떡,분식,325.0,FS2,Medium,0.12358443004732989,0.12085501727480101,요주의,1,운영 등급 — 라벨 미확정
BRD_20190659,2024,갯벌의 조개,한식,48.0,FS2,Medium,0.15982271985071145,0.15999999999999998,요주의,1,운영 등급 — 라벨 미확정
BRD_20190662,2024,피굽남피자,피자,53.0,FS2,Medium,0.12358443004732989,0.12469325398616973,요주의,2,운영 등급 — 라벨 미확정
BRD_20190677,2024,두레통닭,치킨,65.0,FS2,Medium,0.10584324702589222,0.10919012098635483,건전,0,운영 등급 — 라벨 미확정
BRD_20190687,2024,귀한족발,기타 외식,148.0,FS1,Low,0.01158138161683619,0.0172789496549037,건전,0,운영 등급 — 라벨 미확정
BRD_20190694,2024,순대실록,한식,39.0,FS1,Low,0.03234585180001555,0.028711293554051782,건전,0,운영 등급 — 라벨 미확정
BRD_20190707,2024,웰돈까츠,서양식,17.0,FS3,High,0.17833399980005998,0.17561175274868518,요주의,3,운영 등급 — 라벨 미확정
BRD_20190734,2024,잔잔,주점,42.0,FS1,Low,0.01158138161683619,0.021457166216153203,건전,0,운영 등급 — 라벨 미확정
BRD_20190748,2024,정글비,커피,31.0,FS2,Medium,0.10584324702589222,0.10985438604721,건전,0,운영 등급 — 라벨 미확정
BRD_20190753,2024,갓튀긴후라이드,치킨,105.0,FS1,Low,0.03234585180001555,0.032865074406581804,건전,0,운영 등급 — 라벨 미확정
BRD_20190770,2024,지랄닭발,치킨,32.0,FS1,Low,0.040134190898509337,0.03624002134926244,건전,0,운영 등급 — 라벨 미확정
BRD_20190794,2024,족발신선생,한식,117.0,FS1,Low,0.01158138161683619,0.011074931124563524,건전,0,운영 등급 — 라벨 미확정
BRD_20190807,2024,고씨네,일식,47.0,FS3,High,0.32679523066157073,0.3403059701532911,요주의,1,운영 등급 — 라벨 미확정
BRD_20190835,2024,에그셀런트,패스트푸드,21.0,FS3,High,0.32679523066157073,0.3554147541010214,요주의,2,운영 등급 — 라벨 미확정
BRD_20190838,2024,원래는 치킨집을 할려고 했었다,분식,20.0,FS3,High,0.32679523066157073,0.343502059065311,요주의,2,운영 등급 — 라벨 미확정
BRD_20190842,2024,돼지영농후계자,한식,21.0,FS2,Medium,0.15982271985071145,0.15528934516923829,요주의,1,운영 등급 — 라벨 미확정
BRD_20190853,2024,인생건어물맥주,주점,83.0,FS2,Medium,0.15982271985071145,0.1566115794513346,요주의,1,운영 등급 — 라벨 미확정
BRD_20190860,2024,밀포유,기타 외식,1.0,FS2,Medium,0.10584324702589222,0.11164279198028162,평가불가,0,운영 등급 — 라벨 미확정
BRD_20190861,2024,달토끼의 떡볶이 흡입구역,분식,38.0,FS3,High,0.32679523066157073,0.29788515368466384,요주의,1,운영 등급 — 라벨 미확정
BRD_20190875,2024,마라홀릭,중식,33.0,FS2,Medium,0.15982271985071145,0.15075597048776515,평가불가,0,운영 등급 — 라벨 미확정
BRD_20190878,2024,몬떡,분식,1.0,FS3,High,0.2689750767077569,0.27153672909811566,요주의,1,운영 등급 — 라벨 미확정
BRD_20190883,2024,닭갈비클라쓰,치킨,5.0,FS3,High,0.32679523066157073,0.31822390130660844,요주의,2,운영 등급 — 라벨 미확정
BRD_20190884,2024,COFFEE COOK (커피쿡),커피,67.0,FS2,Medium,0.15982271985071145,0.15999999999999998,건전,0,운영 등급 — 라벨 미확정
BRD_20190889,2024,테그42(TEgg.42),기타 외식,40.0,FS3,High,0.17833399980005998,0.18737186001062425,요주의,1,운영 등급 — 라벨 미확정
BRD_20190909,2024,무지개맥주,주점,93.0,FS2,Medium,0.10584324702589222,0.10402929243663386,건전,0,운영 등급 — 라벨 미확정
BRD_20190910,2024,요달의찜닭,한식,91.0,FS2,Medium,0.10584324702589222,0.09897065851165984,건전,0,운영 등급 — 라벨 미확정
BRD_20190916,2024,세광양대창,기타 외식,52.0,FS1,Low,0.040134190898509337,0.04390570943833113,건전,0,운영 등급 — 라벨 미확정
BRD_20190926,2024,놀부김치찜,한식,23.0,FS3,High,0.17833399980005998,0.177571770625675,요주의,3,운영 등급 — 라벨 미확정
BRD_20190929,2024,노브랜드 버거(No Brand Burger),패스트푸드,189.0,FS1,Low,0.03234585180001555,0.02980166102784091,건전,0,운영 등급 — 라벨 미확정
BRD_20190930,2024,사이공본가,기타 외국식,38.0,FS1,Low,0.040134190898509337,0.041207387230978956,요주의,1,운영 등급 — 라벨 미확정
BRD_20190933,2024,봉구통닭,치킨,7.0,FS2,Medium,0.15982271985071145,0.15999999999999998,건전,0,운영 등급 — 라벨 미확정
BRD_20190945,2024,고품격커피공장,커피,24.0,FS3,High,0.2689750767077569,0.25543491407300295,요주의,2,운영 등급 — 라벨 미확정
BRD_20190950,2024,일백집 서울포장마차,주점,4.0,FS3,High,0.32679523066157073,0.31793334776915205,요주의,2,운영 등급 — 라벨 미확정
BRD_20190954,2024,이태리면가게,서양식,17.0,FS3,High,0.2689750767077569,0.264217722268519,요주의,1,운영 등급 — 라벨 미확정
BRD_20190955,2024,봉명동내커피,커피,148.0,FS1,Low,0.03234585180001555,0.03447466448693719,요주의,1,운영 등급 — 라벨 미확정
BRD_20190964,2024,신룽푸마라탕,중식,37.0,FS2,Medium,0.10584324702589222,0.10040138325811715,건전,0,운영 등급 — 라벨 미확정
BRD_20190967,2024,별난아재맥주,주점,68.0,FS3,High,0.17833399980005998,0.177789550389785,요주의,1,운영 등급 — 라벨 미확정
BRD_20190976,2024,꼬꼬아찌,치킨,25.0,FS1,Low,0.040134190898509337,0.0417593167733919,건전,0,운영 등급 — 라벨 미확정
BRD_20190978,2024,한끼한죽,한식,64.0,FS2,Medium,0.15982271985071145,0.1598227198507114,요주의,3,운영 등급 — 라벨 미확정
BRD_20191016,2024,삼첩분식,분식,232.0,FS1,Low,0.01158138161683619,0.017532174901040032,건전,0,운영 등급 — 라벨 미확정
BRD_20191021,2024,돈갓,서양식,5.0,FS2,Medium,0.15982271985071145,0.15925604801552726,요주의,2,운영 등급 — 라벨 미확정
BRD_20191034,2024,긴자료코,일식,109.0,FS1,Low,0.01158138161683619,0.0184184632625172,건전,0,운영 등급 — 라벨 미확정
BRD_20191036,2024,궁 잔기지떡,기타 외식,29.0,FS1,Low,0.03234585180001555,0.03473427579022031,건전,0,운영 등급 — 라벨 미확정
BRD_20191049,2024,탕화쿵푸마라탕,중식,492.0,FS1,Low,0.01158138161683619,0.008922516532404688,건전,0,운영 등급 — 라벨 미확정
BRD_20191062,2024,김순덕원조부안집,한식,50.0,FS3,High,0.32679523066157073,0.3466981479773309,요주의,2,운영 등급 — 라벨 미확정
BRD_20191073,2024,정코다리,한식,15.0,FS2,Medium,0.12358443004732989,0.11838148694969672,건전,0,운영 등급 — 라벨 미확정
BRD_20191086,2024,반미362,기타 외국식,29.0,FS2,Medium,0.15982271985071145,0.15999999999999998,요주의,1,운영 등급 — 라벨 미확정
BRD_20191099,2024,더맛있는족발보쌈,한식,54.0,FS1,Low,0.01158138161683619,0.015379760308881198,건전,0,운영 등급 — 라벨 미확정
BRD_20191113,2024,1970새마을포차,주점,3.0,FS2,Medium,0.12358443004732989,0.12998149123294442,요주의,2,운영 등급 — 라벨 미확정
BRD_20191129,2024,두뽂스,한식,4.0,FS3,High,0.17833399980005998,0.1712561574664855,요주의,3,운영 등급 — 라벨 미확정
BRD_20191140,2024,두부만드는사람들,한식,68.0,FS2,Medium,0.12358443004732989,0.11872266354626283,건전,0,운영 등급 — 라벨 미확정
BRD_20191167,2024,이백장 돈가스,분식,92.0,FS3,High,0.32679523066157073,0.32287275790591,요주의,2,운영 등급 — 라벨 미확정
BRD_20191174,2024,153구포국수,한식,58.0,FS1,Low,0.040134190898509337,0.03936762208960247,건전,0,운영 등급 — 라벨 미확정
BRD_20191188,2024,오븐에 빠진 막창,한식,56.0,FS2,Medium,0.10584324702589222,0.10147442681796012,건전,0,운영 등급 — 라벨 미확정
BRD_20191191,2024,몬스터커피,커피,99.0,FS1,Low,0.01158138161683619,0.007909615547859353,건전,0,운영 등급 — 라벨 미확정
BRD_20191192,2024,프랭크버거,패스트푸드,622.0,FS1,Low,0.01158138161683619,0.011961219486040692,건전,0,운영 등급 — 라벨 미확정
BRD_20191199,2024,윤검푸드 봉수아피자,피자,53.0,FS3,High,0.17833399980005998,0.1804029075591048,건전,0,운영 등급 — 라벨 미확정
BRD_20191214,2024,샐러드박스(SaladBox),기타 외식,38.0,FS3,High,0.2689750767077569,0.2737324311469947,요주의,1,운영 등급 — 라벨 미확정
BRD_20191218,2024,은하별,서양식,16.0,FS2,Medium,0.15982271985071145,0.15999999999999998,요주의,1,운영 등급 — 라벨 미확정
BRD_20191239,2024,고쿠텐,일식,19.0,FS2,Medium,0.12358443004732989,0.12145207631879171,요주의,2,운영 등급 — 라벨 미확정
BRD_20191246,2024,최가네크레이지떡볶이,분식,45.0,FS3,High,0.2689750767077569,0.2583625168048416,건전,0,운영 등급 — 라벨 미확정
BRD_20191275,2024,찐이야숯불치킨,치킨,40.0,FS2,Medium,0.12358443004732989,0.11778442790570604,요주의,1,운영 등급 — 라벨 미확정
BRD_20191303,2024,영커피,커피,65.0,FS1,Low,0.040134190898509337,0.04004220264144051,건전,0,운영 등급 — 라벨 미확정
BRD_20191312,2024,언양닭칼국수,한식,67.0,FS2,Medium,0.12358443004732989,0.1154814858788848,건전,0,운영 등급 — 라벨 미확정
BRD_20191322,2024,선식당,서양식,21.0,FS2,Medium,0.15982271985071145,0.15793381373343093,건전,0,운영 등급 — 라벨 미확정
BRD_20191330,2024,광명대창집,기타 외식,32.0,FS3,High,0.32679523066157073,0.3260688468179299,요주의,3,운영 등급 — 라벨 미확정
BRD_20191340,2024,집밥e선생,한식,48.0,FS2,Medium,0.12358443004732989,0.1314314917683504,요주의,3,운영 등급 — 라벨 미확정
BRD_20191342,2024,우리할매 떡볶이,분식,319.0,FS1,Low,0.03234585180001555,0.028763215814708407,건전,0,운영 등급 — 라벨 미확정
BRD_20191392,2024,경양카츠,일식,37.0,FS2,Medium,0.12358443004732989,0.11522560343146021,요주의,1,운영 등급 — 라벨 미확정
BRD_20191403,2024,와플칸,기타 외식,85.0,FS3,High,0.2689750767077569,0.29422565026986547,요주의,1,운영 등급 — 라벨 미확정
BRD_20191432,2024,마선생마약국밥,한식,68.0,FS3,High,0.32679523066157073,0.3141561517822195,건전,0,운영 등급 — 라벨 미확정
BRD_20191444,2024,할머니가래떡볶이,분식,82.0,FS2,Medium,0.12358443004732989,0.13245502155804872,건전,0,운영 등급 — 라벨 미확정
BRD_20191447,2024,베스트생갈비찜&찜닭,한식,42.0,FS3,High,0.32679523066157073,0.3257782932804736,요주의,1,운영 등급 — 라벨 미확정
BRD_20200012,2024,돈카츠마켙,서양식,62.0,FS1,Low,0.040134190898509337,0.04218859530637974,건전,0,운영 등급 — 라벨 미확정
BRD_20200017,2024,채선당도시락&샐러드,기타 외식,32.0,FS2,Medium,0.10584324702589222,0.107810493552271,평가불가,0,운영 등급 — 라벨 미확정
BRD_20200032,2024,명랑부대찌개&낙곱새,한식,63.0,FS2,Medium,0.10584324702589222,0.10551111449546463,건전,0,운영 등급 — 라벨 미확정
BRD_20200035,2024,얼맥당,주점,30.0,FS2,Medium,0.12358443004732989,0.12418148909132058,건전,0,운영 등급 — 라벨 미확정
BRD_20200044,2024,갓샐러드&갓요거트,기타 외국식,9.0,FS2,Medium,0.15982271985071145,0.15850048556861507,요주의,3,운영 등급 — 라벨 미확정
BRD_20200056,2024,동춘돌곱창,한식,31.0,FS3,High,0.2689750767077569,0.29202994822098644,요주의,1,운영 등급 — 라벨 미확정
BRD_20200099,2024,장미맨숀,주점,28.0,FS2,Medium,0.10584324702589222,0.10397819512426039,건전,0,운영 등급 — 라벨 미확정
BRD_20200107,2024,미진축산,한식,110.0,FS2,Medium,0.10584324702589222,0.10055467519523757,건전,0,운영 등급 — 라벨 미확정
BRD_20200110,2024,일계양득,기타 외식,1.0,FS3,High,0.32679523066157073,0.3289743821924934,요주의,1,운영 등급 — 라벨 미확정
BRD_20200121,2024,발도스커피(valdos coffee),커피,91.0,FS1,Low,0.01158138161683619,0.019684589493198866,건전,0,운영 등급 — 라벨 미확정
BRD_20200125,2024,킹스꼬마김밥,분식,34.0,FS2,Medium,0.10584324702589222,0.11036535917094475,건전,0,운영 등급 — 라벨 미확정
BRD_20200127,2024,고기싸롱,한식,118.0,FS1,Low,0.03234585180001555,0.03115163980491317,건전,0,운영 등급 — 라벨 미확정
BRD_20200130,2024,롱쓰부대찌개,한식,82.0,FS3,High,0.17833399980005998,0.18475850284130446,건전,0,운영 등급 — 라벨 미확정
BRD_20200136,2024,상무초밥,일식,50.0,FS2,Medium,0.10584324702589222,0.0984596853879251,건전,0,운영 등급 — 라벨 미확정
BRD_20200152,2024,서오릉피자,피자,64.0,FS1,Low,0.040134190898509337,0.04280185035350524,건전,0,운영 등급 — 라벨 미확정
BRD_20200159,2024,에그박스,기타 외식,21.0,FS2,Medium,0.12358443004732989,0.12153737046793323,요주의,1,운영 등급 — 라벨 미확정
BRD_20200174,2024,메이크어딜리버리,기타 외식,44.0,FS2,Medium,0.10584324702589222,0.10183210800457444,요주의,1,운영 등급 — 라벨 미확정
BRD_20200176,2024,달콤왕가탕후루,기타 외국식,150.0,FS2,Medium,0.15982271985071145,0.15999999999999998,요주의,3,운영 등급 — 라벨 미확정
BRD_20200187,2024,원유로스페셜티커피,커피,74.0,FS2,Medium,0.12358443004732989,0.12784913750440624,건전,0,운영 등급 — 라벨 미확정
BRD_20200193,2024,무공돈까스,분식,58.0,FS1,Low,0.03234585180001555,0.03608425456729257,건전,0,운영 등급 — 라벨 미확정
BRD_20200206,2024,깨봉이국물떡볶이,분식,30.0,FS2,Medium,0.15982271985071145,0.15999999999999998,요주의,1,운영 등급 — 라벨 미확정
BRD_20200209,2024,인생닭강정,치킨,92.0,FS3,High,0.17833399980005998,0.1751761932204652,요주의,2,운영 등급 — 라벨 미확정
BRD_20200218,2024,입술에 설렌다 빙수당,아이스크림/빙수,32.0,FS1,Low,0.03234585180001555,0.03489004257219019,건전,0,운영 등급 — 라벨 미확정
BRD_20200220,2024,마라공방,중식,92.0,FS1,Low,0.03234585180001555,0.029542049724557786,건전,0,운영 등급 — 라벨 미확정
BRD_20200239,2024,인쌩맥주,주점,217.0,FS1,Low,0.040134190898509337,0.042433897325229945,건전,0,운영 등급 — 라벨 미확정
BRD_20200249,2024,신나게쌈빠찹쌀강정,기타 외식,22.0,FS3,High,0.32679523066157073,0.35105645103917615,건전,0,운영 등급 — 라벨 미확정
BRD_20200279,2024,삼환축산,한식,30.0,FS1,Low,0.03234585180001555,0.028555526772081907,건전,0,운영 등급 — 라벨 미확정
BRD_20200320,2024,빵위에 치즈 피자앰플러,피자,47.0,FS3,High,0.2689750767077569,0.2883704448061881,건전,0,운영 등급 — 라벨 미확정
BRD_20200326,2024,666 BURGER,패스트푸드,20.0,FS3,High,0.32679523066157073,0.3281027215801244,요주의,2,운영 등급 — 라벨 미확정
BRD_20200341,2024,청년치킨,치킨,45.0,FS2,Medium,0.10584324702589222,0.10290515156441742,건전,0,운영 등급 — 라벨 미확정
BRD_20200365,2024,맛있는 고기에 솜씨를 더하다,한식,78.0,FS1,Low,0.040134190898509337,0.043844383933618586,건전,0,운영 등급 — 라벨 미확정
BRD_20200369,2024,탄광맥주,주점,38.0,FS2,Medium,0.12358443004732989,0.12256090025763156,건전,0,운영 등급 — 라벨 미확정
BRD_20200376,2024,읍천리 382,음료 (커피 외),188.0,FS1,Low,0.01158138161683619,0.015126535062744863,요주의,1,운영 등급 — 라벨 미확정
BRD_20200394,2024,온센,일식,35.0,FS2,Medium,0.10584324702589222,0.10811707742651186,건전,0,운영 등급 — 라벨 미확정
BRD_20200396,2024,성윤국가대표아구찜앤알곤이찜,한식,11.0,FS3,High,0.2689750767077569,0.2539711127070836,건전,0,운영 등급 — 라벨 미확정
BRD_20200398,2024,오늘술집 주다방,주점,4.0,FS3,High,0.32679523066157073,0.2984662607595765,요주의,2,운영 등급 — 라벨 미확정
BRD_20200417,2024,한끼삼계탕,한식,12.0,FS3,High,0.32679523066157073,0.3350760064790768,요주의,2,운영 등급 — 라벨 미확정
BRD_20200425,2024,정온달집,한식,15.0,FS3,High,0.32679523066157073,0.3490225762769817,요주의,2,운영 등급 — 라벨 미확정
BRD_20200430,2024,누들보쌈배달만족,한식,31.0,FS1,Low,0.03234585180001555,0.03546118743941307,요주의,1,운영 등급 — 라벨 미확정
BRD_20200439,2024,에바돈가츠,기타 외식,42.0,FS2,Medium,0.15982271985071145,0.1534004390519578,요주의,1,운영 등급 — 라벨 미확정
BRD_20200441,2024,해쉬커피,커피,41.0,FS1,Low,0.040134190898509337,0.04292450136293034,건전,0,운영 등급 — 라벨 미확정
BRD_20200448,2024,왕손피자,피자,35.0,FS1,Low,0.040134190898509337,0.041697991268679346,건전,0,운영 등급 — 라벨 미확정
BRD_20200463,2024,핵밥,기타 외국식,106.0,FS2,Medium,0.12358443004732989,0.12981090293466138,요주의,1,운영 등급 — 라벨 미확정
BRD_20200470,2024,김태연국민동태탕찜,한식,32.0,FS3,High,0.17833399980005998,0.16951391935360563,평가불가,0,운영 등급 — 라벨 미확정
BRD_20200491,2024,어부김호권의청년어부,일식,41.0,FS2,Medium,0.10584324702589222,0.10729952042853626,건전,0,운영 등급 — 라벨 미확정
BRD_20200496,2024,코지하우스,서양식,45.0,FS2,Medium,0.10584324702589222,0.09999260475912934,건전,0,운영 등급 — 라벨 미확정
BRD_20200505,2024,치교치킨,치킨,25.0,FS2,Medium,0.12358443004732989,0.11505501513317716,요주의,2,운영 등급 — 라벨 미확정
BRD_20200516,2024,연남물갈비,한식,31.0,FS3,High,0.32679523066157073,0.30834508103309244,요주의,1,운영 등급 — 라벨 미확정
BRD_20200522,2024,프레드피자,피자,168.0,FS1,Low,0.03234585180001555,0.02959397198521441,건전,0,운영 등급 — 라벨 미확정
BRD_20200543,2024,목구멍,한식,169.0,FS1,Low,0.03234585180001555,0.033020841188551676,건전,0,운영 등급 — 라벨 미확정
BRD_20200553,2024,노상치킨,치킨,44.0,FS3,High,0.32679523066157073,0.3411776307656602,요주의,1,운영 등급 — 라벨 미확정
BRD_20200561,2024,금복주류,주점,36.0,FS2,Medium,0.10584324702589222,0.10673744999242803,건전,0,운영 등급 — 라벨 미확정
BRD_20200578,2024,거북이동네,한식,36.0,FS1,Low,0.03234585180001555,0.033851597359057684,건전,0,운영 등급 — 라벨 미확정
BRD_20200586,2024,오유미당,기타 외국식,39.0,FS2,Medium,0.15982271985071145,0.15999999999999998,건전,0,운영 등급 — 라벨 미확정
BRD_20200597,2024,경원해물찜0427,한식,34.0,FS1,Low,0.03234585180001555,0.03333237475249143,건전,0,운영 등급 — 라벨 미확정
BRD_20200598,2024,사랑관,주점,10.0,FS3,High,0.32679523066157073,0.31619002654441397,요주의,2,운영 등급 — 라벨 미확정
BRD_20200599,2024,미미고,분식,16.0,FS2,Medium,0.10584324702589222,0.10285405425204394,건전,0,운영 등급 — 라벨 미확정
BRD_20200624,2024,찜꽁찜닭,한식,30.0,FS3,High,0.32679523066157073,0.2990473678344892,요주의,2,운영 등급 — 라벨 미확정
BRD_20200632,2024,유미카츠,일식,67.0,FS1,Low,0.040134190898509337,0.03734388043408833,건전,0,운영 등급 — 라벨 미확정
BRD_20200638,2024,천씨씨커피,커피,109.0,FS2,Medium,0.10584324702589222,0.11256254360300418,건전,0,운영 등급 — 라벨 미확정
BRD_20200673,2024,저스트텐동,일식,22.0,FS3,High,0.32679523066157073,0.30020958198431463,건전,0,운영 등급 — 라벨 미확정
BRD_20200675,2024,돈카춘,일식,32.0,FS3,High,0.2689750767077569,0.27739193456179306,건전,0,운영 등급 — 라벨 미확정
BRD_20200686,2024,치교치밥&치킨,기타 외식,64.0,FS3,High,0.2689750767077569,0.28031953729363174,요주의,2,운영 등급 — 라벨 미확정
BRD_20200700,2024,죽~이요,한식,108.0,FS3,High,0.32679523066157073,0.30892618810800515,요주의,2,운영 등급 — 라벨 미확정
BRD_20200704,2024,홍콩할매닭발명가,한식,86.0,FS3,High,0.2689750767077569,0.2437245031456482,요주의,1,운영 등급 — 라벨 미확정
BRD_20200724,2024,팔각도,한식,152.0,FS2,Medium,0.12358443004732989,0.13100502102264275,요주의,1,운영 등급 — 라벨 미확정
BRD_20200731,2024,꼬기만땅 점보비빔밥,한식,22.0,FS2,Medium,0.15982271985071145,0.15999999999999998,건전,0,운영 등급 — 라벨 미확정
BRD_20200732,2024,CAFE CANBUS(카페캔버스),커피,36.0,FS2,Medium,0.09066734525097016,0.09522011578344679,건전,0,운영 등급 — 라벨 미확정
BRD_20200740,2024,브런치앤다이닝37.5(Brunch&Dining37.5),기타 외식,56.0,FS1,Low,0.01158138161683619,0.014873309816608529,건전,0,운영 등급 — 라벨 미확정
BRD_20200743,2024,탕수육주는육군짬뽕,중식,23.0,FS3,High,0.32679523066157073,0.3164805800818703,요주의,1,운영 등급 — 라벨 미확정
BRD_20200756,2024,청년순대국,한식,27.0,FS3,High,0.2689750767077569,0.2876385441232284,요주의,1,운영 등급 — 라벨 미확정
BRD_20200757,2024,한결통아구찜,한식,25.0,FS2,Medium,0.15982271985071145,0.15415600149887,건전,0,운영 등급 — 라벨 미확정
BRD_20200774,2024,다가치통닭,치킨,37.0,FS2,Medium,0.10584324702589222,0.10878134248736702,건전,0,운영 등급 — 라벨 미확정
BRD_20200775,2024,덮밥90도씨,한식,29.0,FS2,Medium,0.15982271985071145,0.15999999999999998,요주의,3,운영 등급 — 라벨 미확정
BRD_20200778,2024,구구족,한식,106.0,FS2,Medium,0.10584324702589222,0.10975219142246305,건전,0,운영 등급 — 라벨 미확정
BRD_20200798,2024,명가통닭,치킨,87.0,FS1,Low,0.040134190898509337,0.03869304153776442,건전,0,운영 등급 — 라벨 미확정
BRD_20200802,2024,Blu Shaak(블루샥),커피,225.0,FS1,Low,0.01158138161683619,0.00727655243251852,건전,0,운영 등급 — 라벨 미확정
BRD_20200807,2024,덮덮밥,한식,188.0,FS1,Low,0.040134190898509337,0.03648532336811264,건전,0,운영 등급 — 라벨 미확정
BRD_20200808,2024,달빛에 구운 고등어,한식,32.0,FS2,Medium,0.10584324702589222,0.10382490318713997,건전,0,운영 등급 — 라벨 미확정
BRD_20200828,2024,두돈까스,한식,9.0,FS2,Medium,0.15982271985071145,0.15396711088714196,요주의,2,운영 등급 — 라벨 미확정
BRD_20200830,2024,인생아구찜,한식,175.0,FS2,Medium,0.10584324702589222,0.11281803016487155,건전,0,운영 등급 — 라벨 미확정
BRD_20200845,2024,황해수육,한식,50.0,FS2,Medium,0.09066734525097016,0.09157789935746549,요주의,1,운영 등급 — 라벨 미확정
BRD_20200856,2024,입큰아구알곤이찜,한식,48.0,FS3,High,0.32679523066157073,0.34466427321513643,요주의,2,운영 등급 — 라벨 미확정
BRD_20200872,2024,행진푸드,한식,19.0,FS3,High,0.17833399980005998,0.17430507416402527,요주의,1,운영 등급 — 라벨 미확정
BRD_20200878,2024,구삼짜글이,한식,28.0,FS3,High,0.32679523066157073,0.322001097293541,요주의,2,운영 등급 — 라벨 미확정
BRD_20200879,2024,막이오름,주점,21.0,FS2,Medium,0.15982271985071145,0.15999999999999998,요주의,2,운영 등급 — 라벨 미확정
BRD_20200904,2024,파이널나인,기타 외식,31.0,FS2,Medium,0.10584324702589222,0.10081016175710494,건전,0,운영 등급 — 라벨 미확정
BRD_20200937,2024,마장동김씨,한식,42.0,FS1,Low,0.03234585180001555,0.03421505318365406,건전,0,운영 등급 — 라벨 미확정
BRD_20200969,2024,청년고기장수,한식,48.0,FS2,Medium,0.12358443004732989,0.13126090347006733,건전,0,운영 등급 — 라벨 미확정
BRD_20200991,2024,씨네마얼음맥주,기타 외식,78.0,FS1,Low,0.03234585180001555,0.030009350070467414,건전,0,운영 등급 — 라벨 미확정
BRD_20200997,2024,피자플래넷,서양식,15.0,FS3,High,0.32679523066157073,0.332751578179426,요주의,2,운영 등급 — 라벨 미확정
BRD_20200998,2024,공룡닭발,기타 외식,34.0,FS2,Medium,0.12358443004732989,0.11556678002802633,건전,0,운영 등급 — 라벨 미확정
BRD_20201014,2024,고기극찬,한식,108.0,FS2,Medium,0.10584324702589222,0.10218978919118876,건전,0,운영 등급 — 라벨 미확정
BRD_20201018,2024,피자스톰,피자,94.0,FS2,Medium,0.12358443004732989,0.12733737260955708,요주의,1,운영 등급 — 라벨 미확정
BRD_20201021,2024,피자쿠치나,피자,13.0,FS2,Medium,0.12358443004732989,0.12503443058273586,요주의,2,운영 등급 — 라벨 미확정
BRD_20201036,2024,부라보맥주,주점,19.0,FS2,Medium,0.12358443004732989,0.12810501995183082,평가불가,0,운영 등급 — 라벨 미확정
BRD_20201043,2024,꼬치의품격,기타 외식,39.0,FS3,High,0.32679523066157073,0.31560891946950126,요주의,2,운영 등급 — 라벨 미확정
BRD_20201059,2024,밤하늘포차 연어육회,주점,33.0,FS2,Medium,0.12358443004732989,0.11471383853661105,평가불가,0,운영 등급 — 라벨 미확정
BRD_20201067,2024,킴브로스 피자&파스타,피자,34.0,FS2,Medium,0.12358443004732989,0.12861678484668,평가불가,0,운영 등급 — 라벨 미확정
BRD_20201098,2024,내조국국밥,한식,37.0,FS1,Low,0.03234585180001555,0.033591986055774556,건전,0,운영 등급 — 라벨 미확정
BRD_20201106,2024,뜸들이다,한식,59.0,FS3,High,0.2689750767077569,0.270804828415156,건전,0,운영 등급 — 라벨 미확정
BRD_20201121,2024,"챙길,밥",한식,41.0,FS2,Medium,0.15982271985071145,0.15999999999999998,요주의,2,운영 등급 — 라벨 미확정
BRD_20201124,2024,두심스 독도해물알찜,한식,25.0,FS2,Medium,0.12358443004732989,0.11949031088853658,건전,0,운영 등급 — 라벨 미확정
BRD_20201148,2024,힘난다버거,패스트푸드,26.0,FS3,High,0.32679523066157073,0.2996284749094019,평가불가,0,운영 등급 — 라벨 미확정
BRD_20201156,2024,마실커피,커피,53.0,FS1,Low,0.03234585180001555,0.035409265178756436,건전,0,운영 등급 — 라벨 미확정
BRD_20201166,2024,교반,한식,63.0,FS2,Medium,0.10584324702589222,0.10525562793359726,건전,0,운영 등급 — 라벨 미확정
BRD_20201169,2024,그집곱닭도리탕,한식,96.0,FS2,Medium,0.15982271985071145,0.15999999999999998,요주의,1,운영 등급 — 라벨 미확정
BRD_20201202,2024,오태식해바라기치킨,치킨,46.0,FS3,High,0.32679523066157073,0.3068923133458107,요주의,1,운영 등급 — 라벨 미확정
BRD_20201203,2024,하삼동커피,커피,644.0,FS1,Low,0.01158138161683619,0.011454768993768025,건전,0,운영 등급 — 라벨 미확정
BRD_20201212,2024,푸드모바일,한식,30.0,FS3,High,0.32679523066157073,0.3237444185182791,요주의,1,운영 등급 — 라벨 미확정
BRD_20201215,2024,청담피자,피자,48.0,FS2,Medium,0.10584324702589222,0.10035028594574366,건전,0,운영 등급 — 라벨 미확정
BRD_20201223,2024,눈꽃대패,기타 외식,29.0,FS2,Medium,0.10584324702589222,0.1076061043027771,건전,0,운영 등급 — 라벨 미확정
BRD_20201227,2024,오복 오봉집,한식,232.0,FS1,Low,0.01158138161683619,0.01715233703183553,건전,0,운영 등급 — 라벨 미확정
BRD_20201240,2024,오늘은카레,기타 외국식,20.0,FS3,High,0.32679523066157073,0.31328449116985047,요주의,2,운영 등급 — 라벨 미확정
BRD_20201243,2024,피자는 치즈빨,피자,55.0,FS1,Low,0.040134190898509337,0.04157534025925425,건전,0,운영 등급 — 라벨 미확정
BRD_20201249,2024,수유리혼밥왕,한식,91.0,FS3,High,0.2689750767077569,0.2912980475380268,요주의,1,운영 등급 — 라벨 미확정
BRD_20201254,2024,치킨인류,치킨,30.0,FS2,Medium,0.10584324702589222,0.1080148828017649,건전,0,운영 등급 — 라벨 미확정
BRD_20201258,2024,동방축산,한식,17.0,FS2,Medium,0.15982271985071145,0.15999999999999998,요주의,3,운영 등급 — 라벨 미확정
BRD_20201272,2024,커피마마퀸,기타 외식,46.0,FS2,Medium,0.12358443004732989,0.12494913643359432,건전,0,운영 등급 — 라벨 미확정
BRD_20201275,2024,호두당,제과제빵,57.0,FS2,Medium,0.10584324702589222,0.10586879568207896,건전,0,운영 등급 — 라벨 미확정
BRD_20201276,2024,그리너,기타 외식,34.0,FS2,Medium,0.10584324702589222,0.1096499967977161,건전,0,운영 등급 — 라벨 미확정
BRD_20201281,2024,경성한우국밥,기타 외식,46.0,FS2,Medium,0.10584324702589222,0.09871517194979247,건전,0,운영 등급 — 라벨 미확정
BRD_20201287,2024,카츠백,일식,50.0,FS2,Medium,0.09066734525097016,0.09643418792544055,건전,0,운영 등급 — 라벨 미확정
BRD_20201288,2024,밥스토랑,기타 외식,534.0,FS1,Low,0.03234585180001555,0.03624002134926244,건전,0,운영 등급 — 라벨 미확정
BRD_20201327,2024,무모한 초밥,일식,80.0,FS3,High,0.32679523066157073,0.3513470045766325,요주의,2,운영 등급 — 라벨 미확정
BRD_20201331,2024,이태리양조장,주점,51.0,FS2,Medium,0.10584324702589222,0.10750390967803015,건전,0,운영 등급 — 라벨 미확정
BRD_20201332,2024,79파운야드(79 FOUNYARD),제과제빵,13.0,FS3,High,0.32679523066157073,0.35163755811408887,요주의,2,운영 등급 — 라벨 미확정
BRD_20201339,2024,마요네즈 (mayonnaise),일식,29.0,FS2,Medium,0.15982271985071145,0.15207820476986147,요주의,2,운영 등급 — 라벨 미확정
BRD_20201343,2024,포케올데이,기타 외국식,135.0,FS1,Low,0.01158138161683619,0.012087832109108859,건전,0,운영 등급 — 라벨 미확정
BRD_20201345,2024,에그폭탄덮밥,한식,118.0,FS2,Medium,0.12358443004732989,0.12409619494217905,요주의,1,운영 등급 — 라벨 미확정
BRD_20201348,2024,"떡볶이 참 잘하는 집, 떡참",분식,82.0,FS3,High,0.32679523066157073,0.3318799175670569,요주의,1,운영 등급 — 라벨 미확정
BRD_20201358,2024,담꾹,한식,266.0,FS2,Medium,0.12358443004732989,0.12844619654839695,요주의,1,운영 등급 — 라벨 미확정
BRD_20201372,2024,해장은 천수냉면,한식,33.0,FS2,Medium,0.10584324702589222,0.10873024517499355,건전,0,운영 등급 — 라벨 미확정
BRD_20201402,2024,강다짐,분식,80.0,FS1,Low,0.03234585180001555,0.02881513807536503,건전,0,운영 등급 — 라벨 미확정
BRD_20201407,2024,권사부 순대국,한식,10.0,FS3,High,0.32679523066157073,0.3077639739581798,요주의,2,운영 등급 — 라벨 미확정
BRD_20201443,2024,라홍방 마라탕,중식,129.0,FS1,Low,0.03234585180001555,0.028918982596678282,건전,0,운영 등급 — 라벨 미확정
BRD_20201482,2024,돼지게티,한식,158.0,FS2,Medium,0.10584324702589222,0.10203649725406834,요주의,1,운영 등급 — 라벨 미확정
BRD_20201484,2024,리틀꼬마김밥,분식,50.0,FS1,Low,0.03234585180001555,0.029957427809810786,건전,0,운영 등급 — 라벨 미확정
BRD_20201497,2024,BT버거앤타코 (BURGER&TACO),패스트푸드,30.0,FS2,Medium,0.12358443004732989,0.12000207578338574,건전,0,운영 등급 — 라벨 미확정
BRD_20201504,2024,청년찌개,한식,33.0,FS3,High,0.32679523066157073,0.35047534396426344,요주의,2,운영 등급 — 라벨 미확정
BRD_20201507,2024,돈까스회관,기타 외식,21.0,FS2,Medium,0.15982271985071145,0.15999999999999998,요주의,3,운영 등급 — 라벨 미확정
BRD_20201537,2024,구도로통닭,치킨,76.0,FS3,High,0.2689750767077569,0.29788515368466384,요주의,1,운영 등급 — 라벨 미확정
BRD_20201587,2024,한신우동,분식,163.0,FS2,Medium,0.10584324702589222,0.10229198381593571,건전,0,운영 등급 — 라벨 미확정
BRD_20201592,2024,윤이불닭발,기타 외식,93.0,FS2,Medium,0.15982271985071145,0.15999999999999998,건전,0,운영 등급 — 라벨 미확정
BRD_20201595,2024,"쉼, 어묵 그리고 한잔 술",주점,48.0,FS2,Medium,0.10584324702589222,0.10392709781188691,건전,0,운영 등급 — 라벨 미확정
BRD_20201615,2024,손찬,한식,34.0,FS2,Medium,0.12358443004732989,0.11744325130913992,건전,0,운영 등급 — 라벨 미확정
BRD_20201620,2024,포슈아,기타 외국식,29.0,FS3,High,0.32679523066157073,0.3249066326681045,요주의,2,운영 등급 — 라벨 미확정
BRD_20201630,2024,감탄계숯불치킨,치킨,34.0,FS2,Medium,0.10584324702589222,0.11184718122977552,요주의,1,운영 등급 — 라벨 미확정
BRD_20201631,2024,커스텀커피,커피,104.0,FS1,Low,0.03234585180001555,0.028659371293395155,건전,0,운영 등급 — 라벨 미확정
BRD_20201644,2024,에그벅,기타 외식,13.0,FS3,High,0.32679523066157073,0.31212227702002504,요주의,2,운영 등급 — 라벨 미확정
BRD_20201657,2024,에그존,기타 외식,30.0,FS2,Medium,0.10584324702589222,0.10770829892752405,요주의,1,운영 등급 — 라벨 미확정
BRD_20201664,2024,꽈백최선생,분식,38.0,FS2,Medium,0.12358443004732989,0.11914913429197047,건전,0,운영 등급 — 라벨 미확정
BRD_20201680,2024,벤티프레소,커피,52.0,FS2,Medium,0.09066734525097016,0.09582715185444367,건전,0,운영 등급 — 라벨 미확정
BRD_20201685,2024,푸줏간 고기도시락,한식,128.0,FS1,Low,0.040134190898509337,0.0412687127356915,건전,0,운영 등급 — 라벨 미확정
BRD_20201713,2024,제줏간,한식,52.0,FS2,Medium,0.12358443004732989,0.12102560557308407,건전,0,운영 등급 — 라벨 미확정
BRD_20201727,2024,남바완돈카츠,일식,39.0,FS2,Medium,0.15982271985071145,0.15510045455751023,평가불가,0,운영 등급 — 라벨 미확정
BRD_20201728,2024,호미스(HOMIES),서양식,41.0,FS1,Low,0.03234585180001555,0.030736261719660166,건전,0,운영 등급 — 라벨 미확정
BRD_20201747,2024,아구듬뿍&알곤마니,한식,181.0,FS2,Medium,0.10584324702589222,0.10607318493157286,요주의,1,운영 등급 — 라벨 미확정
BRD_20201793,2024,국제시장 돼지국밥,한식,54.0,FS2,Medium,0.15982271985071145,0.15999999999999998,요주의,1,운영 등급 — 라벨 미확정
BRD_20201827,2024,양가네고기듬뿍김치찜,한식,11.0,FS3,High,0.2689750767077569,0.2568987154389223,요주의,3,운영 등급 — 라벨 미확정
BRD_20201840,2024,히츠지야,일식,22.0,FS3,High,0.2689750767077569,0.25470301339004325,요주의,2,운영 등급 — 라벨 미확정
BRD_20201844,2024,샐러바웃,기타 외식,26.0,FS2,Medium,0.12358443004732989,0.13202855081234108,건전,0,운영 등급 — 라벨 미확정
BRD_20201869,2024,댄싱컵(DANCINGCUP),커피,114.0,FS1,Low,0.03234585180001555,0.03276122988526855,건전,0,운영 등급 — 라벨 미확정
BRD_20201873,2024,아틀리에빈,커피,15.0,FS2,Medium,0.12358443004732989,0.1186373693971213,요주의,1,운영 등급 — 라벨 미확정
BRD_20201895,2024,무쇠김치삼겹,한식,22.0,FS2,Medium,0.12358443004732989,0.12776384335526472,건전,0,운영 등급 — 라벨 미확정
BRD_20201906,2024,고망고,음료 (커피 외),68.0,FS2,Medium,0.10584324702589222,0.09989041013438239,건전,0,운영 등급 — 라벨 미확정
BRD_20210017,2024,일월육일,주점,33.0,FS3,High,0.32679523066157073,0.3487320227395253,요주의,1,운영 등급 — 라벨 미확정
BRD_20210019,2024,볶찜,한식,28.0,FS3,High,0.32679523066157073,0.3310082569546879,요주의,2,운영 등급 — 라벨 미확정
BRD_20210023,2024,돈쫄돈,기타 외식,34.0,FS3,High,0.2689750767077569,0.2656815236344383,요주의,2,운영 등급 — 라벨 미확정
BRD_20210036,2024,양가네 명품갈비찜,한식,12.0,FS2,Medium,0.12358443004732989,0.11479913268575258,요주의,1,운영 등급 — 라벨 미확정
BRD_20210040,2024,악동삼겹,한식,14.0,FS2,Medium,0.15982271985071145,0.15999999999999998,요주의,3,운영 등급 — 라벨 미확정
BRD_20210041,2024,아덴블랑제리,커피,48.0,FS1,Low,0.040134190898509337,0.03991955163201541,요주의,1,운영 등급 — 라벨 미확정
BRD_20210086,2024,삼겹식당,기타 외식,29.0,FS2,Medium,0.12358443004732989,0.12204913536278239,건전,0,운영 등급 — 라벨 미확정
BRD_20210097,2024,치밥대장숯불양념92치킨,치킨,31.0,FS3,High,0.2689750767077569,0.2781238352447527,건전,0,운영 등급 — 라벨 미확정
BRD_20210119,2024,돈기부여,기타 외식,48.0,FS3,High,0.32679523066157073,0.34495482675259276,요주의,1,운영 등급 — 라벨 미확정
BRD_20210129,2024,제육폭식,한식,5.0,FS2,Medium,0.10584324702589222,0.11338010060097978,요주의,3,운영 등급 — 라벨 미확정
BRD_20210148,2024,잭슨피자,피자,42.0,FS1,Low,0.040134190898509337,0.042249920811092294,건전,0,운영 등급 — 라벨 미확정
BRD_20210160,2024,쿼드커피(QUAD COFFEE),커피,33.0,FS3,High,0.17833399980005998,0.18519406236952443,건전,0,운영 등급 — 라벨 미확정
BRD_20210211,2024,제육대가,기타 외식,100.0,FS1,Low,0.01158138161683619,0.010948318501495358,건전,0,운영 등급 — 라벨 미확정
BRD_20210213,2024,동복리 제주갈치조림,한식,22.0,FS2,Medium,0.10584324702589222,0.11327790597623281,건전,0,운영 등급 — 라벨 미확정
BRD_20210216,2024,일일양,한식,26.0,FS2,Medium,0.15982271985071145,0.15999999999999998,건전,0,운영 등급 — 라벨 미확정
BRD_20210237,2024,밥꼬찜닭,한식,34.0,FS3,High,0.17833399980005998,0.17539397298457518,건전,0,운영 등급 — 라벨 미확정
BRD_20210242,2024,전일맥주,주점,41.0,FS2,Medium,0.10584324702589222,0.10755500699040363,요주의,1,운영 등급 — 라벨 미확정
BRD_20210248,2024,박봉구가래떡볶이,분식,18.0,FS3,High,0.17833399980005998,0.17169171699470548,건전,0,운영 등급 — 라벨 미확정
BRD_20210285,2024,밥풀릭스,한식,104.0,FS3,High,0.32679523066157073,0.3464075944398745,요주의,1,운영 등급 — 라벨 미확정
BRD_20210291,2024,3X-LARGE COFFEE,커피,34.0,FS2,Medium,0.15982271985071145,0.15226709538158953,평가불가,0,운영 등급 — 라벨 미확정
BRD_20210315,2024,소림마라,중식,137.0,FS3,High,0.2689750767077569,0.27446433182995433,건전,0,운영 등급 — 라벨 미확정
BRD_20210365,2024,꾸꾸삼겹,한식,25.0,FS3,High,0.32679523066157073,0.33594766709144586,요주의,2,운영 등급 — 라벨 미확정
BRD_20210368,2024,꼬육꼬밥,한식,0.0,FS2,Medium,0.12358443004732989,0.12366972419647142,평가불가,0,운영 등급 — 라벨 미확정
BRD_20210375,2024,바른보쌈1990,기타 외식,166.0,FS2,Medium,0.12358443004732989,0.12128148802050864,요주의,1,운영 등급 — 라벨 미확정
BRD_20210387,2024,싸다아구찜&탕,한식,88.0,FS1,Low,0.040134190898509337,0.04028750466029071,건전,0,운영 등급 — 라벨 미확정
BRD_20210393,2024,덕수파스타 딜리버리,서양식,29.0,FS2,Medium,0.15982271985071145,0.15999999999999998,평가불가,0,운영 등급 — 라벨 미확정
BRD_20210428,2024,덮밥.ZIP,한식,34.0,FS3,High,0.32679523066157073,0.3292649357299498,요주의,2,운영 등급 — 라벨 미확정
BRD_20210436,2024,필라프에빠지다,기타 외식,46.0,FS3,High,0.2689750767077569,0.25982631817076096,평가불가,0,운영 등급 — 라벨 미확정
BRD_20210454,2024,청담곱떡,기타 외식,48.0,FS3,High,0.32679523066157073,0.30979784872037425,요주의,2,운영 등급 — 라벨 미확정
BRD_20210459,2024,9찬김치찌개,한식,0.0,FS2,Medium,0.12358443004732989,0.12375501834561294,평가불가,0,운영 등급 — 라벨 미확정
BRD_20210460,2024,청솔로9,커피,72.0,FS2,Medium,0.10584324702589222,0.10540891987071768,요주의,1,운영 등급 — 라벨 미확정
BRD_20210465,2024,죽선생,한식,9.0,FS3,High,0.17833399980005998,0.1725628360511454,요주의,2,운영 등급 — 라벨 미확정
BRD_20210513,2024,1992덮밥&짜글이,한식,51.0,FS3,High,0.32679523066157073,0.34524538029004914,건전,0,운영 등급 — 라벨 미확정
BRD_20210527,2024,1인삼겹 오빠삼,한식,9.0,FS3,High,0.32679523066157073,0.30369622443379085,요주의,2,운영 등급 — 라벨 미확정
BRD_20210532,2024,범맥주,주점,30.0,FS3,High,0.32679523066157073,0.30718286688326707,요주의,3,운영 등급 — 라벨 미확정
BRD_20210534,2024,삼산회관,한식,108.0,FS2,Medium,0.12358443004732989,0.12477854813531127,건전,0,운영 등급 — 라벨 미확정
BRD_20210552,2024,육만사,한식,84.0,FS3,High,0.32679523066157073,0.3074734204207234,요주의,1,운영 등급 — 라벨 미확정
BRD_20210564,2024,피자스웨그,피자,24.0,FS2,Medium,0.15982271985071145,0.15999999999999998,평가불가,0,운영 등급 — 라벨 미확정
BRD_20210567,2024,오늘도빙수,음료 (커피 외),39.0,FS1,Low,0.01158138161683619,0.015632985555017527,건전,0,운영 등급 — 라벨 미확정
BRD_20210570,2024,모리커피,커피,81.0,FS2,Medium,0.12358443004732989,0.11991678163424421,건전,0,운영 등급 — 라벨 미확정
BRD_20210593,2024,크로앙쥬,제과제빵,21.0,FS3,High,0.32679523066157073,0.3135750447073068,요주의,2,운영 등급 — 라벨 미확정
BRD_20210606,2024,거진어부네 코다리,한식,43.0,FS2,Medium,0.15982271985071145,0.15999999999999998,건전,0,운영 등급 — 라벨 미확정
BRD_20210622,2024,한라맥주,주점,61.0,FS2,Medium,0.12358443004732989,0.1268256077147079,요주의,1,운영 등급 — 라벨 미확정
BRD_20210655,2024,덮밥장사장,일식,37.0,FS2,Medium,0.12358443004732989,0.12349913589818835,건전,0,운영 등급 — 라벨 미확정
BRD_20210705,2024,우지커피(OOZYCOFFEE),커피,199.0,FS1,Low,0.01158138161683619,0.0039846242327461825,건전,0,운영 등급 — 라벨 미확정
BRD_20210738,2024,짐키친(GYM KITCHEN),기타 외식,34.0,FS3,High,0.17833399980005998,0.1827984849643146,요주의,2,운영 등급 — 라벨 미확정
BRD_20210758,2024,보글지글,기타 외식,0.0,FS3,High,0.32679523066157073,0.3167711336193267,요주의,2,운영 등급 — 라벨 미확정
BRD_20210819,2024,마몽로제떡볶이,분식,37.0,FS3,High,0.32679523066157073,0.3199672225313465,건전,0,운영 등급 — 라벨 미확정
BRD_20210826,2024,요거트아이스크림의 정석,아이스크림/빙수,187.0,FS2,Medium,0.10584324702589222,0.10464246018511555,건전,0,운영 등급 — 라벨 미확정
BRD_20210827,2024,조선화로닭발,한식,93.0,FS3,High,0.17833399980005998,0.16929613958949566,건전,0,운영 등급 — 라벨 미확정
BRD_20210847,2024,찐곱도리식당,한식,9.0,FS3,High,0.2689750767077569,0.2956894516357848,요주의,2,운영 등급 — 라벨 미확정
BRD_20210891,2024,가든쿡,서양식,8.0,FS3,High,0.2689750767077569,0.2612901195366803,요주의,2,운영 등급 — 라벨 미확정
BRD_20210896,2024,참다랑어 막주는 집,일식,44.0,FS2,Medium,0.15982271985071145,0.15604490761615047,건전,0,운영 등급 — 라벨 미확정
BRD_20210908,2024,이것이국밥이다,한식,87.0,FS3,High,0.32679523066157073,0.3039867779712472,요주의,2,운영 등급 — 라벨 미확정
BRD_20210911,2024,야미마라탕,중식,41.0,FS2,Medium,0.12358443004732989,0.12315795930162225,요주의,1,운영 등급 — 라벨 미확정
BRD_20210924,2024,고기궁전,한식,30.0,FS2,Medium,0.12358443004732989,0.1223903119593485,건전,0,운영 등급 — 라벨 미확정
BRD_20210926,2024,시카고부대찌개,한식,37.0,FS3,High,0.32679523066157073,0.35279977226391424,요주의,1,운영 등급 — 라벨 미확정
BRD_20210931,2024,기대만족,한식,104.0,FS3,High,0.2689750767077569,0.2825152393425107,요주의,1,운영 등급 — 라벨 미확정
BRD_20210937,2024,진탱 불곱창&불닭발,한식,25.0,FS3,High,0.32679523066157073,0.3432115055278546,요주의,1,운영 등급 — 라벨 미확정
BRD_20210961,2024,백돈,기타 외식,67.0,FS2,Medium,0.10584324702589222,0.11097852691942645,건전,0,운영 등급 — 라벨 미확정
BRD_20210973,2024,피자덕,피자,44.0,FS2,Medium,0.12358443004732989,0.12008736993252726,건전,0,운영 등급 — 라벨 미확정
BRD_20210990,2024,통통회,기타 외식,12.0,FS3,High,0.32679523066157073,0.33478545294162043,요주의,2,운영 등급 — 라벨 미확정
BRD_20210991,2024,카페16온스,커피,31.0,FS1,Low,0.03234585180001555,0.03572079874269619,요주의,1,운영 등급 — 라벨 미확정
BRD_20210996,2024,다복향 마라탕,기타 외국식,79.0,FS2,Medium,0.12358443004732989,0.12546090132844348,건전,0,운영 등급 — 라벨 미확정
BRD_20211004,2024,더마니,한식,111.0,FS1,Low,0.040134190898509337,0.03906099456603972,건전,0,운영 등급 — 라벨 미확정
BRD_20211005,2024,하이오커피,커피,277.0,FS2,Medium,0.10584324702589222,0.10326283275103174,건전,0,운영 등급 — 라벨 미확정
BRD_20211014,2024,도야짬뽕,중식,80.0,FS2,Medium,0.12358443004732989,0.13091972687350123,건전,0,운영 등급 — 라벨 미확정
BRD_20211017,2024,용용선생,주점,111.0,FS1,Low,0.040134190898509337,0.038509065023626776,요주의,1,운영 등급 — 라벨 미확정
BRD_20211034,2024,찌개공방,한식,52.0,FS2,Medium,0.10584324702589222,0.10009479938387629,건전,0,운영 등급 — 라벨 미확정
BRD_20211037,2024,1키로탕수육,중식,124.0,FS2,Medium,0.12358443004732989,0.12298737100333919,건전,0,운영 등급 — 라벨 미확정
BRD_20211040,2024,하륜일만족발,한식,59.0,FS3,High,0.17833399980005998,0.18628296119007434,요주의,1,운영 등급 — 라벨 미확정
BRD_20211074,2024,태리로제떡볶이&닭강정,분식,84.0,FS3,High,0.32679523066157073,0.3344948994041641,요주의,1,운영 등급 — 라벨 미확정
BRD_20211096,2024,해장쿡,한식,11.0,FS3,High,0.32679523066157073,0.3519281116515452,요주의,2,운영 등급 — 라벨 미확정
BRD_20211100,2024,유캔두잇,기타 외식,57.0,FS3,High,0.32679523066157073,0.35338087933882695,요주의,2,운영 등급 — 라벨 미확정
BRD_20211115,2024,영계소문옛날통닭,치킨,53.0,FS2,Medium,0.10584324702589222,0.10571550374495853,건전,0,운영 등급 — 라벨 미확정
BRD_20211122,2024,동백카츠,일식,33.0,FS2,Medium,0.12358443004732989,0.12665501941642487,요주의,1,운영 등급 — 라벨 미확정
BRD_20211123,2024,스참,분식,13.0,FS3,High,0.32679523066157073,0.33536656001653314,요주의,1,운영 등급 — 라벨 미확정
BRD_20211124,2024,휴게소,커피,30.0,FS2,Medium,0.12358443004732989,0.11710207471257382,건전,0,운영 등급 — 라벨 미확정
BRD_20211133,2024,효자동설렁탕,한식,30.0,FS3,High,0.32679523066157073,0.3100884022578306,요주의,1,운영 등급 — 라벨 미확정
BRD_20211147,2024,국밥대장,한식,23.0,FS3,High,0.32679523066157073,0.35367143287628333,요주의,3,운영 등급 — 라벨 미확정
BRD_20211154,2024,죽도령,한식,54.0,FS3,High,0.32679523066157073,0.3551242005635651,요주의,2,운영 등급 — 라벨 미확정
BRD_20211155,2024,인생냉면,한식,101.0,FS3,High,0.32679523066157073,0.2993379213719456,요주의,2,운영 등급 — 라벨 미확정
BRD_20211159,2024,돈도니 석쇠한판불고기,한식,6.0,FS2,Medium,0.10584324702589222,0.11266473822775112,건전,0,운영 등급 — 라벨 미확정
BRD_20211160,2024,을찌로국물떡볶이,분식,55.0,FS3,High,0.17833399980005998,0.18497628260541443,요주의,2,운영 등급 — 라벨 미확정
BRD_20211162,2024,향리원 마라탕,중식,33.0,FS2,Medium,0.10584324702589222,0.09907285313640679,건전,0,운영 등급 — 라벨 미확정
BRD_20211187,2024,파스타를 부탁해,서양식,20.0,FS3,High,0.2689750767077569,0.26714532500035765,요주의,2,운영 등급 — 라벨 미확정
BRD_20211200,2024,라화공방,중식,28.0,FS2,Medium,0.15982271985071145,0.15434489211059804,건전,0,운영 등급 — 라벨 미확정
BRD_20211217,2024,당신은지금치킨이땡긴다,치킨,27.0,FS3,High,0.32679523066157073,0.337690988316184,요주의,2,운영 등급 — 라벨 미확정
BRD_20211235,2024,샤오바오우육면,중식,22.0,FS2,Medium,0.15982271985071145,0.15999999999999998,요주의,3,운영 등급 — 라벨 미확정
BRD_20211246,2024,대동집,한식,85.0,FS2,Medium,0.10584324702589222,0.09856188001267205,건전,0,운영 등급 — 라벨 미확정
BRD_20211247,2024,아이엠도넛(IamDonut),제과제빵,51.0,FS3,High,0.2689750767077569,0.2832471400254704,요주의,2,운영 등급 — 라벨 미확정
BRD_20211278,2024,광안천지식당,한식,54.0,FS2,Medium,0.12358443004732989,0.11539619172974327,건전,0,운영 등급 — 라벨 미확정
BRD_20211286,2024,점프(JUMP),커피,23.0,FS3,High,0.32679523066157073,0.32461607913064816,요주의,3,운영 등급 — 라벨 미확정
BRD_20211310,2024,정성순대,한식,48.0,FS2,Medium,0.10584324702589222,0.11010987260907737,건전,0,운영 등급 — 라벨 미확정
BRD_20211329,2024,옐로우스푼,기타 외식,9.0,FS3,High,0.32679523066157073,0.33652877416635857,요주의,2,운영 등급 — 라벨 미확정
BRD_20211340,2024,순수덮밥,한식,171.0,FS2,Medium,0.10584324702589222,0.10837256398837923,요주의,1,운영 등급 — 라벨 미확정
BRD_20211363,2024,퍼스트커피,커피,27.0,FS3,High,0.32679523066157073,0.3158994730069576,요주의,2,운영 등급 — 라벨 미확정
BRD_20211406,2024,육회왕자연어공주,한식,83.0,FS3,High,0.32679523066157073,0.32694050743029895,건전,0,운영 등급 — 라벨 미확정
BRD_20211434,2024,요거트월드,기타 외식,164.0,FS2,Medium,0.12358443004732989,0.1317726683649165,건전,0,운영 등급 — 라벨 미확정
BRD_20211440,2024,평화김해뒷고기,한식,49.0,FS2,Medium,0.12358443004732989,0.11812560450227214,건전,0,운영 등급 — 라벨 미확정
BRD_20211453,2024,GLOER,제과제빵,13.0,FS3,High,0.2689750767077569,0.24957970860932557,요주의,2,운영 등급 — 라벨 미확정
BRD_20211458,2024,양호실떡볶이,분식,10.0,FS2,Medium,0.15982271985071145,0.15831159495688701,요주의,3,운영 등급 — 라벨 미확정
BRD_20211504,2024,과일에반하다.프루타,음료 (커피 외),48.0,FS3,High,0.32679523066157073,0.32955548926740613,건전,0,운영 등급 — 라벨 미확정
BRD_20211506,2024,팔팔포장마차,주점,95.0,FS2,Medium,0.12358443004732989,0.11488442683489411,건전,0,운영 등급 — 라벨 미확정
BRD_20211511,2024,버거리(BURGERRY),패스트푸드,86.0,FS2,Medium,0.10584324702589222,0.10515343330885031,건전,0,운영 등급 — 라벨 미확정
BRD_20211548,2024,짬뽕관,중식,62.0,FS2,Medium,0.10584324702589222,0.1005035778828641,건전,0,운영 등급 — 라벨 미확정
BRD_20211561,2024,파스타집이야,서양식,23.0,FS3,High,0.32679523066157073,0.3525092187264579,요주의,1,운영 등급 — 라벨 미확정
BRD_20211569,2024,피자웨이브,피자,20.0,FS3,High,0.32679523066157073,0.33565711355398953,요주의,2,운영 등급 — 라벨 미확정
BRD_20211593,2024,파란만잔,커피,46.0,FS2,Medium,0.12358443004732989,0.1311756093209258,건전,0,운영 등급 — 라벨 미확정
BRD_20211608,2024,카페미뇽,제과제빵,18.0,FS3,High,0.32679523066157073,0.3103789557952869,건전,0,운영 등급 — 라벨 미확정
BRD_20211645,2024,맘마찬,한식,36.0,FS3,High,0.32679523066157073,0.3147372588571322,건전,0,운영 등급 — 라벨 미확정
BRD_20211652,2024,윤반장,한식,27.0,FS3,High,0.32679523066157073,0.354252539951196,요주의,2,운영 등급 — 라벨 미확정
BRD_20211698,2024,헤즈업,주점,62.0,FS2,Medium,0.15982271985071145,0.15999999999999998,건전,0,운영 등급 — 라벨 미확정
BRD_20211699,2024,카페일분,커피,112.0,FS2,Medium,0.10584324702589222,0.10852585592549965,요주의,1,운영 등급 — 라벨 미확정
BRD_20211707,2024,순살만공격,치킨,125.0,FS2,Medium,0.15982271985071145,0.15999999999999998,요주의,3,운영 등급 — 라벨 미확정
BRD_20211709,2024,히포슈가 (HIPPO SUGAR),기타 외식,23.0,FS3,High,0.2689750767077569,0.24006499973084985,건전,0,운영 등급 — 라벨 미확정
BRD_20211711,2024,동네커피,커피,64.0,FS2,Medium,0.12358443004732989,0.13228443325976566,요주의,1,운영 등급 — 라벨 미확정
BRD_20211764,2024,국물에빠진두루치기,한식,105.0,FS3,High,0.32679523066157073,0.32403497205573545,건전,0,운영 등급 — 라벨 미확정
BRD_20211774,2024,육회바른연어,기타 외식,138.0,FS1,Low,0.01158138161683619,0.016139436047290196,건전,0,운영 등급 — 라벨 미확정
BRD_20211783,2024,국밥생각,한식,75.0,FS3,High,0.32679523066157073,0.3129939376323941,건전,0,운영 등급 — 라벨 미확정
BRD_20211849,2024,오꼬리,한식,0.0,FS2,Medium,0.12358443004732989,0.12384031249475447,평가불가,0,운영 등급 — 라벨 미확정
BRD_20211882,2024,솔솥,한식,63.0,FS2,Medium,0.10584324702589222,0.10101455100659884,건전,0,운영 등급 — 라벨 미확정
BRD_20211891,2024,PC토랑,패스트푸드,676.0,FS1,Low,0.040134190898509337,0.03881569254718952,건전,0,운영 등급 — 라벨 미확정
BRD_20211900,2024,식사하세요,한식,63.0,FS2,Medium,0.10584324702589222,0.11297132210199197,평가불가,0,운영 등급 — 라벨 미확정
BRD_20211903,2024,제이델링,제과제빵,43.0,FS2,Medium,0.10584324702589222,0.10683964461717498,건전,0,운영 등급 — 라벨 미확정
BRD_20211923,2024,도리당,한식,35.0,FS2,Medium,0.15982271985071145,0.1594449386272553,건전,0,운영 등급 — 라벨 미확정
BRD_20211947,2024,오한수우육면가,중식,50.0,FS1,Low,0.040134190898509337,0.040962085212128754,건전,0,운영 등급 — 라벨 미확정
BRD_20211955,2024,삼계탕이요,한식,31.0,FS3,High,0.32679523066157073,0.33972486307837846,요주의,2,운영 등급 — 라벨 미확정
BRD_20211973,2024,이라이타코야끼,일식,49.0,FS3,High,0.32679523066157073,0.3382720953910967,요주의,1,운영 등급 — 라벨 미확정
BRD_20211990,2024,랑데자뷰(RENDEJAVOUS),커피,25.0,FS3,High,0.17833399980005998,0.1710383777023755,건전,0,운영 등급 — 라벨 미확정
BRD_20211998,2024,연돈튀김덮밥,분식,31.0,FS3,High,0.32679523066157073,0.3548336470261087,요주의,1,운영 등급 — 라벨 미확정
BRD_20212010,2024,복호두,제과제빵,131.0,FS2,Medium,0.12358443004732989,0.11599325077373396,건전,0,운영 등급 — 라벨 미확정
BRD_20212021,2024,제주옥탑,한식,61.0,FS2,Medium,0.12358443004732989,0.1280197258026893,평가불가,0,운영 등급 — 라벨 미확정
BRD_20212045,2024,국밥참맛있는집,한식,90.0,FS2,Medium,0.10584324702589222,0.1104675537956917,건전,0,운영 등급 — 라벨 미확정
BRD_20212066,2024,역북집,한식,35.0,FS1,Low,0.01158138161683619,0.012720895224449694,건전,0,운영 등급 — 라벨 미확정
BRD_20212074,2024,도로시파스타,서양식,93.0,FS2,Medium,0.10584324702589222,0.10704403386666889,건전,0,운영 등급 — 라벨 미확정
BRD_20212086,2024,30년 불멸의 닭발,한식,42.0,FS2,Medium,0.12358443004732989,0.11531089758060174,건전,0,운영 등급 — 라벨 미확정
BRD_20212140,2024,스텔라떡볶이,분식,179.0,FS1,Low,0.01158138161683619,0.016012823424222028,건전,0,운영 등급 — 라벨 미확정
BRD_20212154,2024,부뚜막김치찜,한식,58.0,FS3,High,0.32679523066157073,0.3333326852543387,요주의,1,운영 등급 — 라벨 미확정
BRD_20212168,2024,병아리김밥,기타 외식,78.0,FS2,Medium,0.10584324702589222,0.10581769836970548,요주의,1,운영 등급 — 라벨 미확정
BRD_20212206,2024,배통,치킨,31.0,FS3,High,0.32679523066157073,0.3461170409024182,요주의,1,운영 등급 — 라벨 미확정
BRD_20212213,2024,안주가,한식,50.0,FS2,Medium,0.10584324702589222,0.10617537955631981,건전,0,운영 등급 — 라벨 미확정
BRD_20212216,2024,조선부뚜막,한식,48.0,FS2,Medium,0.15982271985071145,0.15755603250997482,요주의,1,운영 등급 — 라벨 미확정
BRD_20212229,2024,삼동소바,일식,78.0,FS1,Low,0.01158138161683619,0.021077328346948702,건전,0,운영 등급 — 라벨 미확정
BRD_20212274,2024,타코아찌 타코야끼전문점,일식,46.0,FS3,High,0.32679523066157073,0.34175873784057287,요주의,2,운영 등급 — 라벨 미확정
BRD_20212320,2024,밥깨비,한식,39.0,FS3,High,0.17833399980005998,0.17060281817415557,평가불가,0,운영 등급 — 라벨 미확정
BRD_20212321,2024,대박삼겹김치찜&초대박등갈비김치찜,한식,176.0,FS3,High,0.32679523066157073,0.32723106096775534,요주의,2,운영 등급 — 라벨 미확정
BRD_20212322,2024,와우당 냉면,한식,77.0,FS3,High,0.32679523066157073,0.3010812425966837,요주의,1,운영 등급 — 라벨 미확정
BRD_20212331,2024,응급닭발센터,한식,40.0,FS2,Medium,0.10584324702589222,0.10546001718309116,건전,0,운영 등급 — 라벨 미확정
BRD_20212334,2024,포트캔커피 PORT CAN COFFEE,커피,119.0,FS1,Low,0.03234585180001555,0.030217039113093914,건전,0,운영 등급 — 라벨 미확정
BRD_20212341,2024,바나타이거,커피,54.0,FS2,Medium,0.15982271985071145,0.15188931415813345,건전,0,운영 등급 — 라벨 미확정
BRD_20212359,2024,아라치,치킨,153.0,FS3,High,0.2689750767077569,0.2532392120241239,요주의,1,운영 등급 — 라벨 미확정
BRD_20212385,2024,계계속속,한식,55.0,FS3,High,0.32679523066157073,0.32229165083099737,요주의,1,운영 등급 — 라벨 미확정
BRD_20212416,2024,하노이맥주밤거리,주점,50.0,FS2,Medium,0.10584324702589222,0.11307351672673892,건전,0,운영 등급 — 라벨 미확정
BRD_20212427,2024,고깃리88번지,한식,31.0,FS2,Medium,0.12358443004732989,0.13049325612779358,건전,0,운영 등급 — 라벨 미확정
BRD_20212430,2024,미스터국수왕,분식,44.0,FS2,Medium,0.10584324702589222,0.10959889948534263,요주의,1,운영 등급 — 라벨 미확정
BRD_20212439,2024,피자먹다,피자,102.0,FS1,Low,0.040134190898509337,0.038263763004776574,건전,0,운영 등급 — 라벨 미확정
BRD_20212450,2024,취향마라,중식,26.0,FS3,High,0.17833399980005998,0.17190949675881545,건전,0,운영 등급 — 라벨 미확정
BRD_20212464,2024,피자와썹,피자,59.0,FS2,Medium,0.10584324702589222,0.10019699400862324,건전,0,운영 등급 — 라벨 미확정
BRD_20212508,2024,구름계란덮밥,한식,94.0,FS2,Medium,0.12358443004732989,0.12529031303016042,요주의,1,운영 등급 — 라벨 미확정
BRD_20212528,2024,후토루,일식,33.0,FS3,High,0.32679523066157073,0.3106695093327433,건전,0,운영 등급 — 라벨 미확정
BRD_20212547,2024,덮밥집이야,한식,34.0,FS3,High,0.32679523066157073,0.3408870772282038,요주의,1,운영 등급 — 라벨 미확정
BRD_202126,2024,고더커피,커피,43.0,FS2,Medium,0.10584324702589222,0.11077413766993255,요주의,1,운영 등급 — 라벨 미확정
BRD_20212607,2024,샐러디아,한식,70.0,FS3,High,0.32679523066157073,0.327812168042668,건전,0,운영 등급 — 라벨 미확정
BRD_20212610,2024,기떡찜,분식,180.0,FS2,Medium,0.10584324702589222,0.10520453062122379,요주의,1,운영 등급 — 라벨 미확정
BRD_20212629,2024,꾸아(Qua),기타 외국식,31.0,FS2,Medium,0.10584324702589222,0.10934341292347526,건전,0,운영 등급 — 라벨 미확정
BRD_20212722,2024,청록미나리식당,한식,33.0,FS2,Medium,0.10584324702589222,0.10867914786262008,요주의,1,운영 등급 — 라벨 미확정
BRD_20212743,2024,카츠루와,일식,33.0,FS3,High,0.32679523066157073,0.31735224069423934,요주의,2,운영 등급 — 라벨 미확정
BRD_20212760,2024,브런치빈,서양식,58.0,FS1,Low,0.040134190898509337,0.0413913637451166,건전,0,운영 등급 — 라벨 미확정
BRD_20212767,2024,제육의 법칙,한식,78.0,FS3,High,0.32679523066157073,0.34553593382750547,요주의,1,운영 등급 — 라벨 미확정
BRD_20212770,2024,김치백서,한식,36.0,FS2,Medium,0.12358443004732989,0.125546195477585,요주의,1,운영 등급 — 라벨 미확정
BRD_20212782,2024,청기와타운,한식,31.0,FS1,Low,0.040134190898509337,0.03887701805190207,건전,0,운영 등급 — 라벨 미확정
BRD_20212815,2024,조타코,기타 외국식,19.0,FS3,High,0.32679523066157073,0.34437371967768005,요주의,2,운영 등급 — 라벨 미확정
BRD_20212817,2024,참토스트,기타 외식,40.0,FS2,Medium,0.09066734525097016,0.09097086328646861,건전,0,운영 등급 — 라벨 미확정
BRD_20212828,2024,소코아,기타 외식,48.0,FS2,Medium,0.10584324702589222,0.1086280505502466,요주의,1,운영 등급 — 라벨 미확정
BRD_20212868,2024,수북국밥,한식,22.0,FS3,High,0.32679523066157073,0.35076589750171977,요주의,1,운영 등급 — 라벨 미확정
BRD_20212934,2024,옥된장,한식,79.0,FS2,Medium,0.12358443004732989,0.1283609023992554,평가불가,0,운영 등급 — 라벨 미확정
BRD_20212985,2024,파스타에반하다,서양식,65.0,FS3,High,0.17833399980005998,0.17343395510758533,건전,0,운영 등급 — 라벨 미확정
BRD_20213018,2024,인생김치찌개,한식,32.0,FS3,High,0.32679523066157073,0.3225822043684537,요주의,2,운영 등급 — 라벨 미확정
BRD_20213039,2024,풍덕천 두꺼비집,주점,27.0,FS3,High,0.32679523066157073,0.3530903258013706,건전,0,운영 등급 — 라벨 미확정
BRD_20213043,2024,히스피(HISFFEE),커피,34.0,FS1,Low,0.01158138161683619,0.01639266129342653,건전,0,운영 등급 — 라벨 미확정
BRD_20213068,2024,오사이초밥,일식,35.0,FS2,Medium,0.12358443004732989,0.11940501673939505,건전,0,운영 등급 — 라벨 미확정
BRD_20213078,2024,육칠이,한식,117.0,FS1,Low,0.03234585180001555,0.035980410045979315,건전,0,운영 등급 — 라벨 미확정
BRD_20213136,2024,유떡,분식,13.0,FS3,High,0.17833399980005998,0.1825807052002046,요주의,3,운영 등급 — 라벨 미확정
BRD_20213267,2024,기영이숯불두마리치킨,치킨,248.0,FS2,Medium,0.10584324702589222,0.10024809132099671,건전,0,운영 등급 — 라벨 미확정
BRD_20213303,2024,춘리마라탕,중식,202.0,FS1,Low,0.03234585180001555,0.033176607970521556,건전,0,운영 등급 — 라벨 미확정
BRD_20213360,2024,파스타예요,서양식,44.0,FS2,Medium,0.12358443004732989,0.11514030928231869,건전,0,운영 등급 — 라벨 미확정
BRD_20213402,2024,바른국밥,한식,19.0,FS3,High,0.32679523066157073,0.349313129814438,요주의,1,운영 등급 — 라벨 미확정
BRD_20213411,2024,백억커피,커피,165.0,FS1,Low,0.040134190898509337,0.043783058428906035,건전,0,운영 등급 — 라벨 미확정
BRD_20213522,2024,국밥도감,한식,30.0,FS3,High,0.32679523066157073,0.30660175980835436,요주의,2,운영 등급 — 라벨 미확정
BRD_20213713,2024,앗뜨죽,한식,54.0,FS3,High,0.32679523066157073,0.3231633114433664,건전,0,운영 등급 — 라벨 미확정
BRD_20213743,2024,성북당 십원빵,제과제빵,55.0,FS2,Medium,0.10584324702589222,0.10653306074293413,요주의,1,운영 등급 — 라벨 미확정
BRD_20213816,2024,완미족발,한식,150.0,FS1,Low,0.01158138161683619,0.021330553593085035,건전,0,운영 등급 — 라벨 미확정
BRD_20213850,2024,일일수작,주점,64.0,FS2,Medium,0.12358443004732989,0.1201726640816688,요주의,1,운영 등급 — 라벨 미확정
BRD_20213895,2024,몬스터탕수육,중식,58.0,FS2,Medium,0.10584324702589222,0.10908792636160787,건전,0,운영 등급 — 라벨 미확정
BRD_20213898,2024,그릭하다,기타 외식,32.0,FS2,Medium,0.12358443004732989,0.12247560610849004,건전,0,운영 등급 — 라벨 미확정
BRD_20213927,2024,국민낙곱새,한식,78.0,FS2,Medium,0.10584324702589222,0.11154059735553468,건전,0,운영 등급 — 라벨 미확정
BRD_20213991,2024,최강곱도리,한식,98.0,FS3,High,0.2689750767077569,0.2561668147559626,건전,0,운영 등급 — 라벨 미확정
BRD_20214020,2024,Egg2000,기타 외식,59.0,FS3,High,0.32679523066157073,0.30427733150870356,요주의,2,운영 등급 — 라벨 미확정
BRD_20214050,2024,김종구식맛치킨ㆍ 전기바베큐 옛날통닭,치킨,121.0,FS1,Low,0.040134190898509337,0.04341510540063073,건전,0,운영 등급 — 라벨 미확정
BRD_20214081,2024,올쿡24,기타 외식,117.0,FS2,Medium,0.10584324702589222,0.10137223219321316,평가불가,0,운영 등급 — 라벨 미확정
BRD_20214094,2024,압구정화로구이,한식,77.0,FS2,Medium,0.12358443004732989,0.12136678216965018,요주의,1,운영 등급 — 라벨 미확정
BRD_20214138,2024,와드커피(WAD COFFEE),커피,44.0,FS3,High,0.2689750767077569,0.2605582188537206,요주의,1,운영 등급 — 라벨 미확정
BRD_20214151,2024,빙수를품은달인(빙품달),아이스크림/빙수,43.0,FS3,High,0.2689750767077569,0.29276184890394613,건전,0,운영 등급 — 라벨 미확정
BRD_20214152,2024,육회야문연어,기타 외식,32.0,FS2,Medium,0.12358443004732989,0.1173579571599984,건전,0,운영 등급 — 라벨 미확정
BRD_20214246,2024,뽁당,한식,52.0,FS3,High,0.17833399980005998,0.18105624685143473,건전,0,운영 등급 — 라벨 미확정
BRD_20214278,2024,만타스시31,일식,68.0,FS3,High,0.17833399980005998,0.18192736590787467,요주의,2,운영 등급 — 라벨 미확정
BRD_20214326,2024,대한국밥만세,한식,39.0,FS3,High,0.17833399980005998,0.18083846708732476,평가불가,0,운영 등급 — 라벨 미확정
BRD_20214343,2024,화락바베큐치킨,치킨,159.0,FS1,Low,0.03234585180001555,0.03239777406067217,건전,0,운영 등급 — 라벨 미확정
BRD_20214358,2024,부엉이산장,한식,39.0,FS2,Medium,0.09066734525097016,0.09704122399643743,건전,0,운영 등급 — 라벨 미확정
BRD_20214362,2024,월간맥주,주점,60.0,FS1,Low,0.01158138161683619,0.020191039985471535,건전,0,운영 등급 — 라벨 미확정
BRD_20214429,2024,NiceCaffeinClub(NCC),커피,36.0,FS1,Low,0.01158138161683619,0.013860408832063194,건전,0,운영 등급 — 라벨 미확정
BRD_20214454,2024,우규,일식,35.0,FS2,Medium,0.10584324702589222,0.10735061774090973,건전,0,운영 등급 — 라벨 미확정
BRD_20214457,2024,스트릿 1988,커피,31.0,FS3,High,0.2689750767077569,0.29642135231874445,요주의,1,운영 등급 — 라벨 미확정
BRD_20214465,2024,볶음밥도사,한식,81.0,FS2,Medium,0.15982271985071145,0.15887826679207115,요주의,1,운영 등급 — 라벨 미확정
BRD_20214501,2024,왓더버거,패스트푸드,71.0,FS2,Medium,0.10584324702589222,0.10428477899850123,건전,0,운영 등급 — 라벨 미확정
BRD_20214596,2024,물회&회덮밥9900원,일식,81.0,FS3,High,0.32679523066157073,0.3153183659320449,요주의,2,운영 등급 — 라벨 미확정
BRD_20214600,2024,무청감자탕,한식,71.0,FS2,Medium,0.12358443004732989,0.12563148962672654,건전,0,운영 등급 — 라벨 미확정
BRD_20214614,2024,마녀김밥,분식,46.0,FS1,Low,0.040134190898509337,0.039796900622590316,건전,0,운영 등급 — 라벨 미확정
BRD_20214635,2024,NAN갈비장터,치킨,42.0,FS3,High,0.32679523066157073,0.3458264873649618,요주의,1,운영 등급 — 라벨 미확정
BRD_20214649,2024,조선볶음밥,한식,44.0,FS2,Medium,0.10584324702589222,0.10913902367398134,평가불가,0,운영 등급 — 라벨 미확정
BRD_20214650,2024,순수빙떡,아이스크림/빙수,31.0,FS3,High,0.17833399980005998,0.18715408024651428,요주의,3,운영 등급 — 라벨 미확정
BRD_20214651,2024,순수타코,기타 외식,85.0,FS2,Medium,0.10584324702589222,0.11138730541841425,요주의,1,운영 등급 — 라벨 미확정
BRD_20214653,2024,효자동솥뚜껑삼겹살감자탕순대국,한식,70.0,FS3,High,0.17833399980005998,0.1856296218977444,요주의,1,운영 등급 — 라벨 미확정
BRD_20214660,2024,호주에서 온 스시,일식,54.0,FS2,Medium,0.12358443004732989,0.12068442897651796,요주의,1,운영 등급 — 라벨 미확정
BRD_20214774,2024,킹치찌개찜,한식,62.0,FS3,High,0.32679523066157073,0.34786036212715626,건전,0,운영 등급 — 라벨 미확정
BRD_20214794,2024,미미관마라탕,중식,40.0,FS1,Low,0.03234585180001555,0.03177470693279267,건전,0,운영 등급 — 라벨 미확정
BRD_20214795,2024,2피자1치킨상회,피자,51.0,FS3,High,0.2689750767077569,0.26275392090259964,요주의,1,운영 등급 — 라벨 미확정
BRD_20214917,2024,봉명가닭도리탕,한식,85.0,FS3,High,0.17833399980005998,0.17212727652292545,요주의,2,운영 등급 — 라벨 미확정
BRD_20214931,2024,탕참탕수육참잘하는집,중식,164.0,FS2,Medium,0.15982271985071145,0.15999999999999998,요주의,2,운영 등급 — 라벨 미확정
BRD_20214949,2024,솥고집,한식,36.0,FS2,Medium,0.12358443004732989,0.12878737314496305,건전,0,운영 등급 — 라벨 미확정
BRD_20214971,2024,규카츠정,일식,41.0,FS2,Medium,0.10584324702589222,0.11276693285249807,건전,0,운영 등급 — 라벨 미확정
BRD_20215019,2024,빽보이피자,피자,243.0,FS1,Low,0.01158138161683619,0.020064427362403367,건전,0,운영 등급 — 라벨 미확정
BRD_20215029,2024,순살몬스터,치킨,139.0,FS2,Medium,0.10584324702589222,0.10494904405935641,요주의,1,운영 등급 — 라벨 미확정
BRD_20215034,2024,칠봉통닭,치킨,64.0,FS1,Low,0.040134190898509337,0.03942894759431502,건전,0,운영 등급 — 라벨 미확정
BRD_20215410,2024,모락떡볶이,분식,76.0,FS3,High,0.17833399980005998,0.16973169911771563,요주의,1,운영 등급 — 라벨 미확정
BRD_20215419,2024,김바삭군의 볼카츠마켙,기타 외식,0.0,FS2,Medium,0.10584324702589222,0.1074017150532832,평가불가,0,운영 등급 — 라벨 미확정
BRD_20215768,2024,모두의죽,한식,58.0,FS3,High,0.32679523066157073,0.34379261260276733,요주의,1,운영 등급 — 라벨 미확정
BRD_20215837,2024,돈까스튀기는형,일식,17.0,FS3,High,0.32679523066157073,0.32635940035538624,요주의,2,운영 등급 — 라벨 미확정
BRD_20215839,2024,88제육,한식,83.0,FS2,Medium,0.12358443004732989,0.12443737153874516,평가불가,0,운영 등급 — 라벨 미확정
BRD_20215857,2024,마일로(MILO),커피,48.0,FS1,Low,0.03234585180001555,0.029749738767184286,건전,0,운영 등급 — 라벨 미확정
BRD_20215860,2024,돼지팥빙수,기타 외식,25.0,FS3,High,0.32679523066157073,0.3025340102839654,건전,0,운영 등급 — 라벨 미확정
BRD_20220015,2024,토리아에즈,일식,45.0,FS1,Low,0.040134190898509337,0.03924497108017737,요주의,1,운영 등급 — 라벨 미확정
BRD_20220024,2024,이우철한방누룽지삼계탕,한식,48.0,FS2,Medium,0.12358443004732989,0.1252050188810189,건전,0,운영 등급 — 라벨 미확정
BRD_20220035,2024,제비파스타&리조또,서양식,41.0,FS3,High,0.32679523066157073,0.35570530763847774,요주의,2,운영 등급 — 라벨 미확정
BRD_20220053,2024,이찌방라멘& 카츠카레,일식,41.0,FS2,Medium,0.10584324702589222,0.1125114462906307,요주의,1,운영 등급 — 라벨 미확정
BRD_20220057,2024,철길부산집,주점,280.0,FS1,Low,0.01158138161683619,0.02120394097001687,요주의,1,운영 등급 — 라벨 미확정
BRD_20220073,2024,헬키푸키,기타 외식,31.0,FS1,Low,0.040134190898509337,0.04261787383936759,요주의,1,운영 등급 — 라벨 미확정
BRD_20220090,2024,꺼꾸잽이 초장집,기타 외식,35.0,FS3,High,0.17833399980005998,0.1806206873232148,요주의,1,운영 등급 — 라벨 미확정
BRD_20220096,2024,경아식당,한식,24.0,FS3,High,0.32679523066157073,0.32141999021862827,요주의,1,운영 등급 — 라벨 미확정
BRD_20220147,2024,샐러리아 SALARIA,커피,81.0,FS2,Medium,0.10584324702589222,0.10321173543865826,건전,0,운영 등급 — 라벨 미확정
BRD_20220154,2024,달래해장,한식,28.0,FS3,High,0.2689750767077569,0.2517754106582046,요주의,3,운영 등급 — 라벨 미확정
BRD_20220173,2024,밀면의 법칙,한식,55.0,FS2,Medium,0.10584324702589222,0.1084236613007527,건전,0,운영 등급 — 라벨 미확정
BRD_20220177,2024,수백당,한식,67.0,FS3,High,0.17833399980005998,0.1738695146358053,건전,0,운영 등급 — 라벨 미확정
BRD_20220206,2024,일품대패,한식,85.0,FS2,Medium,0.10584324702589222,0.10632867149344023,건전,0,운영 등급 — 라벨 미확정
BRD_20220226,2024,PLUS 82(플러스 82),커피,146.0,FS2,Medium,0.09066734525097016,0.08672161078949044,건전,0,운영 등급 — 라벨 미확정
BRD_20220232,2024,커피나인,커피,67.0,FS1,Low,0.03234585180001555,0.03037280589506379,건전,0,운영 등급 — 라벨 미확정
BRD_20220252,2024,바다수퍼 해물천하조개구이·찜,한식,32.0,FS3,High,0.32679523066157073,0.34756980858969994,요주의,2,운영 등급 — 라벨 미확정
BRD_20220257,2024,이십센치,커피,11.0,FS3,High,0.17833399980005998,0.1865007409541843,요주의,2,운영 등급 — 라벨 미확정
BRD_20220261,2024,과일담은 요거트 맛집 요맛,아이스크림/빙수,65.0,FS3,High,0.2689750767077569,0.25104350997524494,건전,0,운영 등급 — 라벨 미확정
BRD_20220299,2024,사랑해베이글,기타 외식,34.0,FS2,Medium,0.10584324702589222,0.09851078270029857,건전,0,운영 등급 — 라벨 미확정
BRD_20220301,2024,마케집,일식,29.0,FS1,Low,0.040134190898509337,0.04022617915557816,건전,0,운영 등급 — 라벨 미확정
BRD_20220322,2024,한식밥상,한식,46.0,FS3,High,0.32679523066157073,0.311250616407656,요주의,2,운영 등급 — 라벨 미확정
BRD_20220332,2024,고래맥주창고,주점,87.0,FS3,High,0.32679523066157073,0.35396198641373966,건전,0,운영 등급 — 라벨 미확정
BRD_20220334,2024,정성카츠,기타 외식,66.0,FS2,Medium,0.12358443004732989,0.12042854652909338,건전,0,운영 등급 — 라벨 미확정
BRD_20220426,2024,편편집,한식,79.0,FS1,Low,0.03234585180001555,0.034993887093503435,건전,0,운영 등급 — 라벨 미확정
BRD_20220427,2024,월미당,기타 외국식,41.0,FS3,High,0.32679523066157073,0.30631120627089803,건전,0,운영 등급 — 라벨 미확정
BRD_20220436,2024,타코이찌 타코야끼 전문점,일식,41.0,FS3,High,0.32679523066157073,0.32112943668117194,요주의,2,운영 등급 — 라벨 미확정
BRD_20220467,2024,내가닭도리탕이다,한식,79.0,FS3,High,0.32679523066157073,0.3057300991959853,건전,0,운영 등급 — 라벨 미확정
BRD_20220470,2024,바나프레소,커피,52.0,FS1,Low,0.03234585180001555,0.03395544188037093,건전,0,운영 등급 — 라벨 미확정
BRD_20220492,2024,구여사 컵밥,한식,38.0,FS2,Medium,0.12358443004732989,0.1176991337565645,건전,0,운영 등급 — 라벨 미확정
BRD_20220521,2024,대한마라,중식,0.0,FS3,High,0.32679523066157073,0.3342043458667078,요주의,2,운영 등급 — 라벨 미확정
BRD_20220525,2024,동래정 백탄직화,한식,54.0,FS2,Medium,0.10584324702589222,0.10086125906947842,건전,0,운영 등급 — 라벨 미확정
BRD_20220528,2024,맘스터치 피자앤치킨,패스트푸드,37.0,FS2,Medium,0.12358443004732989,0.11590795662459244,요주의,1,운영 등급 — 라벨 미확정
BRD_20220529,2024,하르당,제과제빵,47.0,FS1,Low,0.040134190898509337,0.04316980338178054,건전,0,운영 등급 — 라벨 미확정
BRD_20220554,2024,리파인,한식,31.0,FS2,Medium,0.15982271985071145,0.15302265782850172,건전,0,운영 등급 — 라벨 미확정
BRD_20220555,2024,더담덮밥,한식,17.0,FS3,High,0.17833399980005998,0.17474063369224524,요주의,3,운영 등급 — 라벨 미확정
BRD_20220568,2024,테라커피(TERA COFFEE),커피,58.0,FS1,Low,0.03234585180001555,0.034682353529563684,건전,0,운영 등급 — 라벨 미확정
BRD_20220572,2024,카페요아정,아이스크림/빙수,372.0,FS2,Medium,0.10584324702589222,0.10510233599647684,건전,0,운영 등급 — 라벨 미확정
BRD_20220587,2024,라사천마라탕,중식,57.0,FS3,High,0.32679523066157073,0.33856264892855303,요주의,1,운영 등급 — 라벨 미확정
BRD_20220664,2024,전국3대춘천닭갈비,한식,41.0,FS2,Medium,0.15982271985071145,0.15999999999999998,요주의,3,운영 등급 — 라벨 미확정
BRD_20220732,2024,98도씨 국밥,기타 외식,39.0,FS3,High,0.32679523066157073,0.348441469202069,요주의,2,운영 등급 — 라벨 미확정
BRD_20220745,2024,불아더 숯불바베큐,치킨,37.0,FS3,High,0.17833399980005998,0.17365173487169533,요주의,1,운영 등급 — 라벨 미확정
BRD_20220780,2024,커피다스1리터,커피,10.0,FS3,High,0.32679523066157073,0.34815091566461265,요주의,2,운영 등급 — 라벨 미확정
BRD_20220789,2024,우이락,한식,44.0,FS3,High,0.32679523066157073,0.33013659634231884,요주의,1,운영 등급 — 라벨 미확정
BRD_20220797,2024,타타스베이글,제과제빵,23.0,FS3,High,0.17833399980005998,0.17953178850266485,요주의,3,운영 등급 — 라벨 미확정
BRD_20220831,2024,노모어피자,피자,174.0,FS2,Medium,0.12358443004732989,0.13006678538208596,건전,0,운영 등급 — 라벨 미확정
BRD_20220867,2024,김치찜은못참지,한식,82.0,FS2,Medium,0.10584324702589222,0.10448916824799513,건전,0,운영 등급 — 라벨 미확정
BRD_20220875,2024,담솥,한식,37.0,FS2,Medium,0.12358443004732989,0.1264844311181418,요주의,1,운영 등급 — 라벨 미확정
BRD_20220917,2024,제주고세호해장국,한식,37.0,FS3,High,0.32679523066157073,0.34989423688935073,요주의,1,운영 등급 — 라벨 미확정
BRD_20220920,2024,라스트춘선,한식,35.0,FS2,Medium,0.12358443004732989,0.12051384067823491,건전,0,운영 등급 — 라벨 미확정
BRD_20221022,2024,까몬(CAMO’N),기타 외국식,45.0,FS1,Low,0.040134190898509337,0.03893834355661462,건전,0,운영 등급 — 라벨 미확정
BRD_20221027,2024,정우의 도시락,기타 외식,14.0,FS3,High,0.32679523066157073,0.3190955619189775,요주의,2,운영 등급 — 라벨 미확정
BRD_20221028,2024,차차커피코,커피,50.0,FS3,High,0.17833399980005998,0.18758963977473425,요주의,2,운영 등급 — 라벨 미확정
BRD_20221034,2024,토리키치,기타 외식,62.0,FS3,High,0.32679523066157073,0.3196766689938902,건전,0,운영 등급 — 라벨 미확정
BRD_20221035,2024,김선생불닭발,한식,127.0,FS2,Medium,0.10584324702589222,0.10648196343056066,요주의,1,운영 등급 — 라벨 미확정
BRD_20221036,2024,뚜선장 쭈꾸미호,한식,114.0,FS2,Medium,0.12358443004732989,0.13040796197865206,건전,0,운영 등급 — 라벨 미확정
BRD_20221037,2024,김사부의곱창명가,한식,127.0,FS2,Medium,0.10584324702589222,0.11312461403911239,요주의,1,운영 등급 — 라벨 미확정
BRD_20221049,2024,남썬치킨,치킨,57.0,FS2,Medium,0.12358443004732989,0.12264619440677309,요주의,3,운영 등급 — 라벨 미확정
BRD_20221056,2024,담아내다,한식,82.0,FS3,High,0.32679523066157073,0.3080545274956361,요주의,1,운영 등급 — 라벨 미확정
BRD_20221147,2024,쏘시지요,주점,117.0,FS2,Medium,0.10584324702589222,0.11343119791335324,평가불가,0,운영 등급 — 라벨 미확정
BRD_20221200,2024,구주,주점,33.0,FS2,Medium,0.12358443004732989,0.1167608981160077,건전,0,운영 등급 — 라벨 미확정
BRD_20221216,2024,카레세끼 매운숙성카레,일식,41.0,FS3,High,0.32679523066157073,0.3251971862055609,요주의,1,운영 등급 — 라벨 미확정
BRD_20221246,2024,열정국밥,한식,234.0,FS2,Medium,0.12358443004732989,0.12076972312565949,건전,0,운영 등급 — 라벨 미확정
BRD_20221254,2024,본가왕뼈 감자탕,한식,58.0,FS2,Medium,0.10584324702589222,0.10893463442448745,건전,0,운영 등급 — 라벨 미확정
BRD_20221260,2024,한양화로,한식,65.0,FS3,High,0.32679523066157073,0.3016623496715964,요주의,2,운영 등급 — 라벨 미확정
BRD_20221261,2024,퐁치커피익스프레스,커피,52.0,FS2,Medium,0.12358443004732989,0.1287020789958215,요주의,2,운영 등급 — 라벨 미확정
BRD_20221273,2024,정동진칼국수,기타 외식,40.0,FS3,High,0.32679523066157073,0.29991902844685825,요주의,1,운영 등급 — 라벨 미확정
BRD_20221283,2024,이게볶음밥,한식,37.0,FS3,High,0.32679523066157073,0.3374004347787276,건전,0,운영 등급 — 라벨 미확정
BRD_20221304,2024,7곡제면소,한식,32.0,FS2,Medium,0.15982271985071145,0.1562337982278785,평가불가,0,운영 등급 — 라벨 미확정
BRD_20221393,2024,김삼구,한식,29.0,FS2,Medium,0.12358443004732989,0.12605796037243416,요주의,3,운영 등급 — 라벨 미확정
BRD_20221406,2024,라바게트,커피,40.0,FS1,Low,0.040134190898509337,0.038325088509489125,요주의,1,운영 등급 — 라벨 미확정
BRD_20221446,2024,파스타 흔,서양식,24.0,FS3,High,0.32679523066157073,0.3501847904268071,요주의,2,운영 등급 — 라벨 미확정
BRD_20221447,2024,이바우국밥,한식,56.0,FS3,High,0.17833399980005998,0.18410516354897452,요주의,2,운영 등급 — 라벨 미확정
BRD_20221451,2024,영삼이네우정소갈비,한식,53.0,FS2,Medium,0.12358443004732989,0.1298961970838029,건전,0,운영 등급 — 라벨 미확정
BRD_20230021,2024,스모프치킨,치킨,58.0,FS2,Medium,0.10584324702589222,0.10045248057049062,요주의,1,운영 등급 — 라벨 미확정
BRD_20230023,2024,프랭크커핀바,커피,35.0,FS3,High,0.2689750767077569,0.28471094139138975,요주의,1,운영 등급 — 라벨 미확정
BRD_20230038,2024,두번먹는명인김치찜,한식,53.0,FS3,High,0.32679523066157073,0.3496036833518944,건전,0,운영 등급 — 라벨 미확정
BRD_20230118,2024,찐하오 마라탕,중식,60.0,FS3,High,0.32679523066157073,0.32345386498082274,요주의,1,운영 등급 — 라벨 미확정
BRD_20230132,2024,배무치숯불두마리치킨,치킨,63.0,FS3,High,0.32679523066157073,0.3321704711045133,건전,0,운영 등급 — 라벨 미확정
BRD_20230142,2024,샹츠마라,중식,35.0,FS1,Low,0.03234585180001555,0.032605463103298676,건전,0,운영 등급 — 라벨 미확정
BRD_20230145,2024,참맛죽,한식,54.0,FS3,High,0.32679523066157073,0.3045678850461599,요주의,1,운영 등급 — 라벨 미확정
BRD_20230146,2024,국밥은이거지,한식,52.0,FS3,High,0.32679523066157073,0.33246102464196964,요주의,1,운영 등급 — 라벨 미확정
BRD_20230151,2024,백연게장,한식,38.0,FS2,Medium,0.10584324702589222,0.10438697362324818,평가불가,0,운영 등급 — 라벨 미확정
BRD_20230159,2024,카페프리헷,커피,151.0,FS1,Low,0.01158138161683619,0.01867168850865353,건전,0,운영 등급 — 라벨 미확정
BRD_20230178,2024,카페만월경,커피,340.0,FS1,Low,0.01158138161683619,0.0206974904777442,건전,0,운영 등급 — 라벨 미확정
BRD_20230189,2024,꽈배기진,제과제빵,30.0,FS1,Low,0.040134190898509337,0.037037252910525585,요주의,1,운영 등급 — 라벨 미확정
BRD_20230229,2024,밥튜브,한식,128.0,FS2,Medium,0.12358443004732989,0.12358443004732989,건전,0,운영 등급 — 라벨 미확정
BRD_20230261,2024,샤브올데이,한식,49.0,FS3,High,0.32679523066157073,0.3048584385836163,건전,0,운영 등급 — 라벨 미확정
BRD_20230374,2024,원조설악칡냉면,한식,43.0,FS2,Medium,0.12358443004732989,0.12716678431127404,건전,0,운영 등급 — 라벨 미확정
BRD_20230392,2024,해탄,한식,61.0,FS2,Medium,0.12358443004732989,0.1295550204872368,건전,0,운영 등급 — 라벨 미확정
BRD_20230433,2024,갓잇,기타 외식,30.0,FS2,Medium,0.10584324702589222,0.10060577250761105,건전,0,운영 등급 — 라벨 미확정
BRD_20230450,2024,짜글이미식회,한식,41.0,FS2,Medium,0.12358443004732989,0.12460795983702821,요주의,1,운영 등급 — 라벨 미확정
BRD_20230455,2024,샤브로21,한식,49.0,FS1,Low,0.040134190898509337,0.038202437500064024,요주의,1,운영 등급 — 라벨 미확정
BRD_20230460,2024,토핑폭탄김치찜&김치찌개,한식,45.0,FS3,High,0.17833399980005998,0.17408729439991527,요주의,1,운영 등급 — 라벨 미확정
BRD_20230482,2024,밥스틸러 김치찜,한식,43.0,FS3,High,0.32679523066157073,0.2987568142970329,요주의,3,운영 등급 — 라벨 미확정
BRD_20230484,2024,요커,음료 (커피 외),37.0,FS2,Medium,0.10584324702589222,0.1088324397997405,건전,0,운영 등급 — 라벨 미확정
BRD_20230528,2024,잇쇼타코야끼,일식,32.0,FS2,Medium,0.10584324702589222,0.11072304035755907,건전,0,운영 등급 — 라벨 미확정
BRD_20230542,2024,미친피자,피자,31.0,FS3,High,0.32679523066157073,0.32752161450521167,건전,0,운영 등급 — 라벨 미확정
BRD_20230555,2024,꽃피는곱도리탕,한식,35.0,FS3,High,0.17833399980005998,0.1764828718051251,요주의,1,운영 등급 — 라벨 미확정
BRD_20230572,2024,오늘은전골,한식,62.0,FS3,High,0.32679523066157073,0.3522186651890015,건전,0,운영 등급 — 라벨 미확정
BRD_20230652,2024,요하마라21,중식,34.0,FS3,High,0.2689750767077569,0.2810514379765914,평가불가,0,운영 등급 — 라벨 미확정
BRD_20230725,2024,번쩍피자,피자,58.0,FS2,Medium,0.10584324702589222,0.11128511079366729,건전,0,운영 등급 — 라벨 미확정
BRD_20230766,2024,호시타코야끼,분식,69.0,FS2,Medium,0.10584324702589222,0.10372270856239302,건전,0,운영 등급 — 라벨 미확정
BRD_20230769,2024,맘스피자(MOM'S PIZZA),패스트푸드,104.0,FS1,Low,0.040134190898509337,0.03746653144351343,건전,0,운영 등급 — 라벨 미확정
BRD_20230812,2024,달롱도르요거트아이스크림,아이스크림/빙수,84.0,FS3,High,0.32679523066157073,0.3394343095409221,요주의,1,운영 등급 — 라벨 미확정
BRD_20230829,2024,수라섬 장칼국수,한식,19.0,FS3,High,0.32679523066157073,0.3440831661402237,요주의,2,운영 등급 — 라벨 미확정
BRD_20230835,2024,모토이시,일식,68.0,FS2,Medium,0.10584324702589222,0.1065841580553076,건전,0,운영 등급 — 라벨 미확정
BRD_20230855,2024,이가네양꼬치,중식,34.0,FS1,Low,0.03234585180001555,0.03151509562950954,건전,0,운영 등급 — 라벨 미확정
BRD_20230863,2024,진교동찜닭,한식,53.0,FS3,High,0.17833399980005998,0.1749584134563552,건전,0,운영 등급 — 라벨 미확정
BRD_20230891,2024,마포냉면 숯불구이,한식,64.0,FS2,Medium,0.15982271985071145,0.15999999999999998,건전,0,운영 등급 — 라벨 미확정
BRD_20230924,2024,고기듬뿍국물두루치기,한식,159.0,FS2,Medium,0.12358443004732989,0.130237373680369,건전,0,운영 등급 — 라벨 미확정
BRD_20230962,2024,면식당,일식,35.0,FS2,Medium,0.12358443004732989,0.12904325559238763,건전,0,운영 등급 — 라벨 미확정
BRD_20230971,2024,화평댁닭구이,치킨,79.0,FS3,High,0.2689750767077569,0.28910234548914776,요주의,1,운영 등급 — 라벨 미확정
BRD_20231111,2024,오름순돼국밥,한식,25.0,FS3,High,0.32679523066157073,0.33885320246600936,요주의,2,운영 등급 — 라벨 미확정
BRD_20231205,2024,탐나는피자,피자,47.0,FS1,Low,0.040134190898509337,0.039612924108452664,건전,0,운영 등급 — 라벨 미확정
BRD_20231207,2024,카페인24,커피,68.0,FS2,Medium,0.10584324702589222,0.10004370207150282,건전,0,운영 등급 — 라벨 미확정
BRD_20231209,2024,생마차,주점,181.0,FS2,Medium,0.15982271985071145,0.15999999999999998,건전,0,운영 등급 — 라벨 미확정
BRD_20231291,2024,맛찜랭킹,한식,39.0,FS3,High,0.32679523066157073,0.33623822062890224,요주의,2,운영 등급 — 라벨 미확정
BRD_20231326,2024,피자닭터,서양식,31.0,FS3,High,0.17833399980005998,0.17713621109745506,요주의,1,운영 등급 — 라벨 미확정
BRD_20231530,2024,또띠아그램,기타 외국식,60.0,FS3,High,0.17833399980005998,0.17234505628703542,건전,0,운영 등급 — 라벨 미확정
BRD_20231554,2024,밥구정로데오,한식,34.0,FS2,Medium,0.15982271985071145,0.15472267333405412,건전,0,운영 등급 — 라벨 미확정
BRD_20231573,2024,상상오리,한식,68.0,FS2,Medium,0.10584324702589222,0.10234308112830919,평가불가,0,운영 등급 — 라벨 미확정
BRD_20231618,2024,요거트퍼플,음료 (커피 외),51.0,FS2,Medium,0.12358443004732989,0.12196384121364087,평가불가,0,운영 등급 — 라벨 미확정
BRD_20231656,2024,제육집막내아들,한식,37.0,FS2,Medium,0.12358443004732989,0.11752854545828145,건전,0,운영 등급 — 라벨 미확정
BRD_20231719,2024,마장동 고기집,한식,194.0,FS2,Medium,0.10584324702589222,0.1094456075482222,건전,0,운영 등급 — 라벨 미확정
BRD_20231723,2024,다다하다,기타 외국식,35.0,FS3,High,0.17833399980005998,0.17909622897444488,평가불가,0,운영 등급 — 라벨 미확정
BRD_20231726,2024,메가혼밥,한식,58.0,FS2,Medium,0.12358443004732989,0.1261432545215757,평가불가,0,운영 등급 — 라벨 미확정
BRD_20231796,2024,뽁떡떡볶이,분식,52.0,FS3,High,0.17833399980005998,0.1767006515692351,평가불가,0,운영 등급 — 라벨 미확정
BRD_20231893,2024,돈돈김치찌개&찜,한식,40.0,FS2,Medium,0.15982271985071145,0.15999999999999998,평가불가,0,운영 등급 — 라벨 미확정
NAME:국밥상회냉면@외식,2024,국밥상회&냉면,한식,9.0,FS3,High,0.32679523066157073,0.3243255255931918,요주의,2,운영 등급 — 라벨 미확정
NAME:국수나무@외식,2024,국수나무,분식,173.0,FS1,Low,0.01158138161683619,0.009682192270813688,건전,0,운영 등급 — 라벨 미확정
NAME:달떡볶이@외식,2024,달떡볶이,분식,64.0,FS1,Low,0.01158138161683619,0.008542678663200187,건전,0,운영 등급 — 라벨 미확정
NAME:맥도날드@외식,2024,맥도날드,패스트푸드,55.0,FS1,Low,0.03234585180001555,0.03603233230663594,건전,0,운영 등급 — 라벨 미확정
NAME:보고싶다@외식,2024,보고싶다,기타 외식,31.0,FS3,High,0.32679523066157073,0.3019529032090527,요주의,2,운영 등급 — 라벨 미확정
NAME:삼송빵집@외식,2024,삼송빵집,제과제빵,31.0,FS2,Medium,0.10584324702589222,0.10259856769017656,건전,0,운영 등급 — 라벨 미확정
NAME:생고기제작소@외식,2024,생고기제작소,한식,6.0,FS3,High,0.32679523066157073,0.31241283055748137,요주의,3,운영 등급 — 라벨 미확정
NAME:손큰할매순대국@외식,2024,손큰할매순대국,한식,50.0,FS1,Low,0.03234585180001555,0.0330727634492083,건전,0,운영 등급 — 라벨 미확정
NAME:시선@외식,2024,시선,일식,119.0,FS2,Medium,0.12358443004732989,0.12819031410097237,요주의,1,운영 등급 — 라벨 미확정
NAME:인정국물떡볶이@외식,2024,인정국물떡볶이,기타 외식,8.0,FS3,High,0.32679523066157073,0.3193861154564338,요주의,2,운영 등급 — 라벨 미확정
NAME:첨단돌솥감자탕@외식,2024,첨단돌솥감자탕,한식,30.0,FS1,Low,0.03234585180001555,0.03167086241147942,건전,0,운영 등급 — 라벨 미확정
NAME:청춘닭꼬치@외식,2024,청춘닭꼬치,기타 외식,38.0,FS2,Medium,0.12358443004732989,0.13015207953122748,요주의,1,운영 등급 — 라벨 미확정
NAME:촌댁맥주@외식,2024,촌댁맥주,주점,32.0,FS2,Medium,0.10584324702589222,0.0988684638869129,건전,0,운영 등급 — 라벨 미확정
NAME:카페베네@외식,2024,카페베네,음료 (커피 외),96.0,FS1,Low,0.040134190898509337,0.03801846098592638,건전,0,운영 등급 — 라벨 미확정
NAME:커피마마@외식,2024,커피마마,커피,92.0,FS1,Low,0.040134190898509337,0.038386414014201675,건전,0,운영 등급 — 라벨 미확정
NAME:킹스타피자@외식,2024,킹스타피자,피자,26.0,FS2,Medium,0.10584324702589222,0.10121894025609274,요주의,1,운영 등급 — 라벨 미확정
NAME:화통삼@외식,2024,화통삼,한식,16.0,FS1,Low,0.01158138161683619,0.02082410310081237,건전,0,운영 등급 — 라벨 미확정
