brand_id,close_3m,open_3m,net_3m,close_rate_3m,trend,brand_name,as_of_month,n_active_end,base_active,close_3m_prev_year,close_rate_prev_year,yoy_ratio,p_value,transfer_3m,reason,scope
BRD_20080100014,65,25,-40,0.027885027885027884,유지,이디야커피,2026-08,2292,2331,64,0.02556931681981622,1.0905660124410124,0.34272473734402054,1,"폐업 65건(전년 동기 64건, 점포 2331·2503곳 기준 기대 59.6건) — 통계적으로 다르지 않음.",전국
BRD_20080100031,0,0,0,0.0,유지,강정이기가막혀,2026-08,13,13,0,0.0,,1.0,0,"폐업 0건(전년 동기 0건, 점포 13·12곳 기준 기대 0.0건) — 통계적으로 다르지 않음.",전국
BRD_20080100033,1,0,-1,0.008064516129032258,유지,피자에땅,2026-08,123,124,3,0.022388059701492536,0.3602150537634409,0.342118154548594,0,"폐업 1건(전년 동기 3건, 점포 124·134곳 기준 기대 2.8건) — 통계적으로 다르지 않음.",전국
BRD_20080100034,2,0,-2,0.03636363636363636,유지,오븐에빠진닭,2026-08,53,55,2,0.034482758620689655,1.0545454545454545,0.66732895480596,0,"폐업 2건(전년 동기 2건, 점포 55·58곳 기준 기대 1.9건) — 통계적으로 다르지 않음.",전국
BRD_20080100039,19,7,-12,0.01424287856071964,유지,뚜레쥬르,2026-08,1322,1334,21,0.015283842794759825,0.9318911972585137,0.47457364052745454,1,"폐업 19건(전년 동기 21건, 점포 1334·1374곳 기준 기대 20.4건) — 통계적으로 다르지 않음.",전국
BRD_20080100047,0,0,0,0.0,판단보류,놀부보쌈족발,2026-08,8,8,0,0.0,,,0,관측 점포 10곳 미만(현재 8·전년 9).,전국
BRD_20080100048,2,0,-2,0.023809523809523808,유지,놀부부대찌개,2026-08,82,84,1,0.011363636363636364,2.095238095238095,0.4825612839121082,0,"폐업 2건(전년 동기 1건, 점포 84·88곳 기준 기대 1.0건) — 통계적으로 다르지 않음.",전국
BRD_20080100052,5,1,-4,0.037037037037037035,유지,치킨마루,2026-08,131,135,1,0.006993006993006993,5.296296296296296,0.09646045707050366,0,"폐업 5건(전년 동기 1건, 점포 135·143곳 기준 기대 0.9건) — 통계적으로 다르지 않음.",전국
BRD_20080100055,0,3,3,0.0,유지,본스치킨,2026-08,122,119,0,0.0,,1.0,1,"폐업 0건(전년 동기 0건, 점포 119·117곳 기준 기대 0.0건) — 통계적으로 다르지 않음.",전국
BRD_20080100059,0,0,0,0.0,유지,생생돈까스,2026-08,37,37,1,0.023255813953488372,0.0,0.5375,0,"폐업 0건(전년 동기 1건, 점포 37·43곳 기준 기대 0.9건) — 통계적으로 다르지 않음.",전국
BRD_20080100061,15,4,-11,0.018633540372670808,유지,네네치킨,2026-08,794,805,12,0.014201183431952662,1.3121118012422361,0.304694962734378,0,"폐업 15건(전년 동기 12건, 점포 805·845곳 기준 기대 11.4건) — 통계적으로 다르지 않음.",전국
BRD_20080100076,0,5,5,0.0,유지,파파존스피자,2026-08,216,211,0,0.0,,1.0,0,"폐업 0건(전년 동기 0건, 점포 211·207곳 기준 기대 0.0건) — 통계적으로 다르지 않음.",전국
BRD_20080100077,1,1,0,0.01694915254237288,유지,맛깔참죽,2026-08,59,59,4,0.05970149253731343,0.2838983050847458,0.22969685862575134,0,"폐업 1건(전년 동기 4건, 점포 59·67곳 기준 기대 3.5건) — 통계적으로 다르지 않음.",전국
BRD_20080100085,1,0,-1,0.1111111111111111,판단보류,나뚜루,2026-08,8,9,1,0.09090909090909091,1.222222222222222,,0,관측 점포 10곳 미만(현재 9·전년 11).,전국
BRD_20080100087,20,5,-15,0.01833180568285976,유지,김밥천국,2026-08,1076,1091,18,0.01565217391304348,1.171198696404929,0.372493998661079,0,"폐업 20건(전년 동기 18건, 점포 1091·1150곳 기준 기대 17.1건) — 통계적으로 다르지 않음.",전국
BRD_20080100092,0,0,0,0.0,유지,엘리팝,2026-08,20,20,2,0.09090909090909091,0.0,0.2743764172335601,0,"폐업 0건(전년 동기 2건, 점포 20·22곳 기준 기대 1.8건) — 통계적으로 다르지 않음.",전국
BRD_20080100099,0,0,0,,판단보류,피쉬앤그릴too,2026-08,0,0,0,,,,0,관측 점포 10곳 미만(현재 0·전년 0).,전국
BRD_20080100101,0,0,0,0.0,유지,코바코,2026-08,21,21,1,0.043478260869565216,0.0,0.5227272727272727,0,"폐업 0건(전년 동기 1건, 점포 21·23곳 기준 기대 0.9건) — 통계적으로 다르지 않음.",전국
BRD_20080100109,12,4,-8,0.028985507246376812,유지,김가네,2026-08,406,414,10,0.02288329519450801,1.2666666666666668,0.36669883290149985,0,"폐업 12건(전년 동기 10건, 점포 414·437곳 기준 기대 9.5건) — 통계적으로 다르지 않음.",전국
BRD_20080100111,8,0,-8,0.07142857142857142,유지,채선당,2026-08,104,112,6,0.04411764705882353,1.6190476190476188,0.2626599482287081,0,"폐업 8건(전년 동기 6건, 점포 112·136곳 기준 기대 4.9건) — 통계적으로 다르지 않음.",전국
BRD_20080100117,0,0,0,0.0,유지,구이가,2026-08,12,12,0,0.0,,1.0,0,"폐업 0건(전년 동기 0건, 점포 12·12곳 기준 기대 0.0건) — 통계적으로 다르지 않음.",전국
BRD_20080100128,0,0,0,0.0,유지,디델리,2026-08,15,15,0,0.0,,1.0,0,"폐업 0건(전년 동기 0건, 점포 15·16곳 기준 기대 0.0건) — 통계적으로 다르지 않음.",전국
BRD_20080100138,1,0,-1,0.02631578947368421,유지,죠샌드위치,2026-08,37,38,3,0.06818181818181818,0.3859649122807018,0.36928246939496967,0,"폐업 1건(전년 동기 3건, 점포 38·44곳 기준 기대 2.6건) — 통계적으로 다르지 않음.",전국
BRD_20080100141,0,0,0,,판단보류,펀앤조이오뎅사께,2026-08,0,0,0,,,,0,관측 점포 10곳 미만(현재 0·전년 0).,전국
BRD_20080100153,5,1,-4,0.022321428571428572,유지,엔제리너스,2026-08,220,224,10,0.0411522633744856,0.5424107142857143,0.19120869884723357,0,"폐업 5건(전년 동기 10건, 점포 224·243곳 기준 기대 9.2건) — 통계적으로 다르지 않음.",전국
BRD_20080100155,9,10,1,0.006813020439061317,유지,롯데리아,2026-08,1322,1321,10,0.0076511094108645756,0.8904617713853141,0.4906143503580753,0,"폐업 9건(전년 동기 10건, 점포 1321·1307곳 기준 기대 10.1건) — 통계적으로 다르지 않음.",전국
BRD_20080100157,10,16,6,0.006702412868632708,유지,맘스터치,2026-08,1498,1492,6,0.0041293874741913286,1.623100983020554,0.24374925714416906,1,"폐업 10건(전년 동기 6건, 점포 1492·1453곳 기준 기대 6.2건) — 통계적으로 다르지 않음.",전국
BRD_20080100159,1,1,0,0.002044989775051125,유지,도미노피자,2026-08,489,489,1,0.002066115702479339,0.9897750511247444,0.7474240252490416,0,"폐업 1건(전년 동기 1건, 점포 489·484곳 기준 기대 1.0건) — 통계적으로 다르지 않음.",전국
BRD_20080100162,1,0,-1,0.04,유지,기소야,2026-08,24,25,0,0.0,,0.4807692307692307,0,"폐업 1건(전년 동기 0건, 점포 25·27곳 기준 기대 0.0건) — 통계적으로 다르지 않음.",전국
BRD_20080100172,1,1,0,0.011627906976744186,유지,둘둘치킨,2026-08,86,86,1,0.011764705882352941,0.9883720930232558,0.7470674737526075,0,"폐업 1건(전년 동기 1건, 점포 86·85곳 기준 기대 1.0건) — 통계적으로 다르지 않음.",전국
BRD_20080100180,11,2,-9,0.025821596244131457,유지,또래오래,2026-08,417,426,6,0.013303769401330377,1.9409233176838812,0.13822999348581655,0,"폐업 11건(전년 동기 6건, 점포 426·451곳 기준 기대 5.7건) — 통계적으로 다르지 않음.",전국
BRD_20080100190,2,8,6,0.00202020202020202,유지,피자스쿨,2026-08,996,990,6,0.006185567010309278,0.3265993265993266,0.13793707654538973,0,"폐업 2건(전년 동기 6건, 점포 990·970곳 기준 기대 6.1건) — 통계적으로 다르지 않음.",전국
BRD_20080100199|JNG_000064,7,3,-4,0.0166270783847981,유지,할리스,2026-08,417,421,8,0.017897091722595078,0.9290380047505938,0.5469605877955097,0,"폐업 7건(전년 동기 8건, 점포 421·447곳 기준 기대 7.5건) — 통계적으로 다르지 않음.",전국
BRD_20080100201,4,0,-4,0.012232415902140673,유지,간이역,2026-08,322,327,2,0.0058823529411764705,2.0795107033639146,0.32566050932827084,1,"폐업 4건(전년 동기 2건, 점포 327·340곳 기준 기대 1.9건) — 통계적으로 다르지 않음.",전국
BRD_20080100207,0,0,0,0.0,판단보류,백종원의원조쌈밥집,2026-08,2,2,0,0.0,,,0,관측 점포 10곳 미만(현재 2·전년 2).,전국
BRD_20080100208,5,3,-2,0.0641025641025641,유지,새마을식당,2026-08,76,78,4,0.045454545454545456,1.4102564102564101,0.426232868860416,0,"폐업 5건(전년 동기 4건, 점포 78·88곳 기준 기대 3.5건) — 통계적으로 다르지 않음.",전국
BRD_20080100209,0,2,2,0.0,유지,본가,2026-08,71,69,1,0.016666666666666666,0.0,0.4651162790697675,0,"폐업 0건(전년 동기 1건, 점포 69·60곳 기준 기대 1.1건) — 통계적으로 다르지 않음.",전국
BRD_20080100210,4,0,-4,0.012698412698412698,유지,홍콩반점0410,2026-08,311,315,3,0.009009009009009009,1.4095238095238096,0.4696414875627414,0,"폐업 4건(전년 동기 3건, 점포 315·333곳 기준 기대 2.8건) — 통계적으로 다르지 않음.",전국
BRD_20080100233,2,1,-1,0.01834862385321101,유지,용우동,2026-08,108,109,4,0.03571428571428571,0.5137614678899083,0.3565610423498256,0,"폐업 2건(전년 동기 4건, 점포 109·112곳 기준 기대 3.9건) — 통계적으로 다르지 않음.",전국
BRD_20080100239,0,1,1,0.0,유지,틈새라면,2026-08,56,55,1,0.017857142857142856,0.0,0.5045045045045045,0,"폐업 0건(전년 동기 1건, 점포 55·56곳 기준 기대 1.0건) — 통계적으로 다르지 않음.",전국
BRD_20080100240,0,0,0,0.0,개선,봉추찜닭,2026-08,105,105,5,0.043478260869565216,0.0,0.039027955187720044,0,"폐업 0건(전년 동기 5건, 점포 105·115곳 기준 기대 4.6건) — 전년보다 유의하게 적음.",전국
BRD_20080100243,20,0,-20,0.06097560975609756,악화,본죽,2026-08,308,328,11,0.026570048309178744,2.29490022172949,0.01823494362619671,0,"폐업 20건(전년 동기 11건, 점포 328·414곳 기준 기대 8.7건) — 전년보다 유의하게 많음.",전국
BRD_20080100257,0,1,1,0.0,유지,더카페,2026-08,132,131,3,0.020689655172413793,0.0,0.14500292419690175,0,"폐업 0건(전년 동기 3건, 점포 131·145곳 기준 기대 2.7건) — 통계적으로 다르지 않음.",전국
BRD_20080100259,1,1,0,0.009433962264150943,유지,돈치킨,2026-08,106,106,2,0.01694915254237288,0.5566037735849056,0.5401401352951896,0,"폐업 1건(전년 동기 2건, 점포 106·118곳 기준 기대 1.8건) — 통계적으로 다르지 않음.",전국
BRD_20080100261,5,3,-2,0.03125,유지,훌랄라,2026-08,158,160,4,0.024539877300613498,1.2734375,0.48857281209089376,0,"폐업 5건(전년 동기 4건, 점포 160·163곳 기준 기대 3.9건) — 통계적으로 다르지 않음.",전국
BRD_20080100262,9,9,0,0.011920529801324504,유지,멕시카나,2026-08,755,755,12,0.01564537157757497,0.7619205298013245,0.34517478822217773,0,"폐업 9건(전년 동기 12건, 점포 755·767곳 기준 기대 11.8건) — 통계적으로 다르지 않음.",전국
BRD_20080100287,0,0,0,0.0,판단보류,퀴즈노스서브,2026-08,3,3,0,0.0,,,0,관측 점포 10곳 미만(현재 3·전년 4).,전국
BRD_20080100308,5,10,5,0.0059031877213695395,유지,한솥,2026-08,852,847,7,0.008484848484848486,0.6957328385899814,0.3695198694869014,0,"폐업 5건(전년 동기 7건, 점포 847·825곳 기준 기대 7.2건) — 통계적으로 다르지 않음.",전국
BRD_20080100313,0,0,0,0.0,판단보류,베스트빈,2026-08,9,9,0,0.0,,,0,관측 점포 10곳 미만(현재 9·전년 11).,전국
BRD_20080100324,0,3,3,0.0,유지,북창동순두부,2026-08,79,76,0,0.0,,1.0,0,"폐업 0건(전년 동기 0건, 점포 76·72곳 기준 기대 0.0건) — 통계적으로 다르지 않음.",전국
BRD_20080100328,10,2,-8,0.03717472118959108,유지,죽이야기,2026-08,261,269,14,0.04590163934426229,0.80987785448752,0.3818095234017916,0,"폐업 10건(전년 동기 14건, 점포 269·305곳 기준 기대 12.3건) — 통계적으로 다르지 않음.",전국
BRD_20080100371,0,0,0,0.0,판단보류,하코야,2026-08,5,5,0,0.0,,,0,관측 점포 10곳 미만(현재 5·전년 5).,전국
BRD_20080100373,1,1,0,0.013333333333333334,유지,탐앤탐스커피(TOMNTOMS COFFEE),2026-08,75,75,1,0.011363636363636364,1.1733333333333333,0.7085325002822839,0,"폐업 1건(전년 동기 1건, 점포 75·88곳 기준 기대 0.9건) — 통계적으로 다르지 않음.",전국
BRD_20080100393,1,0,-1,0.02702702702702703,유지,치킨뱅이,2026-08,36,37,0,0.0,,0.48684210526315785,0,"폐업 1건(전년 동기 0건, 점포 37·39곳 기준 기대 0.0건) — 통계적으로 다르지 않음.",전국
BRD_20080100396,0,0,0,0.0,판단보류,JBD 본 종로빈대떡,2026-08,1,1,0,0.0,,,0,관측 점포 10곳 미만(현재 1·전년 1).,전국
BRD_20080100397,4,3,-1,0.01568627450980392,개선,피자헛,2026-08,254,255,15,0.05154639175257732,0.3043137254901961,0.019804512836561622,1,"폐업 4건(전년 동기 15건, 점포 255·291곳 기준 기대 13.1건) — 전년보다 유의하게 적음.",전국
BRD_20080100412,2,1,-1,0.08695652173913043,유지,피자와치킨의러브레터,2026-08,22,23,1,0.034482758620689655,2.5217391304347827,0.4138455848884841,0,"폐업 2건(전년 동기 1건, 점포 23·29곳 기준 기대 0.8건) — 통계적으로 다르지 않음.",전국
BRD_20080100430,4,1,-3,0.023668639053254437,유지,미소야,2026-08,166,169,3,0.01675977653631285,1.4122287968441813,0.4685963420111816,0,"폐업 4건(전년 동기 3건, 점포 169·179곳 기준 기대 2.8건) — 통계적으로 다르지 않음.",전국
BRD_20080100445,0,0,0,0.0,판단보류,목우촌웰빙마을,2026-08,5,5,0,0.0,,,0,관측 점포 10곳 미만(현재 5·전년 5).,전국
BRD_20080100473,2,0,-2,0.05405405405405406,유지,스테프핫도그(STEFF HOTDOG),2026-08,35,37,1,0.025,2.1621621621621623,0.47079400612880107,0,"폐업 2건(전년 동기 1건, 점포 37·40곳 기준 기대 0.9건) — 통계적으로 다르지 않음.",전국
BRD_20080100482,2,0,-2,0.02631578947368421,유지,토프레소,2026-08,74,76,2,0.02197802197802198,1.1973684210526314,0.6173027089954572,0,"폐업 2건(전년 동기 2건, 점포 76·91곳 기준 기대 1.7건) — 통계적으로 다르지 않음.",전국
BRD_20080100487,6,5,-1,0.02857142857142857,유지,부어치킨,2026-08,209,210,11,0.04680851063829787,0.6103896103896104,0.23100561832798897,0,"폐업 6건(전년 동기 11건, 점포 210·235곳 기준 기대 9.8건) — 통계적으로 다르지 않음.",전국
BRD_20080100499,0,0,0,0.0,판단보류,치킨더홈,2026-08,8,8,1,0.08333333333333333,0.0,,0,관측 점포 10곳 미만(현재 8·전년 12).,전국
BRD_20080100545,2,0,-2,0.017857142857142856,유지,치킨매니아,2026-08,110,112,2,0.01818181818181818,0.9821428571428571,0.6807129914349619,0,"폐업 2건(전년 동기 2건, 점포 112·110곳 기준 기대 2.0건) — 통계적으로 다르지 않음.",전국
BRD_20080100570,0,0,0,0.0,유지,쌈촌,2026-08,17,17,1,0.05,0.0,0.5405405405405406,0,"폐업 0건(전년 동기 1건, 점포 17·20곳 기준 기대 0.9건) — 통계적으로 다르지 않음.",전국
BRD_20080100579,1,0,-1,0.03333333333333333,유지,우쿠야,2026-08,29,30,0,0.0,,0.5172413793103449,0,"폐업 1건(전년 동기 0건, 점포 30·28곳 기준 기대 0.0건) — 통계적으로 다르지 않음.",전국
BRD_20080100607,1,0,-1,0.058823529411764705,유지,700비어,2026-08,16,17,0,0.0,,0.5,0,"폐업 1건(전년 동기 0건, 점포 17·17곳 기준 기대 0.0건) — 통계적으로 다르지 않음.",전국
BRD_20080100618,15,25,10,0.008640552995391706,유지,투썸플레이스,2026-08,1746,1736,10,0.00591016548463357,1.4619815668202767,0.23141094173583499,2,"폐업 15건(전년 동기 10건, 점포 1736·1692곳 기준 기대 10.3건) — 통계적으로 다르지 않음.",전국
BRD_20080100635,9,1,-8,0.0375,유지,요거프레소,2026-08,232,240,11,0.03900709219858156,0.9613636363636363,0.556498207695977,0,"폐업 9건(전년 동기 11건, 점포 240·282곳 기준 기대 9.4건) — 통계적으로 다르지 않음.",전국
BRD_20080100646,5,6,1,0.02717391304347826,유지,앤티앤스,2026-08,185,184,2,0.010869565217391304,2.5,0.2265624999999989,0,"폐업 5건(전년 동기 2건, 점포 184·184곳 기준 기대 2.0건) — 통계적으로 다르지 않음.",전국
BRD_20080100650,0,2,2,0.0,유지,올떡,2026-08,24,22,1,0.038461538461538464,0.0,0.5416666666666666,0,"폐업 0건(전년 동기 1건, 점포 22·26곳 기준 기대 0.8건) — 통계적으로 다르지 않음.",전국
BRD_20080100655,28,26,-2,0.012669683257918552,유지,비에이치씨(BHC),2026-08,2208,2210,19,0.008763837638376383,1.4456775422719697,0.135303479128268,2,"폐업 28건(전년 동기 19건, 점포 2210·2168곳 기준 기대 19.4건) — 통계적으로 다르지 않음.",전국
BRD_20080100657,0,0,0,0.0,유지,춘향골남원추어탕,2026-08,39,39,0,0.0,,1.0,0,"폐업 0건(전년 동기 0건, 점포 39·39곳 기준 기대 0.0건) — 통계적으로 다르지 않음.",전국
BRD_20080100666,1,0,-1,0.030303030303030304,유지,석봉토스트,2026-08,32,33,2,0.05,0.6060606060606061,0.5716973808342567,0,"폐업 1건(전년 동기 2건, 점포 33·40곳 기준 기대 1.7건) — 통계적으로 다르지 않음.",전국
BRD_20080100675,1,0,-1,0.016129032258064516,유지,호밀호두,2026-08,61,62,1,0.015873015873015872,1.0161290322580645,0.745984,0,"폐업 1건(전년 동기 1건, 점포 62·63곳 기준 기대 1.0건) — 통계적으로 다르지 않음.",전국
BRD_20080100676,0,0,0,0.0,유지,원당감자탕,2026-08,23,23,1,0.045454545454545456,0.0,0.48888888888888893,0,"폐업 0건(전년 동기 1건, 점포 23·22곳 기준 기대 1.0건) — 통계적으로 다르지 않음.",전국
BRD_20080100717,0,1,1,0.0,유지,버무리떡볶이,2026-08,37,36,1,0.022222222222222223,0.0,0.5555555555555556,0,"폐업 0건(전년 동기 1건, 점포 36·45곳 기준 기대 0.8건) — 통계적으로 다르지 않음.",전국
BRD_20080100738,2,0,-2,0.07142857142857142,유지,엉터리생고기,2026-08,26,28,1,0.037037037037037035,1.9285714285714286,0.5136348610067616,0,"폐업 2건(전년 동기 1건, 점포 28·27곳 기준 기대 1.0건) — 통계적으로 다르지 않음.",전국
BRD_20080100739,8,4,-4,0.02040816326530612,유지,피자마루,2026-08,388,392,11,0.027160493827160494,0.75139146567718,0.350074166584669,2,"폐업 8건(전년 동기 11건, 점포 392·405곳 기준 기대 10.6건) — 통계적으로 다르지 않음.",전국
BRD_20080200002,1,0,-1,0.1,유지,두리아,2026-08,9,10,1,0.09090909090909091,1.1,0.7256235827664399,0,"폐업 1건(전년 동기 1건, 점포 10·11곳 기준 기대 0.9건) — 통계적으로 다르지 않음.",전국
BRD_20080200005,0,0,0,0.0,판단보류,호아빈,2026-08,8,8,0,0.0,,,0,관측 점포 10곳 미만(현재 8·전년 9).,전국
BRD_20080200018,2,4,2,0.00784313725490196,유지,보드람치킨,2026-08,257,255,3,0.013333333333333334,0.588235294117647,0.4415586590766911,1,"폐업 2건(전년 동기 3건, 점포 255·225곳 기준 기대 3.4건) — 통계적으로 다르지 않음.",전국
BRD_20080200019,17,5,-12,0.01400329489291598,유지,투다리,2026-08,1202,1214,15,0.012,1.1669412410763316,0.39758296192046594,0,"폐업 17건(전년 동기 15건, 점포 1214·1250곳 기준 기대 14.6건) — 통계적으로 다르지 않음.",전국
BRD_20080200026,1,1,0,0.09090909090909091,유지,닭이봉춘천닭갈비,2026-08,11,11,0,0.0,,0.5,0,"폐업 1건(전년 동기 0건, 점포 11·11곳 기준 기대 0.0건) — 통계적으로 다르지 않음.",전국
BRD_20080200030,6,5,-1,0.004777070063694267,유지,굽네치킨,2026-08,1255,1256,5,0.004022526146419952,1.1875796178343947,0.5070407801265782,0,"폐업 6건(전년 동기 5건, 점포 1256·1243곳 기준 기대 5.1건) — 통계적으로 다르지 않음.",전국
BRD_20080200033,0,3,3,0.0,유지,조마루감자탕,2026-08,93,90,2,0.02127659574468085,0.0,0.26098771266540643,0,"폐업 0건(전년 동기 2건, 점포 90·94곳 기준 기대 1.9건) — 통계적으로 다르지 않음.",전국
BRD_20080200047,1,0,-1,0.029411764705882353,유지,코리안바베큐,2026-08,33,34,0,0.0,,0.49275362318840576,0,"폐업 1건(전년 동기 0건, 점포 34·35곳 기준 기대 0.0건) — 통계적으로 다르지 않음.",전국
BRD_20080200049,0,0,0,,판단보류,사바사바치킨&비어,2026-08,0,0,0,,,,0,관측 점포 10곳 미만(현재 0·전년 0).,전국
BRD_20080200050,0,1,1,0.0,유지,참이맛감자탕,2026-08,58,57,0,0.0,,1.0,0,"폐업 0건(전년 동기 0건, 점포 57·60곳 기준 기대 0.0건) — 통계적으로 다르지 않음.",전국
BRD_20080200055,0,1,1,0.0,개선,명인만두,2026-08,108,107,5,0.04201680672268908,0.0,0.04047553624123041,0,"폐업 0건(전년 동기 5건, 점포 107·119곳 기준 기대 4.5건) — 전년보다 유의하게 적음.",전국
BRD_20080200073,0,0,0,0.0,유지,불로만치킨바베큐,2026-08,11,11,0,0.0,,1.0,0,"폐업 0건(전년 동기 0건, 점포 11·14곳 기준 기대 0.0건) — 통계적으로 다르지 않음.",전국
BRD_20080200075,0,0,0,0.0,유지,명동칼국수샤브샤브,2026-08,26,26,1,0.037037037037037035,0.0,0.5094339622641509,0,"폐업 0건(전년 동기 1건, 점포 26·27곳 기준 기대 1.0건) — 통계적으로 다르지 않음.",전국
BRD_20080200076,0,0,0,0.0,개선,빚은,2026-08,25,25,9,0.2571428571428571,0.0,0.007820799384291307,0,"폐업 0건(전년 동기 9건, 점포 25·35곳 기준 기대 6.4건) — 전년보다 유의하게 적음.",전국
BRD_20080200100,0,0,0,0.0,유지,배터지는생동까스,2026-08,40,40,1,0.022727272727272728,0.0,0.5238095238095238,0,"폐업 0건(전년 동기 1건, 점포 40·44곳 기준 기대 0.9건) — 통계적으로 다르지 않음.",전국
BRD_20080200103,1,0,-1,0.02040816326530612,유지,이바돔감자탕,2026-08,48,49,1,0.017857142857142856,1.1428571428571428,0.7155555555555556,0,"폐업 1건(전년 동기 1건, 점포 49·56곳 기준 기대 0.9건) — 통계적으로 다르지 않음.",전국
BRD_20080200106,15,14,-1,0.011971268954509178,유지,처갓집양념치킨,2026-08,1252,1253,15,0.012106537530266344,0.9888268156424581,0.5600258575669282,2,"폐업 15건(전년 동기 15건, 점포 1253·1239곳 기준 기대 15.2건) — 통계적으로 다르지 않음.",전국
BRD_20080200109,0,0,0,0.0,판단보류,따삐오,2026-08,6,6,0,0.0,,,0,관측 점포 10곳 미만(현재 6·전년 8).,전국
BRD_20080200112,0,0,0,0.0,판단보류,씨에프숯불바베큐치킨,2026-08,6,6,0,0.0,,,0,관측 점포 10곳 미만(현재 6·전년 6).,전국
BRD_20080200132,2,0,-2,0.034482758620689655,유지,디디치킨(DD치킨),2026-08,56,58,1,0.014705882352941176,2.3448275862068964,0.4406011669806075,0,"폐업 2건(전년 동기 1건, 점포 58·68곳 기준 기대 0.9건) — 통계적으로 다르지 않음.",전국
BRD_20080200150,1,0,-1,0.013157894736842105,유지,지호한방삼계탕,2026-08,75,76,0,0.0,,0.5033112582781457,0,"폐업 1건(전년 동기 0건, 점포 76·75곳 기준 기대 0.0건) — 통계적으로 다르지 않음.",전국
BRD_20080200188,0,0,0,,판단보류,쪽갈비전문점 예감,2026-08,0,0,0,,,,0,관측 점포 10곳 미만(현재 0·전년 0).,전국
BRD_20080200209,0,0,0,0.0,판단보류,진이찬방,2026-08,1,1,0,0.0,,,0,관측 점포 10곳 미만(현재 1·전년 1).,전국
BRD_20080200222,0,0,0,0.0,유지,위드치킨,2026-08,10,10,0,0.0,,1.0,0,"폐업 0건(전년 동기 0건, 점포 10·10곳 기준 기대 0.0건) — 통계적으로 다르지 않음.",전국
BRD_20080200229,6,3,-3,0.02843601895734597,유지,신의주찹쌀순대,2026-08,208,211,1,0.004739336492890996,5.999999999999999,0.06249999999999889,1,"폐업 6건(전년 동기 1건, 점포 211·211곳 기준 기대 1.0건) — 통계적으로 다르지 않음.",전국
BRD_20080200233,1,0,-1,0.010416666666666666,유지,송담추어탕,2026-08,95,96,0,0.0,,0.5052631578947369,0,"폐업 1건(전년 동기 0건, 점포 96·94곳 기준 기대 0.0건) — 통계적으로 다르지 않음.",전국
BRD_20080200240,0,2,2,0.0,유지,뚝배기양평해장국,2026-08,46,44,1,0.022222222222222223,0.0,0.5056179775280899,0,"폐업 0건(전년 동기 1건, 점포 44·45곳 기준 기대 1.0건) — 통계적으로 다르지 않음.",전국
BRD_20080200242,0,0,0,0.0,판단보류,청양일초,2026-08,2,2,0,0.0,,,0,관측 점포 10곳 미만(현재 2·전년 2).,전국
BRD_20080200265,0,0,0,0.0,유지,멘무샤,2026-08,11,11,1,0.06666666666666667,0.0,0.576923076923077,0,"폐업 0건(전년 동기 1건, 점포 11·15곳 기준 기대 0.7건) — 통계적으로 다르지 않음.",전국
BRD_20080200276,7,1,-6,0.01871657754010695,유지,맥시칸치킨,2026-08,368,374,7,0.01808785529715762,1.03475935828877,0.5794885425322276,0,"폐업 7건(전년 동기 7건, 점포 374·387곳 기준 기대 6.8건) — 통계적으로 다르지 않음.",전국
BRD_20080200283,0,1,1,0.0,유지,1인자감자탕,2026-08,11,10,0,0.0,,1.0,0,"폐업 0건(전년 동기 0건, 점포 10·11곳 기준 기대 0.0건) — 통계적으로 다르지 않음.",전국
BRD_20080200287,0,1,1,0.0,유지,브레댄코(bread&amp;co.DAILY-NEW),2026-08,52,51,4,0.06666666666666667,0.0,0.08537153424919203,0,"폐업 0건(전년 동기 4건, 점포 51·60곳 기준 기대 3.4건) — 통계적으로 다르지 않음.",전국
BRD_20080300005,2,1,-1,0.02857142857142857,유지,장모님치킨,2026-08,69,70,0,0.0,,0.23630401234567922,0,"폐업 2건(전년 동기 0건, 점포 70·74곳 기준 기대 0.0건) — 통계적으로 다르지 않음.",전국
BRD_20080300010,1,0,-1,0.5,판단보류,목촌사골돼지국밥,2026-08,1,2,0,0.0,,,0,관측 점포 10곳 미만(현재 2·전년 2).,전국
BRD_20080300013,1,2,1,0.001430615164520744,유지,지코바양념치킨,2026-08,700,699,6,0.00846262341325811,0.1690510252742012,0.06486373189814734,3,"폐업 1건(전년 동기 6건, 점포 699·709곳 기준 기대 5.9건) — 통계적으로 다르지 않음.",전국
BRD_20080300015,0,0,0,0.0,유지,무봤나촌닭,2026-08,24,24,1,0.03571428571428571,0.0,0.5384615384615384,0,"폐업 0건(전년 동기 1건, 점포 24·28곳 기준 기대 0.9건) — 통계적으로 다르지 않음.",전국
BRD_20080300019,2,0,-2,0.017857142857142856,유지,티바두마리치킨,2026-08,110,112,3,0.022727272727272728,0.7857142857142857,0.5765007642390806,0,"폐업 2건(전년 동기 3건, 점포 112·132곳 기준 기대 2.5건) — 통계적으로 다르지 않음.",전국
BRD_20080300020,10,4,-6,0.05747126436781609,악화,치킨신드롬,2026-08,168,174,2,0.011834319526627219,4.85632183908046,0.021759023946891887,0,"폐업 10건(전년 동기 2건, 점포 174·169곳 기준 기대 2.1건) — 전년보다 유의하게 많음.",전국
BRD_20080300031,0,0,0,0.0,유지,가얏골감자탕,2026-08,25,25,0,0.0,,1.0,0,"폐업 0건(전년 동기 0건, 점포 25·26곳 기준 기대 0.0건) — 통계적으로 다르지 않음.",전국
BRD_20080400001,1,0,-1,0.01639344262295082,유지,아주커,2026-08,60,61,2,0.030303030303030304,0.5409836065573771,0.5295123031190946,0,"폐업 1건(전년 동기 2건, 점포 61·66곳 기준 기대 1.8건) — 통계적으로 다르지 않음.",전국
BRD_20080400023,0,0,0,0.0,유지,임실치즈피자,2026-08,83,83,1,0.011764705882352941,0.0,0.5059523809523809,0,"폐업 0건(전년 동기 1건, 점포 83·85곳 기준 기대 1.0건) — 통계적으로 다르지 않음.",전국
BRD_20080400025,1,1,0,0.011363636363636364,유지,다사랑,2026-08,88,88,5,0.053763440860215055,0.21136363636363636,0.12286689796575909,0,"폐업 1건(전년 동기 5건, 점포 88·93곳 기준 기대 4.7건) — 통계적으로 다르지 않음.",전국
BRD_20080400028,0,0,0,0.0,유지,지정환피자,2026-08,17,17,0,0.0,,1.0,0,"폐업 0건(전년 동기 0건, 점포 17·16곳 기준 기대 0.0건) — 통계적으로 다르지 않음.",전국
BRD_20080400030,0,0,0,0.0,유지,임실N치즈피자,2026-08,11,11,0,0.0,,1.0,0,"폐업 0건(전년 동기 0건, 점포 11·11곳 기준 기대 0.0건) — 통계적으로 다르지 않음.",전국
BRD_20080400035,2,0,-2,0.0196078431372549,유지,신포우리만두,2026-08,100,102,2,0.019230769230769232,1.0196078431372548,0.6801833297066777,0,"폐업 2건(전년 동기 2건, 점포 102·104곳 기준 기대 2.0건) — 통계적으로 다르지 않음.",전국
BRD_20080400039,3,1,-2,0.0196078431372549,유지,까투리,2026-08,151,153,1,0.006211180124223602,3.1568627450980395,0.2936391928064983,0,"폐업 3건(전년 동기 1건, 점포 153·161곳 기준 기대 1.0건) — 통계적으로 다르지 않음.",전국
BRD_20080400052,2,0,-2,0.04081632653061224,유지,투사랑,2026-08,47,49,0,0.0,,0.2263172777830147,0,"폐업 2건(전년 동기 0건, 점포 49·54곳 기준 기대 0.0건) — 통계적으로 다르지 않음.",전국
BRD_20080500005,0,0,0,0.0,유지,장충동왕족발보쌈,2026-08,55,55,0,0.0,,1.0,0,"폐업 0건(전년 동기 0건, 점포 55·59곳 기준 기대 0.0건) — 통계적으로 다르지 않음.",전국
BRD_20080500012,2,2,0,0.05,유지,5.5닭갈비,2026-08,40,40,0,0.0,,0.25636917160711437,0,"폐업 2건(전년 동기 0건, 점포 40·39곳 기준 기대 0.0건) — 통계적으로 다르지 않음.",전국
BRD_20080500015,14,12,-2,0.007986309184255563,유지,배스킨라빈스,2026-08,1751,1753,19,0.01072234762979684,0.7448284144474135,0.2532916288968998,0,"폐업 14건(전년 동기 19건, 점포 1753·1772곳 기준 기대 18.8건) — 통계적으로 다르지 않음.",전국
BRD_20080500016,10,11,1,0.017482517482517484,유지,던킨/던킨도너츠,2026-08,573,572,18,0.03,0.5827505827505828,0.11528914708125945,1,"폐업 10건(전년 동기 18건, 점포 572·600곳 기준 기대 17.2건) — 통계적으로 다르지 않음.",전국
BRD_20080500019,5,2,-3,0.018796992481203006,유지,원할머니,2026-08,263,266,5,0.017605633802816902,1.0676691729323307,0.5821768909250971,0,"폐업 5건(전년 동기 5건, 점포 266·284곳 기준 기대 4.7건) — 통계적으로 다르지 않음.",전국
BRD_20080500020,1,2,1,0.015625,유지,박가부대,2026-08,65,64,1,0.015384615384615385,1.015625,0.7461090078721231,0,"폐업 1건(전년 동기 1건, 점포 64·65곳 기준 기대 1.0건) — 통계적으로 다르지 않음.",전국
BRD_20080500029,0,0,0,0.0,유지,굴세상,2026-08,43,43,1,0.022727272727272728,0.0,0.5057471264367815,0,"폐업 0건(전년 동기 1건, 점포 43·44곳 기준 기대 1.0건) — 통계적으로 다르지 않음.",전국
BRD_20080500030,1,0,-1,0.1111111111111111,판단보류,치킨퐁,2026-08,8,9,1,0.1,1.111111111111111,,0,관측 점포 10곳 미만(현재 9·전년 10).,전국
BRD_20080500031,1,6,5,0.001176470588235294,개선,이삭토스트,2026-08,855,850,9,0.010676156583629894,0.11019607843137254,0.01038400621481241,0,"폐업 1건(전년 동기 9건, 점포 850·843곳 기준 기대 9.1건) — 전년보다 유의하게 적음.",전국
BRD_20080500035,8,8,0,0.008255933952528379,유지,페리카나,2026-08,969,969,10,0.010050251256281407,0.8214654282765738,0.4294983709736621,0,"폐업 8건(전년 동기 10건, 점포 969·995곳 기준 기대 9.7건) — 통계적으로 다르지 않음.",전국
BRD_20080500036,0,0,0,0.0,판단보류,가르텐호프앤레스트,2026-08,3,3,0,0.0,,,0,관측 점포 10곳 미만(현재 3·전년 3).,전국
BRD_20080500052,0,0,0,0.0,유지,병천황토방순대,2026-08,23,23,0,0.0,,1.0,0,"폐업 0건(전년 동기 0건, 점포 23·24곳 기준 기대 0.0건) — 통계적으로 다르지 않음.",전국
BRD_20080500053,0,0,0,0.0,판단보류,노걸대,2026-08,7,7,0,0.0,,,0,관측 점포 10곳 미만(현재 7·전년 7).,전국
BRD_20080600001,0,1,1,0.0,유지,신떡,2026-08,18,17,1,0.05,0.0,0.5405405405405406,0,"폐업 0건(전년 동기 1건, 점포 17·20곳 기준 기대 0.9건) — 통계적으로 다르지 않음.",전국
BRD_20080600002,6,8,2,0.004329004329004329,유지,교촌치킨,2026-08,1388,1386,4,0.0029154518950437317,1.4848484848484849,0.3832147967402547,2,"폐업 6건(전년 동기 4건, 점포 1386·1372곳 기준 기대 4.0건) — 통계적으로 다르지 않음.",전국
BRD_20080600010,2,3,1,0.011627906976744186,유지,땅땅치킨,2026-08,173,172,7,0.03825136612021858,0.30398671096345514,0.10605879684496347,0,"폐업 2건(전년 동기 7건, 점포 172·183곳 기준 기대 6.6건) — 통계적으로 다르지 않음.",전국
BRD_20080600013,1,0,-1,0.03225806451612903,유지,종국이두마리치킨,2026-08,30,31,0,0.0,,0.492063492063492,0,"폐업 1건(전년 동기 0건, 점포 31·32곳 기준 기대 0.0건) — 통계적으로 다르지 않음.",전국
BRD_20080600014,7,6,-1,0.009370816599732263,유지,호식이두마리치킨,2026-08,746,747,11,0.014322916666666666,0.6542533771449435,0.2592313975996564,0,"폐업 7건(전년 동기 11건, 점포 747·768곳 기준 기대 10.7건) — 통계적으로 다르지 않음.",전국
BRD_20080600017,1,0,-1,0.013888888888888888,유지,계동치킨,2026-08,71,72,2,0.02631578947368421,0.5277777777777778,0.5202653347284465,0,"폐업 1건(전년 동기 2건, 점포 72·76곳 기준 기대 1.9건) — 통계적으로 다르지 않음.",전국
BRD_20080600030,2,0,-2,0.03389830508474576,유지,핸즈커피 (HANDS COFFEE),2026-08,57,59,2,0.03333333333333333,1.0169491525423728,0.6811711470998469,0,"폐업 2건(전년 동기 2건, 점포 59·60곳 기준 기대 2.0건) — 통계적으로 다르지 않음.",전국
BRD_20090100001,0,0,0,0.0,판단보류,꾼노리,2026-08,7,7,0,0.0,,,0,관측 점포 10곳 미만(현재 7·전년 7).,전국
BRD_20090100037,2,1,-1,0.0425531914893617,유지,종로김밥,2026-08,46,47,2,0.04,1.0638297872340425,0.6639529920049845,0,"폐업 2건(전년 동기 2건, 점포 47·50곳 기준 기대 1.9건) — 통계적으로 다르지 않음.",전국
BRD_20090100067,4,4,0,0.12903225806451613,유지,야들리애,2026-08,31,31,0,0.0,,0.06670024594389101,0,"폐업 4건(전년 동기 0건, 점포 31·30곳 기준 기대 0.0건) — 통계적으로 다르지 않음.",전국
BRD_20090100082,3,9,6,0.02830188679245283,유지,오늘통닭,2026-08,112,106,3,0.03,0.9433962264150944,0.6285622934453879,0,"폐업 3건(전년 동기 3건, 점포 106·100곳 기준 기대 3.2건) — 통계적으로 다르지 않음.",전국
BRD_20090100089,0,0,0,0.0,유지,오구피자,2026-08,30,30,0,0.0,,1.0,0,"폐업 0건(전년 동기 0건, 점포 30·29곳 기준 기대 0.0건) — 통계적으로 다르지 않음.",전국
BRD_20090100099,0,0,0,0.0,유지,신마포갈매기,2026-08,36,36,1,0.02702702702702703,0.0,0.5068493150684932,0,"폐업 0건(전년 동기 1건, 점포 36·37곳 기준 기대 1.0건) — 통계적으로 다르지 않음.",전국
BRD_20090100126,1,0,-1,0.016666666666666666,유지,스쿨푸드,2026-08,59,60,0,0.0,,0.46875,0,"폐업 1건(전년 동기 0건, 점포 60·68곳 기준 기대 0.0건) — 통계적으로 다르지 않음.",전국
BRD_20090100151,1,1,0,0.020833333333333332,유지,림스치킨,2026-08,48,48,1,0.02127659574468085,0.9791666666666666,0.744709141274238,0,"폐업 1건(전년 동기 1건, 점포 48·47곳 기준 기대 1.0건) — 통계적으로 다르지 않음.",전국
BRD_20090100165,3,0,-3,0.06521739130434782,유지,홍짜장,2026-08,43,46,3,0.05555555555555555,1.173913043478261,0.5785885446399999,0,"폐업 3건(전년 동기 3건, 점포 46·54곳 기준 기대 2.6건) — 통계적으로 다르지 않음.",전국
BRD_20090100195,6,2,-4,0.015584415584415584,유지,국수나무,2026-08,381,385,8,0.01909307875894988,0.8162337662337662,0.45835466267398617,0,"폐업 6건(전년 동기 8건, 점포 385·419곳 기준 기대 7.4건) — 통계적으로 다르지 않음.",전국
BRD_20090100258,0,0,0,0.0,판단보류,맛데이,2026-08,3,3,1,0.25,0.0,,0,관측 점포 10곳 미만(현재 3·전년 4).,전국
BRD_20090100259,0,0,0,0.0,유지,육쌈냉면,2026-08,67,67,1,0.013513513513513514,0.0,0.524822695035461,0,"폐업 0건(전년 동기 1건, 점포 67·74곳 기준 기대 0.9건) — 통계적으로 다르지 않음.",전국
BRD_20090100310,0,0,0,0.0,유지,서래갈매기,2026-08,11,11,0,0.0,,1.0,0,"폐업 0건(전년 동기 0건, 점포 11·11곳 기준 기대 0.0건) — 통계적으로 다르지 않음.",전국
BRD_20090100325,2,0,-2,0.16666666666666666,유지,닐리,2026-08,10,12,0,0.0,,0.2975206611570249,0,"폐업 2건(전년 동기 0건, 점포 12·10곳 기준 기대 0.0건) — 통계적으로 다르지 않음.",전국
BRD_20090100341,0,1,1,0.0,유지,소노야,2026-08,22,21,0,0.0,,1.0,0,"폐업 0건(전년 동기 0건, 점포 21·22곳 기준 기대 0.0건) — 통계적으로 다르지 않음.",전국
BRD_20090100349,0,0,0,0.0,유지,우리집다음에맛있는집양평해장국,2026-08,11,11,0,0.0,,1.0,0,"폐업 0건(전년 동기 0건, 점포 11·10곳 기준 기대 0.0건) — 통계적으로 다르지 않음.",전국
BRD_20090100355,0,0,0,0.0,유지,아이러브피자,2026-08,30,30,2,0.06060606060606061,0.0,0.2743764172335601,0,"폐업 0건(전년 동기 2건, 점포 30·33곳 기준 기대 1.8건) — 통계적으로 다르지 않음.",전국
BRD_20090100360,0,0,0,0.0,유지,육회지존,2026-08,18,18,0,0.0,,1.0,0,"폐업 0건(전년 동기 0건, 점포 18·20곳 기준 기대 0.0건) — 통계적으로 다르지 않음.",전국
BRD_20090100366,2,0,-2,0.046511627906976744,유지,돈통마늘보쌈,2026-08,41,43,0,0.0,,0.2282716049382718,0,"폐업 2건(전년 동기 0건, 점포 43·47곳 기준 기대 0.0건) — 통계적으로 다르지 않음.",전국
BRD_20090100370,0,0,0,0.0,유지,토대력,2026-08,16,16,0,0.0,,1.0,0,"폐업 0건(전년 동기 0건, 점포 16·16곳 기준 기대 0.0건) — 통계적으로 다르지 않음.",전국
BRD_20090100377,0,0,0,0.0,판단보류,코페아커피(COFFEA COFFEE),2026-08,4,4,0,0.0,,,0,관측 점포 10곳 미만(현재 4·전년 5).,전국
BRD_20090100465,0,0,0,0.0,판단보류,커핀그루나루,2026-08,5,5,0,0.0,,,0,관측 점포 10곳 미만(현재 5·전년 5).,전국
BRD_20090100471,0,0,0,0.0,유지,치킨주막,2026-08,23,23,0,0.0,,1.0,0,"폐업 0건(전년 동기 0건, 점포 23·22곳 기준 기대 0.0건) — 통계적으로 다르지 않음.",전국
BRD_20090100478,5,0,-5,0.03571428571428571,유지,한촌설렁탕,2026-08,135,140,3,0.02097902097902098,1.7023809523809523,0.3517494745887665,0,"폐업 5건(전년 동기 3건, 점포 140·143곳 기준 기대 2.9건) — 통계적으로 다르지 않음.",전국
BRD_20090100498,3,0,-3,0.024793388429752067,유지,한신포차,2026-08,118,121,2,0.015625,1.5867768595041323,0.47365846098694175,0,"폐업 3건(전년 동기 2건, 점포 121·128곳 기준 기대 1.9건) — 통계적으로 다르지 않음.",전국
BRD_20090100499,0,0,0,0.0,유지,미정국수0410,2026-08,11,11,1,0.07142857142857142,0.0,0.5599999999999999,0,"폐업 0건(전년 동기 1건, 점포 11·14곳 기준 기대 0.8건) — 통계적으로 다르지 않음.",전국
BRD_20090100502,14,16,2,0.007646095030038231,유지,빽다방,2026-08,1833,1831,11,0.006107717934480844,1.251874286281714,0.3605038820291425,0,"폐업 14건(전년 동기 11건, 점포 1831·1801곳 기준 기대 11.2건) — 통계적으로 다르지 않음.",전국
BRD_20090100504,0,0,0,0.0,유지,아비꼬,2026-08,101,101,3,0.027777777777777776,0.0,0.13798516846090222,0,"폐업 0건(전년 동기 3건, 점포 101·108곳 기준 기대 2.8건) — 통계적으로 다르지 않음.",전국
BRD_20090100509,0,0,0,0.0,유지,뽕뜨락피자,2026-08,36,36,0,0.0,,1.0,0,"폐업 0건(전년 동기 0건, 점포 36·40곳 기준 기대 0.0건) — 통계적으로 다르지 않음.",전국
BRD_20090100534,1,0,-1,0.0625,유지,아리스타,2026-08,15,16,0,0.0,,0.43243243243243246,0,"폐업 1건(전년 동기 0건, 점포 16·21곳 기준 기대 0.0건) — 통계적으로 다르지 않음.",전국
BRD_20090100545,1,0,-1,0.05555555555555555,유지,영구스피자,2026-08,17,18,1,0.05,1.111111111111111,0.7229916897506925,0,"폐업 1건(전년 동기 1건, 점포 18·20곳 기준 기대 0.9건) — 통계적으로 다르지 않음.",전국
BRD_20090100577,2,0,-2,0.058823529411764705,유지,한앤둘치킨,2026-08,32,34,1,0.034482758620689655,1.7058823529411764,0.5593988330193921,0,"폐업 2건(전년 동기 1건, 점포 34·29곳 기준 기대 1.2건) — 통계적으로 다르지 않음.",전국
BRD_20090100597,0,1,1,0.0,유지,만복집,2026-08,18,17,0,0.0,,1.0,0,"폐업 0건(전년 동기 0건, 점포 17·17곳 기준 기대 0.0건) — 통계적으로 다르지 않음.",전국
BRD_20090300004,3,0,-3,0.017341040462427744,유지,7번가피자,2026-08,170,173,5,0.026881720430107527,0.645086705202312,0.403551602144941,0,"폐업 3건(전년 동기 5건, 점포 173·186곳 기준 기대 4.7건) — 통계적으로 다르지 않음.",전국
BRD_20090300032,2,0,-2,0.05,유지,히노아지,2026-08,38,40,2,0.044444444444444446,1.125,0.6421379054369564,0,"폐업 2건(전년 동기 2건, 점포 40·45곳 기준 기대 1.8건) — 통계적으로 다르지 않음.",전국
BRD_20090300039,0,0,0,0.0,유지,오븐에 꾸운 닭,2026-08,56,56,0,0.0,,1.0,0,"폐업 0건(전년 동기 0건, 점포 56·57곳 기준 기대 0.0건) — 통계적으로 다르지 않음.",전국
BRD_20090400025,4,1,-3,0.02040816326530612,유지,현대옥,2026-08,193,196,1,0.005405405405405406,3.775510204081632,0.20606537304868255,0,"폐업 4건(전년 동기 1건, 점포 196·185곳 기준 기대 1.1건) — 통계적으로 다르지 않음.",전국
BRD_20090500007,1,1,0,0.029411764705882353,유지,경아두마리치킨,2026-08,34,34,1,0.025,1.176470588235294,0.7078159240321402,0,"폐업 1건(전년 동기 1건, 점포 34·40곳 기준 기대 0.9건) — 통계적으로 다르지 않음.",전국
BRD_20090600019,5,2,-3,0.12195121951219512,악화,커피명가,2026-08,38,41,0,0.0,,0.027702748117409026,0,"폐업 5건(전년 동기 0건, 점포 41·43곳 기준 기대 0.0건) — 전년보다 유의하게 많음.",전국
BRD_20090600054,1,0,-1,0.041666666666666664,유지,봉대박스파게티,2026-08,23,24,0,0.0,,0.5,0,"폐업 1건(전년 동기 0건, 점포 24·24곳 기준 기대 0.0건) — 통계적으로 다르지 않음.",전국
BRD_20090600075,0,0,0,0.0,판단보류,파-닭에파무쳐,2026-08,6,6,0,0.0,,,0,관측 점포 10곳 미만(현재 6·전년 8).,전국
BRD_20100100018,0,0,0,0.0,유지,콩불,2026-08,13,13,1,0.06666666666666667,0.0,0.5357142857142857,0,"폐업 0건(전년 동기 1건, 점포 13·15곳 기준 기대 0.9건) — 통계적으로 다르지 않음.",전국
BRD_20100100052,1,0,-1,0.03225806451612903,유지,붐비어,2026-08,30,31,0,0.0,,0.476923076923077,0,"폐업 1건(전년 동기 0건, 점포 31·34곳 기준 기대 0.0건) — 통계적으로 다르지 않음.",전국
BRD_20100100077,4,0,-4,0.041666666666666664,유지,죠스떡볶이,2026-08,92,96,7,0.05785123966942149,0.7202380952380952,0.4172229355248085,0,"폐업 4건(전년 동기 7건, 점포 96·121곳 기준 기대 5.6건) — 통계적으로 다르지 않음.",전국
BRD_20100100136,2,0,-2,0.008658008658008658,유지,피자알볼로,2026-08,229,231,5,0.02040816326530612,0.42424242424242425,0.2513913768518183,0,"폐업 2건(전년 동기 5건, 점포 231·245곳 기준 기대 4.7건) — 통계적으로 다르지 않음.",전국
BRD_20100100165,4,0,-4,0.0975609756097561,악화,토마토도시락,2026-08,37,41,0,0.0,,0.04711994103139372,0,"폐업 4건(전년 동기 0건, 점포 41·47곳 기준 기대 0.0건) — 전년보다 유의하게 많음.",전국
BRD_20100100175,0,0,0,0.0,유지,오가다,2026-08,23,23,2,0.06896551724137931,0.0,0.31102071005917165,0,"폐업 0건(전년 동기 2건, 점포 23·29곳 기준 기대 1.6건) — 통계적으로 다르지 않음.",전국
BRD_20100100210,0,2,2,0.0,유지,오니기리와이규동,2026-08,37,35,1,0.027777777777777776,0.0,0.5070422535211268,0,"폐업 0건(전년 동기 1건, 점포 35·36곳 기준 기대 1.0건) — 통계적으로 다르지 않음.",전국
BRD_201001002121,0,0,0,0.0,유지,대구반야월막창,2026-08,87,87,1,0.011764705882352941,0.0,0.4941860465116279,0,"폐업 0건(전년 동기 1건, 점포 87·85곳 기준 기대 1.0건) — 통계적으로 다르지 않음.",전국
BRD_20100100256,1,0,-1,0.034482758620689655,유지,김명자낙지마당,2026-08,28,29,0,0.0,,0.47540983606557374,0,"폐업 1건(전년 동기 0건, 점포 29·32곳 기준 기대 0.0건) — 통계적으로 다르지 않음.",전국
BRD_20100100306,3,0,-3,0.10714285714285714,유지,꽃마름,2026-08,25,28,4,0.11764705882352941,0.9107142857142857,0.6048610510022945,0,"폐업 3건(전년 동기 4건, 점포 28·34곳 기준 기대 3.3건) — 통계적으로 다르지 않음.",전국
BRD_20100100309,0,0,0,0.0,유지,앗싸곱창,2026-08,23,23,1,0.041666666666666664,0.0,0.5106382978723405,0,"폐업 0건(전년 동기 1건, 점포 23·24곳 기준 기대 1.0건) — 통계적으로 다르지 않음.",전국
BRD_20100100323,8,5,-3,0.1951219512195122,개선,아띠몽,2026-08,38,41,23,0.6216216216216216,0.3138918345705196,0.002279126103200661,1,"폐업 8건(전년 동기 23건, 점포 41·37곳 기준 기대 25.5건) — 전년보다 유의하게 적음.",전국
BRD_20100100377,1,3,2,0.005917159763313609,유지,깐부치킨,2026-08,171,169,1,0.00625,0.9467455621301775,0.7361351059210464,0,"폐업 1건(전년 동기 1건, 점포 169·160곳 기준 기대 1.1건) — 통계적으로 다르지 않음.",전국
BRD_20100100405,3,0,-3,0.038461538461538464,유지,포메인,2026-08,75,78,2,0.023809523809523808,1.6153846153846156,0.4653095180002206,0,"폐업 3건(전년 동기 2건, 점포 78·84곳 기준 기대 1.9건) — 통계적으로 다르지 않음.",전국
BRD_20100100419,0,1,1,0.0,유지,오봉도시락,2026-08,40,39,0,0.0,,1.0,0,"폐업 0건(전년 동기 0건, 점포 39·44곳 기준 기대 0.0건) — 통계적으로 다르지 않음.",전국
BRD_20100100453,2,0,-2,0.020833333333333332,유지,토마토김밥,2026-08,94,96,3,0.02857142857142857,0.7291666666666666,0.5419215383867392,0,"폐업 2건(전년 동기 3건, 점포 96·105곳 기준 기대 2.7건) — 통계적으로 다르지 않음.",전국
BRD_20100100456,1,0,-1,0.05263157894736842,유지,알촌,2026-08,18,19,1,0.05,1.0526315789473684,0.7370151216305063,0,"폐업 1건(전년 동기 1건, 점포 19·20곳 기준 기대 1.0건) — 통계적으로 다르지 않음.",전국
BRD_20100100460,0,0,0,0.0,유지,피자헤븐,2026-08,11,11,0,0.0,,1.0,0,"폐업 0건(전년 동기 0건, 점포 11·14곳 기준 기대 0.0건) — 통계적으로 다르지 않음.",전국
BRD_20100100482,3,6,3,0.007371007371007371,유지,본도시락,2026-08,410,407,8,0.01937046004842615,0.38052825552825553,0.11806659691990275,0,"폐업 3건(전년 동기 8건, 점포 407·413곳 기준 기대 7.9건) — 통계적으로 다르지 않음.",전국
BRD_20100100504,2,0,-2,0.029850746268656716,유지,꼬지사께,2026-08,65,67,4,0.05405405405405406,0.5522388059701492,0.39136860169732285,0,"폐업 2건(전년 동기 4건, 점포 67·74곳 기준 기대 3.6건) — 통계적으로 다르지 않음.",전국
BRD_20100100520,0,0,0,0.0,유지,국대떡볶이,2026-08,16,16,0,0.0,,1.0,0,"폐업 0건(전년 동기 0건, 점포 16·21곳 기준 기대 0.0건) — 통계적으로 다르지 않음.",전국
BRD_20100100554,1,0,-1,0.034482758620689655,유지,돈까스클럽,2026-08,28,29,0,0.0,,0.4833333333333334,0,"폐업 1건(전년 동기 0건, 점포 29·31곳 기준 기대 0.0건) — 통계적으로 다르지 않음.",전국
BRD_20100100575,0,0,0,0.0,유지,아그집쭈꾸미,2026-08,12,12,0,0.0,,1.0,0,"폐업 0건(전년 동기 0건, 점포 12·13곳 기준 기대 0.0건) — 통계적으로 다르지 않음.",전국
BRD_20100100603,4,4,0,0.012539184952978056,유지,펀비어킹,2026-08,319,319,2,0.006024096385542169,2.081504702194357,0.3252206281170481,0,"폐업 4건(전년 동기 2건, 점포 319·332곳 기준 기대 1.9건) — 통계적으로 다르지 않음.",전국
BRD_20100100628,0,0,0,0.0,유지,컬투치킨,2026-08,36,36,1,0.027777777777777776,0.0,0.5,0,"폐업 0건(전년 동기 1건, 점포 36·36곳 기준 기대 1.0건) — 통계적으로 다르지 않음.",전국
BRD_20100300022,0,0,0,0.0,판단보류,등뼈家,2026-08,1,1,0,0.0,,,0,관측 점포 10곳 미만(현재 1·전년 1).,전국
BRD_20100300029,1,0,-1,0.038461538461538464,유지,돈오락쪽갈비,2026-08,25,26,0,0.0,,0.49056603773584906,0,"폐업 1건(전년 동기 0건, 점포 26·27곳 기준 기대 0.0건) — 통계적으로 다르지 않음.",전국
BRD_20100400012,0,0,0,0.0,판단보류,미스터파파임실치즈피자,2026-08,6,6,0,0.0,,,0,관측 점포 10곳 미만(현재 6·전년 6).,전국
BRD_20100500023,0,0,0,0.0,유지,시루향기,2026-08,27,27,0,0.0,,1.0,0,"폐업 0건(전년 동기 0건, 점포 27·27곳 기준 기대 0.0건) — 통계적으로 다르지 않음.",전국
BRD_20100500044,1,0,-1,0.022727272727272728,유지,화화돼지왕갈비,2026-08,43,44,2,0.044444444444444446,0.5113636363636364,0.5084266116666125,0,"폐업 1건(전년 동기 2건, 점포 44·45곳 기준 기대 2.0건) — 통계적으로 다르지 않음.",전국
BRD_20100500056,1,0,-1,0.029411764705882353,유지,청주본가,2026-08,33,34,0,0.0,,0.49275362318840576,0,"폐업 1건(전년 동기 0건, 점포 34·35곳 기준 기대 0.0건) — 통계적으로 다르지 않음.",전국
BRD_20100600021,3,3,0,0.030612244897959183,유지,닥엔돈스,2026-08,98,98,1,0.00980392156862745,3.122448979591837,0.29765197000000065,0,"폐업 3건(전년 동기 1건, 점포 98·102곳 기준 기대 1.0건) — 통계적으로 다르지 않음.",전국
BRD_20100600034,0,0,0,0.0,판단보류,BRD백록담,2026-08,3,3,1,0.3333333333333333,0.0,,0,관측 점포 10곳 미만(현재 3·전년 3).,전국
BRD_20100600048,0,0,0,0.0,유지,하늘보리피자,2026-08,11,11,0,0.0,,1.0,0,"폐업 0건(전년 동기 0건, 점포 11·12곳 기준 기대 0.0건) — 통계적으로 다르지 않음.",전국
BRD_20100600055,1,0,-1,0.020833333333333332,유지,미쳐버린파닭,2026-08,47,48,0,0.0,,0.48484848484848486,0,"폐업 1건(전년 동기 0건, 점포 48·51곳 기준 기대 0.0건) — 통계적으로 다르지 않음.",전국
BRD_20100600076,2,0,-2,0.0392156862745098,유지,남다른감자탕,2026-08,49,51,0,0.0,,0.2500000000000002,0,"폐업 2건(전년 동기 0건, 점포 51·51곳 기준 기대 0.0건) — 통계적으로 다르지 않음.",전국
BRD_20110100012,1,0,-1,0.024390243902439025,유지,짚신매운갈비찜,2026-08,40,41,2,0.0425531914893617,0.5731707317073171,0.5510571234034563,0,"폐업 1건(전년 동기 2건, 점포 41·47곳 기준 기대 1.7건) — 통계적으로 다르지 않음.",전국
BRD_20110100042,0,0,0,0.0,판단보류,치르치르,2026-08,8,8,0,0.0,,,0,관측 점포 10곳 미만(현재 8·전년 8).,전국
BRD_20110100073,0,0,0,0.0,유지,라떼킹(Latteking),2026-08,14,14,0,0.0,,1.0,0,"폐업 0건(전년 동기 0건, 점포 14·13곳 기준 기대 0.0건) — 통계적으로 다르지 않음.",전국
BRD_20110100100,0,0,0,,판단보류,대칠성포차,2026-08,0,0,0,,,,0,관측 점포 10곳 미만(현재 0·전년 0).,전국
BRD_20110100125,0,0,0,0.0,유지,커피스미스,2026-08,33,33,0,0.0,,1.0,0,"폐업 0건(전년 동기 0건, 점포 33·33곳 기준 기대 0.0건) — 통계적으로 다르지 않음.",전국
BRD_20110100132,0,0,0,0.0,판단보류,치킨678,2026-08,5,5,0,0.0,,,0,관측 점포 10곳 미만(현재 5·전년 6).,전국
BRD_20110100154,0,0,0,0.0,유지,드롭탑(DROPTOP),2026-08,66,66,1,0.0125,0.0,0.547945205479452,0,"폐업 0건(전년 동기 1건, 점포 66·80곳 기준 기대 0.8건) — 통계적으로 다르지 않음.",전국
BRD_20110100167,0,0,0,0.0,유지,커피홀(coffee hole),2026-08,21,21,0,0.0,,1.0,0,"폐업 0건(전년 동기 0건, 점포 21·21곳 기준 기대 0.0건) — 통계적으로 다르지 않음.",전국
BRD_20110100169,0,0,0,0.0,판단보류,바베큐통족구이,2026-08,1,1,0,0.0,,,0,관측 점포 10곳 미만(현재 1·전년 1).,전국
BRD_20110100215,1,0,-1,0.14285714285714285,판단보류,아마떼,2026-08,6,7,0,0.0,,,0,관측 점포 10곳 미만(현재 7·전년 9).,전국
BRD_20110100216,0,0,0,0.0,유지,사나포차,2026-08,16,16,0,0.0,,1.0,0,"폐업 0건(전년 동기 0건, 점포 16·18곳 기준 기대 0.0건) — 통계적으로 다르지 않음.",전국
BRD_20110100228,1,0,-1,0.125,판단보류,아리가또맘마,2026-08,7,8,1,0.07692307692307693,1.625,,0,관측 점포 10곳 미만(현재 8·전년 13).,전국
BRD_20110100237,9,2,-7,0.039647577092511016,유지,커피베이,2026-08,220,227,14,0.051470588235294115,0.7702957835116426,0.34587484998825785,1,"폐업 9건(전년 동기 14건, 점포 227·272곳 기준 기대 11.7건) — 통계적으로 다르지 않음.",전국
BRD_20110100278,2,0,-2,0.1,유지,교동전선생,2026-08,18,20,0,0.0,,0.2500000000000002,0,"폐업 2건(전년 동기 0건, 점포 20·20곳 기준 기대 0.0건) — 통계적으로 다르지 않음.",전국
BRD_20110100299,1,2,1,0.01818181818181818,유지,더진국,2026-08,56,55,1,0.01694915254237288,1.0727272727272728,0.732148353339489,0,"폐업 1건(전년 동기 1건, 점포 55·59곳 기준 기대 0.9건) — 통계적으로 다르지 않음.",전국
BRD_20110100362,0,0,0,0.0,유지,지지고(GGGO),2026-08,66,66,0,0.0,,1.0,0,"폐업 0건(전년 동기 0건, 점포 66·69곳 기준 기대 0.0건) — 통계적으로 다르지 않음.",전국
BRD_20110100367,0,1,1,0.0,유지,커피니,2026-08,72,71,2,0.025974025974025976,0.0,0.27068115412710014,0,"폐업 0건(전년 동기 2건, 점포 71·77곳 기준 기대 1.8건) — 통계적으로 다르지 않음.",전국
BRD_20110100457,0,0,0,0.0,판단보류,더기발한치킨(The기발한치킨),2026-08,1,1,0,0.0,,,0,관측 점포 10곳 미만(현재 1·전년 1).,전국
BRD_20110100484,0,0,0,0.0,판단보류,마루샤브,2026-08,9,9,1,0.07692307692307693,0.0,,0,관측 점포 10곳 미만(현재 9·전년 13).,전국
BRD_20110100490,2,0,-2,0.014184397163120567,유지,맛닭꼬,2026-08,139,141,0,0.0,,0.26098771266540655,1,"폐업 2건(전년 동기 0건, 점포 141·135곳 기준 기대 0.0건) — 통계적으로 다르지 않음.",전국
BRD_20110100493,0,0,0,0.0,판단보류,라떼떼,2026-08,1,1,0,0.0,,,0,관측 점포 10곳 미만(현재 1·전년 1).,전국
BRD_20110100502,0,0,0,0.0,판단보류,돈가네김치찌개,2026-08,4,4,0,0.0,,,0,관측 점포 10곳 미만(현재 4·전년 4).,전국
BRD_20110100503,1,0,-1,0.08333333333333333,유지,불불이족발,2026-08,11,12,0,0.0,,0.48,0,"폐업 1건(전년 동기 0건, 점포 12·13곳 기준 기대 0.0건) — 통계적으로 다르지 않음.",전국
BRD_20110100524,1,0,-1,0.022222222222222223,유지,전설의치킨,2026-08,44,45,3,0.061224489795918366,0.362962962962963,0.3450740555581395,0,"폐업 1건(전년 동기 3건, 점포 45·49곳 기준 기대 2.8건) — 통계적으로 다르지 않음.",전국
BRD_20110100528,1,0,-1,0.05263157894736842,유지,짱닭치킨,2026-08,18,19,1,0.04,1.3157894736842104,0.6771694214876034,0,"폐업 1건(전년 동기 1건, 점포 19·25곳 기준 기대 0.8건) — 통계적으로 다르지 않음.",전국
BRD_20110100532,0,1,1,0.0,유지,추오정,2026-08,15,14,0,0.0,,1.0,0,"폐업 0건(전년 동기 0건, 점포 14·13곳 기준 기대 0.0건) — 통계적으로 다르지 않음.",전국
BRD_20110100535,0,1,1,0.0,유지,홍익돈까스,2026-08,87,86,0,0.0,,1.0,0,"폐업 0건(전년 동기 0건, 점포 86·84곳 기준 기대 0.0건) — 통계적으로 다르지 않음.",전국
BRD_20110100562,1,0,-1,0.0625,유지,전설의짬뽕,2026-08,15,16,0,0.0,,0.48484848484848486,0,"폐업 1건(전년 동기 0건, 점포 16·17곳 기준 기대 0.0건) — 통계적으로 다르지 않음.",전국
BRD_20110100577,0,0,0,0.0,유지,얌샘,2026-08,19,19,0,0.0,,1.0,0,"폐업 0건(전년 동기 0건, 점포 19·19곳 기준 기대 0.0건) — 통계적으로 다르지 않음.",전국
BRD_20110100585,1,0,-1,0.07692307692307693,유지,폼프리츠,2026-08,12,13,0,0.0,,0.4642857142857143,0,"폐업 1건(전년 동기 0건, 점포 13·15곳 기준 기대 0.0건) — 통계적으로 다르지 않음.",전국
BRD_20110100603,0,4,4,0.0,유지,누구나홀딱반한닭,2026-08,199,195,4,0.020833333333333332,0.0,0.06058443397459815,0,"폐업 0건(전년 동기 4건, 점포 195·192곳 기준 기대 4.1건) — 통계적으로 다르지 않음.",전국
BRD_20110100608,2,1,-1,0.013245033112582781,유지,명동칼국수,2026-08,150,151,2,0.012578616352201259,1.0529801324503312,0.6678998011956416,1,"폐업 2건(전년 동기 2건, 점포 151·159곳 기준 기대 1.9건) — 통계적으로 다르지 않음.",전국
BRD_20110300014,0,0,0,0.0,유지,삼겹파티,2026-08,17,17,2,0.1,0.0,0.2921840759678597,0,"폐업 0건(전년 동기 2건, 점포 17·20곳 기준 기대 1.7건) — 통계적으로 다르지 않음.",전국
BRD_20110300030,0,0,0,0.0,유지,다기야,2026-08,10,10,2,0.14285714285714285,0.0,0.3402777777777778,0,"폐업 0건(전년 동기 2건, 점포 10·14곳 기준 기대 1.4건) — 통계적으로 다르지 않음.",전국
BRD_20110300059|JNG_001039,4,2,-2,0.012903225806451613,유지,고봉민김밥인,2026-08,308,310,4,0.012048192771084338,1.0709677419354837,0.5986411429392201,0,"폐업 4건(전년 동기 4건, 점포 310·332곳 기준 기대 3.7건) — 통계적으로 다르지 않음.",전국
BRD_20110300060,0,0,0,0.0,판단보류,원조의령소바,2026-08,2,2,0,0.0,,,0,관측 점포 10곳 미만(현재 2·전년 2).,전국
BRD_20110300071,0,0,0,0.0,유지,더만족,2026-08,17,17,0,0.0,,1.0,0,"폐업 0건(전년 동기 0건, 점포 17·18곳 기준 기대 0.0건) — 통계적으로 다르지 않음.",전국
BRD_20110300082,0,0,0,0.0,유지,아웃닭,2026-08,52,52,0,0.0,,1.0,0,"폐업 0건(전년 동기 0건, 점포 52·53곳 기준 기대 0.0건) — 통계적으로 다르지 않음.",전국
BRD_20110400001,0,1,1,0.0,유지,삼백집,2026-08,14,13,0,0.0,,1.0,0,"폐업 0건(전년 동기 0건, 점포 13·16곳 기준 기대 0.0건) — 통계적으로 다르지 않음.",전국
BRD_20110500019,0,1,1,0.0,유지,진성아구찜,2026-08,36,35,1,0.02631578947368421,0.0,0.5205479452054795,0,"폐업 0건(전년 동기 1건, 점포 35·38곳 기준 기대 0.9건) — 통계적으로 다르지 않음.",전국
BRD_20110500023,1,0,-1,0.038461538461538464,유지,천안옛날호두과자,2026-08,25,26,0,0.0,,0.5,0,"폐업 1건(전년 동기 0건, 점포 26·26곳 기준 기대 0.0건) — 통계적으로 다르지 않음.",전국
BRD_20110500053,1,4,3,0.0078125,유지,이비가짬뽕,2026-08,131,128,0,0.0,,0.49612403100775193,0,"폐업 1건(전년 동기 0건, 점포 128·130곳 기준 기대 0.0건) — 통계적으로 다르지 않음.",전국
BRD_20110600008,8,3,-5,0.0124804992199688,유지,신전떡볶이,2026-08,636,641,6,0.00904977375565611,1.3790951638065523,0.3707479177103079,0,"폐업 8건(전년 동기 6건, 점포 641·663곳 기준 기대 5.8건) — 통계적으로 다르지 않음.",전국
BRD_20110600010,0,0,0,0.0,판단보류,VFC치킨파티,2026-08,1,1,0,0.0,,,0,관측 점포 10곳 미만(현재 1·전년 1).,전국
BRD_20110600016,0,0,0,0.0,유지,달구지막창,2026-08,22,22,0,0.0,,1.0,0,"폐업 0건(전년 동기 0건, 점포 22·23곳 기준 기대 0.0건) — 통계적으로 다르지 않음.",전국
BRD_20110600026,2,0,-2,0.04081632653061224,유지,서가앤쿡,2026-08,47,49,0,0.0,,0.2307766243752405,0,"폐업 2건(전년 동기 0건, 점포 49·53곳 기준 기대 0.0건) — 통계적으로 다르지 않음.",전국
BRD_20110600030,3,2,-1,0.04,유지,신참떡볶이,2026-08,74,75,8,0.08602150537634409,0.46499999999999997,0.19773369084444134,0,"폐업 3건(전년 동기 8건, 점포 75·93곳 기준 기대 6.5건) — 통계적으로 다르지 않음.",전국
BRD_20120100007,2,2,0,0.05128205128205128,유지,담소 소사골 순대 육개장,2026-08,39,39,0,0.0,,0.24371094375901325,0,"폐업 2건(전년 동기 0건, 점포 39·40곳 기준 기대 0.0건) — 통계적으로 다르지 않음.",전국
BRD_20120100023,1,0,-1,0.07142857142857142,유지,청와삼대,2026-08,13,14,0,0.0,,0.48275862068965514,0,"폐업 1건(전년 동기 0건, 점포 14·15곳 기준 기대 0.0건) — 통계적으로 다르지 않음.",전국
BRD_20120100060,0,0,0,0.0,유지,생어거스틴,2026-08,19,19,0,0.0,,1.0,0,"폐업 0건(전년 동기 0건, 점포 19·19곳 기준 기대 0.0건) — 통계적으로 다르지 않음.",전국
BRD_20120100089,2,0,-2,0.07407407407407407,유지,바빈스,2026-08,25,27,2,0.06060606060606061,1.222222222222222,0.6090187500000004,0,"폐업 2건(전년 동기 2건, 점포 27·33곳 기준 기대 1.6건) — 통계적으로 다르지 않음.",전국
BRD_20120100090,0,0,0,0.0,유지,홍대돈부리,2026-08,13,13,0,0.0,,1.0,0,"폐업 0건(전년 동기 0건, 점포 13·13곳 기준 기대 0.0건) — 통계적으로 다르지 않음.",전국
BRD_20120100121,3,3,0,0.0379746835443038,유지,달.콤(dal.komm),2026-08,79,79,6,0.07142857142857142,0.5316455696202532,0.2850077979929442,0,"폐업 3건(전년 동기 6건, 점포 79·84곳 기준 기대 5.6건) — 통계적으로 다르지 않음.",전국
BRD_20120100160,10,7,-3,0.021052631578947368,유지,또봉이통닭,2026-08,472,475,7,0.014613778705636743,1.4406015037593984,0.30833448549712494,0,"폐업 10건(전년 동기 7건, 점포 475·479곳 기준 기대 6.9건) — 통계적으로 다르지 않음.",전국
BRD_20120100250,0,0,0,0.0,판단보류,육봉달,2026-08,4,4,0,0.0,,,0,관측 점포 10곳 미만(현재 4·전년 4).,전국
BRD_20120100251,0,1,1,0.0,유지,킹콩부대찌개,2026-08,98,97,2,0.019417475728155338,0.0,0.265225,0,"폐업 0건(전년 동기 2건, 점포 97·103곳 기준 기대 1.9건) — 통계적으로 다르지 않음.",전국
BRD_20120100261,0,0,0,,판단보류,팔색삼겹살,2026-08,0,0,0,,,,0,관측 점포 10곳 미만(현재 0·전년 0).,전국
BRD_20120100267,0,0,0,0.0,유지,육장갈비,2026-08,48,48,0,0.0,,1.0,0,"폐업 0건(전년 동기 0건, 점포 48·48곳 기준 기대 0.0건) — 통계적으로 다르지 않음.",전국
BRD_20120100323,0,0,0,0.0,판단보류,손문대구막창갈매기살,2026-08,7,7,0,0.0,,,0,관측 점포 10곳 미만(현재 7·전년 7).,전국
BRD_20120100339,0,1,1,0.0,유지,사쿠사쿠,2026-08,21,20,1,0.043478260869565216,0.0,0.5348837209302326,0,"폐업 0건(전년 동기 1건, 점포 20·23곳 기준 기대 0.9건) — 통계적으로 다르지 않음.",전국
BRD_20120100352,4,0,-4,0.018779342723004695,유지,역전우동0410,2026-08,209,213,2,0.0091324200913242,2.0563380281690145,0.33082124607186847,0,"폐업 4건(전년 동기 2건, 점포 213·219곳 기준 기대 1.9건) — 통계적으로 다르지 않음.",전국
BRD_20120100362,7,3,-4,0.0546875,유지,북촌손만두,2026-08,124,128,2,0.013513513513513514,4.046875,0.05908557768394085,1,"폐업 7건(전년 동기 2건, 점포 128·148곳 기준 기대 1.7건) — 통계적으로 다르지 않음.",전국
BRD_20120100376,1,0,-1,0.047619047619047616,유지,옛날장터치킨,2026-08,20,21,0,0.0,,0.5,0,"폐업 1건(전년 동기 0건, 점포 21·21곳 기준 기대 0.0건) — 통계적으로 다르지 않음.",전국
BRD_20120100380,0,0,0,0.0,판단보류,홍탕,2026-08,5,5,0,0.0,,,0,관측 점포 10곳 미만(현재 5·전년 6).,전국
BRD_20120100399,0,0,0,0.0,유지,디오니스,2026-08,16,16,1,0.058823529411764705,0.0,0.5151515151515151,0,"폐업 0건(전년 동기 1건, 점포 16·17곳 기준 기대 0.9건) — 통계적으로 다르지 않음.",전국
BRD_20120100400,0,0,0,0.0,유지,알바트로스,2026-08,22,22,1,0.045454545454545456,0.0,0.5,0,"폐업 0건(전년 동기 1건, 점포 22·22곳 기준 기대 1.0건) — 통계적으로 다르지 않음.",전국
BRD_20120100412,0,0,0,0.0,판단보류,빨라쪼 델 프레도,2026-08,3,3,0,0.0,,,0,관측 점포 10곳 미만(현재 3·전년 3).,전국
BRD_20120100422,0,0,0,0.0,유지,통파이브,2026-08,14,14,1,0.058823529411764705,0.0,0.5483870967741936,0,"폐업 0건(전년 동기 1건, 점포 14·17곳 기준 기대 0.8건) — 통계적으로 다르지 않음.",전국
BRD_20120100447,0,0,0,0.0,유지,카페아이엠티,2026-08,14,14,1,0.07692307692307693,0.0,0.4814814814814815,0,"폐업 0건(전년 동기 1건, 점포 14·13곳 기준 기대 1.1건) — 통계적으로 다르지 않음.",전국
BRD_20120100504,5,0,-5,0.05952380952380952,유지,셀렉토커피,2026-08,79,84,8,0.07692307692307693,0.7738095238095237,0.436060437959156,0,"폐업 5건(전년 동기 8건, 점포 84·104곳 기준 기대 6.5건) — 통계적으로 다르지 않음.",전국
BRD_20120100525,1,2,1,0.010416666666666666,유지,호치킨,2026-08,97,96,4,0.04,0.26041666666666663,0.20051535559492542,0,"폐업 1건(전년 동기 4건, 점포 96·100곳 기준 기대 3.8건) — 통계적으로 다르지 않음.",전국
BRD_20120100526,0,0,0,0.0,판단보류,공수간,2026-08,4,4,0,0.0,,,0,관측 점포 10곳 미만(현재 4·전년 4).,전국
BRD_20120100533,1,1,0,0.0025974025974025974,유지,가장맛있는족발,2026-08,385,385,3,0.007751937984496124,0.33506493506493507,0.31444551767210627,0,"폐업 1건(전년 동기 3건, 점포 385·387곳 기준 기대 3.0건) — 통계적으로 다르지 않음.",전국
BRD_20120100560,0,1,1,0.0,유지,도스마스,2026-08,37,36,1,0.030303030303030304,0.0,0.4782608695652174,0,"폐업 0건(전년 동기 1건, 점포 36·33곳 기준 기대 1.1건) — 통계적으로 다르지 않음.",전국
BRD_20120100563,0,0,0,0.0,판단보류,코코샤브,2026-08,5,5,0,0.0,,,0,관측 점포 10곳 미만(현재 5·전년 7).,전국
BRD_20120100570,0,0,0,0.0,유지,미스터보쌈5379,2026-08,15,15,1,0.06666666666666667,0.0,0.5,0,"폐업 0건(전년 동기 1건, 점포 15·15곳 기준 기대 1.0건) — 통계적으로 다르지 않음.",전국
BRD_20120100595,1,0,-1,0.09090909090909091,유지,못말리는파닭,2026-08,10,11,2,0.13333333333333333,0.6818181818181819,0.6144742831133365,0,"폐업 1건(전년 동기 2건, 점포 11·15곳 기준 기대 1.5건) — 통계적으로 다르지 않음.",전국
BRD_20120100604,4,1,-3,0.026490066225165563,유지,코코호도,2026-08,148,151,2,0.0125,2.1192052980132448,0.31702714897113426,0,"폐업 4건(전년 동기 2건, 점포 151·160곳 기준 기대 1.9건) — 통계적으로 다르지 않음.",전국
BRD_20120100629,0,0,0,0.0,유지,봉이치킨,2026-08,19,19,0,0.0,,1.0,0,"폐업 0건(전년 동기 0건, 점포 19·21곳 기준 기대 0.0건) — 통계적으로 다르지 않음.",전국
BRD_20120100631,2,0,-2,0.06896551724137931,유지,경성양꼬치,2026-08,27,29,1,0.034482758620689655,2.0,0.4999999999999998,0,"폐업 2건(전년 동기 1건, 점포 29·29곳 기준 기대 1.0건) — 통계적으로 다르지 않음.",전국
BRD_20120100651,6,1,-5,0.04878048780487805,유지,가마로강정,2026-08,118,123,7,0.051470588235294115,0.9477351916376308,0.573229059264,0,"폐업 6건(전년 동기 7건, 점포 123·136곳 기준 기대 6.3건) — 통계적으로 다르지 않음.",전국
BRD_20120100661,0,2,2,0.0,유지,꿀삐닭강정,2026-08,17,15,2,0.10526315789473684,0.0,0.3122837370242215,0,"폐업 0건(전년 동기 2건, 점포 15·19곳 기준 기대 1.6건) — 통계적으로 다르지 않음.",전국
BRD_20120100672,0,0,0,0.0,유지,한스(HANS),2026-08,31,31,0,0.0,,1.0,0,"폐업 0건(전년 동기 0건, 점포 31·35곳 기준 기대 0.0건) — 통계적으로 다르지 않음.",전국
BRD_20120100694,1,0,-1,0.006944444444444444,유지,육대장,2026-08,143,144,5,0.03676470588235294,0.18888888888888888,0.09654868294673141,0,"폐업 1건(전년 동기 5건, 점포 144·136곳 기준 기대 5.3건) — 통계적으로 다르지 않음.",전국
BRD_20120300012,0,0,0,0.0,유지,더웨이닝커피,2026-08,24,24,0,0.0,,1.0,0,"폐업 0건(전년 동기 0건, 점포 24·25곳 기준 기대 0.0건) — 통계적으로 다르지 않음.",전국
BRD_20120300030,1,0,-1,0.03125,유지,로띠번,2026-08,31,32,0,0.0,,0.5079365079365079,0,"폐업 1건(전년 동기 0건, 점포 32·31곳 기준 기대 0.0건) — 통계적으로 다르지 않음.",전국
BRD_20120300066,0,0,0,0.0,판단보류,화르화르,2026-08,3,3,0,0.0,,,0,관측 점포 10곳 미만(현재 3·전년 3).,전국
BRD_20120300082,1,0,-1,0.030303030303030304,유지,압구정 봉구비어,2026-08,32,33,1,0.029411764705882353,1.0303030303030303,0.742481621742036,0,"폐업 1건(전년 동기 1건, 점포 33·34곳 기준 기대 1.0건) — 통계적으로 다르지 않음.",전국
BRD_20120300101,0,0,0,0.0,유지,칠칠켄터키,2026-08,13,13,0,0.0,,1.0,0,"폐업 0건(전년 동기 0건, 점포 13·13곳 기준 기대 0.0건) — 통계적으로 다르지 않음.",전국
BRD_20120400012,0,0,0,0.0,유지,난타5000피자,2026-08,32,32,2,0.05405405405405406,0.0,0.28754463348036124,0,"폐업 0건(전년 동기 2건, 점포 32·37곳 기준 기대 1.7건) — 통계적으로 다르지 않음.",전국
BRD_20120500005,0,0,0,0.0,유지,디에떼에스프레소,2026-08,14,14,1,0.06666666666666667,0.0,0.5172413793103449,0,"폐업 0건(전년 동기 1건, 점포 14·15곳 기준 기대 0.9건) — 통계적으로 다르지 않음.",전국
BRD_20120500045,1,0,-1,0.045454545454545456,유지,샤브쌈주머니,2026-08,21,22,0,0.0,,0.44897959183673475,0,"폐업 1건(전년 동기 0건, 점포 22·27곳 기준 기대 0.0건) — 통계적으로 다르지 않음.",전국
BRD_20120500057,0,0,0,0.0,판단보류,정가대박집,2026-08,9,9,0,0.0,,,0,관측 점포 10곳 미만(현재 9·전년 9).,전국
BRD_20120600029,2,0,-2,0.07142857142857142,유지,빨봉분식,2026-08,26,28,0,0.0,,0.23305588585017856,0,"폐업 2건(전년 동기 0건, 점포 28·30곳 기준 기대 0.0건) — 통계적으로 다르지 않음.",전국
BRD_20130012,1,1,0,0.010752688172043012,유지,라라코스트(raracost),2026-08,93,93,3,0.030303030303030304,0.3548387096774194,0.33629590272903415,0,"폐업 1건(전년 동기 3건, 점포 93·99곳 기준 기대 2.8건) — 통계적으로 다르지 않음.",전국
BRD_20130015,6,1,-5,0.05042016806722689,유지,아마스빈,2026-08,114,119,6,0.03870967741935484,1.3025210084033614,0.428780732267093,0,"폐업 6건(전년 동기 6건, 점포 119·155곳 기준 기대 4.6건) — 통계적으로 다르지 않음.",전국
BRD_20130100004,5,6,1,0.012658227848101266,유지,봉구스밥버거,2026-08,396,395,6,0.015503875968992248,0.8164556962025317,0.4861557077835381,0,"폐업 5건(전년 동기 6건, 점포 395·387곳 기준 기대 6.1건) — 통계적으로 다르지 않음.",전국
BRD_20130100040,1,1,0,0.14285714285714285,판단보류,스시웨이,2026-08,7,7,1,0.125,1.1428571428571428,,0,관측 점포 10곳 미만(현재 7·전년 8).,전국
BRD_20130100052,16,20,4,0.019464720194647202,유지,공차,2026-08,826,822,22,0.02619047619047619,0.7431984074319841,0.22864095705196852,0,"폐업 16건(전년 동기 22건, 점포 822·840곳 기준 기대 21.5건) — 통계적으로 다르지 않음.",전국
BRD_20130100056,1,0,-1,0.009433962264150943,유지,하남돼지집,2026-08,105,106,4,0.03508771929824561,0.2688679245283019,0.21105316464970755,0,"폐업 1건(전년 동기 4건, 점포 106·114곳 기준 기대 3.7건) — 통계적으로 다르지 않음.",전국
BRD_20130100064,1,1,0,0.058823529411764705,유지,미쓰족발,2026-08,17,17,0,0.0,,0.4722222222222222,0,"폐업 1건(전년 동기 0건, 점포 17·19곳 기준 기대 0.0건) — 통계적으로 다르지 않음.",전국
BRD_20130100076,0,0,0,0.0,유지,한방전주콩나물국밥,2026-08,33,33,0,0.0,,1.0,0,"폐업 0건(전년 동기 0건, 점포 33·32곳 기준 기대 0.0건) — 통계적으로 다르지 않음.",전국
BRD_20130100132,0,0,0,0.0,판단보류,국사랑,2026-08,4,4,0,0.0,,,0,관측 점포 10곳 미만(현재 4·전년 6).,전국
BRD_20130100171,0,0,0,0.0,유지,한남동그집,2026-08,45,45,0,0.0,,1.0,0,"폐업 0건(전년 동기 0건, 점포 45·47곳 기준 기대 0.0건) — 통계적으로 다르지 않음.",전국
BRD_20130100173,2,1,-1,0.045454545454545456,유지,니뽕내뽕,2026-08,43,44,0,0.0,,0.23901234567901253,0,"폐업 2건(전년 동기 0건, 점포 44·46곳 기준 기대 0.0건) — 통계적으로 다르지 않음.",전국
BRD_20130100180,4,1,-3,0.031007751937984496,유지,뉴욕버거,2026-08,126,129,8,0.05263157894736842,0.5891472868217055,0.2823965082638798,0,"폐업 4건(전년 동기 8건, 점포 129·152곳 기준 기대 6.8건) — 통계적으로 다르지 않음.",전국
BRD_20130100197,0,0,0,0.0,유지,맛나감자탕,2026-08,66,66,0,0.0,,1.0,0,"폐업 0건(전년 동기 0건, 점포 66·69곳 기준 기대 0.0건) — 통계적으로 다르지 않음.",전국
BRD_20130100213,0,0,0,,판단보류,무한사케무사,2026-08,0,0,1,1.0,,,0,관측 점포 10곳 미만(현재 0·전년 1).,전국
BRD_20130100223,1,0,-1,0.045454545454545456,유지,메콩타이,2026-08,21,22,1,0.041666666666666664,1.090909090909091,0.727788279773157,0,"폐업 1건(전년 동기 1건, 점포 22·24곳 기준 기대 0.9건) — 통계적으로 다르지 않음.",전국
BRD_20130100233,0,0,0,0.0,유지,나능이,2026-08,29,29,0,0.0,,1.0,0,"폐업 0건(전년 동기 0건, 점포 29·29곳 기준 기대 0.0건) — 통계적으로 다르지 않음.",전국
BRD_20130100234,0,0,0,0.0,유지,곱창이야기,2026-08,18,18,1,0.04,0.0,0.5813953488372093,0,"폐업 0건(전년 동기 1건, 점포 18·25곳 기준 기대 0.7건) — 통계적으로 다르지 않음.",전국
BRD_20130100244,3,1,-2,0.075,유지,청담이상,2026-08,38,40,2,0.044444444444444446,1.6874999999999998,0.44498002263608194,0,"폐업 3건(전년 동기 2건, 점포 40·45곳 기준 기대 1.8건) — 통계적으로 다르지 않음.",전국
BRD_20130100263,0,0,0,0.0,유지,구이구이쪽갈비,2026-08,29,29,0,0.0,,1.0,0,"폐업 0건(전년 동기 0건, 점포 29·28곳 기준 기대 0.0건) — 통계적으로 다르지 않음.",전국
BRD_20130100278,0,0,0,0.0,유지,데니스,2026-08,25,25,0,0.0,,1.0,0,"폐업 0건(전년 동기 0건, 점포 25·28곳 기준 기대 0.0건) — 통계적으로 다르지 않음.",전국
BRD_20130100283,4,7,3,0.005673758865248227,유지,불닭발땡초동대문엽기떡볶이,2026-08,708,705,5,0.007451564828614009,0.7614184397163121,0.46962071294494706,0,"폐업 4건(전년 동기 5건, 점포 705·671곳 기준 기대 5.3건) — 통계적으로 다르지 않음.",전국
BRD_20130100291,0,0,0,0.0,판단보류,본가집안동국밥곰탕,2026-08,3,3,1,0.2,0.0,,0,관측 점포 10곳 미만(현재 3·전년 5).,전국
BRD_20130100320,0,0,0,0.0,판단보류,쿡1015,2026-08,4,4,0,0.0,,,0,관측 점포 10곳 미만(현재 4·전년 6).,전국
BRD_20130100343,5,1,-4,0.10204081632653061,유지,부산아지매국밥,2026-08,45,49,2,0.03278688524590164,3.1122448979591835,0.14707805016841524,0,"폐업 5건(전년 동기 2건, 점포 49·61곳 기준 기대 1.6건) — 통계적으로 다르지 않음.",전국
BRD_20130100350,1,0,-1,0.25,판단보류,찰스숯불김밥,2026-08,3,4,0,0.0,,,0,관측 점포 10곳 미만(현재 4·전년 4).,전국
BRD_20130100358,4,10,6,0.007366482504604052,유지,버거킹(Burger King),2026-08,549,543,3,0.005917159763313609,1.2449355432780849,0.5374559494496899,0,"폐업 4건(전년 동기 3건, 점포 543·507곳 기준 기대 3.2건) — 통계적으로 다르지 않음.",전국
BRD_20130100376,0,0,0,0.0,유지,맛찬들왕소금구이,2026-08,70,70,2,0.028169014084507043,0.0,0.2535586741109602,0,"폐업 0건(전년 동기 2건, 점포 70·71곳 기준 기대 2.0건) — 통계적으로 다르지 않음.",전국
BRD_20130100381,2,0,-2,0.02531645569620253,유지,알통떡강정,2026-08,77,79,4,0.043010752688172046,0.5886075949367088,0.422806805750482,0,"폐업 2건(전년 동기 4건, 점포 79·93곳 기준 기대 3.4건) — 통계적으로 다르지 않음.",전국
BRD_20130100408,0,0,0,0.0,유지,오춘자비어,2026-08,12,12,1,0.06666666666666667,0.0,0.5555555555555556,0,"폐업 0건(전년 동기 1건, 점포 12·15곳 기준 기대 0.8건) — 통계적으로 다르지 않음.",전국
BRD_20130100409,0,0,0,0.0,유지,깨순이김밥,2026-08,25,25,0,0.0,,1.0,0,"폐업 0건(전년 동기 0건, 점포 25·26곳 기준 기대 0.0건) — 통계적으로 다르지 않음.",전국
BRD_20130100417,1,0,-1,0.07692307692307693,유지,본초불닭발,2026-08,12,13,1,0.05263157894736842,1.4615384615384617,0.6474609375,0,"폐업 1건(전년 동기 1건, 점포 13·19곳 기준 기대 0.7건) — 통계적으로 다르지 않음.",전국
BRD_20130100431,0,0,0,0.0,유지,그램그램,2026-08,15,15,1,0.0625,0.0,0.5161290322580645,0,"폐업 0건(전년 동기 1건, 점포 15·16곳 기준 기대 0.9건) — 통계적으로 다르지 않음.",전국
BRD_20130100434,3,0,-3,0.0379746835443038,유지,일미리금계찜닭,2026-08,76,79,2,0.02247191011235955,1.689873417721519,0.4443280996230341,0,"폐업 3건(전년 동기 2건, 점포 79·89곳 기준 기대 1.8건) — 통계적으로 다르지 않음.",전국
BRD_20130100457,0,0,0,0.0,판단보류,씨앗호떡,2026-08,6,6,0,0.0,,,0,관측 점포 10곳 미만(현재 6·전년 5).,전국
BRD_20130100463,0,0,0,0.0,판단보류,킹오브떡볶이,2026-08,4,4,1,0.125,0.0,,0,관측 점포 10곳 미만(현재 4·전년 8).,전국
BRD_20130100465,0,0,0,0.0,유지,바푸리,2026-08,11,11,2,0.125,0.0,0.35116598079561046,0,"폐업 0건(전년 동기 2건, 점포 11·16곳 기준 기대 1.4건) — 통계적으로 다르지 않음.",전국
BRD_20130123,5,5,0,0.05,유지,쌀통닭,2026-08,100,100,1,0.010752688172043012,4.6499999999999995,0.12731572268065616,1,"폐업 5건(전년 동기 1건, 점포 100·93곳 기준 기대 1.1건) — 통계적으로 다르지 않음.",전국
BRD_20130139,2,0,-2,0.16666666666666666,유지,빌리엔젤,2026-08,10,12,4,0.21052631578947367,0.7916666666666666,0.5710605824518268,0,"폐업 2건(전년 동기 4건, 점포 12·19곳 기준 기대 2.5건) — 통계적으로 다르지 않음.",전국
BRD_20130155,0,0,0,0.0,유지,이화수전통육개장,2026-08,88,88,0,0.0,,1.0,0,"폐업 0건(전년 동기 0건, 점포 88·91곳 기준 기대 0.0건) — 통계적으로 다르지 않음.",전국
BRD_20130176,10,21,11,0.01049317943336831,유지,노랑통닭,2026-08,964,953,12,0.013015184381778741,0.8062259531304652,0.385598508272611,1,"폐업 10건(전년 동기 12건, 점포 953·922곳 기준 기대 12.4건) — 통계적으로 다르지 않음.",전국
BRD_20130181,4,1,-3,0.125,악화,포베이,2026-08,29,32,0,0.0,,0.04904155841046054,0,"폐업 4건(전년 동기 0건, 점포 32·36곳 기준 기대 0.0건) — 전년보다 유의하게 많음.",전국
BRD_20130184,1,2,1,0.010869565217391304,유지,쿠우쿠우,2026-08,93,92,3,0.030927835051546393,0.3514492753623188,0.33259899990065805,0,"폐업 1건(전년 동기 3건, 점포 92·97곳 기준 기대 2.8건) — 통계적으로 다르지 않음.",전국
BRD_20130227,3,1,-2,0.04838709677419355,유지,청담동말자싸롱,2026-08,60,62,2,0.031746031746031744,1.5241935483870968,0.49250031999385535,0,"폐업 3건(전년 동기 2건, 점포 62·63곳 기준 기대 2.0건) — 통계적으로 다르지 않음.",전국
BRD_20130247,1,0,-1,0.07692307692307693,유지,이웃집소녀떡볶이,2026-08,12,13,1,0.0625,1.2307692307692308,0.6956004756242569,0,"폐업 1건(전년 동기 1건, 점포 13·16곳 기준 기대 0.8건) — 통계적으로 다르지 않음.",전국
BRD_20130249,2,8,6,0.003372681281618887,유지,설빙,2026-08,599,593,1,0.0017985611510791368,1.875210792580101,0.5241430879803081,0,"폐업 2건(전년 동기 1건, 점포 593·556곳 기준 기대 1.1건) — 통계적으로 다르지 않음.",전국
BRD_20130258,1,0,-1,0.14285714285714285,판단보류,오떡,2026-08,6,7,2,0.2,0.7142857142857142,,0,관측 점포 10곳 미만(현재 7·전년 10).,전국
BRD_20130261,1,0,-1,0.03571428571428571,유지,김영희강남동태찜,2026-08,27,28,0,0.0,,0.48275862068965514,0,"폐업 1건(전년 동기 0건, 점포 28·30곳 기준 기대 0.0건) — 통계적으로 다르지 않음.",전국
BRD_20130325,1,1,0,0.013157894736842105,유지,인생극장,2026-08,76,76,3,0.033707865168539325,0.39035087719298245,0.37378923823762245,0,"폐업 1건(전년 동기 3건, 점포 76·89곳 기준 기대 2.6건) — 통계적으로 다르지 않음.",전국
BRD_20130347,2,0,-2,0.046511627906976744,유지,달인의찜닭,2026-08,41,43,0,0.0,,0.23876549586776874,0,"폐업 2건(전년 동기 0건, 점포 43·45곳 기준 기대 0.0건) — 통계적으로 다르지 않음.",전국
BRD_20130399,0,0,0,0.0,유지,올리앤(Ollien),2026-08,26,26,0,0.0,,1.0,0,"폐업 0건(전년 동기 0건, 점포 26·27곳 기준 기대 0.0건) — 통계적으로 다르지 않음.",전국
BRD_20130400,1,1,0,0.0136986301369863,유지,누리마을감자탕,2026-08,73,73,1,0.014285714285714285,0.958904109589041,0.7394004596801796,0,"폐업 1건(전년 동기 1건, 점포 73·70곳 기준 기대 1.0건) — 통계적으로 다르지 않음.",전국
BRD_20130417,1,0,-1,0.037037037037037035,유지,땡초우동,2026-08,26,27,1,0.03571428571428571,1.037037037037037,0.7408264462809917,0,"폐업 1건(전년 동기 1건, 점포 27·28곳 기준 기대 1.0건) — 통계적으로 다르지 않음.",전국
BRD_20130438,2,3,1,0.03278688524590164,유지,박군치킨,2026-08,62,61,3,0.047619047619047616,0.6885245901639345,0.5151183455102943,0,"폐업 2건(전년 동기 3건, 점포 61·63곳 기준 기대 2.9건) — 통계적으로 다르지 않음.",전국
BRD_20130452,4,1,-3,0.01951219512195122,유지,유가네,2026-08,202,205,2,0.009345794392523364,2.0878048780487806,0.3238351327728449,0,"폐업 4건(전년 동기 2건, 점포 205·214곳 기준 기대 1.9건) — 통계적으로 다르지 않음.",전국
BRD_20130481|JNG_001434,0,0,0,0.0,판단보류,족장,2026-08,8,8,0,0.0,,,0,관측 점포 10곳 미만(현재 8·전년 8).,전국
BRD_20130482,0,0,0,0.0,유지,한가네숯불닭갈비,2026-08,25,25,0,0.0,,1.0,0,"폐업 0건(전년 동기 0건, 점포 25·28곳 기준 기대 0.0건) — 통계적으로 다르지 않음.",전국
BRD_20130505,3,2,-1,0.01764705882352941,유지,오븐마루,2026-08,169,170,3,0.017241379310344827,1.0235294117647058,0.6452864495028487,1,"폐업 3건(전년 동기 3건, 점포 170·174곳 기준 기대 2.9건) — 통계적으로 다르지 않음.",전국
BRD_20130538,8,0,-8,0.058823529411764705,유지,썬더치킨,2026-08,128,136,3,0.020833333333333332,2.823529411764706,0.09590250987196458,0,"폐업 8건(전년 동기 3건, 점포 136·144곳 기준 기대 2.8건) — 통계적으로 다르지 않음.",전국
BRD_20140058,2,0,-2,0.023255813953488372,유지,바르다김선생,2026-08,84,86,3,0.03,0.7751937984496124,0.5702984518761027,0,"폐업 2건(전년 동기 3건, 점포 86·100곳 기준 기대 2.6건) — 통계적으로 다르지 않음.",전국
BRD_20140093,2,3,1,0.018691588785046728,유지,수유리우동집,2026-08,108,107,2,0.01834862385321101,1.0186915887850465,0.6805236051860357,0,"폐업 2건(전년 동기 2건, 점포 107·109곳 기준 기대 2.0건) — 통계적으로 다르지 않음.",전국
BRD_20140100,1,0,-1,0.007518796992481203,유지,신통치킨,2026-08,132,133,1,0.007352941176470588,1.0225563909774436,0.744392697723912,0,"폐업 1건(전년 동기 1건, 점포 133·136곳 기준 기대 1.0건) — 통계적으로 다르지 않음.",전국
BRD_20140157,3,1,-2,0.07894736842105263,유지,만족오향족발,2026-08,36,38,1,0.022727272727272728,3.4736842105263155,0.2597222482722359,0,"폐업 3건(전년 동기 1건, 점포 38·44곳 기준 기대 0.9건) — 통계적으로 다르지 않음.",전국
BRD_20140160,1,0,-1,0.01818181818181818,유지,은화수식당,2026-08,54,55,0,0.0,,0.49549549549549554,0,"폐업 1건(전년 동기 0건, 점포 55·56곳 기준 기대 0.0건) — 통계적으로 다르지 않음.",전국
BRD_20140164,1,1,0,0.008620689655172414,유지,나드리김밥,2026-08,116,116,0,0.0,,0.49572649572649574,1,"폐업 1건(전년 동기 0건, 점포 116·118곳 기준 기대 0.0건) — 통계적으로 다르지 않음.",전국
BRD_20140171,0,0,0,,판단보류,원조전통명가 통큰할매순대국,2026-08,0,0,0,,,,0,관측 점포 10곳 미만(현재 0·전년 0).,전국
BRD_20140188,2,0,-2,0.14285714285714285,유지,그린브라우니(green brownie),2026-08,12,14,1,0.047619047619047616,3.0,0.35199999999999987,0,"폐업 2건(전년 동기 1건, 점포 14·21곳 기준 기대 0.7건) — 통계적으로 다르지 않음.",전국
BRD_20140203,0,0,0,0.0,판단보류,아마스빈코리아,2026-08,1,1,0,0.0,,,0,관측 점포 10곳 미만(현재 1·전년 1).,전국
BRD_20140218,0,0,0,0.0,판단보류,계림원누릉지통닭구이,2026-08,6,6,0,0.0,,,0,관측 점포 10곳 미만(현재 6·전년 7).,전국
BRD_20140220,1,1,0,0.023255813953488372,유지,개미집,2026-08,43,43,0,0.0,,0.49425287356321845,0,"폐업 1건(전년 동기 0건, 점포 43·44곳 기준 기대 0.0건) — 통계적으로 다르지 않음.",전국
BRD_20140262,0,0,0,0.0,유지,신불떡볶이,2026-08,29,29,0,0.0,,1.0,0,"폐업 0건(전년 동기 0건, 점포 29·33곳 기준 기대 0.0건) — 통계적으로 다르지 않음.",전국
BRD_20140288,6,0,-6,0.08571428571428572,유지,스트릿츄러스,2026-08,64,70,2,0.02702702702702703,3.1714285714285713,0.12705646587974873,0,"폐업 6건(전년 동기 2건, 점포 70·74곳 기준 기대 1.9건) — 통계적으로 다르지 않음.",전국
BRD_20140292,8,2,-6,0.03333333333333333,유지,큰맘할매순대국,2026-08,234,240,8,0.032,1.0416666666666667,0.5658326133629981,0,"폐업 8건(전년 동기 8건, 점포 240·250곳 기준 기대 7.7건) — 통계적으로 다르지 않음.",전국
BRD_20140398,1,0,-1,0.09090909090909091,유지,슈퍼커피,2026-08,10,11,0,0.0,,0.44000000000000006,0,"폐업 1건(전년 동기 0건, 점포 11·14곳 기준 기대 0.0건) — 통계적으로 다르지 않음.",전국
BRD_20140399,1,0,-1,0.1111111111111111,판단보류,로봇김밥,2026-08,8,9,0,0.0,,,0,관측 점포 10곳 미만(현재 9·전년 10).,전국
BRD_20140400,0,0,0,0.0,유지,본래순대,2026-08,45,45,0,0.0,,1.0,0,"폐업 0건(전년 동기 0건, 점포 45·47곳 기준 기대 0.0건) — 통계적으로 다르지 않음.",전국
BRD_20140422,0,0,0,0.0,유지,홍익궁중전통육개장,2026-08,20,20,0,0.0,,1.0,0,"폐업 0건(전년 동기 0건, 점포 20·21곳 기준 기대 0.0건) — 통계적으로 다르지 않음.",전국
BRD_20140465,3,1,-2,0.03529411764705882,유지,명동찌개마을,2026-08,83,85,0,0.0,,0.127232090600643,0,"폐업 3건(전년 동기 0건, 점포 85·84곳 기준 기대 0.0건) — 통계적으로 다르지 않음.",전국
BRD_20140475,19,21,2,0.023142509135200974,유지,자담치킨,2026-08,823,821,12,0.014669926650366748,1.577547706049533,0.1428186827219381,1,"폐업 19건(전년 동기 12건, 점포 821·818곳 기준 기대 12.0건) — 통계적으로 다르지 않음.",전국
BRD_20140495,0,0,0,0.0,판단보류,돌배기집,2026-08,3,3,0,0.0,,,0,관측 점포 10곳 미만(현재 3·전년 4).,전국
BRD_20140558,0,0,0,0.0,유지,육풍,2026-08,16,16,1,0.05555555555555555,0.0,0.5294117647058824,0,"폐업 0건(전년 동기 1건, 점포 16·18곳 기준 기대 0.9건) — 통계적으로 다르지 않음.",전국
BRD_20140588,0,0,0,0.0,판단보류,짬뽕10101,2026-08,2,2,0,0.0,,,0,관측 점포 10곳 미만(현재 2·전년 2).,전국
BRD_20140589,4,3,-1,0.018779342723004695,유지,교동짬뽕,2026-08,212,213,6,0.0273972602739726,0.6854460093896714,0.39415720766958434,0,"폐업 4건(전년 동기 6건, 점포 213·219곳 기준 기대 5.8건) — 통계적으로 다르지 않음.",전국
BRD_20140594,3,1,-2,0.04838709677419355,유지,충만치킨,2026-08,60,62,2,0.030303030303030304,1.596774193548387,0.470722192898392,0,"폐업 3건(전년 동기 2건, 점포 62·66곳 기준 기대 1.9건) — 통계적으로 다르지 않음.",전국
BRD_20140599,2,0,-2,0.043478260869565216,유지,마시그래이,2026-08,44,46,5,0.09615384615384616,0.4521739130434782,0.27978619969221796,0,"폐업 2건(전년 동기 5건, 점포 46·52곳 기준 기대 4.4건) — 통계적으로 다르지 않음.",전국
BRD_20140624,1,0,-1,0.02564102564102564,유지,도야족발보쌈,2026-08,38,39,0,0.0,,0.4814814814814814,0,"폐업 1건(전년 동기 0건, 점포 39·42곳 기준 기대 0.0건) — 통계적으로 다르지 않음.",전국
BRD_20140647,1,0,-1,0.047619047619047616,유지,두거리우신탕,2026-08,20,21,1,0.043478260869565216,1.0952380952380951,0.7267561983471074,0,"폐업 1건(전년 동기 1건, 점포 21·23곳 기준 기대 0.9건) — 통계적으로 다르지 않음.",전국
BRD_20140651,0,0,0,0.0,유지,투존치킨,2026-08,15,15,3,0.15789473684210525,0.0,0.17451150010177086,0,"폐업 0건(전년 동기 3건, 점포 15·19곳 기준 기대 2.4건) — 통계적으로 다르지 않음.",전국
BRD_20140689,0,0,0,,판단보류,천하제일족발,2026-08,0,0,0,,,,0,관측 점포 10곳 미만(현재 0·전년 0).,전국
BRD_20140694,0,0,0,0.0,유지,정정아식당,2026-08,19,19,0,0.0,,1.0,0,"폐업 0건(전년 동기 0건, 점포 19·20곳 기준 기대 0.0건) — 통계적으로 다르지 않음.",전국
BRD_20140706,0,0,0,0.0,유지,코리엔탈깻잎두마리치킨,2026-08,47,47,2,0.03773584905660377,0.0,0.28090000000000004,0,"폐업 0건(전년 동기 2건, 점포 47·53곳 기준 기대 1.8건) — 통계적으로 다르지 않음.",전국
BRD_20140722,15,24,9,0.011102886750555145,유지,더벤티,2026-08,1360,1351,19,0.014937106918238994,0.7433090498266391,0.2449732064654431,1,"폐업 15건(전년 동기 19건, 점포 1351·1272곳 기준 기대 20.2건) — 통계적으로 다르지 않음.",전국
BRD_20140725,1,16,15,0.008264462809917356,유지,매머드커피(Mammoth coffee),2026-08,136,121,1,0.016666666666666666,0.49586776859504134,0.5530966698208234,0,"폐업 1건(전년 동기 1건, 점포 121·60곳 기준 기대 2.0건) — 통계적으로 다르지 않음.",전국
BRD_20140726,2,3,1,0.017094017094017096,유지,리얼펍,2026-08,118,117,1,0.010101010101010102,1.6923076923076923,0.5623553240740738,0,"폐업 2건(전년 동기 1건, 점포 117·99곳 기준 기대 1.2건) — 통계적으로 다르지 않음.",전국
BRD_20140747,8,0,-8,0.1111111111111111,유지,빅스타피자(Bigstar Pizza),2026-08,64,72,7,0.07608695652173914,1.4603174603174602,0.3148827942578666,0,"폐업 8건(전년 동기 7건, 점포 72·92곳 기준 기대 5.5건) — 통계적으로 다르지 않음.",전국
BRD_20140752,0,0,0,0.0,판단보류,대구우야지막창,2026-08,1,1,0,0.0,,,0,관측 점포 10곳 미만(현재 1·전년 1).,전국
BRD_20140759,0,0,0,0.0,유지,88켄터키치킨&떡볶이,2026-08,21,21,3,0.13636363636363635,0.0,0.13392531475216024,0,"폐업 0건(전년 동기 3건, 점포 21·22곳 기준 기대 2.9건) — 통계적으로 다르지 않음.",전국
BRD_20140773,0,1,1,0.0,유지,반포식스,2026-08,36,35,0,0.0,,1.0,0,"폐업 0건(전년 동기 0건, 점포 35·37곳 기준 기대 0.0건) — 통계적으로 다르지 않음.",전국
BRD_20140778,1,3,2,0.0078125,유지,크리스피크림,2026-08,130,128,3,0.02459016393442623,0.3177083333333333,0.29471939379199974,0,"폐업 1건(전년 동기 3건, 점포 128·122곳 기준 기대 3.1건) — 통계적으로 다르지 않음.",전국
BRD_20140782,0,0,0,0.0,판단보류,모로미,2026-08,8,8,0,0.0,,,0,관측 점포 10곳 미만(현재 8·전년 8).,전국
BRD_20140920,0,0,0,0.0,판단보류,옥탑방오봉자싸롱,2026-08,4,4,1,0.2,0.0,,0,관측 점포 10곳 미만(현재 4·전년 5).,전국
BRD_20140942,2,0,-2,0.03125,유지,짝태&노가리,2026-08,62,64,2,0.027777777777777776,1.125,0.6421379054369564,0,"폐업 2건(전년 동기 2건, 점포 64·72곳 기준 기대 1.8건) — 통계적으로 다르지 않음.",전국
BRD_20140971,0,0,0,0.0,판단보류,존슨켄터키,2026-08,1,1,0,0.0,,,0,관측 점포 10곳 미만(현재 1·전년 1).,전국
BRD_20140974,0,0,0,0.0,유지,미술관,2026-08,13,13,1,0.07142857142857142,0.0,0.5185185185185186,0,"폐업 0건(전년 동기 1건, 점포 13·14곳 기준 기대 0.9건) — 통계적으로 다르지 않음.",전국
BRD_20141003,0,0,0,0.0,유지,장수본가해장국,2026-08,31,31,0,0.0,,1.0,0,"폐업 0건(전년 동기 0건, 점포 31·30곳 기준 기대 0.0건) — 통계적으로 다르지 않음.",전국
BRD_20141019,6,3,-3,0.01791044776119403,개선,반올림피자,2026-08,332,335,20,0.058823529411764705,0.30447761194029854,0.005211055794709022,0,"폐업 6건(전년 동기 20건, 점포 335·340곳 기준 기대 19.7건) — 전년보다 유의하게 적음.",전국
BRD_20141047,0,0,0,,판단보류,쏭스클럽핫도그,2026-08,0,0,0,,,,0,관측 점포 10곳 미만(현재 0·전년 0).,전국
BRD_20141063,5,2,-3,0.024271844660194174,유지,생활맥주,2026-08,203,206,4,0.018957345971563982,1.2803398058252426,0.4852490058985023,0,"폐업 5건(전년 동기 4건, 점포 206·211곳 기준 기대 3.9건) — 통계적으로 다르지 않음.",전국
BRD_20141065,3,0,-3,0.13636363636363635,유지,부엉이돈가스,2026-08,19,22,2,0.07692307692307693,1.7727272727272725,0.42223593629436673,0,"폐업 3건(전년 동기 2건, 점포 22·26곳 기준 기대 1.7건) — 통계적으로 다르지 않음.",전국
BRD_20141066,1,0,-1,0.05263157894736842,유지,불스떡볶이,2026-08,18,19,1,0.038461538461538464,1.3684210526315788,0.6661728395061728,0,"폐업 1건(전년 동기 1건, 점포 19·26곳 기준 기대 0.7건) — 통계적으로 다르지 않음.",전국
BRD_20141116,0,0,0,0.0,유지,안동본가국밥,2026-08,10,10,1,0.06666666666666667,0.0,0.6,0,"폐업 0건(전년 동기 1건, 점포 10·15곳 기준 기대 0.7건) — 통계적으로 다르지 않음.",전국
BRD_20141134,2,1,-1,0.018867924528301886,유지,라무진,2026-08,105,106,3,0.02631578947368421,0.7169811320754718,0.534060868420563,0,"폐업 2건(전년 동기 3건, 점포 106·114곳 기준 기대 2.8건) — 통계적으로 다르지 않음.",전국
BRD_20141157,2,0,-2,0.06666666666666667,유지,아이벗 치킨,2026-08,28,30,0,0.0,,0.25854639471416274,0,"폐업 2건(전년 동기 0건, 점포 30·29곳 기준 기대 0.0건) — 통계적으로 다르지 않음.",전국
BRD_20141179,0,2,2,0.0,유지,소담촌,2026-08,110,108,0,0.0,,1.0,0,"폐업 0건(전년 동기 0건, 점포 108·105곳 기준 기대 0.0건) — 통계적으로 다르지 않음.",전국
BRD_20141217,1,0,-1,0.058823529411764705,유지,순곱이네,2026-08,16,17,1,0.05555555555555555,1.0588235294117647,0.7355102040816326,0,"폐업 1건(전년 동기 1건, 점포 17·18곳 기준 기대 0.9건) — 통계적으로 다르지 않음.",전국
BRD_20141221,5,7,2,0.003671071953010279,유지,본죽&비빔밥,2026-08,1364,1362,3,0.0023094688221709007,1.5895741556534508,0.38946788753959294,0,"폐업 5건(전년 동기 3건, 점포 1362·1299곳 기준 기대 3.1건) — 통계적으로 다르지 않음.",전국
BRD_20141237,4,6,2,0.012012012012012012,유지,와플대학,2026-08,335,333,10,0.029239766081871343,0.41081081081081083,0.09820325896671993,0,"폐업 4건(전년 동기 10건, 점포 333·342곳 기준 기대 9.7건) — 통계적으로 다르지 않음.",전국
BRD_20141250,11,69,58,0.003599476439790576,유지,컴포즈커피(COMPOSE COFFEE),2026-08,3114,3056,8,0.002844950213371266,1.2652159685863873,0.39219943150025416,0,"폐업 11건(전년 동기 8건, 점포 3056·2812곳 기준 기대 8.7건) — 통계적으로 다르지 않음.",전국
BRD_20141293,1,0,-1,0.06666666666666667,유지,크레이저커피(C.Razer Coffee),2026-08,14,15,1,0.05263157894736842,1.2666666666666668,0.6877162629757785,0,"폐업 1건(전년 동기 1건, 점포 15·19곳 기준 기대 0.8건) — 통계적으로 다르지 않음.",전국
BRD_20150031,2,0,-2,0.03278688524590164,유지,브라운돈까스,2026-08,59,61,4,0.06060606060606061,0.5409836065573771,0.38134676507250703,0,"폐업 2건(전년 동기 4건, 점포 61·66곳 기준 기대 3.7건) — 통계적으로 다르지 않음.",전국
BRD_20150052,0,0,0,0.0,유지,빵장수단팥빵,2026-08,33,33,2,0.05555555555555555,0.0,0.2722117202268431,0,"폐업 0건(전년 동기 2건, 점포 33·36곳 기준 기대 1.8건) — 통계적으로 다르지 않음.",전국
BRD_20150062,1,1,0,0.024390243902439025,유지,매스커피,2026-08,41,41,0,0.0,,0.5256410256410257,0,"폐업 1건(전년 동기 0건, 점포 41·37곳 기준 기대 0.0건) — 통계적으로 다르지 않음.",전국
BRD_20150065,3,0,-3,0.04477611940298507,유지,타코비,2026-08,64,67,5,0.06329113924050633,0.707462686567164,0.45623080791588705,0,"폐업 3건(전년 동기 5건, 점포 67·79곳 기준 기대 4.2건) — 통계적으로 다르지 않음.",전국
BRD_20150085,2,1,-1,0.020202020202020204,유지,못난이꽈배기,2026-08,98,99,4,0.037383177570093455,0.5404040404040404,0.3808270591693888,0,"폐업 2건(전년 동기 4건, 점포 99·107곳 기준 기대 3.7건) — 통계적으로 다르지 않음.",전국
BRD_20150087,0,0,0,0.0,판단보류,선굼터,2026-08,9,9,0,0.0,,,0,관측 점포 10곳 미만(현재 9·전년 12).,전국
BRD_20150098,4,0,-4,0.03508771929824561,유지,곤지암할매소머리국밥,2026-08,110,114,1,0.008620689655172414,4.0701754385964914,0.18211247458999547,0,"폐업 4건(전년 동기 1건, 점포 114·116곳 기준 기대 1.0건) — 통계적으로 다르지 않음.",전국
BRD_20150119,0,0,0,0.0,유지,화포식당,2026-08,35,35,0,0.0,,1.0,0,"폐업 0건(전년 동기 0건, 점포 35·33곳 기준 기대 0.0건) — 통계적으로 다르지 않음.",전국
BRD_20150133,0,0,0,0.0,유지,크래프트한스(Craft Han&#39;s),2026-08,20,20,0,0.0,,1.0,0,"폐업 0건(전년 동기 0건, 점포 20·23곳 기준 기대 0.0건) — 통계적으로 다르지 않음.",전국
BRD_20150146,1,0,-1,0.038461538461538464,유지,걸작떡볶이치킨,2026-08,25,26,1,0.02857142857142857,1.3461538461538463,0.6707874227358237,0,"폐업 1건(전년 동기 1건, 점포 26·35곳 기준 기대 0.7건) — 통계적으로 다르지 않음.",전국
BRD_20150154,1,1,0,0.034482758620689655,유지,김밥킹,2026-08,29,29,0,0.0,,0.4833333333333334,0,"폐업 1건(전년 동기 0건, 점포 29·31곳 기준 기대 0.0건) — 통계적으로 다르지 않음.",전국
BRD_20150164,1,4,3,0.006756756756756757,유지,응급실국물떡볶이,2026-08,151,148,3,0.019867549668874173,0.3400900900900901,0.32006258045064917,0,"폐업 1건(전년 동기 3건, 점포 148·151곳 기준 기대 2.9건) — 통계적으로 다르지 않음.",전국
BRD_20150166,0,0,0,0.0,개선,그라찌에,2026-08,49,49,5,0.08620689655172414,0.0,0.046797330439456865,0,"폐업 0건(전년 동기 5건, 점포 49·58곳 기준 기대 4.2건) — 전년보다 유의하게 적음.",전국
BRD_20150189,6,3,-3,0.02390438247011952,유지,카페봄봄,2026-08,248,251,4,0.01556420233463035,1.5358565737051793,0.36250853377434256,0,"폐업 6건(전년 동기 4건, 점포 251·257곳 기준 기대 3.9건) — 통계적으로 다르지 않음.",전국
BRD_20150218,8,3,-5,0.011299435028248588,유지,푸라닭,2026-08,703,708,10,0.014064697609001406,0.8033898305084746,0.41079743636797034,0,"폐업 8건(전년 동기 10건, 점포 708·711곳 기준 기대 10.0건) — 통계적으로 다르지 않음.",전국
BRD_20150253,7,2,-5,0.04697986577181208,유지,카페게이트,2026-08,144,149,6,0.037267080745341616,1.2606263982102908,0.4434093893550791,0,"폐업 7건(전년 동기 6건, 점포 149·161곳 기준 기대 5.6건) — 통계적으로 다르지 않음.",전국
BRD_20150273,0,1,1,0.0,유지,쉐프의부대찌개,2026-08,15,14,1,0.0625,0.0,0.5333333333333333,0,"폐업 0건(전년 동기 1건, 점포 14·16곳 기준 기대 0.9건) — 통계적으로 다르지 않음.",전국
BRD_20150315,3,0,-3,0.13636363636363635,유지,피자애,2026-08,19,22,1,0.04,3.4090909090909087,0.26621740232609525,0,"폐업 3건(전년 동기 1건, 점포 22·25곳 기준 기대 0.9건) — 통계적으로 다르지 않음.",전국
BRD_20150339,0,0,0,0.0,판단보류,산카이 이자카야,2026-08,1,1,0,0.0,,,0,관측 점포 10곳 미만(현재 1·전년 1).,전국
BRD_20150343,0,0,0,0.0,판단보류,왕빈자전통주막,2026-08,8,8,0,0.0,,,0,관측 점포 10곳 미만(현재 8·전년 8).,전국
BRD_20150356,0,0,0,0.0,유지,순남시래기,2026-08,33,33,0,0.0,,1.0,0,"폐업 0건(전년 동기 0건, 점포 33·34곳 기준 기대 0.0건) — 통계적으로 다르지 않음.",전국
BRD_20150402,3,0,-3,0.08108108108108109,유지,미아리우동집,2026-08,34,37,0,0.0,,0.1415240101589499,0,"폐업 3건(전년 동기 0건, 점포 37·34곳 기준 기대 0.0건) — 통계적으로 다르지 않음.",전국
BRD_20150404,0,0,0,0.0,유지,에슬로우커피 (ESLOW COFFEE),2026-08,18,18,2,0.09090909090909091,0.0,0.30249999999999994,0,"폐업 0건(전년 동기 2건, 점포 18·22곳 기준 기대 1.6건) — 통계적으로 다르지 않음.",전국
BRD_20150407,0,2,2,0.0,유지,오투닭갈비&부대찌개,2026-08,34,32,0,0.0,,1.0,0,"폐업 0건(전년 동기 0건, 점포 32·28곳 기준 기대 0.0건) — 통계적으로 다르지 않음.",전국
BRD_20150426,2,0,-2,0.04081632653061224,유지,백스비어,2026-08,47,49,3,0.05555555555555555,0.7346938775510203,0.545438263839211,0,"폐업 2건(전년 동기 3건, 점포 49·54곳 기준 기대 2.7건) — 통계적으로 다르지 않음.",전국
BRD_20150449,2,0,-2,0.058823529411764705,유지,유가네한우곰탕,2026-08,32,34,2,0.047619047619047616,1.2352941176470589,0.6047121147013915,0,"폐업 2건(전년 동기 2건, 점포 34·42곳 기준 기대 1.6건) — 통계적으로 다르지 않음.",전국
BRD_20150467,1,0,-1,0.011494252873563218,유지,짬뽕지존,2026-08,86,87,0,0.0,,0.5,0,"폐업 1건(전년 동기 0건, 점포 87·87곳 기준 기대 0.0건) — 통계적으로 다르지 않음.",전국
BRD_20150473,1,0,-1,0.045454545454545456,유지,밥맛나는세상,2026-08,21,22,1,0.038461538461538464,1.1818181818181819,0.7065972222222222,0,"폐업 1건(전년 동기 1건, 점포 22·26곳 기준 기대 0.8건) — 통계적으로 다르지 않음.",전국
BRD_20150477,0,0,0,0.0,유지,철인7호,2026-08,18,18,0,0.0,,1.0,0,"폐업 0건(전년 동기 0건, 점포 18·21곳 기준 기대 0.0건) — 통계적으로 다르지 않음.",전국
BRD_20150487,0,0,0,0.0,판단보류,만나고쪽갈비가,2026-08,1,1,0,0.0,,,0,관측 점포 10곳 미만(현재 1·전년 1).,전국
BRD_20150488,1,0,-1,0.018867924528301886,유지,개성집,2026-08,52,53,2,0.03508771929824561,0.5377358490566038,0.5272607062359129,0,"폐업 1건(전년 동기 2건, 점포 53·57곳 기준 기대 1.9건) — 통계적으로 다르지 않음.",전국
BRD_20150519,0,0,0,0.0,판단보류,놀부옛날통닭,2026-08,2,2,0,0.0,,,0,관측 점포 10곳 미만(현재 2·전년 3).,전국
BRD_20150522,1,0,-1,0.043478260869565216,유지,리김밥,2026-08,22,23,1,0.037037037037037035,1.173913043478261,0.7084,0,"폐업 1건(전년 동기 1건, 점포 23·27곳 기준 기대 0.9건) — 통계적으로 다르지 않음.",전국
BRD_20150530,0,0,0,0.0,유지,카페보니또,2026-08,17,17,2,0.10526315789473684,0.0,0.2785493827160494,0,"폐업 0건(전년 동기 2건, 점포 17·19곳 기준 기대 1.8건) — 통계적으로 다르지 않음.",전국
BRD_20150553,0,0,0,0.0,유지,밥장인,2026-08,11,11,0,0.0,,1.0,0,"폐업 0건(전년 동기 0건, 점포 11·13곳 기준 기대 0.0건) — 통계적으로 다르지 않음.",전국
BRD_20150573,0,1,1,0.0,유지,모미락,2026-08,32,31,0,0.0,,1.0,0,"폐업 0건(전년 동기 0건, 점포 31·29곳 기준 기대 0.0건) — 통계적으로 다르지 않음.",전국
BRD_20150624,0,0,0,0.0,유지,콩심,2026-08,49,49,0,0.0,,1.0,0,"폐업 0건(전년 동기 0건, 점포 49·48곳 기준 기대 0.0건) — 통계적으로 다르지 않음.",전국
BRD_20150650,0,0,0,0.0,판단보류,마미쿡,2026-08,4,4,1,0.16666666666666666,0.0,,0,관측 점포 10곳 미만(현재 4·전년 6).,전국
BRD_20150700,9,1,-8,0.031578947368421054,유지,청년다방,2026-08,277,285,5,0.015625,2.0210526315789474,0.15397479971622763,0,"폐업 9건(전년 동기 5건, 점포 285·320곳 기준 기대 4.5건) — 통계적으로 다르지 않음.",전국
BRD_20150706,0,0,0,0.0,판단보류,김양비어,2026-08,8,8,0,0.0,,,0,관측 점포 10곳 미만(현재 8·전년 8).,전국
BRD_20150722,0,0,0,0.0,유지,종로맥가,2026-08,29,29,0,0.0,,1.0,0,"폐업 0건(전년 동기 0건, 점포 29·34곳 기준 기대 0.0건) — 통계적으로 다르지 않음.",전국
BRD_20150724,1,0,-1,0.04,유지,오부장치킨,2026-08,24,25,0,0.0,,0.4901960784313726,0,"폐업 1건(전년 동기 0건, 점포 25·26곳 기준 기대 0.0건) — 통계적으로 다르지 않음.",전국
BRD_20150732,0,1,1,0.0,유지,예향정,2026-08,39,38,1,0.02702702702702703,0.0,0.4933333333333333,0,"폐업 0건(전년 동기 1건, 점포 38·37곳 기준 기대 1.0건) — 통계적으로 다르지 않음.",전국
BRD_20150749,0,1,1,0.0,유지,동네포차주민,2026-08,22,21,0,0.0,,1.0,0,"폐업 0건(전년 동기 0건, 점포 21·18곳 기준 기대 0.0건) — 통계적으로 다르지 않음.",전국
BRD_20150785,1,0,-1,0.043478260869565216,유지,본설렁탕,2026-08,22,23,2,0.06451612903225806,0.6739130434782609,0.6102982268963066,0,"폐업 1건(전년 동기 2건, 점포 23·31곳 기준 기대 1.5건) — 통계적으로 다르지 않음.",전국
BRD_20150790,1,1,0,0.023255813953488372,유지,자연임실치즈피자,2026-08,43,43,0,0.0,,0.5119047619047619,0,"폐업 1건(전년 동기 0건, 점포 43·41곳 기준 기대 0.0건) — 통계적으로 다르지 않음.",전국
BRD_20150811,19,4,-15,0.04337899543378995,유지,디저트39,2026-08,423,438,18,0.03636363636363636,1.1929223744292237,0.3540216018029496,0,"폐업 19건(전년 동기 18건, 점포 438·495곳 기준 기대 15.9건) — 통계적으로 다르지 않음.",전국
BRD_20150828,6,0,-6,0.01744186046511628,유지,샐러디,2026-08,338,344,4,0.011363636363636364,1.5348837209302324,0.36289355915194355,0,"폐업 6건(전년 동기 4건, 점포 344·352곳 기준 기대 3.9건) — 통계적으로 다르지 않음.",전국
BRD_20150845,0,0,0,0.0,유지,산쪼메,2026-08,28,28,2,0.06666666666666667,0.0,0.267538644470868,0,"폐업 0건(전년 동기 2건, 점포 28·30곳 기준 기대 1.9건) — 통계적으로 다르지 않음.",전국
BRD_20150909,2,0,-2,0.11764705882352941,유지,대독장,2026-08,15,17,1,0.05,2.352941176470588,0.4393224488184312,0,"폐업 2건(전년 동기 1건, 점포 17·20곳 기준 기대 0.9건) — 통계적으로 다르지 않음.",전국
BRD_20150930,3,0,-3,0.022222222222222223,유지,바른치킨,2026-08,132,135,2,0.013157894736842105,1.688888888888889,0.44459839600103723,0,"폐업 3건(전년 동기 2건, 점포 135·152곳 기준 기대 1.8건) — 통계적으로 다르지 않음.",전국
BRD_20150939,0,0,0,0.0,판단보류,홍춘천,2026-08,3,3,0,0.0,,,0,관측 점포 10곳 미만(현재 3·전년 3).,전국
BRD_20150942,0,0,0,0.0,유지,브롱스(BRONX),2026-08,29,29,3,0.1,0.0,0.13146426849872675,0,"폐업 0건(전년 동기 3건, 점포 29·30곳 기준 기대 2.9건) — 통계적으로 다르지 않음.",전국
BRD_20150982,0,0,0,0.0,판단보류,노량진의 전설 미스사이공(miss420),2026-08,1,1,0,0.0,,,0,관측 점포 10곳 미만(현재 1·전년 1).,전국
BRD_20150989,2,1,-1,0.2857142857142857,판단보류,아딸,2026-08,6,7,0,0.0,,,0,관측 점포 10곳 미만(현재 7·전년 10).,전국
BRD_20151007,0,0,0,0.0,판단보류,동경야시장,2026-08,6,6,0,0.0,,,0,관측 점포 10곳 미만(현재 6·전년 6).,전국
BRD_20151018,4,1,-3,0.11428571428571428,유지,복고다방,2026-08,32,35,1,0.02127659574468085,5.371428571428571,0.10928654079983069,0,"폐업 4건(전년 동기 1건, 점포 35·47곳 기준 기대 0.7건) — 통계적으로 다르지 않음.",전국
BRD_20151039,2,0,-2,0.0031847133757961785,유지,60계,2026-08,626,628,2,0.0031746031746031746,1.0031847133757963,0.6863066843373925,0,"폐업 2건(전년 동기 2건, 점포 628·630곳 기준 기대 2.0건) — 통계적으로 다르지 않음.",전국
BRD_20151052,3,1,-2,0.06,유지,더치앤빈,2026-08,48,50,0,0.0,,0.09391435011269689,0,"폐업 3건(전년 동기 0건, 점포 50·60곳 기준 기대 0.0건) — 통계적으로 다르지 않음.",전국
BRD_20151089,0,0,0,0.0,판단보류,떼루와,2026-08,6,6,0,0.0,,,0,관측 점포 10곳 미만(현재 6·전년 9).,전국
BRD_20151091,0,0,0,0.0,판단보류,육회한연어,2026-08,7,7,1,0.125,0.0,,0,관측 점포 10곳 미만(현재 7·전년 8).,전국
BRD_20151153,1,0,-1,0.029411764705882353,유지,송촌꼬마김밥,2026-08,33,34,2,0.05555555555555555,0.5294117647058824,0.5214227405247814,0,"폐업 1건(전년 동기 2건, 점포 34·36곳 기준 기대 1.9건) — 통계적으로 다르지 않음.",전국
BRD_20151155,5,0,-5,0.04201680672268908,유지,쥬씨(JUICY),2026-08,114,119,6,0.043478260869565216,0.9663865546218489,0.5991597775213452,0,"폐업 5건(전년 동기 6건, 점포 119·138곳 기준 기대 5.2건) — 통계적으로 다르지 않음.",전국
BRD_20151176,0,0,0,0.0,유지,빙달,2026-08,19,19,2,0.06666666666666667,0.0,0.3748438150770512,0,"폐업 0건(전년 동기 2건, 점포 19·30곳 기준 기대 1.3건) — 통계적으로 다르지 않음.",전국
BRD_20151193,1,0,-1,0.25,판단보류,아빠곰탕,2026-08,3,4,0,0.0,,,0,관측 점포 10곳 미만(현재 4·전년 5).,전국
BRD_20151202,4,3,-1,0.010282776349614395,유지,THE LITER (더리터),2026-08,388,389,7,0.017766497461928935,0.5787734116782959,0.28166237490927776,0,"폐업 4건(전년 동기 7건, 점포 389·394곳 기준 기대 6.9건) — 통계적으로 다르지 않음.",전국
BRD_20151210,0,0,0,0.0,유지,깐깐한족발,2026-08,28,28,0,0.0,,1.0,0,"폐업 0건(전년 동기 0건, 점포 28·28곳 기준 기대 0.0건) — 통계적으로 다르지 않음.",전국
BRD_20151211,1,0,-1,0.007518796992481203,유지,청자다방,2026-08,132,133,1,0.007462686567164179,1.0075187969924813,0.7481238339715806,0,"폐업 1건(전년 동기 1건, 점포 133·134곳 기준 기대 1.0건) — 통계적으로 다르지 않음.",전국
BRD_20151217,4,0,-4,0.05714285714285714,유지,싸움의고수,2026-08,66,70,1,0.013513513513513514,4.228571428571429,0.1706209579881478,0,"폐업 4건(전년 동기 1건, 점포 70·74곳 기준 기대 0.9건) — 통계적으로 다르지 않음.",전국
BRD_20151228,1,1,0,0.012048192771084338,유지,막창도둑,2026-08,83,83,1,0.011904761904761904,1.0120481927710845,0.7469970239162393,0,"폐업 1건(전년 동기 1건, 점포 83·84곳 기준 기대 1.0건) — 통계적으로 다르지 않음.",전국
BRD_20151263,0,0,0,0.0,유지,포차어게인,2026-08,10,10,0,0.0,,1.0,0,"폐업 0건(전년 동기 0건, 점포 10·10곳 기준 기대 0.0건) — 통계적으로 다르지 않음.",전국
BRD_20151265,1,2,1,0.01282051282051282,유지,바우네나주곰탕,2026-08,79,78,4,0.046511627906976744,0.27564102564102566,0.21947321091168911,1,"폐업 1건(전년 동기 4건, 점포 78·86곳 기준 기대 3.6건) — 통계적으로 다르지 않음.",전국
BRD_20151270,0,0,0,0.0,판단보류,WITCH COFFEE,2026-08,1,1,0,0.0,,,0,관측 점포 10곳 미만(현재 1·전년 1).,전국
BRD_20151284,2,1,-1,0.03333333333333333,유지,101번지 남산돈까스,2026-08,59,60,1,0.017857142857142856,1.8666666666666667,0.5258518184427405,0,"폐업 2건(전년 동기 1건, 점포 60·56곳 기준 기대 1.1건) — 통계적으로 다르지 않음.",전국
BRD_20151296,1,0,-1,0.06666666666666667,유지,백채,2026-08,14,15,1,0.05555555555555555,1.2,0.7024793388429752,0,"폐업 1건(전년 동기 1건, 점포 15·18곳 기준 기대 0.8건) — 통계적으로 다르지 않음.",전국
BRD_20160030,0,0,0,0.0,판단보류,수철이네왕새우튀김,2026-08,9,9,0,0.0,,,0,관측 점포 10곳 미만(현재 9·전년 10).,전국
BRD_20160063,0,0,0,,판단보류,엉터리생고기 두번째이야기 무한삼겹,2026-08,0,0,0,,,,0,관측 점포 10곳 미만(현재 0·전년 0).,전국
BRD_20160097,0,0,0,0.0,판단보류,램플러스,2026-08,6,6,0,0.0,,,0,관측 점포 10곳 미만(현재 6·전년 6).,전국
BRD_20160116,5,1,-4,0.06756756756756757,유지,만랩커피,2026-08,70,74,2,0.023809523809523808,2.837837837837838,0.17798631450245317,0,"폐업 5건(전년 동기 2건, 점포 74·84곳 기준 기대 1.8건) — 통계적으로 다르지 않음.",전국
BRD_20160124,0,0,0,0.0,판단보류,설동궁찜닭,2026-08,7,7,0,0.0,,,0,관측 점포 10곳 미만(현재 7·전년 7).,전국
BRD_20160150,3,0,-3,0.05660377358490566,유지,숯불에닭,2026-08,50,53,0,0.0,,0.12152797901787926,0,"폐업 3건(전년 동기 0건, 점포 53·54곳 기준 기대 0.0건) — 통계적으로 다르지 않음.",전국
BRD_20160153,0,0,0,0.0,유지,오복미역,2026-08,17,17,0,0.0,,1.0,0,"폐업 0건(전년 동기 0건, 점포 17·19곳 기준 기대 0.0건) — 통계적으로 다르지 않음.",전국
BRD_20160173,0,0,0,0.0,유지,조선의 옛날통닭,2026-08,21,21,0,0.0,,1.0,0,"폐업 0건(전년 동기 0건, 점포 21·22곳 기준 기대 0.0건) — 통계적으로 다르지 않음.",전국
BRD_20160195,0,0,0,0.0,유지,내가찜한닭,2026-08,26,26,0,0.0,,1.0,0,"폐업 0건(전년 동기 0건, 점포 26·27곳 기준 기대 0.0건) — 통계적으로 다르지 않음.",전국
BRD_20160217,0,0,0,,판단보류,어머나생고기,2026-08,0,0,0,,,,0,관측 점포 10곳 미만(현재 0·전년 0).,전국
BRD_20160303,0,0,0,0.0,판단보류,엑스오엑스오핫도그앤커피,2026-08,1,1,0,0.0,,,0,관측 점포 10곳 미만(현재 1·전년 1).,전국
BRD_20160311,1,1,0,0.025,유지,바다양푼이동태탕찜,2026-08,40,40,0,0.0,,0.49382716049382713,0,"폐업 1건(전년 동기 0건, 점포 40·41곳 기준 기대 0.0건) — 통계적으로 다르지 않음.",전국
BRD_20160327,0,0,0,0.0,유지,석관동떡볶이,2026-08,13,13,1,0.06666666666666667,0.0,0.5357142857142857,0,"폐업 0건(전년 동기 1건, 점포 13·15곳 기준 기대 0.9건) — 통계적으로 다르지 않음.",전국
BRD_20160329,1,0,-1,0.009433962264150943,유지,불막열삼,2026-08,105,106,0,0.0,,0.4907407407407408,0,"폐업 1건(전년 동기 0건, 점포 106·110곳 기준 기대 0.0건) — 통계적으로 다르지 않음.",전국
BRD_20160331,2,0,-2,0.08,유지,장혁민의 부대찌개,2026-08,23,25,1,0.038461538461538464,2.08,0.48529600229172776,0,"폐업 2건(전년 동기 1건, 점포 25·26곳 기준 기대 1.0건) — 통계적으로 다르지 않음.",전국
BRD_20160392,0,0,0,0.0,유지,베트남노상식당,2026-08,23,23,1,0.03571428571428571,0.0,0.5490196078431373,0,"폐업 0건(전년 동기 1건, 점포 23·28곳 기준 기대 0.8건) — 통계적으로 다르지 않음.",전국
BRD_20160395,1,0,-1,0.021739130434782608,유지,배부장찌개,2026-08,45,46,1,0.022222222222222223,0.9782608695652173,0.7444753049148651,0,"폐업 1건(전년 동기 1건, 점포 46·45곳 기준 기대 1.0건) — 통계적으로 다르지 않음.",전국
BRD_20160414,0,0,0,0.0,판단보류,샤이바나,2026-08,3,3,0,0.0,,,0,관측 점포 10곳 미만(현재 3·전년 5).,전국
BRD_20160451,3,1,-2,0.037037037037037035,유지,하루엔소쿠,2026-08,79,81,2,0.022727272727272728,1.6296296296296295,0.4612130295944562,0,"폐업 3건(전년 동기 2건, 점포 81·88곳 기준 기대 1.8건) — 통계적으로 다르지 않음.",전국
BRD_20160452,0,0,0,,판단보류,쉐프삼촌,2026-08,0,0,0,,,,0,관측 점포 10곳 미만(현재 0·전년 0).,전국
BRD_20160464,2,0,-2,0.028169014084507043,유지,혜화동 돈까스극장,2026-08,69,71,1,0.012658227848101266,2.2253521126760565,0.46003792592592574,0,"폐업 2건(전년 동기 1건, 점포 71·79곳 기준 기대 0.9건) — 통계적으로 다르지 않음.",전국
BRD_20160469,0,0,0,0.0,판단보류,뿅가야채곱창,2026-08,8,8,0,0.0,,,0,관측 점포 10곳 미만(현재 8·전년 10).,전국
BRD_20160478,1,0,-1,0.2,판단보류,툴스돈카츠,2026-08,4,5,0,0.0,,,0,관측 점포 10곳 미만(현재 5·전년 7).,전국
BRD_20160481,0,0,0,0.0,유지,징기스,2026-08,22,22,0,0.0,,1.0,0,"폐업 0건(전년 동기 0건, 점포 22·22곳 기준 기대 0.0건) — 통계적으로 다르지 않음.",전국
BRD_20160493,0,0,0,0.0,유지,하우돈곱창,2026-08,18,18,1,0.047619047619047616,0.0,0.5384615384615384,0,"폐업 0건(전년 동기 1건, 점포 18·21곳 기준 기대 0.9건) — 통계적으로 다르지 않음.",전국
BRD_20160517,0,0,0,0.0,유지,계경순대국,2026-08,14,14,0,0.0,,1.0,0,"폐업 0건(전년 동기 0건, 점포 14·16곳 기준 기대 0.0건) — 통계적으로 다르지 않음.",전국
BRD_20160521,4,2,-2,0.06451612903225806,유지,심봉사도로케,2026-08,60,62,1,0.014705882352941176,4.387096774193548,0.1599838152618006,0,"폐업 4건(전년 동기 1건, 점포 62·68곳 기준 기대 0.9건) — 통계적으로 다르지 않음.",전국
BRD_20160531,0,0,0,0.0,판단보류,맛나슈퍼,2026-08,2,2,0,0.0,,,0,관측 점포 10곳 미만(현재 2·전년 2).,전국
BRD_20160534,0,0,0,0.0,판단보류,킹콩쥬스엔커피,2026-08,1,1,0,0.0,,,0,관측 점포 10곳 미만(현재 1·전년 1).,전국
BRD_20160546,1,0,-1,0.0625,유지,잭아저씨족발&보쌈,2026-08,15,16,1,0.0625,1.0,0.7499999999999998,0,"폐업 1건(전년 동기 1건, 점포 16·16곳 기준 기대 1.0건) — 통계적으로 다르지 않음.",전국
BRD_20160549,3,4,1,0.0625,유지,노랑강정,2026-08,49,48,3,0.06976744186046512,0.8958333333333334,0.6034317210192243,0,"폐업 3건(전년 동기 3건, 점포 48·43곳 기준 기대 3.3건) — 통계적으로 다르지 않음.",전국
BRD_20160553,0,0,0,0.0,판단보류,헬로베트남 쌀국수,2026-08,7,7,0,0.0,,,0,관측 점포 10곳 미만(현재 7·전년 7).,전국
BRD_20160571,0,0,0,0.0,판단보류,경성주막1929,2026-08,8,8,1,0.09090909090909091,0.0,,0,관측 점포 10곳 미만(현재 8·전년 11).,전국
BRD_20160575,0,0,0,0.0,판단보류,도쿄스테이크,2026-08,7,7,0,0.0,,,0,관측 점포 10곳 미만(현재 7·전년 10).,전국
BRD_20160577,0,0,0,0.0,판단보류,커피코트,2026-08,4,4,1,0.2,0.0,,0,관측 점포 10곳 미만(현재 4·전년 5).,전국
BRD_20160621,1,0,-1,0.02631578947368421,유지,홍대개미,2026-08,37,38,2,0.046511627906976744,0.5657894736842105,0.5462374939080727,0,"폐업 1건(전년 동기 2건, 점포 38·43곳 기준 기대 1.8건) — 통계적으로 다르지 않음.",전국
BRD_20160628,6,127,121,0.001394700139470014,유지,메가엠지씨커피(MEGA MGC COFFEE),2026-08,4423,4302,3,0.0007980845969672786,1.7475592747559274,0.3244508584221968,1,"폐업 6건(전년 동기 3건, 점포 4302·3759곳 기준 기대 3.4건) — 통계적으로 다르지 않음.",전국
BRD_20160666,2,1,-1,0.016,유지,한마음정육식당,2026-08,124,125,1,0.00819672131147541,1.952,0.509108863808041,0,"폐업 2건(전년 동기 1건, 점포 125·122곳 기준 기대 1.0건) — 통계적으로 다르지 않음.",전국
BRD_20160683,0,0,0,0.0,유지,토고리 옛날막창,2026-08,22,22,2,0.08695652173913043,0.0,0.26123456790123456,0,"폐업 0건(전년 동기 2건, 점포 22·23곳 기준 기대 1.9건) — 통계적으로 다르지 않음.",전국
BRD_20160690,1,0,-1,0.022727272727272728,유지,김밥일번지,2026-08,43,44,0,0.0,,0.48888888888888893,0,"폐업 1건(전년 동기 0건, 점포 44·46곳 기준 기대 0.0건) — 통계적으로 다르지 않음.",전국
BRD_20160713,1,2,1,0.007462686567164179,유지,79대포,2026-08,135,134,3,0.023076923076923078,0.3233830845771144,0.30122331148638876,0,"폐업 1건(전년 동기 3건, 점포 134·130곳 기준 기대 3.1건) — 통계적으로 다르지 않음.",전국
BRD_20160714,0,0,0,0.0,판단보류,안심치킨,2026-08,3,3,1,0.25,0.0,,0,관측 점포 10곳 미만(현재 3·전년 4).,전국
BRD_20160718,1,0,-1,0.02564102564102564,유지,네오피자,2026-08,38,39,0,0.0,,0.4698795180722892,0,"폐업 1건(전년 동기 0건, 점포 39·44곳 기준 기대 0.0건) — 통계적으로 다르지 않음.",전국
BRD_20160737,0,0,0,0.0,판단보류,스탠딩스테이크,2026-08,1,1,0,0.0,,,0,관측 점포 10곳 미만(현재 1·전년 1).,전국
BRD_20160760,0,0,0,0.0,유지,천사곱창,2026-08,19,19,2,0.08695652173913043,0.0,0.2998866213151927,0,"폐업 0건(전년 동기 2건, 점포 19·23곳 기준 기대 1.7건) — 통계적으로 다르지 않음.",전국
BRD_20160771,2,2,0,0.05263157894736842,유지,샤브보트,2026-08,38,38,2,0.05263157894736842,1.0,0.6874999999999996,0,"폐업 2건(전년 동기 2건, 점포 38·38곳 기준 기대 2.0건) — 통계적으로 다르지 않음.",전국
BRD_20160773,5,2,-3,0.026595744680851064,유지,족발야시장,2026-08,185,188,8,0.03864734299516908,0.6881648936170213,0.35368777579822863,0,"폐업 5건(전년 동기 8건, 점포 188·207곳 기준 기대 7.3건) — 통계적으로 다르지 않음.",전국
BRD_20160785,0,0,0,0.0,유지,완산골명가,2026-08,14,14,0,0.0,,1.0,0,"폐업 0건(전년 동기 0건, 점포 14·13곳 기준 기대 0.0건) — 통계적으로 다르지 않음.",전국
BRD_20160798,10,27,17,0.011534025374855825,유지,가마치통닭,2026-08,884,867,8,0.009925558312655087,1.1620530565167244,0.4690159627304,0,"폐업 10건(전년 동기 8건, 점포 867·806곳 기준 기대 8.6건) — 통계적으로 다르지 않음.",전국
BRD_20160803,1,0,-1,0.01639344262295082,유지,뉴욕야시장,2026-08,60,61,4,0.05405405405405406,0.30327868852459017,0.25345288928836224,0,"폐업 1건(전년 동기 4건, 점포 61·74곳 기준 기대 3.3건) — 통계적으로 다르지 않음.",전국
BRD_20160807,1,0,-1,0.05,유지,파스토보이(pastoboy),2026-08,19,20,2,0.07407407407407407,0.675,0.6108762027681729,0,"폐업 1건(전년 동기 2건, 점포 20·27곳 기준 기대 1.5건) — 통계적으로 다르지 않음.",전국
BRD_20160811,5,0,-5,0.047619047619047616,유지,베러먼데이,2026-08,100,105,3,0.02608695652173913,1.8253968253968254,0.3147943425225044,0,"폐업 5건(전년 동기 3건, 점포 105·115곳 기준 기대 2.7건) — 통계적으로 다르지 않음.",전국
BRD_20160835,2,3,1,0.009900990099009901,유지,얌샘김밥,2026-08,203,202,2,0.009852216748768473,1.004950495049505,0.6856458656816165,0,"폐업 2건(전년 동기 2건, 점포 202·203곳 기준 기대 2.0건) — 통계적으로 다르지 않음.",전국
BRD_20160858,8,12,4,0.0125,유지,두찜,2026-08,644,640,2,0.003257328990228013,3.8375,0.06236285484128834,1,"폐업 8건(전년 동기 2건, 점포 640·614곳 기준 기대 2.1건) — 통계적으로 다르지 않음.",전국
BRD_20160884,4,3,-1,0.01951219512195122,유지,마왕족발,2026-08,204,205,7,0.0330188679245283,0.5909407665505226,0.2936604582365401,0,"폐업 4건(전년 동기 7건, 점포 205·212곳 기준 기대 6.8건) — 통계적으로 다르지 않음.",전국
BRD_20160892,0,1,1,0.0,유지,만년닭강정,2026-08,27,27,3,0.09375,0.0,0.1595489314876399,1,"폐업 0건(전년 동기 3건, 점포 27·32곳 기준 기대 2.5건) — 통계적으로 다르지 않음.",전국
BRD_20160907,0,0,0,0.0,판단보류,아리랑수제핫도그,2026-08,2,2,1,0.25,0.0,,0,관측 점포 10곳 미만(현재 2·전년 4).,전국
BRD_20160924,1,0,-1,0.029411764705882353,유지,강창구찹쌀진순대,2026-08,33,34,3,0.07894736842105263,0.37254901960784315,0.3552794210105164,0,"폐업 1건(전년 동기 3건, 점포 34·38곳 기준 기대 2.7건) — 통계적으로 다르지 않음.",전국
BRD_20160973,2,1,-1,0.009569377990430622,유지,카페051(cafe051),2026-08,208,209,0,0.0,,0.2512004784661481,0,"폐업 2건(전년 동기 0건, 점포 209·208곳 기준 기대 0.0건) — 통계적으로 다르지 않음.",전국
BRD_20161030,1,0,-1,0.013513513513513514,유지,노군꼬치,2026-08,73,74,1,0.01282051282051282,1.0540540540540542,0.7366689750692521,0,"폐업 1건(전년 동기 1건, 점포 74·78곳 기준 기대 0.9건) — 통계적으로 다르지 않음.",전국
BRD_20161076,4,0,-4,0.25,악화,투고샐러드 (TOGOSALAD),2026-08,12,16,0,0.0,,0.03496818042846983,0,"폐업 4건(전년 동기 0건, 점포 16·21곳 기준 기대 0.0건) — 전년보다 유의하게 많음.",전국
BRD_20161120,0,0,0,0.0,판단보류,호수꼬치,2026-08,8,8,1,0.1,0.0,,0,관측 점포 10곳 미만(현재 8·전년 10).,전국
BRD_20161124,2,0,-2,0.1,유지,파주닭국수,2026-08,18,20,1,0.043478260869565216,2.3000000000000003,0.4477593167897165,0,"폐업 2건(전년 동기 1건, 점포 20·23곳 기준 기대 0.9건) — 통계적으로 다르지 않음.",전국
BRD_20161125,0,0,0,0.0,유지,고반식당,2026-08,57,57,1,0.016129032258064516,0.0,0.5210084033613446,0,"폐업 0건(전년 동기 1건, 점포 57·62곳 기준 기대 0.9건) — 통계적으로 다르지 않음.",전국
BRD_20161129,1,0,-1,0.018518518518518517,유지,뜨돈(DD'DON),2026-08,53,54,0,0.0,,0.5192307692307693,0,"폐업 1건(전년 동기 0건, 점포 54·50곳 기준 기대 0.0건) — 통계적으로 다르지 않음.",전국
BRD_20161137,10,8,-2,0.02444987775061125,유지,명랑시대쌀핫도그,2026-08,407,409,9,0.020833333333333332,1.17359413202934,0.4519208631404298,0,"폐업 10건(전년 동기 9건, 점포 409·432곳 기준 기대 8.5건) — 통계적으로 다르지 않음.",전국
BRD_20161139,0,0,0,,판단보류,2도맥주 (2°C BEER),2026-08,0,0,0,0.0,,,0,관측 점포 10곳 미만(현재 0·전년 1).,전국
BRD_20161159,6,12,6,0.008130081300813009,유지,매머드익스프레스(Mammoth Express),2026-08,744,738,6,0.008241758241758242,0.986449864498645,0.6035294865865815,1,"폐업 6건(전년 동기 6건, 점포 738·728곳 기준 기대 6.1건) — 통계적으로 다르지 않음.",전국
BRD_20161160,4,1,-3,0.07017543859649122,유지,수내닭꼬치,2026-08,54,57,3,0.04477611940298507,1.567251461988304,0.41236577772747707,0,"폐업 4건(전년 동기 3건, 점포 57·67곳 기준 기대 2.6건) — 통계적으로 다르지 않음.",전국
BRD_20161169,1,1,0,0.01694915254237288,유지,강순자옛맛김치찌개,2026-08,59,59,0,0.0,,0.5221238938053098,0,"폐업 1건(전년 동기 0건, 점포 59·54곳 기준 기대 0.0건) — 통계적으로 다르지 않음.",전국
BRD_20161178,1,0,-1,0.041666666666666664,유지,리틀하노이(LittleHANOI),2026-08,23,24,1,0.037037037037037035,1.125,0.7197231833910035,0,"폐업 1건(전년 동기 1건, 점포 24·27곳 기준 기대 0.9건) — 통계적으로 다르지 않음.",전국
BRD_20161181,0,0,0,0.0,유지,블럭제빵소,2026-08,22,22,1,0.03571428571428571,0.0,0.5599999999999999,0,"폐업 0건(전년 동기 1건, 점포 22·28곳 기준 기대 0.8건) — 통계적으로 다르지 않음.",전국
BRD_20161185,0,1,1,0.0,유지,하노이별,2026-08,27,26,0,0.0,,1.0,0,"폐업 0건(전년 동기 0건, 점포 26·30곳 기준 기대 0.0건) — 통계적으로 다르지 않음.",전국
BRD_20161188,1,0,-1,0.02564102564102564,유지,이태리부대찌개,2026-08,38,39,0,0.0,,0.5,0,"폐업 1건(전년 동기 0건, 점포 39·39곳 기준 기대 0.0건) — 통계적으로 다르지 않음.",전국
BRD_20161199,2,0,-2,0.0106951871657754,유지,동근이숯불두마리치킨,2026-08,185,187,3,0.01639344262295082,0.6524064171122994,0.48986565452386915,1,"폐업 2건(전년 동기 3건, 점포 187·183곳 기준 기대 3.1건) — 통계적으로 다르지 않음.",전국
BRD_20161207,0,0,0,0.0,유지,커피온리,2026-08,12,12,1,0.06666666666666667,0.0,0.5555555555555556,0,"폐업 0건(전년 동기 1건, 점포 12·15곳 기준 기대 0.8건) — 통계적으로 다르지 않음.",전국
BRD_20161219,8,14,6,0.008273009307135471,유지,역전할머니맥주1982,2026-08,973,967,3,0.0031120331950207467,2.6583936573595315,0.114285706997317,1,"폐업 8건(전년 동기 3건, 점포 967·964곳 기준 기대 3.0건) — 통계적으로 다르지 않음.",전국
BRD_20161227,0,1,1,0.0,판단보류,굿맘할매순대국&양선지해장국,2026-08,5,4,1,0.2,0.0,,0,관측 점포 10곳 미만(현재 4·전년 5).,전국
BRD_20161241,53,37,-16,0.026159921026653505,악화,비비큐(BBQ),2026-08,2010,2026,24,0.011730205278592375,2.2301332675222114,0.0005435439654005725,0,"폐업 53건(전년 동기 24건, 점포 2026·2046곳 기준 기대 23.8건) — 전년보다 유의하게 많음.",전국
BRD_20161261,2,1,-1,0.012578616352201259,유지,황금코다리,2026-08,158,159,0,0.0,,0.25478458049886643,0,"폐업 2건(전년 동기 0건, 점포 159·156곳 기준 기대 0.0건) — 통계적으로 다르지 않음.",전국
BRD_20161275,9,2,-7,0.08653846153846154,악화,한옥마을,2026-08,97,104,0,0.0,,0.0019531250000019984,0,"폐업 9건(전년 동기 0건, 점포 104·104곳 기준 기대 0.0건) — 전년보다 유의하게 많음.",전국
BRD_20161278,0,0,0,0.0,판단보류,팔팔핫도그,2026-08,3,3,0,0.0,,,0,관측 점포 10곳 미만(현재 3·전년 3).,전국
BRD_20161308,1,0,-1,0.041666666666666664,유지,버거앤프라이즈(Burger&Friez),2026-08,23,24,4,0.11428571428571428,0.3645833333333333,0.325344760732493,0,"폐업 1건(전년 동기 4건, 점포 24·35곳 기준 기대 2.7건) — 통계적으로 다르지 않음.",전국
BRD_20161309,0,0,0,0.0,판단보류,브라보치킨피자,2026-08,1,1,0,0.0,,,0,관측 점포 10곳 미만(현재 1·전년 1).,전국
BRD_20170014,0,0,0,0.0,유지,맘스케익,2026-08,17,17,1,0.047619047619047616,0.0,0.5526315789473685,0,"폐업 0건(전년 동기 1건, 점포 17·21곳 기준 기대 0.8건) — 통계적으로 다르지 않음.",전국
BRD_20170126,0,5,5,0.0,개선,미카도스시,2026-08,112,106,4,0.046511627906976744,0.0,0.04025213218029632,0,"폐업 0건(전년 동기 4건, 점포 106·86곳 기준 기대 4.9건) — 전년보다 유의하게 적음.",전국
BRD_20170127,5,0,-5,0.028735632183908046,유지,치킨플러스,2026-08,169,174,6,0.02926829268292683,0.9818007662835249,0.6094851178271984,0,"폐업 5건(전년 동기 6건, 점포 174·205곳 기준 기대 5.1건) — 통계적으로 다르지 않음.",전국
BRD_20170139,2,0,-2,0.0392156862745098,유지,용호동낙지,2026-08,49,51,0,0.0,,0.2653810835629019,0,"폐업 2건(전년 동기 0건, 점포 51·48곳 기준 기대 0.0건) — 통계적으로 다르지 않음.",전국
BRD_20170147,0,0,0,0.0,유지,마성떡볶이,2026-08,35,35,0,0.0,,1.0,0,"폐업 0건(전년 동기 0건, 점포 35·35곳 기준 기대 0.0건) — 통계적으로 다르지 않음.",전국
BRD_20170182,0,0,0,0.0,유지,79네수육국밥,2026-08,30,30,1,0.03125,0.0,0.5161290322580645,0,"폐업 0건(전년 동기 1건, 점포 30·32곳 기준 기대 0.9건) — 통계적으로 다르지 않음.",전국
BRD_20170185,1,0,-1,0.023809523809523808,유지,제주스,2026-08,41,42,1,0.023255813953488372,1.0238095238095237,0.744083044982699,0,"폐업 1건(전년 동기 1건, 점포 42·43곳 기준 기대 1.0건) — 통계적으로 다르지 않음.",전국
BRD_20170214,0,0,0,0.0,유지,청춘감성쌀핫도그,2026-08,12,12,4,0.25,0.0,0.10662224073302792,0,"폐업 0건(전년 동기 4건, 점포 12·16곳 기준 기대 3.0건) — 통계적으로 다르지 않음.",전국
BRD_20170227,0,0,0,0.0,유지,오르새피자,2026-08,24,24,1,0.04,0.0,0.5102040816326531,0,"폐업 0건(전년 동기 1건, 점포 24·25곳 기준 기대 1.0건) — 통계적으로 다르지 않음.",전국
BRD_20170243,0,0,0,0.0,유지,비어첸,2026-08,11,11,1,0.07142857142857142,0.0,0.5599999999999999,0,"폐업 0건(전년 동기 1건, 점포 11·14곳 기준 기대 0.8건) — 통계적으로 다르지 않음.",전국
BRD_20170265,1,3,2,0.0196078431372549,유지,마린보이 코다리1번가,2026-08,53,51,1,0.022727272727272728,0.8627450980392156,0.7118005540166203,0,"폐업 1건(전년 동기 1건, 점포 51·44곳 기준 기대 1.2건) — 통계적으로 다르지 않음.",전국
BRD_20170274,0,0,0,0.0,유지,길동우동,2026-08,90,90,4,0.041237113402061855,0.0,0.07239699011840771,0,"폐업 0건(전년 동기 4건, 점포 90·97곳 기준 기대 3.7건) — 통계적으로 다르지 않음.",전국
BRD_20170305,0,0,0,0.0,판단보류,꽃찬찜닭,2026-08,5,5,0,0.0,,,0,관측 점포 10곳 미만(현재 5·전년 6).,전국
BRD_20170316,1,0,-1,0.0625,유지,Emoi(에머이),2026-08,15,16,3,0.15,0.4166666666666667,0.4000914494741653,0,"폐업 1건(전년 동기 3건, 점포 16·20곳 기준 기대 2.4건) — 통계적으로 다르지 않음.",전국
BRD_20170332,0,0,0,0.0,유지,김영희아구찜&코다리냉면,2026-08,15,15,1,0.06666666666666667,0.0,0.5,0,"폐업 0건(전년 동기 1건, 점포 15·15곳 기준 기대 1.0건) — 통계적으로 다르지 않음.",전국
BRD_20170356,1,1,0,0.02857142857142857,유지,보돌미역,2026-08,35,35,0,0.0,,0.5072463768115942,0,"폐업 1건(전년 동기 0건, 점포 35·34곳 기준 기대 0.0건) — 통계적으로 다르지 않음.",전국
BRD_20170357,0,0,0,0.0,유지,어벤더치커피,2026-08,15,15,0,0.0,,1.0,0,"폐업 0건(전년 동기 0건, 점포 15·16곳 기준 기대 0.0건) — 통계적으로 다르지 않음.",전국
BRD_20170358,6,2,-4,0.037267080745341616,유지,33떡볶이,2026-08,157,161,6,0.03508771929824561,1.0621118012422361,0.5714734105663544,0,"폐업 6건(전년 동기 6건, 점포 161·171곳 기준 기대 5.6건) — 통계적으로 다르지 않음.",전국
BRD_20170368,1,4,3,0.02702702702702703,유지,백남옥달인손만두,2026-08,40,37,1,0.03125,0.8648648648648649,0.7124553665196385,0,"폐업 1건(전년 동기 1건, 점포 37·32곳 기준 기대 1.2건) — 통계적으로 다르지 않음.",전국
BRD_20170380,0,0,0,0.0,유지,가마솥순대국밥,2026-08,78,78,1,0.014492753623188406,0.0,0.4693877551020408,0,"폐업 0건(전년 동기 1건, 점포 78·69곳 기준 기대 1.1건) — 통계적으로 다르지 않음.",전국
BRD_20170439,7,3,-4,0.024390243902439025,유지,후라이드 참 잘하는집,2026-08,283,287,5,0.017123287671232876,1.4243902439024392,0.3755705519103426,1,"폐업 7건(전년 동기 5건, 점포 287·292곳 기준 기대 4.9건) — 통계적으로 다르지 않음.",전국
BRD_20170446,0,0,0,0.0,유지,스파게티스토리,2026-08,33,33,0,0.0,,1.0,0,"폐업 0건(전년 동기 0건, 점포 33·36곳 기준 기대 0.0건) — 통계적으로 다르지 않음.",전국
BRD_20170451,5,0,-5,0.0211864406779661,유지,선비꼬마김밥,2026-08,231,236,2,0.00816326530612245,2.5953389830508473,0.21150250175882424,0,"폐업 5건(전년 동기 2건, 점포 236·245곳 기준 기대 1.9건) — 통계적으로 다르지 않음.",전국
BRD_20170454,4,0,-4,0.07692307692307693,유지,감탄떡볶이,2026-08,48,52,1,0.01694915254237288,4.538461538461538,0.15056636142326008,0,"폐업 4건(전년 동기 1건, 점포 52·59곳 기준 기대 0.9건) — 통계적으로 다르지 않음.",전국
BRD_20170468,0,0,0,0.0,유지,쌀똑핫도그,2026-08,12,12,0,0.0,,1.0,0,"폐업 0건(전년 동기 0건, 점포 12·14곳 기준 기대 0.0건) — 통계적으로 다르지 않음.",전국
BRD_20170511,0,2,2,0.0,개선,오마뎅,2026-08,86,84,6,0.06818181818181818,0.0,0.017935989931465186,0,"폐업 0건(전년 동기 6건, 점포 84·88곳 기준 기대 5.7건) — 전년보다 유의하게 적음.",전국
BRD_20170517,2,2,0,0.038461538461538464,유지,쑝쑝돈까스,2026-08,52,52,2,0.03389830508474576,1.1346153846153846,0.6387770116670678,0,"폐업 2건(전년 동기 2건, 점포 52·59곳 기준 기대 1.8건) — 통계적으로 다르지 않음.",전국
BRD_20170519,0,1,1,0.0,유지,국제통닭,2026-08,62,61,2,0.03125,0.0,0.262144,0,"폐업 0건(전년 동기 2건, 점포 61·64곳 기준 기대 1.9건) — 통계적으로 다르지 않음.",전국
BRD_20170520,0,0,0,0.0,유지,에이바우트커피,2026-08,58,58,1,0.019230769230769232,0.0,0.4727272727272728,0,"폐업 0건(전년 동기 1건, 점포 58·52곳 기준 기대 1.1건) — 통계적으로 다르지 않음.",전국
BRD_20170534,0,0,0,0.0,판단보류,본초맘죽,2026-08,9,9,0,0.0,,,0,관측 점포 10곳 미만(현재 9·전년 11).,전국
BRD_20170549,0,0,0,0.0,유지,맛있는 오칠구,2026-08,13,13,0,0.0,,1.0,0,"폐업 0건(전년 동기 0건, 점포 13·14곳 기준 기대 0.0건) — 통계적으로 다르지 않음.",전국
BRD_20170559,0,0,0,0.0,유지,행컵,2026-08,32,32,2,0.05714285714285714,0.0,0.2728892849186902,0,"폐업 0건(전년 동기 2건, 점포 32·35곳 기준 기대 1.8건) — 통계적으로 다르지 않음.",전국
BRD_20170560,1,2,1,0.038461538461538464,유지,이춘봉치킨,2026-08,27,26,2,0.06451612903225806,0.5961538461538463,0.5656207308051602,0,"폐업 1건(전년 동기 2건, 점포 26·31곳 기준 기대 1.7건) — 통계적으로 다르지 않음.",전국
BRD_20170565,1,0,-1,0.125,판단보류,우거지품은순대국,2026-08,7,8,0,0.0,,,0,관측 점포 10곳 미만(현재 8·전년 8).,전국
BRD_20170579,0,0,0,0.0,유지,우주라이크(WOULDULIKE),2026-08,61,61,2,0.029411764705882353,0.0,0.27786791659155097,0,"폐업 0건(전년 동기 2건, 점포 61·68곳 기준 기대 1.8건) — 통계적으로 다르지 않음.",전국
BRD_20170626,0,0,0,0.0,유지,진1926,2026-08,18,18,1,0.045454545454545456,0.0,0.5499999999999999,0,"폐업 0건(전년 동기 1건, 점포 18·22곳 기준 기대 0.8건) — 통계적으로 다르지 않음.",전국
BRD_20170664|JNG_003900,2,0,-2,0.09090909090909091,유지,옐로우피자(YELLOW PIZZA),2026-08,20,22,1,0.038461538461538464,2.3636363636363638,0.4376446759259258,0,"폐업 2건(전년 동기 1건, 점포 22·26곳 기준 기대 0.8건) — 통계적으로 다르지 않음.",전국
BRD_20170702,2,1,-1,0.05714285714285714,유지,포아이니(PHOINI),2026-08,34,35,0,0.0,,0.23630401234567922,0,"폐업 2건(전년 동기 0건, 점포 35·37곳 기준 기대 0.0건) — 통계적으로 다르지 않음.",전국
BRD_20170703,0,0,0,0.0,판단보류,행복가마솥밥&알솥밥,2026-08,1,1,0,0.0,,,0,관측 점포 10곳 미만(현재 1·전년 1).,전국
BRD_20170705,0,0,0,0.0,판단보류,별법동태탕왕해물찜,2026-08,2,2,0,0.0,,,0,관측 점포 10곳 미만(현재 2·전년 2).,전국
BRD_20170711,1,0,-1,0.125,판단보류,착한쭝식,2026-08,7,8,1,0.1,1.25,,0,관측 점포 10곳 미만(현재 8·전년 10).,전국
BRD_20170726,1,0,-1,0.013513513513513514,유지,라화쿵부,2026-08,73,74,2,0.023529411764705882,0.5743243243243243,0.5518040122109255,0,"폐업 1건(전년 동기 2건, 점포 74·85곳 기준 기대 1.7건) — 통계적으로 다르지 않음.",전국
BRD_20170765,0,0,0,0.0,유지,비엔나커피하우스,2026-08,13,13,0,0.0,,1.0,0,"폐업 0건(전년 동기 0건, 점포 13·15곳 기준 기대 0.0건) — 통계적으로 다르지 않음.",전국
BRD_20170774,1,0,-1,0.00980392156862745,유지,싸다김밥,2026-08,101,102,1,0.00980392156862745,1.0,0.7499999999999998,0,"폐업 1건(전년 동기 1건, 점포 102·102곳 기준 기대 1.0건) — 통계적으로 다르지 않음.",전국
BRD_20170813,1,0,-1,0.038461538461538464,유지,해초과메기,2026-08,25,26,2,0.07692307692307693,0.5,0.5000000000000002,0,"폐업 1건(전년 동기 2건, 점포 26·26곳 기준 기대 2.0건) — 통계적으로 다르지 않음.",전국
BRD_20170818,0,0,0,0.0,유지,고집센그집갈비탕,2026-08,72,72,0,0.0,,1.0,0,"폐업 0건(전년 동기 0건, 점포 72·73곳 기준 기대 0.0건) — 통계적으로 다르지 않음.",전국
BRD_20170826,1,0,-1,0.09090909090909091,유지,마마쿡(MAMA COOK),2026-08,10,11,0,0.0,,0.5,0,"폐업 1건(전년 동기 0건, 점포 11·11곳 기준 기대 0.0건) — 통계적으로 다르지 않음.",전국
BRD_20170828,1,0,-1,0.1,유지,리얼안심탕수육,2026-08,9,10,0,0.0,,0.4545454545454545,0,"폐업 1건(전년 동기 0건, 점포 10·12곳 기준 기대 0.0건) — 통계적으로 다르지 않음.",전국
BRD_20170833,0,0,0,0.0,판단보류,빵사부식빵공방,2026-08,3,3,0,0.0,,,0,관측 점포 10곳 미만(현재 3·전년 3).,전국
BRD_20170850,0,0,0,,판단보류,꿀스커피GGUL'S COFFEE,2026-08,0,0,0,,,,0,관측 점포 10곳 미만(현재 0·전년 0).,전국
BRD_20170854,0,0,0,0.0,판단보류,갈통삼,2026-08,3,3,0,0.0,,,0,관측 점포 10곳 미만(현재 3·전년 3).,전국
BRD_20170868,0,0,0,0.0,판단보류,DDC치킨,2026-08,1,1,0,0.0,,,0,관측 점포 10곳 미만(현재 1·전년 2).,전국
BRD_20170900,1,2,1,0.016666666666666666,유지,웅이네 오돌뼈,2026-08,61,60,1,0.014705882352941176,1.1333333333333333,0.7177734375,0,"폐업 1건(전년 동기 1건, 점포 60·68곳 기준 기대 0.9건) — 통계적으로 다르지 않음.",전국
BRD_20170915,1,0,-1,0.02702702702702703,유지,화로상회,2026-08,36,37,0,0.0,,0.45679012345679004,0,"폐업 1건(전년 동기 0건, 점포 37·44곳 기준 기대 0.0건) — 통계적으로 다르지 않음.",전국
BRD_20170922,0,0,0,0.0,유지,풍국면,2026-08,33,33,2,0.05,0.0,0.30024394820791894,0,"폐업 0건(전년 동기 2건, 점포 33·40곳 기준 기대 1.7건) — 통계적으로 다르지 않음.",전국
BRD_20170925,3,5,2,0.045454545454545456,유지,브라더한정식도시락,2026-08,68,66,3,0.045454545454545456,1.0,0.6562499999999998,0,"폐업 3건(전년 동기 3건, 점포 66·66곳 기준 기대 3.0건) — 통계적으로 다르지 않음.",전국
BRD_20170932,0,0,0,0.0,유지,땅스부대찌개,2026-08,36,36,0,0.0,,1.0,0,"폐업 0건(전년 동기 0건, 점포 36·38곳 기준 기대 0.0건) — 통계적으로 다르지 않음.",전국
BRD_20170998,6,0,-6,0.13043478260869565,악화,유로코피자(EUROKO PIZZA),2026-08,40,46,1,0.01818181818181818,7.173913043478261,0.0380868138910907,0,"폐업 6건(전년 동기 1건, 점포 46·55곳 기준 기대 0.8건) — 전년보다 유의하게 많음.",전국
BRD_20171051,1,0,-1,0.03125,유지,"오늘,와인한잔",2026-08,31,32,2,0.046511627906976744,0.671875,0.6092112592592593,0,"폐업 1건(전년 동기 2건, 점포 32·43곳 기준 기대 1.5건) — 통계적으로 다르지 않음.",전국
BRD_20171067,3,1,-2,0.06818181818181818,유지,남다른대구막창,2026-08,42,44,1,0.029411764705882353,2.318181818181818,0.4142400865204694,0,"폐업 3건(전년 동기 1건, 점포 44·34곳 기준 기대 1.3건) — 통계적으로 다르지 않음.",전국
BRD_20171075,3,0,-3,0.057692307692307696,유지,팔공티,2026-08,49,52,8,0.1095890410958904,0.5264423076923077,0.2597380032117777,0,"폐업 3건(전년 동기 8건, 점포 52·73곳 기준 기대 5.7건) — 통계적으로 다르지 않음.",전국
BRD_20171087,0,0,0,0.0,유지,가츠몽,2026-08,21,21,0,0.0,,1.0,0,"폐업 0건(전년 동기 0건, 점포 21·21곳 기준 기대 0.0건) — 통계적으로 다르지 않음.",전국
BRD_20171098,5,0,-5,0.08928571428571429,유지,홍대쌀국수,2026-08,51,56,1,0.018518518518518517,4.821428571428572,0.11813201740160151,0,"폐업 5건(전년 동기 1건, 점포 56·54곳 기준 기대 1.0건) — 통계적으로 다르지 않음.",전국
BRD_20171100,1,0,-1,0.047619047619047616,유지,어사출또,2026-08,20,21,0,0.0,,0.4883720930232558,0,"폐업 1건(전년 동기 0건, 점포 21·22곳 기준 기대 0.0건) — 통계적으로 다르지 않음.",전국
BRD_20171110,0,0,0,0.0,유지,유달리,2026-08,16,16,1,0.05555555555555555,0.0,0.5294117647058824,0,"폐업 0건(전년 동기 1건, 점포 16·18곳 기준 기대 0.9건) — 통계적으로 다르지 않음.",전국
BRD_20171137,5,16,11,0.022321428571428572,유지,카페인중독,2026-08,235,224,7,0.03571428571428571,0.625,0.30061209525768956,0,"폐업 5건(전년 동기 7건, 점포 224·196곳 기준 기대 8.0건) — 통계적으로 다르지 않음.",전국
BRD_20171141,1,0,-1,0.038461538461538464,유지,전통맛집 할매순대국,2026-08,25,26,0,0.0,,0.5531914893617021,0,"폐업 1건(전년 동기 0건, 점포 26·21곳 기준 기대 0.0건) — 통계적으로 다르지 않음.",전국
BRD_20171164,0,0,0,0.0,유지,종로계림닭도리탕원조,2026-08,29,29,0,0.0,,1.0,0,"폐업 0건(전년 동기 0건, 점포 29·31곳 기준 기대 0.0건) — 통계적으로 다르지 않음.",전국
BRD_20171168,0,0,0,0.0,유지,커피왕,2026-08,19,19,3,0.15,0.0,0.13486404018948397,0,"폐업 0건(전년 동기 3건, 점포 19·20곳 기준 기대 2.9건) — 통계적으로 다르지 않음.",전국
BRD_20171173,2,1,-1,0.024096385542168676,유지,오백국수,2026-08,82,83,3,0.041666666666666664,0.5783132530120483,0.4336907940245945,0,"폐업 2건(전년 동기 3건, 점포 83·72곳 기준 기대 3.5건) — 통계적으로 다르지 않음.",전국
BRD_20171186,0,0,0,0.0,유지,DK동키치킨,2026-08,11,11,1,0.08333333333333333,0.0,0.5217391304347826,0,"폐업 0건(전년 동기 1건, 점포 11·12곳 기준 기대 0.9건) — 통계적으로 다르지 않음.",전국
BRD_20171201,1,0,-1,0.06666666666666667,유지,치킨과 바람피자,2026-08,14,15,0,0.0,,0.46875,0,"폐업 1건(전년 동기 0건, 점포 15·17곳 기준 기대 0.0건) — 통계적으로 다르지 않음.",전국
BRD_20171211,0,0,0,0.0,유지,노가리슈퍼,2026-08,10,10,1,0.09090909090909091,0.0,0.5238095238095238,0,"폐업 0건(전년 동기 1건, 점포 10·11곳 기준 기대 0.9건) — 통계적으로 다르지 않음.",전국
BRD_20171222,1,0,-1,0.015384615384615385,유지,보승회관,2026-08,64,65,0,0.0,,0.5118110236220472,0,"폐업 1건(전년 동기 0건, 점포 65·62곳 기준 기대 0.0건) — 통계적으로 다르지 않음.",전국
BRD_20171226,3,0,-3,0.030927835051546393,유지,최고당돈가스,2026-08,94,97,3,0.029411764705882353,1.0515463917525774,0.6324089015440253,0,"폐업 3건(전년 동기 3건, 점포 97·102곳 기준 기대 2.9건) — 통계적으로 다르지 않음.",전국
BRD_20171233,1,0,-1,0.02,유지,남도술상,2026-08,49,50,0,0.0,,0.4901960784313726,0,"폐업 1건(전년 동기 0건, 점포 50·52곳 기준 기대 0.0건) — 통계적으로 다르지 않음.",전국
BRD_20171241,2,0,-2,0.044444444444444446,유지,엉터리 해장국,2026-08,43,45,0,0.0,,0.24453568409612392,0,"폐업 2건(전년 동기 0건, 점포 45·46곳 기준 기대 0.0건) — 통계적으로 다르지 않음.",전국
BRD_20171244,2,3,1,0.00468384074941452,유지,크라운호프보리장인,2026-08,428,427,5,0.011547344110854504,0.4056206088992974,0.2323254443391829,0,"폐업 2건(전년 동기 5건, 점포 427·433곳 기준 기대 4.9건) — 통계적으로 다르지 않음.",전국
BRD_20171254,13,0,-13,0.026156941649899398,악화,명륜진사갈비,2026-08,484,497,4,0.007766990291262136,3.3677062374245477,0.020610526206813584,0,"폐업 13건(전년 동기 4건, 점포 497·515곳 기준 기대 3.9건) — 전년보다 유의하게 많음.",전국
BRD_20171271,0,0,0,0.0,유지,"고기,원칙",2026-08,23,23,3,0.10714285714285714,0.0,0.1654868791038138,0,"폐업 0건(전년 동기 3건, 점포 23·28곳 기준 기대 2.5건) — 통계적으로 다르지 않음.",전국
BRD_20171288,0,0,0,0.0,판단보류,명랑한찜닭,2026-08,1,1,0,0.0,,,0,관측 점포 10곳 미만(현재 1·전년 2).,전국
BRD_20171298|JNG_011589,5,8,3,0.025380710659898477,유지,꾸브라꼬숯불치킨,2026-08,200,197,1,0.00510204081632653,4.974619289340102,0.11057230570378007,1,"폐업 5건(전년 동기 1건, 점포 197·196곳 기준 기대 1.0건) — 통계적으로 다르지 않음.",전국
BRD_20171304,1,1,0,0.011627906976744186,유지,현풍닭칼국수,2026-08,86,86,0,0.0,,0.5212121212121212,0,"폐업 1건(전년 동기 0건, 점포 86·79곳 기준 기대 0.0건) — 통계적으로 다르지 않음.",전국
BRD_20171308,0,1,1,0.0,유지,교동면옥,2026-08,73,72,0,0.0,,1.0,0,"폐업 0건(전년 동기 0건, 점포 72·69곳 기준 기대 0.0건) — 통계적으로 다르지 않음.",전국
BRD_20171319,1,0,-1,0.04,유지,테트리스찜닭,2026-08,24,25,5,0.125,0.32,0.2579725031589192,0,"폐업 1건(전년 동기 5건, 점포 25·40곳 기준 기대 3.1건) — 통계적으로 다르지 않음.",전국
BRD_20171372,2,2,0,0.024096385542168676,유지,설맥(SEOL MAC),2026-08,84,83,2,0.023809523809523808,1.0120481927710845,0.6829955897927167,0,"폐업 2건(전년 동기 2건, 점포 83·84곳 기준 기대 2.0건) — 통계적으로 다르지 않음.",전국
BRD_20171384,0,0,0,0.0,판단보류,커피홀 베이커리,2026-08,12,12,0,0.0,,,0,관측 점포 10곳 미만(현재 12·전년 8).,전국
BRD_20171391,0,0,0,0.0,유지,아재불닭발,2026-08,17,17,1,0.0625,0.0,0.48484848484848486,0,"폐업 0건(전년 동기 1건, 점포 17·16곳 기준 기대 1.1건) — 통계적으로 다르지 않음.",전국
BRD_20171421,1,0,-1,0.05,유지,연안식당,2026-08,19,20,0,0.0,,0.4878048780487805,0,"폐업 1건(전년 동기 0건, 점포 20·21곳 기준 기대 0.0건) — 통계적으로 다르지 않음.",전국
BRD_20171425,1,0,-1,0.07142857142857142,유지,송사부고로케,2026-08,13,14,1,0.058823529411764705,1.2142857142857142,0.6992715920915713,0,"폐업 1건(전년 동기 1건, 점포 14·17곳 기준 기대 0.8건) — 통계적으로 다르지 않음.",전국
BRD_20171445,1,1,0,0.017241379310344827,유지,카페일리터,2026-08,58,58,5,0.06578947368421052,0.2620689655172414,0.1856970599431813,0,"폐업 1건(전년 동기 5건, 점포 58·76곳 기준 기대 3.8건) — 통계적으로 다르지 않음.",전국
BRD_20171478,2,2,0,0.027777777777777776,유지,커피사피엔스,2026-08,72,72,3,0.03896103896103896,0.7129629629629629,0.5314361221688708,0,"폐업 2건(전년 동기 3건, 점포 72·77곳 기준 기대 2.8건) — 통계적으로 다르지 않음.",전국
BRD_20171493,4,1,-3,0.05714285714285714,유지,이차돌,2026-08,67,70,3,0.037037037037037035,1.542857142857143,0.42074433256416643,0,"폐업 4건(전년 동기 3건, 점포 70·81곳 기준 기대 2.6건) — 통계적으로 다르지 않음.",전국
BRD_20171499,2,3,1,0.047619047619047616,유지,양계장집아들,2026-08,43,42,0,0.0,,0.23305588585017856,0,"폐업 2건(전년 동기 0건, 점포 42·45곳 기준 기대 0.0건) — 통계적으로 다르지 않음.",전국
BRD_20171503,3,0,-3,0.16666666666666666,유지,샌드리아,2026-08,15,18,1,0.04,4.166666666666666,0.20129162241382337,0,"폐업 3건(전년 동기 1건, 점포 18·25곳 기준 기대 0.7건) — 통계적으로 다르지 않음.",전국
BRD_20171511,0,0,0,0.0,유지,차돌풍,2026-08,20,20,2,0.08695652173913043,0.0,0.2861005949161709,0,"폐업 0건(전년 동기 2건, 점포 20·23곳 기준 기대 1.7건) — 통계적으로 다르지 않음.",전국
BRD_20171515,0,0,0,0.0,판단보류,자성화 맛집 코다리네,2026-08,4,4,0,0.0,,,0,관측 점포 10곳 미만(현재 4·전년 4).,전국
BRD_20171544,0,0,0,,판단보류,분식이더치킨,2026-08,0,0,0,,,,0,관측 점포 10곳 미만(현재 0·전년 0).,전국
BRD_20171553,0,0,0,0.0,판단보류,숙달돼지,2026-08,3,3,0,0.0,,,0,관측 점포 10곳 미만(현재 3·전년 3).,전국
BRD_20180004,0,0,0,0.0,판단보류,조선화로집,2026-08,9,9,0,0.0,,,0,관측 점포 10곳 미만(현재 9·전년 12).,전국
BRD_20180011,1,0,-1,0.06666666666666667,유지,통불,2026-08,14,15,0,0.0,,0.4545454545454545,0,"폐업 1건(전년 동기 0건, 점포 15·18곳 기준 기대 0.0건) — 통계적으로 다르지 않음.",전국
BRD_20180037,0,1,1,0.0,유지,피슈 마라홍탕,2026-08,26,25,1,0.04,0.0,0.5,1,"폐업 0건(전년 동기 1건, 점포 25·25곳 기준 기대 1.0건) — 통계적으로 다르지 않음.",전국
BRD_20180068,0,0,0,0.0,판단보류,방가네소고기국밥수육,2026-08,4,4,0,0.0,,,0,관측 점포 10곳 미만(현재 4·전년 5).,전국
BRD_20180070,10,5,-5,0.0364963503649635,유지,감성커피,2026-08,269,274,7,0.02456140350877193,1.4859228362877996,0.28592827370949936,1,"폐업 10건(전년 동기 7건, 점포 274·285곳 기준 기대 6.7건) — 통계적으로 다르지 않음.",전국
BRD_20180074,1,0,-1,0.047619047619047616,유지,김충기꽃삼겹,2026-08,20,21,2,0.08,0.5952380952380952,0.56505301224624,0,"폐업 1건(전년 동기 2건, 점포 21·25곳 기준 기대 1.7건) — 통계적으로 다르지 않음.",전국
BRD_20180092,0,2,2,0.0,유지,소플러스,2026-08,49,47,0,0.0,,1.0,0,"폐업 0건(전년 동기 0건, 점포 47·43곳 기준 기대 0.0건) — 통계적으로 다르지 않음.",전국
BRD_20180102,0,0,0,0.0,유지,1도씨맥주(1℃ 맥주),2026-08,57,57,1,0.01818181818181818,0.0,0.4910714285714286,0,"폐업 0건(전년 동기 1건, 점포 57·55곳 기준 기대 1.0건) — 통계적으로 다르지 않음.",전국
BRD_20180139|JNG_004812,0,1,1,0.0,개선,에그드랍(EGGDROP),2026-08,98,97,10,0.08620689655172414,0.0,0.0022950061722708586,0,"폐업 0건(전년 동기 10건, 점포 97·116곳 기준 기대 8.4건) — 전년보다 유의하게 적음.",전국
BRD_20180162,0,0,0,0.0,판단보류,사계진미 숯불닭갈비,2026-08,2,2,0,0.0,,,0,관측 점포 10곳 미만(현재 2·전년 4).,전국
BRD_20180167,0,0,0,0.0,판단보류,온고지신 통닭원,2026-08,3,3,0,0.0,,,0,관측 점포 10곳 미만(현재 3·전년 3).,전국
BRD_20180168,0,0,0,0.0,판단보류,밀방떡,2026-08,1,1,0,0.0,,,0,관측 점포 10곳 미만(현재 1·전년 1).,전국
BRD_20180171,11,3,-8,0.04954954954954955,유지,달리는커피,2026-08,214,222,7,0.027237354085603113,1.819176319176319,0.1539665434633628,0,"폐업 11건(전년 동기 7건, 점포 222·257곳 기준 기대 6.0건) — 통계적으로 다르지 않음.",전국
BRD_20180229,2,0,-2,0.05714285714285714,유지,캠토토스트,2026-08,33,35,1,0.02857142857142857,2.0,0.4999999999999998,0,"폐업 2건(전년 동기 1건, 점포 35·35곳 기준 기대 1.0건) — 통계적으로 다르지 않음.",전국
BRD_20180231,1,0,-1,0.08333333333333333,유지,혼다라멘,2026-08,11,12,0,0.0,,0.5,0,"폐업 1건(전년 동기 0건, 점포 12·12곳 기준 기대 0.0건) — 통계적으로 다르지 않음.",전국
BRD_20180240,0,0,0,0.0,판단보류,스푼필라프,2026-08,2,2,0,0.0,,,0,관측 점포 10곳 미만(현재 2·전년 2).,전국
BRD_20180244,5,77,72,0.004524886877828055,유지,텐퍼센트스페셜티커피,2026-08,1177,1105,3,0.0033003300330033004,1.3710407239819005,0.47382756328623377,1,"폐업 5건(전년 동기 3건, 점포 1105·909곳 기준 기대 3.6건) — 통계적으로 다르지 않음.",전국
BRD_20180249,6,2,-4,0.017543859649122806,유지,청년피자,2026-08,338,342,9,0.026865671641791045,0.6530214424951267,0.2895551720500175,0,"폐업 6건(전년 동기 9건, 점포 342·335곳 기준 기대 9.2건) — 통계적으로 다르지 않음.",전국
BRD_20180260,0,0,0,0.0,판단보류,대마족발,2026-08,4,4,0,0.0,,,0,관측 점포 10곳 미만(현재 4·전년 3).,전국
BRD_20180277,1,0,-1,0.016666666666666666,유지,강경불고기,2026-08,59,60,0,0.0,,0.5,0,"폐업 1건(전년 동기 0건, 점포 60·60곳 기준 기대 0.0건) — 통계적으로 다르지 않음.",전국
BRD_20180308,0,0,0,0.0,판단보류,서래왕차돌,2026-08,5,5,0,0.0,,,0,관측 점포 10곳 미만(현재 5·전년 5).,전국
BRD_20180318,2,0,-2,0.25,판단보류,리춘시장,2026-08,6,8,2,0.2,1.25,,0,관측 점포 10곳 미만(현재 8·전년 10).,전국
BRD_20180332,0,0,0,0.0,유지,백금당,2026-08,22,22,0,0.0,,1.0,0,"폐업 0건(전년 동기 0건, 점포 22·23곳 기준 기대 0.0건) — 통계적으로 다르지 않음.",전국
BRD_20180361,5,1,-4,0.08064516129032258,유지,고돼지,2026-08,58,62,2,0.030303030303030304,2.661290322580645,0.20173638828077733,0,"폐업 5건(전년 동기 2건, 점포 62·66곳 기준 기대 1.9건) — 통계적으로 다르지 않음.",전국
BRD_20180406,1,0,-1,0.09090909090909091,유지,웰덤치킨,2026-08,10,11,0,0.0,,0.4782608695652174,0,"폐업 1건(전년 동기 0건, 점포 11·12곳 기준 기대 0.0건) — 통계적으로 다르지 않음.",전국
BRD_20180410,5,12,7,0.00992063492063492,유지,일품양평해장국,2026-08,511,504,4,0.008403361344537815,1.1805555555555556,0.535118012796238,0,"폐업 5건(전년 동기 4건, 점포 504·476곳 기준 기대 4.2건) — 통계적으로 다르지 않음.",전국
BRD_20180413,0,0,0,0.0,유지,추닭집,2026-08,32,32,0,0.0,,1.0,0,"폐업 0건(전년 동기 0건, 점포 32·36곳 기준 기대 0.0건) — 통계적으로 다르지 않음.",전국
BRD_20180428,0,0,0,0.0,판단보류,일공공샤브&편백찜,2026-08,2,2,0,0.0,,,0,관측 점포 10곳 미만(현재 2·전년 3).,전국
BRD_20180479,7,2,-5,0.038461538461538464,유지,벌크커피(BULK COFFEE),2026-08,177,182,4,0.0213903743315508,1.7980769230769234,0.25934028717406676,0,"폐업 7건(전년 동기 4건, 점포 182·187곳 기준 기대 3.9건) — 통계적으로 다르지 않음.",전국
BRD_20180488,0,0,0,0.0,판단보류,브라더탕수,2026-08,3,3,0,0.0,,,0,관측 점포 10곳 미만(현재 3·전년 3).,전국
BRD_20180511,6,1,-5,0.08955223880597014,유지,고피자(GOPIZZA),2026-08,62,67,8,0.0975609756097561,0.9179104477611939,0.5471397695789313,0,"폐업 6건(전년 동기 8건, 점포 67·82곳 기준 기대 6.5건) — 통계적으로 다르지 않음.",전국
BRD_20180512,3,0,-3,0.04411764705882353,유지,홍루이젠,2026-08,65,68,5,0.05747126436781609,0.7676470588235295,0.503391340750443,0,"폐업 3건(전년 동기 5건, 점포 68·87곳 기준 기대 3.9건) — 통계적으로 다르지 않음.",전국
BRD_20180554,0,0,0,0.0,유지,대패가1900,2026-08,41,41,1,0.020833333333333332,0.0,0.5393258426966292,0,"폐업 0건(전년 동기 1건, 점포 41·48곳 기준 기대 0.9건) — 통계적으로 다르지 않음.",전국
BRD_20180557,0,0,0,0.0,유지,달빛맥주,2026-08,18,18,1,0.05,0.0,0.5263157894736843,0,"폐업 0건(전년 동기 1건, 점포 18·20곳 기준 기대 0.9건) — 통계적으로 다르지 않음.",전국
BRD_20180559,1,1,0,0.058823529411764705,유지,밥통령,2026-08,17,17,1,0.047619047619047616,1.2352941176470589,0.6945983379501385,0,"폐업 1건(전년 동기 1건, 점포 17·21곳 기준 기대 0.8건) — 통계적으로 다르지 않음.",전국
BRD_20180565,5,1,-4,0.10638297872340426,유지,여우애(愛),2026-08,43,47,2,0.0425531914893617,2.5,0.2265624999999989,0,"폐업 5건(전년 동기 2건, 점포 47·47곳 기준 기대 2.0건) — 통계적으로 다르지 않음.",전국
BRD_20180580,3,0,-3,0.08823529411764706,유지,탄탄면공방,2026-08,31,34,3,0.06818181818181818,1.2941176470588238,0.5297895384318094,0,"폐업 3건(전년 동기 3건, 점포 34·44곳 기준 기대 2.3건) — 통계적으로 다르지 않음.",전국
BRD_20180600,4,0,-4,0.037383177570093455,유지,곱분이곱창,2026-08,103,107,1,0.00909090909090909,4.11214953271028,0.17897889030190994,0,"폐업 4건(전년 동기 1건, 점포 107·110곳 기준 기대 1.0건) — 통계적으로 다르지 않음.",전국
BRD_20180608,0,0,0,,판단보류,진미대왕통닭,2026-08,0,0,0,,,,0,관측 점포 10곳 미만(현재 0·전년 0).,전국
BRD_20180609,0,0,0,0.0,판단보류,유케야,2026-08,7,7,0,0.0,,,0,관측 점포 10곳 미만(현재 7·전년 9).,전국
BRD_20180612,0,1,1,0.0,유지,샤브20,2026-08,78,77,1,0.015625,0.0,0.45390070921985815,0,"폐업 0건(전년 동기 1건, 점포 77·64곳 기준 기대 1.2건) — 통계적으로 다르지 않음.",전국
BRD_20180630,0,0,0,0.0,유지,문토스트,2026-08,16,16,3,0.16666666666666666,0.0,0.1483818440871158,0,"폐업 0건(전년 동기 3건, 점포 16·18곳 기준 기대 2.7건) — 통계적으로 다르지 않음.",전국
BRD_20180639,0,0,0,0.0,판단보류,정성찬,2026-08,4,4,0,0.0,,,0,관측 점포 10곳 미만(현재 4·전년 4).,전국
BRD_20180650,0,0,0,0.0,판단보류,열정분식소,2026-08,3,3,1,0.25,0.0,,0,관측 점포 10곳 미만(현재 3·전년 4).,전국
BRD_20180661,1,1,0,0.030303030303030304,유지,한상차림코다리명가,2026-08,33,33,0,0.0,,0.55,0,"폐업 1건(전년 동기 0건, 점포 33·27곳 기준 기대 0.0건) — 통계적으로 다르지 않음.",전국
BRD_20180676,2,0,-2,0.15384615384615385,유지,오산조은참치,2026-08,11,13,1,0.0625,2.4615384615384617,0.422690557218418,0,"폐업 2건(전년 동기 1건, 점포 13·16곳 기준 기대 0.8건) — 통계적으로 다르지 않음.",전국
BRD_20180711,6,0,-6,0.10909090909090909,유지,비스트로피자,2026-08,49,55,2,0.028985507246376812,3.7636363636363632,0.08255055898311348,0,"폐업 6건(전년 동기 2건, 점포 55·69곳 기준 기대 1.6건) — 통계적으로 다르지 않음.",전국
BRD_20180715,3,6,3,0.046153846153846156,유지,카페보스(CAFE BOSS),2026-08,68,65,1,0.017241379310344827,2.676923076923077,0.35634943412883613,0,"폐업 3건(전년 동기 1건, 점포 65·58곳 기준 기대 1.1건) — 통계적으로 다르지 않음.",전국
BRD_20180720,0,0,0,0.0,유지,철뚝집,2026-08,42,42,1,0.025,0.0,0.4878048780487805,0,"폐업 0건(전년 동기 1건, 점포 42·40곳 기준 기대 1.1건) — 통계적으로 다르지 않음.",전국
BRD_20180733,0,0,0,0.0,판단보류,범프리카인생치킨,2026-08,9,9,0,0.0,,,0,관측 점포 10곳 미만(현재 9·전년 10).,전국
BRD_20180737,0,0,0,0.0,유지,멘야마쯔리,2026-08,19,19,1,0.045454545454545456,0.0,0.5365853658536585,0,"폐업 0건(전년 동기 1건, 점포 19·22곳 기준 기대 0.9건) — 통계적으로 다르지 않음.",전국
BRD_20180747,0,0,0,0.0,유지,치순이통닭,2026-08,26,26,3,0.1111111111111111,0.0,0.1322098107833984,0,"폐업 0건(전년 동기 3건, 점포 26·27곳 기준 기대 2.9건) — 통계적으로 다르지 않음.",전국
BRD_20180759,0,0,0,0.0,판단보류,토스트카페마리,2026-08,9,9,1,0.07142857142857142,0.0,,0,관측 점포 10곳 미만(현재 9·전년 14).,전국
BRD_20180779,0,0,0,0.0,판단보류,조커닭 (Jokerdark),2026-08,6,6,0,0.0,,,0,관측 점포 10곳 미만(현재 6·전년 6).,전국
BRD_20180783,0,0,0,0.0,유지,백년불고기,2026-08,25,25,1,0.034482758620689655,0.0,0.537037037037037,0,"폐업 0건(전년 동기 1건, 점포 25·29곳 기준 기대 0.9건) — 통계적으로 다르지 않음.",전국
BRD_20180793,0,0,0,0.0,유지,허갈닭강정,2026-08,22,22,0,0.0,,1.0,0,"폐업 0건(전년 동기 0건, 점포 22·25곳 기준 기대 0.0건) — 통계적으로 다르지 않음.",전국
BRD_20180804,0,0,0,0.0,유지,미스터빠삭,2026-08,23,23,3,0.10344827586206896,0.0,0.17345385753299958,0,"폐업 0건(전년 동기 3건, 점포 23·29곳 기준 기대 2.4건) — 통계적으로 다르지 않음.",전국
BRD_20180812,3,2,-1,0.046875,유지,돈까스짱,2026-08,63,64,2,0.02857142857142857,1.640625,0.4580784616132608,0,"폐업 3건(전년 동기 2건, 점포 64·70곳 기준 기대 1.8건) — 통계적으로 다르지 않음.",전국
BRD_20180833,0,0,0,0.0,유지,자가제빵 선명희피자,2026-08,63,63,0,0.0,,1.0,0,"폐업 0건(전년 동기 0건, 점포 63·65곳 기준 기대 0.0건) — 통계적으로 다르지 않음.",전국
BRD_20180834,1,0,-1,0.0625,유지,달빛경성술집,2026-08,15,16,0,0.0,,0.4571428571428571,0,"폐업 1건(전년 동기 0건, 점포 16·19곳 기준 기대 0.0건) — 통계적으로 다르지 않음.",전국
BRD_20180881,0,2,2,0.0,유지,미분당,2026-08,176,174,0,0.0,,1.0,0,"폐업 0건(전년 동기 0건, 점포 174·158곳 기준 기대 0.0건) — 통계적으로 다르지 않음.",전국
BRD_20180886,0,1,1,0.0,유지,점순이 호떡,2026-08,17,16,0,0.0,,1.0,0,"폐업 0건(전년 동기 0건, 점포 16·15곳 기준 기대 0.0건) — 통계적으로 다르지 않음.",전국
BRD_20180890,0,0,0,0.0,판단보류,에센스커피,2026-08,6,6,0,0.0,,,0,관측 점포 10곳 미만(현재 6·전년 9).,전국
BRD_20180893,0,3,3,0.0,유지,고기듬뿍 대왕비빔밥,2026-08,50,47,0,0.0,,1.0,0,"폐업 0건(전년 동기 0건, 점포 47·50곳 기준 기대 0.0건) — 통계적으로 다르지 않음.",전국
BRD_20180917,1,0,-1,0.0625,유지,피치랑,2026-08,15,16,1,0.05263157894736842,1.1875,0.7053061224489796,0,"폐업 1건(전년 동기 1건, 점포 16·19곳 기준 기대 0.8건) — 통계적으로 다르지 않음.",전국
BRD_20180922,0,0,0,0.0,판단보류,삼겹본능,2026-08,6,6,0,0.0,,,0,관측 점포 10곳 미만(현재 6·전년 6).,전국
BRD_20180941,2,0,-2,0.058823529411764705,유지,동명 카츠,2026-08,32,34,1,0.021739130434782608,2.7058823529411766,0.38834374999999977,0,"폐업 2건(전년 동기 1건, 점포 34·46곳 기준 기대 0.7건) — 통계적으로 다르지 않음.",전국
BRD_20180948,1,2,1,0.02564102564102564,유지,감동까스,2026-08,40,39,1,0.030303030303030304,0.8461538461538461,0.7065972222222221,0,"폐업 1건(전년 동기 1건, 점포 39·33곳 기준 기대 1.2건) — 통계적으로 다르지 않음.",전국
BRD_20180953,1,0,-1,0.2,판단보류,파파도나스,2026-08,4,5,0,0.0,,,0,관측 점포 10곳 미만(현재 5·전년 8).,전국
BRD_20180959|JNG_005536,0,0,0,0.0,판단보류,PJ피자,2026-08,1,1,0,0.0,,,0,관측 점포 10곳 미만(현재 1·전년 1).,전국
BRD_20180986,1,0,-1,0.038461538461538464,유지,김형제고기의철학,2026-08,25,26,2,0.06451612903225806,0.5961538461538463,0.5656207308051602,0,"폐업 1건(전년 동기 2건, 점포 26·31곳 기준 기대 1.7건) — 통계적으로 다르지 않음.",전국
BRD_20181008,0,1,1,0.0,유지,김복남맥주,2026-08,226,225,4,0.017241379310344827,0.0,0.06641820576245518,1,"폐업 0건(전년 동기 4건, 점포 225·232곳 기준 기대 3.9건) — 통계적으로 다르지 않음.",전국
BRD_20181029,0,0,0,0.0,유지,빅쭌부대찌개,2026-08,33,33,0,0.0,,1.0,0,"폐업 0건(전년 동기 0건, 점포 33·35곳 기준 기대 0.0건) — 통계적으로 다르지 않음.",전국
BRD_20181053,3,2,-1,0.017341040462427744,유지,장호덕손만두,2026-08,172,173,8,0.047337278106508875,0.3663294797687861,0.10591815418229161,1,"폐업 3건(전년 동기 8건, 점포 173·169곳 기준 기대 8.2건) — 통계적으로 다르지 않음.",전국
BRD_20181061,1,1,0,0.010869565217391304,유지,미태리,2026-08,92,92,2,0.021052631578947368,0.5163043478260869,0.5120310533256118,0,"폐업 1건(전년 동기 2건, 점포 92·95곳 기준 기대 1.9건) — 통계적으로 다르지 않음.",전국
BRD_20181091,3,1,-2,0.13043478260869565,유지,요녀석,2026-08,21,23,1,0.03225806451612903,4.043478260869565,0.21034190531027963,0,"폐업 3건(전년 동기 1건, 점포 23·31곳 기준 기대 0.7건) — 통계적으로 다르지 않음.",전국
BRD_20181139,0,0,0,,판단보류,SSOJA(쏘자),2026-08,0,0,0,,,,0,관측 점포 10곳 미만(현재 0·전년 0).,전국
BRD_20181157,0,0,0,0.0,판단보류,동경에서먹었던규동,2026-08,5,5,1,0.16666666666666666,0.0,,0,관측 점포 10곳 미만(현재 5·전년 6).,전국
BRD_20181179,1,0,-1,0.08333333333333333,유지,곱깨비,2026-08,11,12,0,0.0,,0.4444444444444444,0,"폐업 1건(전년 동기 0건, 점포 12·15곳 기준 기대 0.0건) — 통계적으로 다르지 않음.",전국
BRD_20181194,0,1,1,0.0,판단보류,아부찌부대찌개,2026-08,8,7,1,0.125,0.0,,0,관측 점포 10곳 미만(현재 7·전년 8).,전국
BRD_20181198,0,0,0,0.0,유지,육전국밥,2026-08,62,62,0,0.0,,1.0,0,"폐업 0건(전년 동기 0건, 점포 62·52곳 기준 기대 0.0건) — 통계적으로 다르지 않음.",전국
BRD_20181209,0,0,0,0.0,판단보류,차얌,2026-08,2,2,0,0.0,,,0,관측 점포 10곳 미만(현재 2·전년 2).,전국
BRD_20181268,0,0,0,0.0,판단보류,치킨의민족,2026-08,5,5,0,0.0,,,0,관측 점포 10곳 미만(현재 5·전년 6).,전국
BRD_20181300,1,1,0,0.3333333333333333,판단보류,가락동리어카포차,2026-08,3,3,0,0.0,,,0,관측 점포 10곳 미만(현재 3·전년 4).,전국
BRD_20181303,0,0,0,0.0,유지,투가이즈(TWO GUYS),2026-08,15,15,4,0.18181818181818182,0.0,0.12499246329424205,0,"폐업 0건(전년 동기 4건, 점포 15·22곳 기준 기대 2.7건) — 통계적으로 다르지 않음.",전국
BRD_20181340,2,4,2,0.009174311926605505,유지,보배반점,2026-08,220,218,1,0.004830917874396135,1.8990825688073396,0.5194074300834519,0,"폐업 2건(전년 동기 1건, 점포 218·207곳 기준 기대 1.1건) — 통계적으로 다르지 않음.",전국
BRD_20190005,0,0,0,0.0,유지,뚱보집,2026-08,12,12,0,0.0,,1.0,0,"폐업 0건(전년 동기 0건, 점포 12·13곳 기준 기대 0.0건) — 통계적으로 다르지 않음.",전국
BRD_20190006,2,0,-2,0.4,판단보류,참치라이더,2026-08,3,5,1,0.14285714285714285,2.8000000000000003,,0,관측 점포 10곳 미만(현재 5·전년 7).,전국
BRD_20190011,1,0,-1,0.058823529411764705,유지,상상짬뽕,2026-08,16,17,0,0.0,,0.4722222222222222,0,"폐업 1건(전년 동기 0건, 점포 17·19곳 기준 기대 0.0건) — 통계적으로 다르지 않음.",전국
BRD_20190033,1,0,-1,0.027777777777777776,유지,버텍스(VERTEX),2026-08,35,36,3,0.07692307692307693,0.36111111111111105,0.34308351999999975,0,"폐업 1건(전년 동기 3건, 점포 36·39곳 기준 기대 2.8건) — 통계적으로 다르지 않음.",전국
BRD_20190037,2,0,-2,0.028169014084507043,유지,정통집,2026-08,69,71,3,0.041666666666666664,0.6760563380281691,0.506555730325921,0,"폐업 2건(전년 동기 3건, 점포 71·72곳 기준 기대 3.0건) — 통계적으로 다르지 않음.",전국
BRD_20190058,2,0,-2,0.13333333333333333,유지,포트리스,2026-08,13,15,0,0.0,,0.23413111342351733,0,"폐업 2건(전년 동기 0건, 점포 15·16곳 기준 기대 0.0건) — 통계적으로 다르지 않음.",전국
BRD_20190078,0,0,0,0.0,유지,쭈꾸미도사,2026-08,32,32,0,0.0,,1.0,0,"폐업 0건(전년 동기 0건, 점포 32·31곳 기준 기대 0.0건) — 통계적으로 다르지 않음.",전국
BRD_20190092,0,0,0,0.0,유지,샐러데이즈(Salad Days),2026-08,18,18,0,0.0,,1.0,0,"폐업 0건(전년 동기 0건, 점포 18·21곳 기준 기대 0.0건) — 통계적으로 다르지 않음.",전국
BRD_20190139,2,0,-2,0.045454545454545456,유지,더꼬치다,2026-08,42,44,1,0.018867924528301886,2.409090909090909,0.4306120593027293,0,"폐업 2건(전년 동기 1건, 점포 44·53곳 기준 기대 0.8건) — 통계적으로 다르지 않음.",전국
BRD_20190157,0,0,0,0.0,판단보류,청춘당 찹쌀 꽈배기,2026-08,6,6,0,0.0,,,0,관측 점포 10곳 미만(현재 6·전년 6).,전국
BRD_20190195,3,0,-3,0.046153846153846156,유지,그놈포차,2026-08,62,65,1,0.012987012987012988,3.5538461538461537,0.2519390713467563,0,"폐업 3건(전년 동기 1건, 점포 65·77곳 기준 기대 0.8건) — 통계적으로 다르지 않음.",전국
BRD_20190198,0,0,0,0.0,판단보류,무쏘,2026-08,6,6,0,0.0,,,0,관측 점포 10곳 미만(현재 6·전년 9).,전국
BRD_20190199,0,0,0,0.0,유지,자연정가 양평해장국,2026-08,11,11,0,0.0,,1.0,0,"폐업 0건(전년 동기 0건, 점포 11·11곳 기준 기대 0.0건) — 통계적으로 다르지 않음.",전국
BRD_20190202,0,0,0,0.0,유지,흥부찜닭,2026-08,11,11,0,0.0,,1.0,0,"폐업 0건(전년 동기 0건, 점포 11·16곳 기준 기대 0.0건) — 통계적으로 다르지 않음.",전국
BRD_20190216,1,0,-1,0.010101010101010102,유지,명태어장,2026-08,98,99,2,0.0196078431372549,0.5151515151515152,0.5111931986314808,0,"폐업 1건(전년 동기 2건, 점포 99·102곳 기준 기대 1.9건) — 통계적으로 다르지 않음.",전국
BRD_20190218,2,0,-2,0.03773584905660377,유지,택이네 조개전골,2026-08,51,53,0,0.0,,0.21614342874730696,0,"폐업 2건(전년 동기 0건, 점포 53·61곳 기준 기대 0.0건) — 통계적으로 다르지 않음.",전국
BRD_20190227,5,1,-4,0.041666666666666664,유지,롤링파스타,2026-08,116,120,1,0.007936507936507936,5.25,0.09835573627361927,0,"폐업 5건(전년 동기 1건, 점포 120·126곳 기준 기대 1.0건) — 통계적으로 다르지 않음.",전국
BRD_20190263,3,0,-3,0.06666666666666667,유지,피자파는집,2026-08,42,45,4,0.07142857142857142,0.9333333333333333,0.6177183478039612,0,"폐업 3건(전년 동기 4건, 점포 45·56곳 기준 기대 3.2건) — 통계적으로 다르지 않음.",전국
BRD_20190267,0,0,0,0.0,판단보류,흑화당,2026-08,4,4,0,0.0,,,0,관측 점포 10곳 미만(현재 4·전년 6).,전국
BRD_20190275,1,0,-1,0.043478260869565216,유지,인생설렁탕,2026-08,22,23,0,0.0,,0.5,0,"폐업 1건(전년 동기 0건, 점포 23·23곳 기준 기대 0.0건) — 통계적으로 다르지 않음.",전국
BRD_20190292,0,0,0,0.0,유지,25센치,2026-08,46,46,0,0.0,,1.0,0,"폐업 0건(전년 동기 0건, 점포 46·47곳 기준 기대 0.0건) — 통계적으로 다르지 않음.",전국
BRD_20190293,1,1,0,0.016666666666666666,유지,냠냠숯불두마리치킨,2026-08,60,60,3,0.04054054054054054,0.4111111111111111,0.3946440994523329,0,"폐업 1건(전년 동기 3건, 점포 60·74곳 기준 기대 2.4건) — 통계적으로 다르지 않음.",전국
BRD_20190308,0,0,0,0.0,판단보류,타이거슈가(TIGER SUGAR),2026-08,4,4,0,0.0,,,0,관측 점포 10곳 미만(현재 4·전년 6).,전국
BRD_20190328,3,0,-3,0.2727272727272727,유지,1943,2026-08,8,11,2,0.125,2.1818181818181817,0.33031721510216683,0,"폐업 3건(전년 동기 2건, 점포 11·16곳 기준 기대 1.4건) — 통계적으로 다르지 않음.",전국
BRD_20190332,1,0,-1,0.3333333333333333,판단보류,홍베이팡,2026-08,2,3,0,0.0,,,0,관측 점포 10곳 미만(현재 3·전년 5).,전국
BRD_20190345,1,2,1,0.01020408163265306,유지,봉자막창,2026-08,99,98,1,0.011235955056179775,0.9081632653061223,0.7253567445451684,0,"폐업 1건(전년 동기 1건, 점포 98·89곳 기준 기대 1.1건) — 통계적으로 다르지 않음.",전국
BRD_20190352,0,0,0,0.0,유지,군자대한곱창,2026-08,27,27,1,0.03225806451612903,0.0,0.5344827586206897,0,"폐업 0건(전년 동기 1건, 점포 27·31곳 기준 기대 0.9건) — 통계적으로 다르지 않음.",전국
BRD_20190359,0,0,0,0.0,유지,남도복국,2026-08,16,16,1,0.0625,0.0,0.5,0,"폐업 0건(전년 동기 1건, 점포 16·16곳 기준 기대 1.0건) — 통계적으로 다르지 않음.",전국
BRD_20190404,0,0,0,0.0,유지,신떡순 신천할매떡볶이,2026-08,24,24,3,0.0967741935483871,0.0,0.17905935386927121,0,"폐업 0건(전년 동기 3건, 점포 24·31곳 기준 기대 2.3건) — 통계적으로 다르지 않음.",전국
BRD_20190451,0,0,0,0.0,유지,고향옥얼큰순대국,2026-08,45,45,0,0.0,,1.0,0,"폐업 0건(전년 동기 0건, 점포 45·39곳 기준 기대 0.0건) — 통계적으로 다르지 않음.",전국
BRD_20190477,0,0,0,0.0,유지,후라토식당,2026-08,30,30,1,0.03333333333333333,0.0,0.5,0,"폐업 0건(전년 동기 1건, 점포 30·30곳 기준 기대 1.0건) — 통계적으로 다르지 않음.",전국
BRD_20190495,0,0,0,0.0,유지,밀회관,2026-08,16,16,1,0.05555555555555555,0.0,0.5294117647058824,0,"폐업 0건(전년 동기 1건, 점포 16·18곳 기준 기대 0.9건) — 통계적으로 다르지 않음.",전국
BRD_20190497,5,3,-2,0.028089887640449437,유지,정직유부,2026-08,176,178,4,0.021739130434782608,1.2921348314606742,0.4796129587730731,0,"폐업 5건(전년 동기 4건, 점포 178·184곳 기준 기대 3.9건) — 통계적으로 다르지 않음.",전국
BRD_20190499,0,0,0,0.0,판단보류,용범이네인계동껍데기,2026-08,2,2,0,0.0,,,0,관측 점포 10곳 미만(현재 2·전년 2).,전국
BRD_20190513,0,0,0,0.0,유지,탐나종합어시장,2026-08,32,32,2,0.058823529411764705,0.0,0.26538108356290174,0,"폐업 0건(전년 동기 2건, 점포 32·34곳 기준 기대 1.9건) — 통계적으로 다르지 않음.",전국
BRD_20190526,2,1,-1,0.017857142857142856,유지,샤브마니아,2026-08,111,112,1,0.008849557522123894,2.017857142857143,0.49666668861454033,0,"폐업 2건(전년 동기 1건, 점포 112·113곳 기준 기대 1.0건) — 통계적으로 다르지 않음.",전국
BRD_20190543,2,1,-1,0.2,유지,파스타도 식사다,2026-08,9,10,1,0.08333333333333333,2.4000000000000004,0.4320060105184069,0,"폐업 2건(전년 동기 1건, 점포 10·12곳 기준 기대 0.8건) — 통계적으로 다르지 않음.",전국
BRD_20190545,1,3,2,0.006944444444444444,유지,호맥,2026-08,146,144,1,0.0072992700729927005,0.9513888888888888,0.7373893441065841,0,"폐업 1건(전년 동기 1건, 점포 144·137곳 기준 기대 1.1건) — 통계적으로 다르지 않음.",전국
BRD_20190567,0,0,0,0.0,유지,금화왕돈까스,2026-08,53,53,1,0.017857142857142856,0.0,0.5137614678899083,0,"폐업 0건(전년 동기 1건, 점포 53·56곳 기준 기대 0.9건) — 통계적으로 다르지 않음.",전국
BRD_20190585,0,0,0,0.0,유지,피자 비토랩,2026-08,20,20,0,0.0,,1.0,0,"폐업 0건(전년 동기 0건, 점포 20·21곳 기준 기대 0.0건) — 통계적으로 다르지 않음.",전국
BRD_20190591,1,1,0,0.03125,유지,오슬로우(OHSLOW),2026-08,32,32,0,0.0,,0.5517241379310345,0,"폐업 1건(전년 동기 0건, 점포 32·26곳 기준 기대 0.0건) — 통계적으로 다르지 않음.",전국
BRD_20190599,2,1,-1,0.01904761904761905,유지,애플꼬마김밥,2026-08,104,105,5,0.047619047619047616,0.4000000000000001,0.22656249999999997,0,"폐업 2건(전년 동기 5건, 점포 105·105곳 기준 기대 5.0건) — 통계적으로 다르지 않음.",전국
BRD_20190603,0,0,0,0.0,유지,한뚝수육국밥,2026-08,15,15,3,0.16666666666666666,0.0,0.16228399699474083,0,"폐업 0건(전년 동기 3건, 점포 15·18곳 기준 기대 2.5건) — 통계적으로 다르지 않음.",전국
BRD_20190606,0,1,1,0.0,유지,행복한찜닭,2026-08,27,26,2,0.08333333333333333,0.0,0.2304,0,"폐업 0건(전년 동기 2건, 점포 26·24곳 기준 기대 2.2건) — 통계적으로 다르지 않음.",전국
BRD_20190618,0,0,0,0.0,유지,떡군이네떡볶이,2026-08,35,35,5,0.1,0.0,0.07042962777237427,0,"폐업 0건(전년 동기 5건, 점포 35·50곳 기준 기대 3.5건) — 통계적으로 다르지 않음.",전국
BRD_20190620,2,0,-2,0.1111111111111111,유지,소소떡볶이,2026-08,16,18,3,0.08571428571428572,1.2962962962962963,0.5514582817371485,0,"폐업 2건(전년 동기 3건, 점포 18·35곳 기준 기대 1.5건) — 통계적으로 다르지 않음.",전국
BRD_20190628,0,0,0,0.0,판단보류,김용덕의 소문난 부자국밥,2026-08,1,1,0,0.0,,,0,관측 점포 10곳 미만(현재 1·전년 1).,전국
BRD_20190630,10,1,-9,0.04219409282700422,유지,배떡,2026-08,228,237,10,0.03663003663003663,1.1518987341772151,0.46126869294167117,1,"폐업 10건(전년 동기 10건, 점포 237·273곳 기준 기대 8.7건) — 통계적으로 다르지 않음.",전국
BRD_20190659,1,1,0,0.02127659574468085,유지,갯벌의 조개,2026-08,47,47,2,0.038461538461538464,0.553191489361702,0.537846581311534,0,"폐업 1건(전년 동기 2건, 점포 47·52곳 기준 기대 1.8건) — 통계적으로 다르지 않음.",전국
BRD_20190662,1,0,-1,0.037037037037037035,유지,피굽남피자,2026-08,26,27,2,0.05,0.7407407407407407,0.6436961993330297,0,"폐업 1건(전년 동기 2건, 점포 27·40곳 기준 기대 1.4건) — 통계적으로 다르지 않음.",전국
BRD_20190677,1,2,1,0.015151515151515152,유지,두레통닭,2026-08,67,66,6,0.08955223880597014,0.1691919191919192,0.06500443703442443,1,"폐업 1건(전년 동기 6건, 점포 66·67곳 기준 기대 5.9건) — 통계적으로 다르지 않음.",전국
BRD_20190687,1,0,-1,0.007874015748031496,유지,귀한족발,2026-08,126,127,5,0.03759398496240601,0.2094488188976378,0.12057052510078016,0,"폐업 1건(전년 동기 5건, 점포 127·133곳 기준 기대 4.8건) — 통계적으로 다르지 않음.",전국
BRD_20190694,1,2,1,0.019230769230769232,유지,순대실록,2026-08,53,52,0,0.0,,0.5252525252525253,0,"폐업 1건(전년 동기 0건, 점포 52·47곳 기준 기대 0.0건) — 통계적으로 다르지 않음.",전국
BRD_20190707,0,0,0,,판단보류,웰돈까츠,2026-08,0,0,0,,,,0,관측 점포 10곳 미만(현재 0·전년 0).,전국
BRD_20190734,0,3,3,0.0,유지,잔잔,2026-08,38,35,0,0.0,,1.0,0,"폐업 0건(전년 동기 0건, 점포 35·37곳 기준 기대 0.0건) — 통계적으로 다르지 않음.",전국
BRD_20190748,0,0,0,0.0,유지,정글비,2026-08,34,34,0,0.0,,1.0,0,"폐업 0건(전년 동기 0건, 점포 34·30곳 기준 기대 0.0건) — 통계적으로 다르지 않음.",전국
BRD_20190753,1,1,0,0.008620689655172414,유지,갓튀긴후라이드,2026-08,116,116,0,0.0,,0.4936170212765957,0,"폐업 1건(전년 동기 0건, 점포 116·119곳 기준 기대 0.0건) — 통계적으로 다르지 않음.",전국
BRD_20190770,1,0,-1,0.02631578947368421,유지,지랄닭발,2026-08,37,38,0,0.0,,0.5066666666666667,0,"폐업 1건(전년 동기 0건, 점포 38·37곳 기준 기대 0.0건) — 통계적으로 다르지 않음.",전국
BRD_20190794,0,2,2,0.0,유지,족발신선생,2026-08,126,124,1,0.008130081300813009,0.0,0.49797570850202433,0,"폐업 0건(전년 동기 1건, 점포 124·123곳 기준 기대 1.0건) — 통계적으로 다르지 않음.",전국
BRD_20190807,1,0,-1,0.037037037037037035,유지,고씨네,2026-08,26,27,2,0.0625,0.5925925925925926,0.5634071643157286,0,"폐업 1건(전년 동기 2건, 점포 27·32곳 기준 기대 1.7건) — 통계적으로 다르지 않음.",전국
BRD_20190835,1,0,-1,0.047619047619047616,유지,에그셀런트,2026-08,20,21,1,0.04,1.1904761904761905,0.7046313799621928,0,"폐업 1건(전년 동기 1건, 점포 21·25곳 기준 기대 0.8건) — 통계적으로 다르지 않음.",전국
BRD_20190838,0,0,0,0.0,판단보류,원래는 치킨집을 할려고 했었다,2026-08,3,3,0,0.0,,,0,관측 점포 10곳 미만(현재 3·전년 3).,전국
BRD_20190842,0,1,1,0.0,유지,돼지영농후계자,2026-08,20,19,0,0.0,,1.0,0,"폐업 0건(전년 동기 0건, 점포 19·21곳 기준 기대 0.0건) — 통계적으로 다르지 않음.",전국
BRD_20190853,1,0,-1,0.022222222222222223,유지,인생건어물맥주,2026-08,44,45,1,0.02040816326530612,1.088888888888889,0.7282707107288366,0,"폐업 1건(전년 동기 1건, 점포 45·49곳 기준 기대 0.9건) — 통계적으로 다르지 않음.",전국
BRD_20190860,0,0,0,0.0,판단보류,밀포유,2026-08,4,4,0,0.0,,,0,관측 점포 10곳 미만(현재 4·전년 4).,전국
BRD_20190861,0,0,0,0.0,유지,달토끼의 떡볶이 흡입구역,2026-08,10,10,1,0.045454545454545456,0.0,0.6875,0,"폐업 0건(전년 동기 1건, 점포 10·22곳 기준 기대 0.5건) — 통계적으로 다르지 않음.",전국
BRD_20190875,3,0,-3,0.10714285714285714,유지,마라홀릭,2026-08,25,28,1,0.029411764705882353,3.642857142857143,0.24364145482344246,0,"폐업 3건(전년 동기 1건, 점포 28·34곳 기준 기대 0.8건) — 통계적으로 다르지 않음.",전국
BRD_20190876,0,0,0,0.0,유지,꼴목,2026-08,15,15,1,0.058823529411764705,0.0,0.53125,0,"폐업 0건(전년 동기 1건, 점포 15·17곳 기준 기대 0.9건) — 통계적으로 다르지 않음.",전국
BRD_20190878,0,0,0,0.0,판단보류,몬떡,2026-08,1,1,0,0.0,,,0,관측 점포 10곳 미만(현재 1·전년 1).,전국
BRD_20190884,4,1,-3,0.07142857142857142,유지,COFFEE COOK (커피쿡),2026-08,53,56,4,0.07272727272727272,0.9821428571428571,0.6268215658995681,0,"폐업 4건(전년 동기 4건, 점포 56·55곳 기준 기대 4.1건) — 통계적으로 다르지 않음.",전국
BRD_20190889,2,0,-2,0.07407407407407407,유지,테그42(TEgg.42),2026-08,25,27,2,0.05263157894736842,1.4074074074074074,0.5512027169917023,0,"폐업 2건(전년 동기 2건, 점포 27·38곳 기준 기대 1.4건) — 통계적으로 다르지 않음.",전국
BRD_20190909,3,1,-2,0.041666666666666664,유지,무지개맥주,2026-08,70,72,4,0.05128205128205128,0.8125,0.5436800671744006,0,"폐업 3건(전년 동기 4건, 점포 72·78곳 기준 기대 3.7건) — 통계적으로 다르지 않음.",전국
BRD_20190910,1,2,1,0.01020408163265306,유지,요달의찜닭,2026-08,99,98,6,0.06382978723404255,0.1598639455782313,0.05594394952117883,0,"폐업 1건(전년 동기 6건, 점포 98·94곳 기준 기대 6.3건) — 통계적으로 다르지 않음.",전국
BRD_20190916,1,0,-1,0.022727272727272728,유지,세광양대창,2026-08,43,44,2,0.043478260869565216,0.5227272727272727,0.5166639231824418,0,"폐업 1건(전년 동기 2건, 점포 44·46곳 기준 기대 1.9건) — 통계적으로 다르지 않음.",전국
BRD_20190926,0,0,0,0.0,판단보류,놀부김치찜,2026-08,1,1,0,0.0,,,0,관측 점포 10곳 미만(현재 1·전년 1).,전국
BRD_20190929,8,20,12,0.02867383512544803,유지,노브랜드 버거(No Brand Burger),2026-08,291,279,10,0.0423728813559322,0.6767025089605735,0.2761039738559551,0,"폐업 8건(전년 동기 10건, 점포 279·236곳 기준 기대 11.8건) — 통계적으로 다르지 않음.",전국
BRD_20190930,0,0,0,0.0,유지,사이공본가,2026-08,35,35,0,0.0,,1.0,0,"폐업 0건(전년 동기 0건, 점포 35·37곳 기준 기대 0.0건) — 통계적으로 다르지 않음.",전국
BRD_20190933,0,0,0,0.0,판단보류,봉구통닭,2026-08,4,4,0,0.0,,,0,관측 점포 10곳 미만(현재 4·전년 5).,전국
BRD_20190945,1,0,-1,0.045454545454545456,유지,고품격커피공장,2026-08,21,22,5,0.19230769230769232,0.23636363636363636,0.15348869815611862,0,"폐업 1건(전년 동기 5건, 점포 22·26곳 기준 기대 4.2건) — 통계적으로 다르지 않음.",전국
BRD_20190954,0,0,0,0.0,판단보류,이태리면가게,2026-08,5,5,2,0.2222222222222222,0.0,,0,관측 점포 10곳 미만(현재 5·전년 9).,전국
BRD_20190955,4,5,1,0.024844720496894408,유지,봉명동내커피,2026-08,162,161,2,0.013422818791946308,1.8509316770186335,0.3807054276901298,0,"폐업 4건(전년 동기 2건, 점포 161·149곳 기준 기대 2.2건) — 통계적으로 다르지 않음.",전국
BRD_20190964,2,0,-2,0.05555555555555555,유지,신룽푸마라탕,2026-08,34,36,0,0.0,,0.23040000000000016,0,"폐업 2건(전년 동기 0건, 점포 36·39곳 기준 기대 0.0건) — 통계적으로 다르지 않음.",전국
BRD_20190967,0,1,1,0.0,유지,별난아재맥주,2026-08,63,62,2,0.030303030303030304,0.0,0.265869140625,0,"폐업 0건(전년 동기 2건, 점포 62·66곳 기준 기대 1.9건) — 통계적으로 다르지 않음.",전국
BRD_20190976,1,0,-1,0.04,유지,꼬꼬아찌,2026-08,24,25,0,0.0,,0.5,0,"폐업 1건(전년 동기 0건, 점포 25·25곳 기준 기대 0.0건) — 통계적으로 다르지 않음.",전국
BRD_20190978,0,0,0,0.0,판단보류,한끼한죽,2026-08,7,7,0,0.0,,,0,관측 점포 10곳 미만(현재 7·전년 7).,전국
BRD_20190982,0,0,0,0.0,유지,족발슈퍼,2026-08,11,11,1,0.06666666666666667,0.0,0.576923076923077,0,"폐업 0건(전년 동기 1건, 점포 11·15곳 기준 기대 0.7건) — 통계적으로 다르지 않음.",전국
BRD_20191016,4,2,-2,0.022988505747126436,유지,삼첩분식,2026-08,172,174,6,0.03208556149732621,0.7164750957854406,0.42198287573741083,0,"폐업 4건(전년 동기 6건, 점포 174·187곳 기준 기대 5.6건) — 통계적으로 다르지 않음.",전국
BRD_20191021,1,0,-1,0.05263157894736842,유지,돈갓,2026-08,18,19,0,0.0,,0.5277777777777778,0,"폐업 1건(전년 동기 0건, 점포 19·17곳 기준 기대 0.0건) — 통계적으로 다르지 않음.",전국
BRD_20191034,1,1,0,0.007936507936507936,유지,긴자료코,2026-08,126,126,0,0.0,,0.5142857142857142,0,"폐업 1건(전년 동기 0건, 점포 126·119곳 기준 기대 0.0건) — 통계적으로 다르지 않음.",전국
BRD_20191036,1,0,-1,0.045454545454545456,유지,궁 잔기지떡,2026-08,21,22,0,0.0,,0.5,0,"폐업 1건(전년 동기 0건, 점포 22·22곳 기준 기대 0.0건) — 통계적으로 다르지 않음.",전국
BRD_20191049,2,11,9,0.0038314176245210726,유지,탕화쿵푸마라탕,2026-08,531,522,1,0.0021231422505307855,1.8045977011494252,0.5384857684296825,0,"폐업 2건(전년 동기 1건, 점포 522·471곳 기준 기대 1.1건) — 통계적으로 다르지 않음.",전국
BRD_20191073,0,0,0,0.0,유지,정코다리,2026-08,14,14,0,0.0,,1.0,0,"폐업 0건(전년 동기 0건, 점포 14·14곳 기준 기대 0.0건) — 통계적으로 다르지 않음.",전국
BRD_20191086,0,0,0,0.0,유지,반미362,2026-08,23,23,1,0.03571428571428571,0.0,0.5490196078431373,0,"폐업 0건(전년 동기 1건, 점포 23·28곳 기준 기대 0.8건) — 통계적으로 다르지 않음.",전국
BRD_20191099,1,0,-1,0.017241379310344827,유지,더맛있는족발보쌈,2026-08,57,58,0,0.0,,0.5,0,"폐업 1건(전년 동기 0건, 점포 58·58곳 기준 기대 0.0건) — 통계적으로 다르지 않음.",전국
BRD_20191113,1,0,-1,0.5,판단보류,1970새마을포차,2026-08,1,2,1,0.3333333333333333,1.5,,0,관측 점포 10곳 미만(현재 2·전년 3).,전국
BRD_20191129,0,0,0,0.0,판단보류,두뽂스,2026-08,1,1,0,0.0,,,0,관측 점포 10곳 미만(현재 1·전년 1).,전국
BRD_20191140,0,0,0,0.0,판단보류,두부만드는사람들,2026-08,3,3,0,0.0,,,0,관측 점포 10곳 미만(현재 3·전년 4).,전국
BRD_20191162,2,2,0,0.014388489208633094,유지,깡우동,2026-08,139,139,1,0.007692307692307693,1.870503597122302,0.5250835738962467,0,"폐업 2건(전년 동기 1건, 점포 139·130곳 기준 기대 1.1건) — 통계적으로 다르지 않음.",전국
BRD_20191167,1,0,-1,0.022222222222222223,유지,이백장 돈가스,2026-08,44,45,2,0.03636363636363636,0.6111111111111112,0.5747500000000001,0,"폐업 1건(전년 동기 2건, 점포 45·55곳 기준 기대 1.6건) — 통계적으로 다르지 않음.",전국
BRD_20191174,3,1,-2,0.045454545454545456,유지,153구포국수,2026-08,64,66,2,0.029850746268656716,1.5227272727272727,0.492951393474386,0,"폐업 3건(전년 동기 2건, 점포 66·67곳 기준 기대 2.0건) — 통계적으로 다르지 않음.",전국
BRD_20191188,1,0,-1,0.2,판단보류,오븐에 빠진 막창,2026-08,4,5,0,0.0,,,0,관측 점포 10곳 미만(현재 5·전년 5).,전국
BRD_20191191,0,1,1,0.0,유지,몬스터커피,2026-08,116,115,0,0.0,,1.0,0,"폐업 0건(전년 동기 0건, 점포 115·103곳 기준 기대 0.0건) — 통계적으로 다르지 않음.",전국
BRD_20191192,21,11,-10,0.03860294117647059,유지,프랭크버거,2026-08,534,544,18,0.029801324503311258,1.295343137254902,0.25838384548926896,0,"폐업 21건(전년 동기 18건, 점포 544·604곳 기준 기대 16.2건) — 통계적으로 다르지 않음.",전국
BRD_20191214,9,0,-9,0.2903225806451613,악화,샐러드박스(SaladBox),2026-08,22,31,0,0.0,,0.0008505013947467388,0,"폐업 9건(전년 동기 0건, 점포 31·37곳 기준 기대 0.0건) — 전년보다 유의하게 많음.",전국
BRD_20191218,0,0,0,0.0,판단보류,은하별,2026-08,5,5,0,0.0,,,0,관측 점포 10곳 미만(현재 5·전년 6).,전국
BRD_20191239,0,0,0,0.0,유지,고쿠텐,2026-08,11,11,0,0.0,,1.0,0,"폐업 0건(전년 동기 0건, 점포 11·13곳 기준 기대 0.0건) — 통계적으로 다르지 않음.",전국
BRD_20191245,1,0,-1,0.05555555555555555,유지,카페코지,2026-08,17,18,1,0.041666666666666664,1.3333333333333333,0.673469387755102,0,"폐업 1건(전년 동기 1건, 점포 18·24곳 기준 기대 0.8건) — 통계적으로 다르지 않음.",전국
BRD_20191246,0,0,0,0.0,판단보류,최가네크레이지떡볶이,2026-08,3,3,0,0.0,,,0,관측 점포 10곳 미만(현재 3·전년 4).,전국
BRD_20191261,0,0,0,0.0,판단보류,덮밥슈퍼,2026-08,5,5,0,0.0,,,0,관측 점포 10곳 미만(현재 5·전년 6).,전국
BRD_20191275,1,1,0,0.023255813953488372,유지,찐이야숯불치킨,2026-08,43,43,0,0.0,,0.5375,0,"폐업 1건(전년 동기 0건, 점포 43·37곳 기준 기대 0.0건) — 통계적으로 다르지 않음.",전국
BRD_20191303,4,8,4,0.043478260869565216,유지,영커피,2026-08,96,92,4,0.05405405405405406,0.8043478260869564,0.5131864512757318,0,"폐업 4건(전년 동기 4건, 점포 92·74곳 기준 기대 5.0건) — 통계적으로 다르지 않음.",전국
BRD_20191312,0,3,3,0.0,유지,언양닭칼국수,2026-08,75,72,0,0.0,,1.0,0,"폐업 0건(전년 동기 0건, 점포 72·71곳 기준 기대 0.0건) — 통계적으로 다르지 않음.",전국
BRD_20191322,0,0,0,0.0,유지,선식당,2026-08,21,21,1,0.037037037037037035,0.0,0.5625,0,"폐업 0건(전년 동기 1건, 점포 21·27곳 기준 기대 0.8건) — 통계적으로 다르지 않음.",전국
BRD_20191330,0,2,2,0.0,유지,광명대창집,2026-08,28,26,2,0.07142857142857142,0.0,0.26886145404663925,0,"폐업 0건(전년 동기 2건, 점포 26·28곳 기준 기대 1.9건) — 통계적으로 다르지 않음.",전국
BRD_20191340,0,0,0,0.0,판단보류,집밥e선생,2026-08,3,3,1,0.2,0.0,,0,관측 점포 10곳 미만(현재 3·전년 5).,전국
BRD_20191342,5,1,-4,0.01824817518248175,유지,우리할매 떡볶이,2026-08,270,274,8,0.026143790849673203,0.6979927007299269,0.36338602652907204,1,"폐업 5건(전년 동기 8건, 점포 274·306곳 기준 기대 7.2건) — 통계적으로 다르지 않음.",전국
BRD_20191392,0,0,0,0.0,유지,경양카츠,2026-08,22,22,2,0.07692307692307693,0.0,0.2934027777777778,0,"폐업 0건(전년 동기 2건, 점포 22·26곳 기준 기대 1.7건) — 통계적으로 다르지 않음.",전국
BRD_20191403,2,1,-1,0.03076923076923077,유지,와플칸,2026-08,64,65,2,0.028169014084507043,1.0923076923076924,0.6537040547577484,0,"폐업 2건(전년 동기 2건, 점포 65·71곳 기준 기대 1.8건) — 통계적으로 다르지 않음.",전국
BRD_20191432,0,0,0,0.0,유지,마선생마약국밥,2026-08,20,20,0,0.0,,1.0,0,"폐업 0건(전년 동기 0건, 점포 20·22곳 기준 기대 0.0건) — 통계적으로 다르지 않음.",전국
BRD_20191444,4,1,-3,0.08888888888888889,유지,할머니가래떡볶이,2026-08,42,45,1,0.018518518518518517,4.800000000000001,0.1358265394191891,0,"폐업 4건(전년 동기 1건, 점포 45·54곳 기준 기대 0.8건) — 통계적으로 다르지 않음.",전국
BRD_20191447,1,0,-1,0.03125,유지,베스트생갈비찜&찜닭,2026-08,31,32,2,0.058823529411764705,0.53125,0.5227203161087459,0,"폐업 1건(전년 동기 2건, 점포 32·34곳 기준 기대 1.9건) — 통계적으로 다르지 않음.",전국
BRD_20200012,0,0,0,0.0,유지,돈카츠마켙,2026-08,53,53,1,0.01694915254237288,0.0,0.5267857142857143,0,"폐업 0건(전년 동기 1건, 점포 53·59곳 기준 기대 0.9건) — 통계적으로 다르지 않음.",전국
BRD_20200017,0,0,0,0.0,유지,채선당도시락&샐러드,2026-08,23,23,1,0.037037037037037035,0.0,0.5399999999999999,0,"폐업 0건(전년 동기 1건, 점포 23·27곳 기준 기대 0.9건) — 통계적으로 다르지 않음.",전국
BRD_20200018,0,0,0,0.0,유지,피자엠소마,2026-08,21,21,1,0.03225806451612903,0.0,0.5961538461538461,0,"폐업 0건(전년 동기 1건, 점포 21·31곳 기준 기대 0.7건) — 통계적으로 다르지 않음.",전국
BRD_20200032,0,1,1,0.0,유지,명랑부대찌개&낙곱새,2026-08,17,16,0,0.0,,1.0,0,"폐업 0건(전년 동기 0건, 점포 16·15곳 기준 기대 0.0건) — 통계적으로 다르지 않음.",전국
BRD_20200035,0,0,0,0.0,유지,얼맥당,2026-08,25,25,1,0.03571428571428571,0.0,0.5283018867924528,0,"폐업 0건(전년 동기 1건, 점포 25·28곳 기준 기대 0.9건) — 통계적으로 다르지 않음.",전국
BRD_20200044,0,0,0,0.0,판단보류,갓샐러드&갓요거트,2026-08,1,1,0,0.0,,,0,관측 점포 10곳 미만(현재 1·전년 1).,전국
BRD_20200056,1,0,-1,0.045454545454545456,유지,동춘돌곱창,2026-08,21,22,0,0.0,,0.5,0,"폐업 1건(전년 동기 0건, 점포 22·22곳 기준 기대 0.0건) — 통계적으로 다르지 않음.",전국
BRD_20200099,1,0,-1,0.03571428571428571,유지,장미맨숀,2026-08,27,28,2,0.0625,0.5714285714285714,0.549925925925926,0,"폐업 1건(전년 동기 2건, 점포 28·32곳 기준 기대 1.8건) — 통계적으로 다르지 않음.",전국
BRD_20200107,4,1,-3,0.05194805194805195,유지,미진축산,2026-08,74,77,1,0.012987012987012988,4.0,0.187499999999999,0,"폐업 4건(전년 동기 1건, 점포 77·77곳 기준 기대 1.0건) — 통계적으로 다르지 않음.",전국
BRD_20200110,0,0,0,0.0,판단보류,일계양득,2026-08,1,1,0,0.0,,,0,관측 점포 10곳 미만(현재 1·전년 2).,전국
BRD_20200121,2,2,0,0.021739130434782608,유지,발도스커피(valdos coffee),2026-08,92,92,3,0.03225806451612903,0.6739130434782609,0.5050674688575969,0,"폐업 2건(전년 동기 3건, 점포 92·93곳 기준 기대 3.0건) — 통계적으로 다르지 않음.",전국
BRD_20200125,1,0,-1,0.047619047619047616,유지,킹스꼬마김밥,2026-08,20,21,3,0.1,0.47619047619047616,0.45497539540953735,0,"폐업 1건(전년 동기 3건, 점포 21·30곳 기준 기대 2.1건) — 통계적으로 다르지 않음.",전국
BRD_20200127,1,0,-1,0.009900990099009901,유지,고기싸롱,2026-08,100,101,3,0.028037383177570093,0.35313531353135313,0.334440522557701,0,"폐업 1건(전년 동기 3건, 점포 101·107곳 기준 기대 2.8건) — 통계적으로 다르지 않음.",전국
BRD_20200130,1,0,-1,0.1,유지,롱쓰부대찌개,2026-08,9,10,0,0.0,,0.5,0,"폐업 1건(전년 동기 0건, 점포 10·10곳 기준 기대 0.0건) — 통계적으로 다르지 않음.",전국
BRD_20200136,0,3,3,0.0,유지,상무초밥,2026-08,60,57,0,0.0,,1.0,0,"폐업 0건(전년 동기 0건, 점포 57·53곳 기준 기대 0.0건) — 통계적으로 다르지 않음.",전국
BRD_20200152,1,2,1,0.015151515151515152,유지,서오릉피자,2026-08,67,66,0,0.0,,0.5076923076923077,0,"폐업 1건(전년 동기 0건, 점포 66·64곳 기준 기대 0.0건) — 통계적으로 다르지 않음.",전국
BRD_20200159,0,2,2,0.0,유지,에그박스,2026-08,32,30,2,0.07142857142857142,0.0,0.2330558858501783,0,"폐업 0건(전년 동기 2건, 점포 30·28곳 기준 기대 2.1건) — 통계적으로 다르지 않음.",전국
BRD_20200174,0,3,3,0.0,개선,메이크어딜리버리,2026-08,38,35,5,0.12195121951219512,0.0,0.045693173531859005,0,"폐업 0건(전년 동기 5건, 점포 35·41곳 기준 기대 4.3건) — 전년보다 유의하게 적음.",전국
BRD_20200176,5,0,-5,0.1388888888888889,유지,달콤왕가탕후루,2026-08,31,36,36,0.2926829268292683,0.4745370370370371,0.07256098093887024,0,"폐업 5건(전년 동기 36건, 점포 36·123곳 기준 기대 10.5건) — 통계적으로 다르지 않음.",전국
BRD_20200187,0,0,0,0.0,유지,원유로스페셜티커피,2026-08,36,36,3,0.06976744186046512,0.0,0.16125904847283892,0,"폐업 0건(전년 동기 3건, 점포 36·43곳 기준 기대 2.5건) — 통계적으로 다르지 않음.",전국
BRD_20200193,2,2,0,0.045454545454545456,유지,무공돈까스,2026-08,44,44,0,0.0,,0.21910366681756477,0,"폐업 2건(전년 동기 0건, 점포 44·50곳 기준 기대 0.0건) — 통계적으로 다르지 않음.",전국
BRD_20200206,1,0,-1,0.125,판단보류,깨봉이국물떡볶이,2026-08,7,8,1,0.1,1.25,,0,관측 점포 10곳 미만(현재 8·전년 10).,전국
BRD_20200209,5,0,-5,0.08333333333333333,유지,인생닭강정,2026-08,55,60,6,0.07058823529411765,1.1805555555555556,0.5052317116890495,0,"폐업 5건(전년 동기 6건, 점포 60·85곳 기준 기대 4.2건) — 통계적으로 다르지 않음.",전국
BRD_20200220,3,2,-1,0.02912621359223301,유지,마라공방,2026-08,102,103,0,0.0,,0.1407719424630962,0,"폐업 3건(전년 동기 0건, 점포 103·95곳 기준 기대 0.0건) — 통계적으로 다르지 않음.",전국
BRD_20200239,3,1,-2,0.016483516483516484,유지,인쌩맥주,2026-08,180,182,6,0.031413612565445025,0.5247252747252747,0.2782213033351985,1,"폐업 3건(전년 동기 6건, 점포 182·191곳 기준 기대 5.7건) — 통계적으로 다르지 않음.",전국
BRD_20200279,0,0,0,0.0,유지,삼환축산,2026-08,26,26,0,0.0,,1.0,0,"폐업 0건(전년 동기 0건, 점포 26·25곳 기준 기대 0.0건) — 통계적으로 다르지 않음.",전국
BRD_20200320,0,0,0,0.0,판단보류,빵위에 치즈 피자앰플러,2026-08,1,1,0,0.0,,,0,관측 점포 10곳 미만(현재 1·전년 1).,전국
BRD_20200326,0,0,0,0.0,판단보류,666 BURGER,2026-08,1,1,0,0.0,,,0,관측 점포 10곳 미만(현재 1·전년 1).,전국
BRD_20200341,1,0,-1,0.023255813953488372,유지,청년치킨,2026-08,42,43,0,0.0,,0.46739130434782616,0,"폐업 1건(전년 동기 0건, 점포 43·49곳 기준 기대 0.0건) — 통계적으로 다르지 않음.",전국
BRD_20200365,0,0,0,0.0,유지,맛있는 고기에 솜씨를 더하다,2026-08,52,52,0,0.0,,1.0,0,"폐업 0건(전년 동기 0건, 점포 52·51곳 기준 기대 0.0건) — 통계적으로 다르지 않음.",전국
BRD_20200369,1,0,-1,0.027777777777777776,유지,탄광맥주,2026-08,35,36,0,0.0,,0.5070422535211268,0,"폐업 1건(전년 동기 0건, 점포 36·35곳 기준 기대 0.0건) — 통계적으로 다르지 않음.",전국
BRD_20200376,5,2,-3,0.029940119760479042,유지,읍천리 382,2026-08,164,167,7,0.03867403314917127,0.7741659538066724,0.44260308789427993,0,"폐업 5건(전년 동기 7건, 점포 167·181곳 기준 기대 6.5건) — 통계적으로 다르지 않음.",전국
BRD_20200394,2,0,-2,0.08333333333333333,유지,온센,2026-08,22,24,1,0.038461538461538464,2.1666666666666665,0.47001599999999977,0,"폐업 2건(전년 동기 1건, 점포 24·26곳 기준 기대 0.9건) — 통계적으로 다르지 않음.",전국
BRD_20200396,0,0,0,0.0,판단보류,성윤국가대표아구찜앤알곤이찜,2026-08,1,1,0,,,,0,관측 점포 10곳 미만(현재 1·전년 0).,전국
BRD_20200398,1,0,-1,0.25,판단보류,오늘술집 주다방,2026-08,3,4,0,0.0,,,0,관측 점포 10곳 미만(현재 4·전년 4).,전국
BRD_20200404|JNG_007550,1,0,-1,0.038461538461538464,유지,반달커피,2026-08,25,26,3,0.07894736842105263,0.4871794871794872,0.4644289016723629,0,"폐업 1건(전년 동기 3건, 점포 26·38곳 기준 기대 2.1건) — 통계적으로 다르지 않음.",전국
BRD_20200417,0,1,1,0.0,판단보류,한끼삼계탕,2026-08,2,1,0,0.0,,,0,관측 점포 10곳 미만(현재 1·전년 2).,전국
BRD_20200425,0,0,0,0.0,판단보류,정온달집,2026-08,1,1,0,0.0,,,0,관측 점포 10곳 미만(현재 1·전년 1).,전국
BRD_20200430,1,0,-1,0.09090909090909091,유지,누들보쌈배달만족,2026-08,10,11,0,0.0,,0.4782608695652174,0,"폐업 1건(전년 동기 0건, 점포 11·12곳 기준 기대 0.0건) — 통계적으로 다르지 않음.",전국
BRD_20200439,1,0,-1,0.03125,유지,에바돈가츠,2026-08,31,32,1,0.025,1.25,0.691358024691358,0,"폐업 1건(전년 동기 1건, 점포 32·40곳 기준 기대 0.8건) — 통계적으로 다르지 않음.",전국
BRD_20200441,0,10,10,0.0,유지,해쉬커피,2026-08,90,80,1,0.01818181818181818,0.0,0.40740740740740744,0,"폐업 0건(전년 동기 1건, 점포 80·55곳 기준 기대 1.5건) — 통계적으로 다르지 않음.",전국
BRD_20200448,1,1,0,0.03125,유지,왕손피자,2026-08,32,32,1,0.029411764705882353,1.0625,0.7346189164370982,0,"폐업 1건(전년 동기 1건, 점포 32·34곳 기준 기대 0.9건) — 통계적으로 다르지 않음.",전국
BRD_20200463,4,1,-3,0.043478260869565216,유지,핵밥,2026-08,89,92,5,0.04716981132075472,0.9217391304347825,0.586425484495354,0,"폐업 4건(전년 동기 5건, 점포 92·106곳 기준 기대 4.3건) — 통계적으로 다르지 않음.",전국
BRD_20200470,1,0,-1,0.1,판단보류,김태연국민동태탕찜,2026-08,9,10,0,0.0,,,0,관측 점포 10곳 미만(현재 10·전년 9).,전국
BRD_20200496,0,7,7,0.0,유지,코지하우스,2026-08,85,78,0,0.0,,1.0,0,"폐업 0건(전년 동기 0건, 점포 78·62곳 기준 기대 0.0건) — 통계적으로 다르지 않음.",전국
BRD_20200505,0,0,0,0.0,판단보류,치교치킨,2026-08,1,1,0,0.0,,,0,관측 점포 10곳 미만(현재 1·전년 2).,전국
BRD_20200516,0,0,0,0.0,유지,연남물갈비,2026-08,23,23,1,0.041666666666666664,0.0,0.5106382978723405,0,"폐업 0건(전년 동기 1건, 점포 23·24곳 기준 기대 1.0건) — 통계적으로 다르지 않음.",전국
BRD_20200522,3,4,1,0.016483516483516484,유지,프레드피자,2026-08,183,182,2,0.011111111111111112,1.4835164835164836,0.5051794526111211,0,"폐업 3건(전년 동기 2건, 점포 182·180곳 기준 기대 2.0건) — 통계적으로 다르지 않음.",전국
BRD_20200543,0,0,0,0.0,유지,목구멍,2026-08,141,141,0,0.0,,1.0,0,"폐업 0건(전년 동기 0건, 점포 141·142곳 기준 기대 0.0건) — 통계적으로 다르지 않음.",전국
BRD_20200553,4,3,-1,0.08333333333333333,유지,노상치킨,2026-08,47,48,5,0.1,0.8333333333333333,0.5250976672866411,0,"폐업 4건(전년 동기 5건, 점포 48·50곳 기준 기대 4.8건) — 통계적으로 다르지 않음.",전국
BRD_20200561,0,0,0,0.0,유지,금복주류,2026-08,27,27,2,0.0625,0.0,0.29416834243033607,0,"폐업 0건(전년 동기 2건, 점포 27·32곳 기준 기대 1.7건) — 통계적으로 다르지 않음.",전국
BRD_20200578,0,0,0,0.0,유지,거북이동네,2026-08,50,50,0,0.0,,1.0,0,"폐업 0건(전년 동기 0건, 점포 50·42곳 기준 기대 0.0건) — 통계적으로 다르지 않음.",전국
BRD_20200586,1,0,-1,0.041666666666666664,유지,오유미당,2026-08,23,24,3,0.09375,0.4444444444444444,0.42648896293211125,0,"폐업 1건(전년 동기 3건, 점포 24·32곳 기준 기대 2.2건) — 통계적으로 다르지 않음.",전국
BRD_20200597,0,0,0,0.0,유지,경원해물찜0427,2026-08,40,40,0,0.0,,1.0,0,"폐업 0건(전년 동기 0건, 점포 40·40곳 기준 기대 0.0건) — 통계적으로 다르지 않음.",전국
BRD_20200598,0,0,0,0.0,판단보류,사랑관,2026-08,1,1,1,0.3333333333333333,0.0,,0,관측 점포 10곳 미만(현재 1·전년 3).,전국
BRD_20200599,3,1,-2,0.23076923076923078,유지,미미고,2026-08,11,13,1,0.0625,3.6923076923076925,0.23918216380759605,0,"폐업 3건(전년 동기 1건, 점포 13·16곳 기준 기대 0.8건) — 통계적으로 다르지 않음.",전국
BRD_20200624,0,0,0,0.0,유지,찜꽁찜닭,2026-08,10,10,0,0.0,,1.0,0,"폐업 0건(전년 동기 0건, 점포 10·11곳 기준 기대 0.0건) — 통계적으로 다르지 않음.",전국
BRD_20200632,7,0,-7,0.11864406779661017,유지,유미카츠,2026-08,52,59,3,0.045454545454545456,2.610169491525424,0.12978068108813878,0,"폐업 7건(전년 동기 3건, 점포 59·66곳 기준 기대 2.7건) — 통계적으로 다르지 않음.",전국
BRD_20200633,1,1,0,0.027777777777777776,유지,대만족,2026-08,36,36,1,0.02702702702702703,1.0277777777777777,0.7431037718145993,0,"폐업 1건(전년 동기 1건, 점포 36·37곳 기준 기대 1.0건) — 통계적으로 다르지 않음.",전국
BRD_20200638,1,4,3,0.008547008547008548,유지,천씨씨커피,2026-08,120,117,2,0.019230769230769232,0.4444444444444445,0.4559332383472421,0,"폐업 1건(전년 동기 2건, 점포 117·104곳 기준 기대 2.2건) — 통계적으로 다르지 않음.",전국
BRD_20200673,2,0,-2,0.13333333333333333,유지,저스트텐동,2026-08,13,15,1,0.05555555555555555,2.4,0.4320060105184069,0,"폐업 2건(전년 동기 1건, 점포 15·18곳 기준 기대 0.8건) — 통계적으로 다르지 않음.",전국
BRD_20200675,0,0,0,0.0,유지,돈카춘,2026-08,42,42,0,0.0,,1.0,0,"폐업 0건(전년 동기 0건, 점포 42·36곳 기준 기대 0.0건) — 통계적으로 다르지 않음.",전국
BRD_20200686,0,0,0,0.0,판단보류,치교치밥&치킨,2026-08,1,1,0,0.0,,,0,관측 점포 10곳 미만(현재 1·전년 2).,전국
BRD_20200700,0,0,0,0.0,판단보류,죽~이요,2026-08,1,1,0,0.0,,,0,관측 점포 10곳 미만(현재 1·전년 1).,전국
BRD_20200704,1,0,-1,0.5,판단보류,홍콩할매닭발명가,2026-08,1,2,0,0.0,,,0,관측 점포 10곳 미만(현재 2·전년 1).,전국
BRD_20200724,2,1,-1,0.06060606060606061,유지,팔각도,2026-08,32,33,6,0.1,0.6060606060606061,0.4163157829226957,0,"폐업 2건(전년 동기 6건, 점포 33·60곳 기준 기대 3.3건) — 통계적으로 다르지 않음.",전국
BRD_20200731,0,0,0,0.0,유지,꼬기만땅 점보비빔밥,2026-08,10,10,1,0.0625,0.0,0.6153846153846154,0,"폐업 0건(전년 동기 1건, 점포 10·16곳 기준 기대 0.6건) — 통계적으로 다르지 않음.",전국
BRD_20200732,2,0,-2,0.08695652173913043,유지,CAFE CANBUS(카페캔버스),2026-08,21,23,1,0.034482758620689655,2.5217391304347827,0.4138455848884841,0,"폐업 2건(전년 동기 1건, 점포 23·29곳 기준 기대 0.8건) — 통계적으로 다르지 않음.",전국
BRD_20200740,0,0,0,0.0,판단보류,브런치앤다이닝37.5(Brunch&Dining37.5),2026-08,4,4,0,0.0,,,0,관측 점포 10곳 미만(현재 4·전년 4).,전국
BRD_20200743,0,0,0,,판단보류,탕수육주는육군짬뽕,2026-08,0,0,0,,,,0,관측 점포 10곳 미만(현재 0·전년 0).,전국
BRD_20200756,2,0,-2,0.06896551724137931,유지,청년순대국,2026-08,27,29,0,0.0,,0.22601451222789604,0,"폐업 2건(전년 동기 0건, 점포 29·32곳 기준 기대 0.0건) — 통계적으로 다르지 않음.",전국
BRD_20200757,0,0,0,0.0,유지,한결통아구찜,2026-08,25,25,1,0.037037037037037035,0.0,0.5192307692307693,0,"폐업 0건(전년 동기 1건, 점포 25·27곳 기준 기대 0.9건) — 통계적으로 다르지 않음.",전국
BRD_20200774,0,0,0,0.0,유지,다가치통닭,2026-08,38,38,1,0.027777777777777776,0.0,0.4864864864864865,0,"폐업 0건(전년 동기 1건, 점포 38·36곳 기준 기대 1.1건) — 통계적으로 다르지 않음.",전국
BRD_20200775,1,0,-1,0.14285714285714285,판단보류,덮밥90도씨,2026-08,6,7,0,0.0,,,0,관측 점포 10곳 미만(현재 7·전년 7).,전국
BRD_20200778,5,0,-5,0.05319148936170213,유지,구구족,2026-08,89,94,2,0.0196078431372549,2.7127659574468086,0.19446331174163423,0,"폐업 5건(전년 동기 2건, 점포 94·102곳 기준 기대 1.8건) — 통계적으로 다르지 않음.",전국
BRD_20200798,3,1,-2,0.0379746835443038,유지,명가통닭,2026-08,77,79,1,0.0125,3.0379746835443036,0.30779791404257817,0,"폐업 3건(전년 동기 1건, 점포 79·80곳 기준 기대 1.0건) — 통계적으로 다르지 않음.",전국
BRD_20200802,5,1,-4,0.022935779816513763,유지,Blu Shaak(블루샥),2026-08,214,218,6,0.0273972602739726,0.8371559633027524,0.5030972627285472,0,"폐업 5건(전년 동기 6건, 점포 218·219곳 기준 기대 6.0건) — 통계적으로 다르지 않음.",전국
BRD_20200807,2,1,-1,0.05405405405405406,유지,덮덮밥,2026-08,36,37,2,0.047619047619047616,1.1351351351351353,0.6385958735233443,0,"폐업 2건(전년 동기 2건, 점포 37·42곳 기준 기대 1.8건) — 통계적으로 다르지 않음.",전국
BRD_20200808,0,3,3,0.0,유지,달빛에 구운 고등어,2026-08,90,87,0,0.0,,1.0,0,"폐업 0건(전년 동기 0건, 점포 87·58곳 기준 기대 0.0건) — 통계적으로 다르지 않음.",전국
BRD_20200830,1,7,6,0.004807692307692308,유지,인생아구찜,2026-08,214,208,0,0.0,,0.5148514851485149,0,"폐업 1건(전년 동기 0건, 점포 208·196곳 기준 기대 0.0건) — 통계적으로 다르지 않음.",전국
BRD_20200845,1,0,-1,0.023809523809523808,유지,황해수육,2026-08,41,42,0,0.0,,0.48275862068965514,0,"폐업 1건(전년 동기 0건, 점포 42·45곳 기준 기대 0.0건) — 통계적으로 다르지 않음.",전국
BRD_20200856,1,0,-1,0.1111111111111111,판단보류,입큰아구알곤이찜,2026-08,8,9,0,0.0,,,0,관측 점포 10곳 미만(현재 9·전년 12).,전국
BRD_20200864,0,4,4,0.0,개선,파스타입니다,2026-08,108,104,6,0.05357142857142857,0.0,0.019435048516497026,0,"폐업 0건(전년 동기 6건, 점포 104·112곳 기준 기대 5.6건) — 전년보다 유의하게 적음.",전국
BRD_20200872,0,0,0,0.0,유지,행진푸드,2026-08,12,12,1,0.07142857142857142,0.0,0.5384615384615384,0,"폐업 0건(전년 동기 1건, 점포 12·14곳 기준 기대 0.9건) — 통계적으로 다르지 않음.",전국
BRD_20200878,1,0,-1,0.2,판단보류,구삼짜글이,2026-08,4,5,1,0.16666666666666666,1.2000000000000002,,0,관측 점포 10곳 미만(현재 5·전년 6).,전국
BRD_20200879,0,0,0,0.0,판단보류,막이오름,2026-08,7,7,1,0.1,0.0,,0,관측 점포 10곳 미만(현재 7·전년 10).,전국
BRD_20200904,1,5,4,0.00909090909090909,유지,파이널나인,2026-08,114,110,0,0.0,,0.5583756345177665,0,"폐업 1건(전년 동기 0건, 점포 110·87곳 기준 기대 0.0건) — 통계적으로 다르지 않음.",전국
BRD_20200928,1,0,-1,0.125,판단보류,홍익스테이크,2026-08,7,8,2,0.14285714285714285,0.875,,0,관측 점포 10곳 미만(현재 8·전년 14).,전국
BRD_20200937,0,0,0,0.0,유지,마장동김씨,2026-08,25,25,2,0.07692307692307693,0.0,0.25990003844675125,0,"폐업 0건(전년 동기 2건, 점포 25·26곳 기준 기대 1.9건) — 통계적으로 다르지 않음.",전국
BRD_20200969,2,0,-2,0.07407407407407407,유지,청년고기장수,2026-08,25,27,0,0.0,,0.2094225797184719,0,"폐업 2건(전년 동기 0건, 점포 27·32곳 기준 기대 0.0건) — 통계적으로 다르지 않음.",전국
BRD_20200991,0,0,0,0.0,유지,씨네마얼음맥주,2026-08,10,10,0,0.0,,1.0,0,"폐업 0건(전년 동기 0건, 점포 10·10곳 기준 기대 0.0건) — 통계적으로 다르지 않음.",전국
BRD_20200994,2,1,-1,0.031746031746031744,유지,트리플에이커피,2026-08,62,63,2,0.02857142857142857,1.1111111111111112,0.647025421842988,0,"폐업 2건(전년 동기 2건, 점포 63·70곳 기준 기대 1.8건) — 통계적으로 다르지 않음.",전국
BRD_20200997,0,0,0,0.0,유지,피자플래넷,2026-08,14,14,1,0.0625,0.0,0.5333333333333333,0,"폐업 0건(전년 동기 1건, 점포 14·16곳 기준 기대 0.9건) — 통계적으로 다르지 않음.",전국
BRD_20200998,0,1,1,0.0,유지,공룡닭발,2026-08,31,30,3,0.08823529411764706,0.0,0.14993286132812497,0,"폐업 0건(전년 동기 3건, 점포 30·34곳 기준 기대 2.6건) — 통계적으로 다르지 않음.",전국
BRD_20201014,0,1,1,0.0,유지,고기극찬,2026-08,75,74,4,0.05128205128205128,0.0,0.06934322869107819,1,"폐업 0건(전년 동기 4건, 점포 74·78곳 기준 기대 3.8건) — 통계적으로 다르지 않음.",전국
BRD_20201018,1,0,-1,0.016129032258064516,유지,피자스톰,2026-08,61,62,6,0.07407407407407407,0.21774193548387097,0.11895017356152143,1,"폐업 1건(전년 동기 6건, 점포 62·81곳 기준 기대 4.6건) — 통계적으로 다르지 않음.",전국
BRD_20201021,0,0,0,0.0,유지,피자쿠치나,2026-08,10,10,1,0.0625,0.0,0.6153846153846154,0,"폐업 0건(전년 동기 1건, 점포 10·16곳 기준 기대 0.6건) — 통계적으로 다르지 않음.",전국
BRD_20201036,0,0,0,0.0,판단보류,부라보맥주,2026-08,7,7,0,0.0,,,0,관측 점포 10곳 미만(현재 7·전년 10).,전국
BRD_20201043,3,0,-3,0.12,유지,꼬치의품격,2026-08,22,25,2,0.05555555555555555,2.16,0.33457182403643904,0,"폐업 3건(전년 동기 2건, 점포 25·36곳 기준 기대 1.4건) — 통계적으로 다르지 않음.",전국
BRD_20201059,0,0,0,0.0,판단보류,밤하늘포차 연어육회,2026-08,1,1,0,0.0,,,0,관측 점포 10곳 미만(현재 1·전년 1).,전국
BRD_20201067,1,1,0,0.0625,유지,킴브로스 피자&파스타,2026-08,16,16,3,0.125,0.5,0.4751999999999996,0,"폐업 1건(전년 동기 3건, 점포 16·24곳 기준 기대 2.0건) — 통계적으로 다르지 않음.",전국
BRD_20201098,0,0,0,0.0,유지,내조국국밥,2026-08,15,15,0,0.0,,1.0,0,"폐업 0건(전년 동기 0건, 점포 15·16곳 기준 기대 0.0건) — 통계적으로 다르지 않음.",전국
BRD_20201106,4,0,-4,0.1111111111111111,유지,뜸들이다,2026-08,32,36,6,0.11320754716981132,0.9814814814814814,0.621789483607995,0,"폐업 4건(전년 동기 6건, 점포 36·53곳 기준 기대 4.1건) — 통계적으로 다르지 않음.",전국
BRD_20201121,1,1,0,0.25,판단보류,"챙길,밥",2026-08,4,4,1,0.1111111111111111,2.25,,0,관측 점포 10곳 미만(현재 4·전년 9).,전국
BRD_20201124,0,0,0,0.0,판단보류,두심스 독도해물알찜,2026-08,2,2,0,0.0,,,0,관측 점포 10곳 미만(현재 2·전년 2).,전국
BRD_20201148,2,1,-1,0.10526315789473684,유지,힘난다버거,2026-08,18,19,2,0.07692307692307693,1.3684210526315788,0.5628100594421586,0,"폐업 2건(전년 동기 2건, 점포 19·26곳 기준 기대 1.5건) — 통계적으로 다르지 않음.",전국
BRD_20201156,0,2,2,0.0,유지,마실커피,2026-08,76,74,0,0.0,,1.0,0,"폐업 0건(전년 동기 0건, 점포 74·66곳 기준 기대 0.0건) — 통계적으로 다르지 않음.",전국
BRD_20201166,0,2,2,0.0,유지,교반,2026-08,28,26,0,0.0,,1.0,0,"폐업 0건(전년 동기 0건, 점포 26·25곳 기준 기대 0.0건) — 통계적으로 다르지 않음.",전국
BRD_20201169,0,0,0,0.0,판단보류,그집곱닭도리탕,2026-08,1,1,0,0.0,,,0,관측 점포 10곳 미만(현재 1·전년 2).,전국
BRD_20201202,0,1,1,0.0,유지,오태식해바라기치킨,2026-08,32,31,0,0.0,,1.0,0,"폐업 0건(전년 동기 0건, 점포 31·31곳 기준 기대 0.0건) — 통계적으로 다르지 않음.",전국
BRD_20201203,3,19,16,0.004155124653739612,유지,하삼동커피,2026-08,738,722,2,0.0030627871362940277,1.3566481994459834,0.5469665338366636,1,"폐업 3건(전년 동기 2건, 점포 722·653곳 기준 기대 2.2건) — 통계적으로 다르지 않음.",전국
BRD_20201212,1,0,-1,0.07692307692307693,유지,푸드모바일,2026-08,12,13,2,0.1111111111111111,0.6923076923076924,0.6199187674129772,0,"폐업 1건(전년 동기 2건, 점포 13·18곳 기준 기대 1.4건) — 통계적으로 다르지 않음.",전국
BRD_20201215,2,1,-1,0.0392156862745098,유지,청담피자,2026-08,50,51,5,0.09803921568627451,0.4,0.22656249999999997,0,"폐업 2건(전년 동기 5건, 점포 51·51곳 기준 기대 5.0건) — 통계적으로 다르지 않음.",전국
BRD_20201223,0,0,0,0.0,유지,눈꽃대패,2026-08,23,23,1,0.041666666666666664,0.0,0.5106382978723405,0,"폐업 0건(전년 동기 1건, 점포 23·24곳 기준 기대 1.0건) — 통계적으로 다르지 않음.",전국
BRD_20201227,0,1,1,,판단보류,오복 오봉집,2026-08,1,0,0,,,,0,관측 점포 10곳 미만(현재 0·전년 0).,전국
BRD_20201240,1,0,-1,0.125,판단보류,오늘은카레,2026-08,7,8,0,0.0,,,0,관측 점포 10곳 미만(현재 8·전년 8).,전국
BRD_20201243,3,0,-3,0.06818181818181818,유지,피자는 치즈빨,2026-08,41,44,1,0.018867924528301886,3.6136363636363633,0.2463264555373499,0,"폐업 3건(전년 동기 1건, 점포 44·53곳 기준 기대 0.8건) — 통계적으로 다르지 않음.",전국
BRD_20201249,5,2,-3,0.07692307692307693,유지,수유리혼밥왕,2026-08,62,65,1,0.012987012987012988,5.923076923076923,0.07458428523957372,0,"폐업 5건(전년 동기 1건, 점포 65·77곳 기준 기대 0.8건) — 통계적으로 다르지 않음.",전국
BRD_20201254,1,0,-1,0.06666666666666667,유지,치킨인류,2026-08,14,15,0,0.0,,0.4285714285714286,0,"폐업 1건(전년 동기 0건, 점포 15·20곳 기준 기대 0.0건) — 통계적으로 다르지 않음.",전국
BRD_20201258,0,0,0,0.0,유지,동방축산,2026-08,11,11,0,0.0,,1.0,0,"폐업 0건(전년 동기 0건, 점포 11·14곳 기준 기대 0.0건) — 통계적으로 다르지 않음.",전국
BRD_20201272,2,0,-2,0.05405405405405406,유지,커피마마퀸,2026-08,35,37,2,0.046511627906976744,1.1621621621621623,0.6292520263671879,0,"폐업 2건(전년 동기 2건, 점포 37·43곳 기준 기대 1.7건) — 통계적으로 다르지 않음.",전국
BRD_20201275,1,1,0,0.02040816326530612,유지,호두당,2026-08,49,49,1,0.02040816326530612,1.0,0.7499999999999998,0,"폐업 1건(전년 동기 1건, 점포 49·49곳 기준 기대 1.0건) — 통계적으로 다르지 않음.",전국
BRD_20201276,2,1,-1,0.04878048780487805,유지,그리너,2026-08,40,41,1,0.02702702702702703,1.8048780487804879,0.5384278224514909,0,"폐업 2건(전년 동기 1건, 점포 41·37곳 기준 기대 1.1건) — 통계적으로 다르지 않음.",전국
BRD_20201281,0,0,0,0.0,유지,경성한우국밥,2026-08,41,41,1,0.023255813953488372,0.0,0.5119047619047619,0,"폐업 0건(전년 동기 1건, 점포 41·43곳 기준 기대 1.0건) — 통계적으로 다르지 않음.",전국
BRD_20201287,1,1,0,0.020833333333333332,유지,카츠백,2026-08,48,48,0,0.0,,0.5106382978723404,0,"폐업 1건(전년 동기 0건, 점포 48·46곳 기준 기대 0.0건) — 통계적으로 다르지 않음.",전국
BRD_20201288,0,0,0,0.0,유지,밥스토랑,2026-08,41,41,0,0.0,,1.0,0,"폐업 0건(전년 동기 0건, 점포 41·42곳 기준 기대 0.0건) — 통계적으로 다르지 않음.",전국
BRD_20201327,2,0,-2,0.03225806451612903,유지,무모한 초밥,2026-08,60,62,2,0.0273972602739726,1.1774193548387097,0.6240426854533245,0,"폐업 2건(전년 동기 2건, 점포 62·73곳 기준 기대 1.7건) — 통계적으로 다르지 않음.",전국
BRD_20201331,1,0,-1,0.027777777777777776,유지,이태리양조장,2026-08,35,36,7,0.17073170731707318,0.16269841269841268,0.05185099486444654,0,"폐업 1건(전년 동기 7건, 점포 36·41곳 기준 기대 6.1건) — 통계적으로 다르지 않음.",전국
BRD_20201332,1,0,-1,0.1111111111111111,판단보류,79파운야드(79 FOUNYARD),2026-08,8,9,0,0.0,,,0,관측 점포 10곳 미만(현재 9·전년 11).,전국
BRD_20201339,1,0,-1,0.058823529411764705,유지,마요네즈 (mayonnaise),2026-08,16,17,2,0.11764705882352941,0.5,0.5000000000000002,0,"폐업 1건(전년 동기 2건, 점포 17·17곳 기준 기대 2.0건) — 통계적으로 다르지 않음.",전국
BRD_20201343,6,1,-5,0.0410958904109589,유지,포케올데이,2026-08,141,146,4,0.027777777777777776,1.4794520547945205,0.38546783750572566,0,"폐업 6건(전년 동기 4건, 점포 146·144곳 기준 기대 4.1건) — 통계적으로 다르지 않음.",전국
BRD_20201345,0,0,0,0.0,판단보류,에그폭탄덮밥,2026-08,8,8,0,0.0,,,0,관측 점포 10곳 미만(현재 8·전년 8).,전국
BRD_20201348,5,2,-3,0.078125,유지,"떡볶이 참 잘하는 집, 떡참",2026-08,61,64,4,0.05128205128205128,1.5234375,0.38024476305166843,0,"폐업 5건(전년 동기 4건, 점포 64·78곳 기준 기대 3.3건) — 통계적으로 다르지 않음.",전국
BRD_20201358,0,0,0,0.0,판단보류,담꾹,2026-08,2,2,0,0.0,,,0,관측 점포 10곳 미만(현재 2·전년 3).,전국
BRD_20201372,0,0,0,0.0,판단보류,해장은 천수냉면,2026-08,1,1,0,0.0,,,0,관측 점포 10곳 미만(현재 1·전년 1).,전국
BRD_20201402,3,5,2,0.038461538461538464,유지,강다짐,2026-08,80,78,1,0.0125,3.076923076923077,0.30306691788394535,0,"폐업 3건(전년 동기 1건, 점포 78·80곳 기준 기대 1.0건) — 통계적으로 다르지 않음.",전국
BRD_20201407,0,0,0,0.0,판단보류,권사부 순대국,2026-08,9,9,0,0.0,,,0,관측 점포 10곳 미만(현재 9·전년 11).,전국
BRD_20201443,3,3,0,0.022388059701492536,유지,라홍방 마라탕,2026-08,134,134,1,0.007936507936507936,2.8208955223880596,0.33592450194320966,0,"폐업 3건(전년 동기 1건, 점포 134·126곳 기준 기대 1.1건) — 통계적으로 다르지 않음.",전국
BRD_20201482,4,5,1,0.058823529411764705,유지,돼지게티,2026-08,69,68,1,0.016129032258064516,3.6470588235294117,0.21767607059653626,0,"폐업 4건(전년 동기 1건, 점포 68·62곳 기준 기대 1.1건) — 통계적으로 다르지 않음.",전국
BRD_20201484,1,1,0,0.020833333333333332,유지,리틀꼬마김밥,2026-08,48,48,2,0.038461538461538464,0.5416666666666666,0.5299840000000002,0,"폐업 1건(전년 동기 2건, 점포 48·52곳 기준 기대 1.8건) — 통계적으로 다르지 않음.",전국
BRD_20201485,0,1,1,0.0,유지,감성낙곱새,2026-08,42,41,1,0.022222222222222223,0.0,0.5232558139534883,0,"폐업 0건(전년 동기 1건, 점포 41·45곳 기준 기대 0.9건) — 통계적으로 다르지 않음.",전국
BRD_20201497,0,0,0,0.0,판단보류,BT버거앤타코 (BURGER&TACO),2026-08,14,14,0,0.0,,,0,관측 점포 10곳 미만(현재 14·전년 9).,전국
BRD_20201504,0,0,0,0.0,유지,청년찌개,2026-08,18,18,1,0.034482758620689655,0.0,0.6170212765957447,0,"폐업 0건(전년 동기 1건, 점포 18·29곳 기준 기대 0.6건) — 통계적으로 다르지 않음.",전국
BRD_20201507,0,0,0,0.0,유지,돈까스회관,2026-08,13,13,2,0.09523809523809523,0.0,0.3814878892733565,0,"폐업 0건(전년 동기 2건, 점포 13·21곳 기준 기대 1.2건) — 통계적으로 다르지 않음.",전국
BRD_20201519|JNG_018164,0,0,0,,판단보류,패스트카페,2026-08,0,0,0,,,,0,관측 점포 10곳 미만(현재 0·전년 0).,전국
BRD_20201537,1,1,0,0.022727272727272728,유지,구도로통닭,2026-08,44,44,1,0.02127659574468085,1.0681818181818183,0.7332447772008212,0,"폐업 1건(전년 동기 1건, 점포 44·47곳 기준 기대 0.9건) — 통계적으로 다르지 않음.",전국
BRD_20201587,4,2,-2,0.02127659574468085,유지,한신우동,2026-08,186,188,6,0.031578947368421054,0.6737588652482269,0.3834805210231364,0,"폐업 4건(전년 동기 6건, 점포 188·190곳 기준 기대 5.9건) — 통계적으로 다르지 않음.",전국
BRD_20201592,2,0,-2,0.030303030303030304,유지,윤이불닭발,2026-08,64,66,1,0.013333333333333334,2.2727272727272725,0.4521926740702926,0,"폐업 2건(전년 동기 1건, 점포 66·75곳 기준 기대 0.9건) — 통계적으로 다르지 않음.",전국
BRD_20201595,1,0,-1,0.027777777777777776,유지,"쉼, 어묵 그리고 한잔 술",2026-08,35,36,0,0.0,,0.4931506849315068,0,"폐업 1건(전년 동기 0건, 점포 36·37곳 기준 기대 0.0건) — 통계적으로 다르지 않음.",전국
BRD_20201615,0,0,0,0.0,판단보류,손찬,2026-08,4,4,0,0.0,,,0,관측 점포 10곳 미만(현재 4·전년 4).,전국
BRD_20201620,0,0,0,0.0,판단보류,포슈아,2026-08,1,1,0,0.0,,,0,관측 점포 10곳 미만(현재 1·전년 1).,전국
BRD_20201630,1,4,3,0.05,유지,감탄계숯불치킨,2026-08,23,20,2,0.09523809523809523,0.525,0.5182890555853804,0,"폐업 1건(전년 동기 2건, 점포 20·21곳 기준 기대 1.9건) — 통계적으로 다르지 않음.",전국
BRD_20201631,1,6,5,0.008547008547008548,유지,커스텀커피,2026-08,122,117,0,0.0,,0.5131578947368421,0,"폐업 1건(전년 동기 0건, 점포 117·111곳 기준 기대 0.0건) — 통계적으로 다르지 않음.",전국
BRD_20201644,0,0,0,0.0,판단보류,에그벅,2026-08,2,2,0,0.0,,,0,관측 점포 10곳 미만(현재 2·전년 2).,전국
BRD_20201657,0,0,0,0.0,유지,에그존,2026-08,17,17,1,0.058823529411764705,0.0,0.5,0,"폐업 0건(전년 동기 1건, 점포 17·17곳 기준 기대 1.0건) — 통계적으로 다르지 않음.",전국
BRD_20201664,0,3,3,0.0,유지,꽈백최선생,2026-08,72,69,0,0.0,,1.0,0,"폐업 0건(전년 동기 0건, 점포 69·50곳 기준 기대 0.0건) — 통계적으로 다르지 않음.",전국
BRD_20201680,2,4,2,0.037037037037037035,유지,벤티프레소,2026-08,56,54,7,0.12280701754385964,0.30158730158730157,0.10387784047369561,0,"폐업 2건(전년 동기 7건, 점포 54·57곳 기준 기대 6.6건) — 통계적으로 다르지 않음.",전국
BRD_20201685,3,2,-1,0.058823529411764705,유지,푸줏간 고기도시락,2026-08,50,51,1,0.024390243902439025,2.411764705882353,0.3981050427966242,0,"폐업 3건(전년 동기 1건, 점포 51·41곳 기준 기대 1.2건) — 통계적으로 다르지 않음.",전국
BRD_20201713,1,0,-1,0.02631578947368421,유지,제줏간,2026-08,37,38,1,0.02564102564102564,1.0263157894736843,0.7434643278799122,0,"폐업 1건(전년 동기 1건, 점포 38·39곳 기준 기대 1.0건) — 통계적으로 다르지 않음.",전국
BRD_20201727,0,1,1,0.0,유지,남바완돈카츠,2026-08,22,21,0,0.0,,1.0,0,"폐업 0건(전년 동기 0건, 점포 21·24곳 기준 기대 0.0건) — 통계적으로 다르지 않음.",전국
BRD_20201728,0,0,0,0.0,판단보류,호미스(HOMIES),2026-08,5,5,0,0.0,,,0,관측 점포 10곳 미만(현재 5·전년 5).,전국
BRD_20201747,2,3,1,0.02531645569620253,유지,아구듬뿍&알곤마니,2026-08,80,79,1,0.0136986301369863,1.8481012658227849,0.5295898864630412,0,"폐업 2건(전년 동기 1건, 점포 79·73곳 기준 기대 1.1건) — 통계적으로 다르지 않음.",전국
BRD_20201827,0,0,0,0.0,판단보류,양가네고기듬뿍김치찜,2026-08,3,3,0,0.0,,,0,관측 점포 10곳 미만(현재 3·전년 3).,전국
BRD_20201840,0,1,1,0.0,판단보류,히츠지야,2026-08,10,9,0,0.0,,,0,관측 점포 10곳 미만(현재 9·전년 9).,전국
BRD_20201844,1,2,1,0.045454545454545456,유지,샐러바웃,2026-08,23,22,1,0.04,1.1363636363636365,0.7170665459483929,0,"폐업 1건(전년 동기 1건, 점포 22·25곳 기준 기대 0.9건) — 통계적으로 다르지 않음.",전국
BRD_20201867|JNG_015384,0,0,0,0.0,유지,제주쾅쾅돈가스,2026-08,13,13,0,0.0,,1.0,0,"폐업 0건(전년 동기 0건, 점포 13·10곳 기준 기대 0.0건) — 통계적으로 다르지 않음.",전국
BRD_20201869,0,3,3,0.0,유지,댄싱컵(DANCINGCUP),2026-08,116,113,1,0.009009009009009009,0.0,0.4955357142857143,0,"폐업 0건(전년 동기 1건, 점포 113·111곳 기준 기대 1.0건) — 통계적으로 다르지 않음.",전국
BRD_20201873,0,0,0,0.0,유지,아틀리에빈,2026-08,12,12,0,0.0,,1.0,0,"폐업 0건(전년 동기 0건, 점포 12·12곳 기준 기대 0.0건) — 통계적으로 다르지 않음.",전국
BRD_20201882|JNG_008786,0,1,1,0.0,판단보류,식사준비,2026-08,5,4,0,0.0,,,0,관측 점포 10곳 미만(현재 4·전년 2).,전국
BRD_20201895,1,0,-1,0.05263157894736842,유지,무쇠김치삼겹,2026-08,18,19,0,0.0,,0.5135135135135135,0,"폐업 1건(전년 동기 0건, 점포 19·18곳 기준 기대 0.0건) — 통계적으로 다르지 않음.",전국
BRD_20201906,4,3,-1,0.07692307692307693,유지,고망고,2026-08,51,52,3,0.05,1.5384615384615385,0.42227237822632235,0,"폐업 4건(전년 동기 3건, 점포 52·60곳 기준 기대 2.6건) — 통계적으로 다르지 않음.",전국
BRD_20210017,0,0,0,0.0,유지,일월육일,2026-08,16,16,0,0.0,,1.0,0,"폐업 0건(전년 동기 0건, 점포 16·21곳 기준 기대 0.0건) — 통계적으로 다르지 않음.",전국
BRD_20210019,0,0,0,0.0,유지,볶찜,2026-08,10,10,0,0.0,,1.0,0,"폐업 0건(전년 동기 0건, 점포 10·13곳 기준 기대 0.0건) — 통계적으로 다르지 않음.",전국
BRD_20210023,1,0,-1,0.3333333333333333,판단보류,돈쫄돈,2026-08,2,3,1,0.25,1.3333333333333333,,0,관측 점포 10곳 미만(현재 3·전년 4).,전국
BRD_20210036,0,0,0,0.0,판단보류,양가네 명품갈비찜,2026-08,4,4,0,0.0,,,0,관측 점포 10곳 미만(현재 4·전년 5).,전국
BRD_20210040,0,0,0,0.0,판단보류,악동삼겹,2026-08,1,1,0,0.0,,,0,관측 점포 10곳 미만(현재 1·전년 1).,전국
BRD_20210041,2,0,-2,0.03333333333333333,유지,아덴블랑제리,2026-08,58,60,0,0.0,,0.25421933479274084,0,"폐업 2건(전년 동기 0건, 점포 60·59곳 기준 기대 0.0건) — 통계적으로 다르지 않음.",전국
BRD_20210086,0,0,0,0.0,유지,삼겹식당,2026-08,26,26,0,0.0,,1.0,0,"폐업 0건(전년 동기 0건, 점포 26·26곳 기준 기대 0.0건) — 통계적으로 다르지 않음.",전국
BRD_20210097,2,1,-1,0.09523809523809523,유지,치밥대장숯불양념92치킨,2026-08,20,21,0,0.0,,0.30540166204986174,0,"폐업 2건(전년 동기 0건, 점포 21·17곳 기준 기대 0.0건) — 통계적으로 다르지 않음.",전국
BRD_20210119,0,0,0,0.0,유지,돈기부여,2026-08,25,25,4,0.13333333333333333,0.0,0.08851854381531318,0,"폐업 0건(전년 동기 4건, 점포 25·30곳 기준 기대 3.3건) — 통계적으로 다르지 않음.",전국
BRD_20210129,0,0,0,0.0,판단보류,제육폭식,2026-08,3,3,0,0.0,,,0,관측 점포 10곳 미만(현재 3·전년 4).,전국
BRD_20210148,2,1,-1,0.029850746268656716,유지,잭슨피자,2026-08,66,67,1,0.01639344262295082,1.8208955223880596,0.5351305007934568,0,"폐업 2건(전년 동기 1건, 점포 67·61곳 기준 기대 1.1건) — 통계적으로 다르지 않음.",전국
BRD_20210160,0,4,4,0.0,유지,쿼드커피(QUAD COFFEE),2026-08,46,42,2,0.05128205128205128,0.0,0.2318244170096022,0,"폐업 0건(전년 동기 2건, 점포 42·39곳 기준 기대 2.2건) — 통계적으로 다르지 않음.",전국
BRD_20210211,3,2,-1,0.033707865168539325,유지,제육대가,2026-08,88,89,2,0.020618556701030927,1.6348314606741572,0.4597271209188225,0,"폐업 3건(전년 동기 2건, 점포 89·97곳 기준 기대 1.8건) — 통계적으로 다르지 않음.",전국
BRD_20210213,0,0,0,0.0,판단보류,동복리 제주갈치조림,2026-08,3,3,1,0.125,0.0,,0,관측 점포 10곳 미만(현재 3·전년 8).,전국
BRD_20210216,0,0,0,0.0,유지,일일양,2026-08,16,16,0,0.0,,1.0,0,"폐업 0건(전년 동기 0건, 점포 16·16곳 기준 기대 0.0건) — 통계적으로 다르지 않음.",전국
BRD_20210237,0,0,0,0.0,판단보류,밥꼬찜닭,2026-08,6,6,2,0.2,0.0,,0,관측 점포 10곳 미만(현재 6·전년 10).,전국
BRD_20210242,1,1,0,0.023809523809523808,유지,전일맥주,2026-08,42,42,1,0.02564102564102564,0.9285714285714286,0.7311385459533606,0,"폐업 1건(전년 동기 1건, 점포 42·39곳 기준 기대 1.1건) — 통계적으로 다르지 않음.",전국
BRD_20210285,2,11,9,0.013245033112582781,유지,밥풀릭스,2026-08,160,151,2,0.014705882352941176,0.9006622516556292,0.6473141307442771,1,"폐업 2건(전년 동기 2건, 점포 151·136곳 기준 기대 2.2건) — 통계적으로 다르지 않음.",전국
BRD_20210291,0,0,0,0.0,판단보류,3X-LARGE COFFEE,2026-08,6,6,0,0.0,,,0,관측 점포 10곳 미만(현재 6·전년 5).,전국
BRD_20210315,1,2,1,0.008849557522123894,유지,소림마라,2026-08,114,113,5,0.04310344827586207,0.20530973451327433,0.11563719660670899,0,"폐업 1건(전년 동기 5건, 점포 113·116곳 기준 기대 4.9건) — 통계적으로 다르지 않음.",전국
BRD_20210365,1,0,-1,0.14285714285714285,판단보류,꾸꾸삼겹,2026-08,6,7,0,0.0,,,0,관측 점포 10곳 미만(현재 7·전년 10).,전국
BRD_20210368,1,0,-1,0.5,판단보류,꼬육꼬밥,2026-08,1,2,0,0.0,,,0,관측 점포 10곳 미만(현재 2·전년 2).,전국
BRD_20210375,4,2,-2,0.06451612903225806,악화,바른보쌈1990,2026-08,60,62,0,0.0,,0.04867108559507827,0,"폐업 4건(전년 동기 0건, 점포 62·70곳 기준 기대 0.0건) — 전년보다 유의하게 많음.",전국
BRD_20210387,2,0,-2,0.04878048780487805,유지,싸다아구찜&탕,2026-08,39,41,0,0.0,,0.2500000000000002,0,"폐업 2건(전년 동기 0건, 점포 41·41곳 기준 기대 0.0건) — 통계적으로 다르지 않음.",전국
BRD_20210412,1,0,-1,0.125,판단보류,도시곳간,2026-08,7,8,3,0.23076923076923078,0.5416666666666666,,0,관측 점포 10곳 미만(현재 8·전년 13).,전국
BRD_20210428,2,0,-2,0.13333333333333333,유지,덮밥.ZIP,2026-08,13,15,1,0.047619047619047616,2.8000000000000003,0.3761574074074072,0,"폐업 2건(전년 동기 1건, 점포 15·21곳 기준 기대 0.7건) — 통계적으로 다르지 않음.",전국
BRD_20210436,0,0,0,0.0,판단보류,필라프에빠지다,2026-08,8,8,2,0.16666666666666666,0.0,,0,관측 점포 10곳 미만(현재 8·전년 12).,전국
BRD_20210454,0,0,0,0.0,판단보류,청담곱떡,2026-08,1,1,0,0.0,,,0,관측 점포 10곳 미만(현재 1·전년 1).,전국
BRD_20210459,2,0,-2,0.5,판단보류,9찬김치찌개,2026-08,2,4,2,0.3333333333333333,1.5,,0,관측 점포 10곳 미만(현재 4·전년 6).,전국
BRD_20210460,0,0,0,0.0,유지,청솔로9,2026-08,57,57,0,0.0,,1.0,0,"폐업 0건(전년 동기 0건, 점포 57·69곳 기준 기대 0.0건) — 통계적으로 다르지 않음.",전국
BRD_20210465,0,0,0,0.0,판단보류,죽선생,2026-08,1,1,0,0.0,,,0,관측 점포 10곳 미만(현재 1·전년 1).,전국
BRD_20210513,2,0,-2,0.1,유지,1992덮밥&짜글이,2026-08,18,20,2,0.09090909090909091,1.1,0.650963333179077,0,"폐업 2건(전년 동기 2건, 점포 20·22곳 기준 기대 1.8건) — 통계적으로 다르지 않음.",전국
BRD_20210532,0,0,0,0.0,판단보류,범맥주,2026-08,8,8,1,0.07142857142857142,0.0,,0,관측 점포 10곳 미만(현재 8·전년 14).,전국
BRD_20210534,5,0,-5,0.08928571428571429,유지,삼산회관,2026-08,51,56,9,0.11392405063291139,0.7837301587301587,0.44031459059001266,0,"폐업 5건(전년 동기 9건, 점포 56·79곳 기준 기대 6.4건) — 통계적으로 다르지 않음.",전국
BRD_20210552,0,0,0,0.0,판단보류,육만사,2026-08,1,1,0,0.0,,,0,관측 점포 10곳 미만(현재 1·전년 1).,전국
BRD_20210564,0,0,0,0.0,유지,피자스웨그,2026-08,15,15,1,0.047619047619047616,0.0,0.5833333333333334,0,"폐업 0건(전년 동기 1건, 점포 15·21곳 기준 기대 0.7건) — 통계적으로 다르지 않음.",전국
BRD_20210567,0,0,0,0.0,유지,오늘도빙수,2026-08,47,47,0,0.0,,1.0,0,"폐업 0건(전년 동기 0건, 점포 47·44곳 기준 기대 0.0건) — 통계적으로 다르지 않음.",전국
BRD_20210570,1,3,2,0.011235955056179775,유지,모리커피,2026-08,91,89,0,0.0,,0.5114942528735632,0,"폐업 1건(전년 동기 0건, 점포 89·85곳 기준 기대 0.0건) — 통계적으로 다르지 않음.",전국
BRD_20210593,0,0,0,0.0,유지,크로앙쥬,2026-08,14,14,3,0.14285714285714285,0.0,0.21599999999999997,0,"폐업 0건(전년 동기 3건, 점포 14·21곳 기준 기대 2.0건) — 통계적으로 다르지 않음.",전국
BRD_20210601,3,2,-1,0.039473684210526314,유지,김종구부산어묵,2026-08,75,76,5,0.056818181818181816,0.6947368421052631,0.4457891471406865,0,"폐업 3건(전년 동기 5건, 점포 76·88곳 기준 기대 4.3건) — 통계적으로 다르지 않음.",전국
BRD_20210606,0,0,0,,판단보류,거진어부네 코다리,2026-08,0,0,0,,,,0,관측 점포 10곳 미만(현재 0·전년 0).,전국
BRD_20210622,0,0,0,0.0,유지,한라맥주,2026-08,43,43,0,0.0,,1.0,0,"폐업 0건(전년 동기 0건, 점포 43·45곳 기준 기대 0.0건) — 통계적으로 다르지 않음.",전국
BRD_20210655,2,2,0,0.045454545454545456,유지,덮밥장사장,2026-08,44,44,1,0.02564102564102564,1.772727272727273,0.5451260696727978,0,"폐업 2건(전년 동기 1건, 점포 44·39곳 기준 기대 1.1건) — 통계적으로 다르지 않음.",전국
BRD_20210694,1,0,-1,0.14285714285714285,판단보류,마약낙곱새,2026-08,6,7,3,0.21428571428571427,0.6666666666666666,,0,관측 점포 10곳 미만(현재 7·전년 14).,전국
BRD_20210696,0,0,0,0.0,판단보류,바음식당,2026-08,1,1,0,0.0,,,0,관측 점포 10곳 미만(현재 1·전년 1).,전국
BRD_20210705,2,82,80,0.003816793893129771,유지,우지커피(OOZYCOFFEE),2026-08,604,524,3,0.01056338028169014,0.361323155216285,0.23747985065770993,0,"폐업 2건(전년 동기 3건, 점포 524·284곳 기준 기대 5.5건) — 통계적으로 다르지 않음.",전국
BRD_20210736,0,0,0,0.0,유지,난바우동,2026-08,14,14,1,0.05,0.0,0.5882352941176471,0,"폐업 0건(전년 동기 1건, 점포 14·20곳 기준 기대 0.7건) — 통계적으로 다르지 않음.",전국
BRD_20210738,2,0,-2,0.08695652173913043,유지,짐키친(GYM KITCHEN),2026-08,21,23,3,0.08571428571428572,1.0144927536231885,0.6570557949971496,0,"폐업 2건(전년 동기 3건, 점포 23·35곳 기준 기대 2.0건) — 통계적으로 다르지 않음.",전국
BRD_20210758,0,0,0,0.0,판단보류,보글지글,2026-08,3,3,0,0.0,,,0,관측 점포 10곳 미만(현재 3·전년 3).,전국
BRD_20210819,0,0,0,0.0,판단보류,마몽로제떡볶이,2026-08,2,2,0,0.0,,,0,관측 점포 10곳 미만(현재 2·전년 1).,전국
BRD_20210826,4,1,-3,0.017241379310344827,유지,요거트아이스크림의 정석,2026-08,229,232,5,0.02032520325203252,0.8482758620689655,0.5359976453262887,0,"폐업 4건(전년 동기 5건, 점포 232·246곳 기준 기대 4.7건) — 통계적으로 다르지 않음.",전국
BRD_20210847,0,0,0,0.0,판단보류,찐곱도리식당,2026-08,1,1,0,0.0,,,0,관측 점포 10곳 미만(현재 1·전년 1).,전국
BRD_20210891,0,0,0,0.0,판단보류,가든쿡,2026-08,2,2,1,0.25,0.0,,0,관측 점포 10곳 미만(현재 2·전년 4).,전국
BRD_20210896,0,0,0,0.0,유지,참다랑어 막주는 집,2026-08,24,24,3,0.1111111111111111,0.0,0.1483818440871158,0,"폐업 0건(전년 동기 3건, 점포 24·27곳 기준 기대 2.7건) — 통계적으로 다르지 않음.",전국
BRD_20210908,0,0,0,0.0,유지,이것이국밥이다,2026-08,10,10,0,0.0,,1.0,0,"폐업 0건(전년 동기 0건, 점포 10·10곳 기준 기대 0.0건) — 통계적으로 다르지 않음.",전국
BRD_20210911,0,0,0,0.0,유지,야미마라탕,2026-08,34,34,2,0.047619047619047616,0.0,0.3054016620498615,0,"폐업 0건(전년 동기 2건, 점포 34·42곳 기준 기대 1.6건) — 통계적으로 다르지 않음.",전국
BRD_20210924,0,0,0,0.0,유지,고기궁전,2026-08,26,26,0,0.0,,1.0,0,"폐업 0건(전년 동기 0건, 점포 26·26곳 기준 기대 0.0건) — 통계적으로 다르지 않음.",전국
BRD_20210926,1,0,-1,0.08333333333333333,유지,시카고부대찌개,2026-08,11,12,1,0.09090909090909091,0.9166666666666666,0.7277882797731567,0,"폐업 1건(전년 동기 1건, 점포 12·11곳 기준 기대 1.1건) — 통계적으로 다르지 않음.",전국
BRD_20210931,1,0,-1,0.02702702702702703,유지,기대만족,2026-08,36,37,3,0.05660377358490566,0.4774774774774775,0.4560932327389114,0,"폐업 1건(전년 동기 3건, 점포 37·53곳 기준 기대 2.1건) — 통계적으로 다르지 않음.",전국
BRD_20210937,0,0,0,0.0,판단보류,진탱 불곱창&불닭발,2026-08,1,1,1,,,,0,관측 점포 10곳 미만(현재 1·전년 0).,전국
BRD_20210961,4,1,-3,0.06153846153846154,유지,백돈,2026-08,62,65,2,0.02702702702702703,2.276923076923077,0.2851749288360935,0,"폐업 4건(전년 동기 2건, 점포 65·74곳 기준 기대 1.8건) — 통계적으로 다르지 않음.",전국
BRD_20210973,2,1,-1,0.045454545454545456,유지,피자덕,2026-08,43,44,1,0.0196078431372549,2.3181818181818183,0.4448368566846477,0,"폐업 2건(전년 동기 1건, 점포 44·51곳 기준 기대 0.9건) — 통계적으로 다르지 않음.",전국
BRD_20210990,0,0,0,0.0,판단보류,통통회,2026-08,3,3,0,0.0,,,0,관측 점포 10곳 미만(현재 3·전년 3).,전국
BRD_20210991,1,1,0,0.027777777777777776,유지,카페16온스,2026-08,36,36,0,0.0,,0.4736842105263157,0,"폐업 1건(전년 동기 0건, 점포 36·40곳 기준 기대 0.0건) — 통계적으로 다르지 않음.",전국
BRD_20210996,1,1,0,0.015151515151515152,유지,다복향 마라탕,2026-08,66,66,2,0.030303030303030304,0.5,0.5000000000000002,1,"폐업 1건(전년 동기 2건, 점포 66·66곳 기준 기대 2.0건) — 통계적으로 다르지 않음.",전국
BRD_20211004,0,0,0,,판단보류,더마니,2026-08,0,0,0,0.0,,,0,관측 점포 10곳 미만(현재 0·전년 1).,전국
BRD_20211005,5,14,9,0.014749262536873156,유지,하이오커피,2026-08,348,339,3,0.009836065573770493,1.4995083579154374,0.4223830836829334,0,"폐업 5건(전년 동기 3건, 점포 339·305곳 기준 기대 3.3건) — 통계적으로 다르지 않음.",전국
BRD_20211014,1,8,7,0.007692307692307693,유지,도야짬뽕,2026-08,137,130,0,0.0,,0.5439330543933054,0,"폐업 1건(전년 동기 0건, 점포 130·109곳 기준 기대 0.0건) — 통계적으로 다르지 않음.",전국
BRD_20211017,4,0,-4,0.04878048780487805,유지,용용선생,2026-08,78,82,1,0.01098901098901099,4.439024390243902,0.15667481104197545,0,"폐업 4건(전년 동기 1건, 점포 82·91곳 기준 기대 0.9건) — 통계적으로 다르지 않음.",전국
BRD_20211034,3,0,-3,0.05454545454545454,유지,찌개공방,2026-08,52,55,0,0.0,,0.1522566935748817,0,"폐업 3건(전년 동기 0건, 점포 55·48곳 기준 기대 0.0건) — 통계적으로 다르지 않음.",전국
BRD_20211037,1,3,2,0.014925373134328358,유지,1키로탕수육,2026-08,69,67,2,0.028169014084507043,0.5298507462686567,0.5217330423215194,0,"폐업 1건(전년 동기 2건, 점포 67·71곳 기준 기대 1.9건) — 통계적으로 다르지 않음.",전국
BRD_20211040,0,0,0,0.0,판단보류,하륜일만족발,2026-08,9,9,1,0.1111111111111111,0.0,,0,관측 점포 10곳 미만(현재 9·전년 9).,전국
BRD_20211074,3,1,-2,0.0967741935483871,유지,태리로제떡볶이&닭강정,2026-08,29,31,2,0.05128205128205128,1.8870967741935485,0.39378643184387374,0,"폐업 3건(전년 동기 2건, 점포 31·39곳 기준 기대 1.6건) — 통계적으로 다르지 않음.",전국
BRD_20211096,0,0,0,0.0,판단보류,해장쿡,2026-08,4,4,1,0.2,0.0,,0,관측 점포 10곳 미만(현재 4·전년 5).,전국
BRD_20211100,1,0,-1,0.023255813953488372,유지,유캔두잇,2026-08,42,43,3,0.047619047619047616,0.48837209302325585,0.4654425138974414,0,"폐업 1건(전년 동기 3건, 점포 43·63곳 기준 기대 2.0건) — 통계적으로 다르지 않음.",전국
BRD_20211115,0,0,0,0.0,유지,영계소문옛날통닭,2026-08,29,29,1,0.038461538461538464,0.0,0.4727272727272728,0,"폐업 0건(전년 동기 1건, 점포 29·26곳 기준 기대 1.1건) — 통계적으로 다르지 않음.",전국
BRD_20211122,0,0,0,0.0,유지,동백카츠,2026-08,23,23,0,0.0,,1.0,0,"폐업 0건(전년 동기 0건, 점포 23·28곳 기준 기대 0.0건) — 통계적으로 다르지 않음.",전국
BRD_20211123,0,0,0,,판단보류,스참,2026-08,0,0,0,,,,0,관측 점포 10곳 미만(현재 0·전년 0).,전국
BRD_20211124,1,0,-1,0.009615384615384616,유지,휴게소,2026-08,103,104,6,0.05263157894736842,0.1826923076923077,0.07898520402221125,0,"폐업 1건(전년 동기 6건, 점포 104·114곳 기준 기대 5.5건) — 통계적으로 다르지 않음.",전국
BRD_20211133,2,0,-2,0.08695652173913043,유지,효자동설렁탕,2026-08,21,23,2,0.07142857142857142,1.2173913043478262,0.6106191079910267,0,"폐업 2건(전년 동기 2건, 점포 23·28곳 기준 기대 1.6건) — 통계적으로 다르지 않음.",전국
BRD_20211147,0,0,0,0.0,유지,국밥대장,2026-08,11,11,0,0.0,,1.0,0,"폐업 0건(전년 동기 0건, 점포 11·15곳 기준 기대 0.0건) — 통계적으로 다르지 않음.",전국
BRD_20211154,1,0,-1,0.125,판단보류,죽도령,2026-08,7,8,1,0.1111111111111111,1.125,,0,관측 점포 10곳 미만(현재 8·전년 9).,전국
BRD_20211155,1,0,-1,0.06666666666666667,유지,인생냉면,2026-08,14,15,1,0.06666666666666667,1.0,0.7499999999999998,0,"폐업 1건(전년 동기 1건, 점포 15·15곳 기준 기대 1.0건) — 통계적으로 다르지 않음.",전국
BRD_20211159,0,0,0,0.0,판단보류,돈도니 석쇠한판불고기,2026-08,6,6,0,0.0,,,0,관측 점포 10곳 미만(현재 6·전년 7).,전국
BRD_20211160,0,0,0,0.0,유지,을찌로국물떡볶이,2026-08,15,15,3,0.13636363636363635,0.0,0.210214597358498,0,"폐업 0건(전년 동기 3건, 점포 15·22곳 기준 기대 2.0건) — 통계적으로 다르지 않음.",전국
BRD_20211162,2,2,0,0.05405405405405406,유지,향리원 마라탕,2026-08,37,37,0,0.0,,0.2640817901234569,0,"폐업 2건(전년 동기 0건, 점포 37·35곳 기준 기대 0.0건) — 통계적으로 다르지 않음.",전국
BRD_20211187,0,0,0,0.0,판단보류,파스타를 부탁해,2026-08,2,2,0,0.0,,,0,관측 점포 10곳 미만(현재 2·전년 3).,전국
BRD_20211200,0,0,0,0.0,유지,라화공방,2026-08,27,27,1,0.037037037037037035,0.0,0.5,0,"폐업 0건(전년 동기 1건, 점포 27·27곳 기준 기대 1.0건) — 통계적으로 다르지 않음.",전국
BRD_20211217,2,0,-2,0.08,유지,당신은지금치킨이땡긴다,2026-08,23,25,2,0.05555555555555555,1.4400000000000002,0.5417240455094064,0,"폐업 2건(전년 동기 2건, 점포 25·36곳 기준 기대 1.4건) — 통계적으로 다르지 않음.",전국
BRD_20211235,0,0,0,0.0,판단보류,샤오바오우육면,2026-08,7,7,2,0.2,0.0,,0,관측 점포 10곳 미만(현재 7·전년 10).,전국
BRD_20211246,1,0,-1,0.014705882352941176,유지,대동집,2026-08,67,68,2,0.028169014084507043,0.5220588235294118,0.5161845369726682,0,"폐업 1건(전년 동기 2건, 점포 68·71곳 기준 기대 1.9건) — 통계적으로 다르지 않음.",전국
BRD_20211247,2,0,-2,0.15384615384615385,유지,아이엠도넛(IamDonut),2026-08,11,13,2,0.1,1.5384615384615385,0.5143015428515056,0,"폐업 2건(전년 동기 2건, 점포 13·20곳 기준 기대 1.3건) — 통계적으로 다르지 않음.",전국
BRD_20211278,0,0,0,0.0,유지,광안천지식당,2026-08,42,42,1,0.034482758620689655,0.0,0.4084507042253521,1,"폐업 0건(전년 동기 1건, 점포 42·29곳 기준 기대 1.4건) — 통계적으로 다르지 않음.",전국
BRD_20211286,2,7,5,0.10526315789473684,유지,점프(JUMP),2026-08,24,19,0,0.0,,0.20464852607709771,0,"폐업 2건(전년 동기 0건, 점포 19·23곳 기준 기대 0.0건) — 통계적으로 다르지 않음.",전국
BRD_20211310,5,1,-4,0.10638297872340426,유지,정성순대,2026-08,43,47,1,0.024390243902439025,4.361702127659575,0.1446974498358673,0,"폐업 5건(전년 동기 1건, 점포 47·41곳 기준 기대 1.1건) — 통계적으로 다르지 않음.",전국
BRD_20211329,0,0,0,,판단보류,옐로우스푼,2026-08,0,0,0,,,,0,관측 점포 10곳 미만(현재 0·전년 0).,전국
BRD_20211340,1,0,-1,0.05,유지,순수덮밥,2026-08,19,20,3,0.1111111111111111,0.45000000000000007,0.431602188749633,0,"폐업 1건(전년 동기 3건, 점포 20·27곳 기준 기대 2.2건) — 통계적으로 다르지 않음.",전국
BRD_20211363,4,0,-4,0.16666666666666666,유지,퍼스트커피,2026-08,20,24,3,0.10344827586206896,1.611111111111111,0.3977294778364231,0,"폐업 4건(전년 동기 3건, 점포 24·29곳 기준 기대 2.5건) — 통계적으로 다르지 않음.",전국
BRD_20211406,0,3,3,0.0,유지,육회왕자연어공주,2026-08,109,106,3,0.030612244897959183,0.0,0.11086328033712523,1,"폐업 0건(전년 동기 3건, 점포 106·98곳 기준 기대 3.2건) — 통계적으로 다르지 않음.",전국
BRD_20211434,8,3,-5,0.03389830508474576,유지,요거트월드,2026-08,231,236,13,0.058823529411764705,0.576271186440678,0.15298979229994333,0,"폐업 8건(전년 동기 13건, 점포 236·221곳 기준 기대 13.9건) — 통계적으로 다르지 않음.",전국
BRD_20211437|JNG_009987,0,0,0,0.0,판단보류,스크린토랑,2026-08,2,2,0,0.0,,,0,관측 점포 10곳 미만(현재 2·전년 2).,전국
BRD_20211440,2,0,-2,0.058823529411764705,유지,평화김해뒷고기,2026-08,32,34,2,0.05714285714285714,1.0294117647058825,0.6765524391033165,0,"폐업 2건(전년 동기 2건, 점포 34·35곳 기준 기대 1.9건) — 통계적으로 다르지 않음.",전국
BRD_20211470,1,2,1,0.01818181818181818,유지,삼형제김밥,2026-08,56,55,2,0.041666666666666664,0.43636363636363634,0.44910759961088187,0,"폐업 1건(전년 동기 2건, 점포 55·48곳 기준 기대 2.3건) — 통계적으로 다르지 않음.",전국
BRD_20211504,1,2,1,0.022727272727272728,유지,과일에반하다.프루타,2026-08,45,44,0,0.0,,0.48888888888888893,0,"폐업 1건(전년 동기 0건, 점포 44·46곳 기준 기대 0.0건) — 통계적으로 다르지 않음.",전국
BRD_20211506,0,0,0,0.0,판단보류,팔팔포장마차,2026-08,5,5,0,0.0,,,0,관측 점포 10곳 미만(현재 5·전년 5).,전국
BRD_20211511,1,3,2,0.008620689655172414,유지,버거리(BURGERRY),2026-08,118,116,1,0.009900990099009901,0.8706896551724138,0.7142432415213742,0,"폐업 1건(전년 동기 1건, 점포 116·101곳 기준 기대 1.1건) — 통계적으로 다르지 않음.",전국
BRD_20211548,0,1,1,0.0,유지,짬뽕관,2026-08,105,104,0,0.0,,1.0,0,"폐업 0건(전년 동기 0건, 점포 104·91곳 기준 기대 0.0건) — 통계적으로 다르지 않음.",전국
BRD_20211561,0,0,0,0.0,유지,파스타집이야,2026-08,10,10,3,0.2,0.0,0.21599999999999997,0,"폐업 0건(전년 동기 3건, 점포 10·15곳 기준 기대 2.0건) — 통계적으로 다르지 않음.",전국
BRD_20211569,0,0,0,0.0,판단보류,피자웨이브,2026-08,3,3,0,0.0,,,0,관측 점포 10곳 미만(현재 3·전년 3).,전국
BRD_20211593,0,0,0,0.0,유지,파란만잔,2026-08,46,46,2,0.04,0.0,0.27126736111111105,0,"폐업 0건(전년 동기 2건, 점포 46·50곳 기준 기대 1.8건) — 통계적으로 다르지 않음.",전국
BRD_20211608,1,0,-1,0.05263157894736842,유지,카페미뇽,2026-08,18,19,1,0.043478260869565216,1.2105263157894737,0.7001133786848073,0,"폐업 1건(전년 동기 1건, 점포 19·23곳 기준 기대 0.8건) — 통계적으로 다르지 않음.",전국
BRD_20211645,0,0,0,0.0,판단보류,맘마찬,2026-08,2,2,0,0.0,,,0,관측 점포 10곳 미만(현재 2·전년 2).,전국
BRD_20211652,1,0,-1,0.1111111111111111,판단보류,윤반장,2026-08,8,9,1,0.09090909090909091,1.222222222222222,,0,관측 점포 10곳 미만(현재 9·전년 11).,전국
BRD_20211698,1,14,13,0.0070921985815602835,유지,헤즈업,2026-08,154,141,0,0.0,,0.5850622406639004,0,"폐업 1건(전년 동기 0건, 점포 141·100곳 기준 기대 0.0건) — 통계적으로 다르지 않음.",전국
BRD_20211699,0,0,0,0.0,판단보류,카페일분,2026-08,3,3,0,0.0,,,0,관측 점포 10곳 미만(현재 3·전년 4).,전국
BRD_20211703|JNG_020591,1,1,0,0.045454545454545456,유지,프랑킨 바베큐치킨,2026-08,22,22,1,0.045454545454545456,1.0,0.7499999999999998,0,"폐업 1건(전년 동기 1건, 점포 22·22곳 기준 기대 1.0건) — 통계적으로 다르지 않음.",전국
BRD_20211707,4,0,-4,0.10810810810810811,유지,순살만공격,2026-08,33,37,12,0.18181818181818182,0.5945945945945946,0.26343519191483095,0,"폐업 4건(전년 동기 12건, 점포 37·66곳 기준 기대 6.7건) — 통계적으로 다르지 않음.",전국
BRD_20211709,0,0,0,,판단보류,히포슈가 (HIPPO SUGAR),2026-08,0,0,0,,,,0,관측 점포 10곳 미만(현재 0·전년 0).,전국
BRD_20211711,3,1,-2,0.03529411764705882,유지,동네커피,2026-08,83,85,0,0.0,,0.12069004144289153,0,"폐업 3건(전년 동기 0건, 점포 85·87곳 기준 기대 0.0건) — 통계적으로 다르지 않음.",전국
BRD_20211764,0,2,2,0.0,판단보류,국물에빠진두루치기,2026-08,6,4,0,0.0,,,0,관측 점포 10곳 미만(현재 4·전년 6).,전국
BRD_20211774,1,17,16,0.003787878787878788,유지,육회바른연어,2026-08,280,264,0,0.0,,0.5802197802197803,1,"폐업 1건(전년 동기 0건, 점포 264·191곳 기준 기대 0.0건) — 통계적으로 다르지 않음.",전국
BRD_20211783,4,1,-3,0.0784313725490196,유지,국밥생각,2026-08,48,51,4,0.08333333333333333,0.9411764705882353,0.6031037394330396,0,"폐업 4건(전년 동기 4건, 점포 51·48곳 기준 기대 4.2건) — 통계적으로 다르지 않음.",전국
BRD_20211842,1,1,0,0.025,유지,마라순코우,2026-08,40,40,1,0.025,1.0,0.7499999999999998,0,"폐업 1건(전년 동기 1건, 점포 40·40곳 기준 기대 1.0건) — 통계적으로 다르지 않음.",전국
BRD_20211845,0,0,0,0.0,판단보류,파스타딜리,2026-08,3,3,1,0.2,0.0,,0,관측 점포 10곳 미만(현재 3·전년 5).,전국
BRD_20211849,0,0,0,,판단보류,오꼬리,2026-08,0,0,0,,,,0,관측 점포 10곳 미만(현재 0·전년 0).,전국
BRD_20211853,1,9,8,0.005434782608695652,유지,백소정,2026-08,192,184,1,0.005434782608695652,1.0,0.7499999999999998,0,"폐업 1건(전년 동기 1건, 점포 184·184곳 기준 기대 1.0건) — 통계적으로 다르지 않음.",전국
BRD_20211882,1,1,0,0.016129032258064516,유지,솔솥,2026-08,62,62,0,0.0,,0.5040650406504065,0,"폐업 1건(전년 동기 0건, 점포 62·61곳 기준 기대 0.0건) — 통계적으로 다르지 않음.",전국
BRD_20211891,0,0,0,0.0,유지,PC토랑,2026-08,22,22,1,0.041666666666666664,0.0,0.5217391304347826,0,"폐업 0건(전년 동기 1건, 점포 22·24곳 기준 기대 0.9건) — 통계적으로 다르지 않음.",전국
BRD_20211900,0,0,0,0.0,유지,식사하세요,2026-08,11,11,0,0.0,,1.0,0,"폐업 0건(전년 동기 0건, 점포 11·12곳 기준 기대 0.0건) — 통계적으로 다르지 않음.",전국
BRD_20211903,2,0,-2,0.038461538461538464,유지,제이델링,2026-08,50,52,0,0.0,,0.26507205175963156,0,"폐업 2건(전년 동기 0건, 점포 52·49곳 기준 기대 0.0건) — 통계적으로 다르지 않음.",전국
BRD_20211923,2,1,-1,0.0425531914893617,유지,도리당,2026-08,46,47,0,0.0,,0.2554052491617531,0,"폐업 2건(전년 동기 0건, 점포 47·46곳 기준 기대 0.0건) — 통계적으로 다르지 않음.",전국
BRD_20211947,1,0,-1,0.021739130434782608,유지,오한수우육면가,2026-08,45,46,1,0.020833333333333332,1.0434782608695652,0.7392485287460389,0,"폐업 1건(전년 동기 1건, 점포 46·48곳 기준 기대 1.0건) — 통계적으로 다르지 않음.",전국
BRD_20211973,1,0,-1,0.3333333333333333,판단보류,이라이타코야끼,2026-08,2,3,0,0.0,,,0,관측 점포 10곳 미만(현재 3·전년 2).,전국
BRD_20211990,3,0,-3,0.12,유지,랑데자뷰(RENDEJAVOUS),2026-08,22,25,0,0.0,,0.09391435011269689,0,"폐업 3건(전년 동기 0건, 점포 25·30곳 기준 기대 0.0건) — 통계적으로 다르지 않음.",전국
BRD_20211998,0,0,0,0.0,유지,연돈튀김덮밥,2026-08,12,12,0,0.0,,1.0,0,"폐업 0건(전년 동기 0건, 점포 12·11곳 기준 기대 0.0건) — 통계적으로 다르지 않음.",전국
BRD_20212010,0,4,4,0.0,유지,복호두,2026-08,147,143,0,0.0,,1.0,0,"폐업 0건(전년 동기 0건, 점포 143·133곳 기준 기대 0.0건) — 통계적으로 다르지 않음.",전국
BRD_20212021,0,0,0,0.0,유지,제주옥탑,2026-08,34,34,2,0.05405405405405406,0.0,0.2715731005752827,0,"폐업 0건(전년 동기 2건, 점포 34·37곳 기준 기대 1.8건) — 통계적으로 다르지 않음.",전국
BRD_20212045,0,4,4,0.0,유지,국밥참맛있는집,2026-08,109,105,1,0.010526315789473684,0.0,0.475,0,"폐업 0건(전년 동기 1건, 점포 105·95곳 기준 기대 1.1건) — 통계적으로 다르지 않음.",전국
BRD_20212066,1,1,0,0.030303030303030304,유지,역북집,2026-08,33,33,0,0.0,,0.5076923076923077,0,"폐업 1건(전년 동기 0건, 점포 33·32곳 기준 기대 0.0건) — 통계적으로 다르지 않음.",전국
BRD_20212074,4,1,-3,0.06557377049180328,유지,도로시파스타,2026-08,58,61,8,0.09876543209876543,0.6639344262295083,0.3567928796658817,0,"폐업 4건(전년 동기 8건, 점포 61·81곳 기준 기대 6.0건) — 통계적으로 다르지 않음.",전국
BRD_20212086,1,0,-1,0.017857142857142856,유지,30년 불멸의 닭발,2026-08,55,56,3,0.06818181818181818,0.2619047619047619,0.22829311999999968,0,"폐업 1건(전년 동기 3건, 점포 56·44곳 기준 기대 3.8건) — 통계적으로 다르지 않음.",전국
BRD_20212140,6,3,-3,0.03428571428571429,유지,스텔라떡볶이,2026-08,172,175,4,0.0213903743315508,1.602857142857143,0.3368983858193655,0,"폐업 6건(전년 동기 4건, 점포 175·187곳 기준 기대 3.7건) — 통계적으로 다르지 않음.",전국
BRD_20212154,0,0,0,0.0,판단보류,부뚜막김치찜,2026-08,5,5,0,0.0,,,0,관측 점포 10곳 미만(현재 5·전년 6).,전국
BRD_20212168,2,2,0,0.027777777777777776,유지,병아리김밥,2026-08,72,72,0,0.0,,0.23666910153396659,0,"폐업 2건(전년 동기 0건, 점포 72·76곳 기준 기대 0.0건) — 통계적으로 다르지 않음.",전국
BRD_20212206,0,0,0,0.0,유지,배통,2026-08,26,26,2,0.06451612903225806,0.0,0.29578331794398277,0,"폐업 0건(전년 동기 2건, 점포 26·31곳 기준 기대 1.7건) — 통계적으로 다르지 않음.",전국
BRD_20212213,4,1,-3,0.0975609756097561,유지,안주가,2026-08,38,41,4,0.0851063829787234,1.1463414634146343,0.559965978552319,0,"폐업 4건(전년 동기 4건, 점포 41·47곳 기준 기대 3.5건) — 통계적으로 다르지 않음.",전국
BRD_20212216,1,0,-1,0.047619047619047616,유지,조선부뚜막,2026-08,20,21,1,0.04,1.1904761904761905,0.7046313799621928,0,"폐업 1건(전년 동기 1건, 점포 21·25곳 기준 기대 0.8건) — 통계적으로 다르지 않음.",전국
BRD_20212229,0,12,12,0.0,유지,삼동소바,2026-08,131,119,0,0.0,,1.0,0,"폐업 0건(전년 동기 0건, 점포 119·101곳 기준 기대 0.0건) — 통계적으로 다르지 않음.",전국
BRD_20212320,0,0,0,0.0,판단보류,밥깨비,2026-08,1,1,0,0.0,,,0,관측 점포 10곳 미만(현재 1·전년 1).,전국
BRD_20212321,1,1,0,0.05263157894736842,유지,대박삼겹김치찜&초대박등갈비김치찜,2026-08,19,19,2,0.08695652173913043,0.6052631578947368,0.5712126120289387,0,"폐업 1건(전년 동기 2건, 점포 19·23곳 기준 기대 1.7건) — 통계적으로 다르지 않음.",전국
BRD_20212322,0,0,0,0.0,판단보류,와우당 냉면,2026-08,1,1,0,0.0,,,0,관측 점포 10곳 미만(현재 1·전년 2).,전국
BRD_20212334,0,1,1,0.0,판단보류,포트캔커피 PORT CAN COFFEE,2026-08,6,5,0,0.0,,,0,관측 점포 10곳 미만(현재 5·전년 3).,전국
BRD_20212341,1,2,1,0.014925373134328358,유지,바나타이거,2026-08,68,67,1,0.017241379310344827,0.8656716417910447,0.7127039999999998,0,"폐업 1건(전년 동기 1건, 점포 67·58곳 기준 기대 1.2건) — 통계적으로 다르지 않음.",전국
BRD_20212359,3,0,-3,0.038461538461538464,유지,아라치,2026-08,75,78,4,0.04,0.9615384615384616,0.6331364137244426,0,"폐업 3건(전년 동기 4건, 점포 78·100곳 기준 기대 3.1건) — 통계적으로 다르지 않음.",전국
BRD_20212385,2,0,-2,0.6666666666666666,판단보류,계계속속,2026-08,1,3,1,0.25,2.6666666666666665,,0,관측 점포 10곳 미만(현재 3·전년 4).,전국
BRD_20212416,1,0,-1,0.058823529411764705,유지,하노이맥주밤거리,2026-08,16,17,1,0.043478260869565216,1.3529411764705883,0.669375,0,"폐업 1건(전년 동기 1건, 점포 17·23곳 기준 기대 0.7건) — 통계적으로 다르지 않음.",전국
BRD_20212427,0,0,0,0.0,유지,고깃리88번지,2026-08,31,31,0,0.0,,1.0,0,"폐업 0건(전년 동기 0건, 점포 31·30곳 기준 기대 0.0건) — 통계적으로 다르지 않음.",전국
BRD_20212429,5,3,-2,0.03496503496503497,악화,슬로우캘리,2026-08,141,143,0,0.0,,0.03070935561977617,0,"폐업 5건(전년 동기 0건, 점포 143·144곳 기준 기대 0.0건) — 전년보다 유의하게 많음.",전국
BRD_20212430,0,0,0,0.0,판단보류,미스터국수왕,2026-08,1,1,1,0.5,0.0,,0,관측 점포 10곳 미만(현재 1·전년 2).,전국
BRD_20212439,7,0,-7,0.08235294117647059,유지,피자먹다,2026-08,78,85,3,0.029411764705882353,2.8,0.10736476993527944,0,"폐업 7건(전년 동기 3건, 점포 85·102곳 기준 기대 2.5건) — 통계적으로 다르지 않음.",전국
BRD_20212450,0,0,0,0.0,유지,취향마라,2026-08,31,31,1,0.03125,0.0,0.507936507936508,0,"폐업 0건(전년 동기 1건, 점포 31·32곳 기준 기대 1.0건) — 통계적으로 다르지 않음.",전국
BRD_20212464,0,1,1,0.0,유지,피자와썹,2026-08,53,52,0,0.0,,1.0,0,"폐업 0건(전년 동기 0건, 점포 52·57곳 기준 기대 0.0건) — 통계적으로 다르지 않음.",전국
BRD_20212508,1,2,1,0.02040816326530612,유지,구름계란덮밥,2026-08,50,49,1,0.018867924528301886,1.0816326530612244,0.7300076893502498,0,"폐업 1건(전년 동기 1건, 점포 49·53곳 기준 기대 0.9건) — 통계적으로 다르지 않음.",전국
BRD_20212528,1,0,-1,0.03333333333333333,유지,후토루,2026-08,29,30,1,0.03225806451612903,1.0333333333333334,0.7417360924482665,0,"폐업 1건(전년 동기 1건, 점포 30·31곳 기준 기대 1.0건) — 통계적으로 다르지 않음.",전국
BRD_20212547,0,0,0,0.0,판단보류,덮밥집이야,2026-08,3,3,0,0.0,,,0,관측 점포 10곳 미만(현재 3·전년 3).,전국
BRD_202126,2,1,-1,0.044444444444444446,유지,고더커피,2026-08,44,45,0,0.0,,0.2500000000000002,0,"폐업 2건(전년 동기 0건, 점포 45·45곳 기준 기대 0.0건) — 통계적으로 다르지 않음.",전국
BRD_20212607,1,0,-1,0.017241379310344827,유지,샐러디아,2026-08,57,58,4,0.05970149253731343,0.28879310344827586,0.23573136005529632,0,"폐업 1건(전년 동기 4건, 점포 58·67곳 기준 기대 3.5건) — 통계적으로 다르지 않음.",전국
BRD_20212629,1,1,0,0.03571428571428571,유지,꾸아(Qua),2026-08,28,28,0,0.0,,0.5185185185185185,0,"폐업 1건(전년 동기 0건, 점포 28·26곳 기준 기대 0.0건) — 통계적으로 다르지 않음.",전국
BRD_20212722,1,0,-1,0.058823529411764705,유지,청록미나리식당,2026-08,16,17,0,0.0,,0.5,0,"폐업 1건(전년 동기 0건, 점포 17·17곳 기준 기대 0.0건) — 통계적으로 다르지 않음.",전국
BRD_20212743,0,0,0,0.0,판단보류,카츠루와,2026-08,5,5,0,0.0,,,0,관측 점포 10곳 미만(현재 5·전년 4).,전국
BRD_20212760,1,1,0,0.016666666666666666,유지,브런치빈,2026-08,60,60,1,0.01639344262295082,1.0166666666666666,0.7458506932586573,0,"폐업 1건(전년 동기 1건, 점포 60·61곳 기준 기대 1.0건) — 통계적으로 다르지 않음.",전국
BRD_20212767,3,0,-3,0.057692307692307696,유지,제육의 법칙,2026-08,49,52,2,0.04,1.4423076923076923,0.5183776418729417,0,"폐업 3건(전년 동기 2건, 점포 52·50곳 기준 기대 2.1건) — 통계적으로 다르지 않음.",전국
BRD_20212770,0,0,0,,판단보류,김치백서,2026-08,0,0,0,,,,0,관측 점포 10곳 미만(현재 0·전년 0).,전국
BRD_20212782,0,1,1,0.0,유지,청기와타운,2026-08,29,28,0,0.0,,1.0,0,"폐업 0건(전년 동기 0건, 점포 28·27곳 기준 기대 0.0건) — 통계적으로 다르지 않음.",전국
BRD_20212815,0,0,0,0.0,판단보류,조타코,2026-08,4,4,0,0.0,,,0,관측 점포 10곳 미만(현재 4·전년 4).,전국
BRD_20212817,1,3,2,0.017543859649122806,유지,참토스트,2026-08,59,57,2,0.0425531914893617,0.41228070175438597,0.42810686447428314,0,"폐업 1건(전년 동기 2건, 점포 57·47곳 기준 기대 2.4건) — 통계적으로 다르지 않음.",전국
BRD_20212828,0,0,0,0.0,유지,소코아,2026-08,42,42,0,0.0,,1.0,1,"폐업 0건(전년 동기 0건, 점포 42·43곳 기준 기대 0.0건) — 통계적으로 다르지 않음.",전국
BRD_20212856,0,0,0,0.0,유지,라와,2026-08,23,23,2,0.07142857142857142,0.0,0.30142252979623224,0,"폐업 0건(전년 동기 2건, 점포 23·28곳 기준 기대 1.6건) — 통계적으로 다르지 않음.",전국
BRD_20212868,0,0,0,0.0,판단보류,수북국밥,2026-08,1,1,0,,,,0,관측 점포 10곳 미만(현재 1·전년 0).,전국
BRD_20212934,0,1,1,0.0,유지,옥된장,2026-08,91,90,1,0.012345679012345678,0.0,0.4736842105263158,0,"폐업 0건(전년 동기 1건, 점포 90·81곳 기준 기대 1.1건) — 통계적으로 다르지 않음.",전국
BRD_20212985,0,0,0,0.0,유지,파스타에반하다,2026-08,14,14,0,0.0,,1.0,0,"폐업 0건(전년 동기 0건, 점포 14·15곳 기준 기대 0.0건) — 통계적으로 다르지 않음.",전국
BRD_20213018,0,0,0,0.0,판단보류,인생김치찌개,2026-08,8,8,0,0.0,,,0,관측 점포 10곳 미만(현재 8·전년 9).,전국
BRD_20213039,0,1,1,0.0,유지,풍덕천 두꺼비집,2026-08,26,25,1,0.038461538461538464,0.0,0.5098039215686274,0,"폐업 0건(전년 동기 1건, 점포 25·26곳 기준 기대 1.0건) — 통계적으로 다르지 않음.",전국
BRD_20213043,0,4,4,0.0,유지,히스피(HISFFEE),2026-08,56,52,0,0.0,,1.0,0,"폐업 0건(전년 동기 0건, 점포 52·47곳 기준 기대 0.0건) — 통계적으로 다르지 않음.",전국
BRD_20213068,1,0,-1,0.03571428571428571,유지,오사이초밥,2026-08,27,28,1,0.03571428571428571,1.0,0.7499999999999998,0,"폐업 1건(전년 동기 1건, 점포 28·28곳 기준 기대 1.0건) — 통계적으로 다르지 않음.",전국
BRD_20213078,5,6,1,0.04310344827586207,유지,육칠이,2026-08,117,116,3,0.02608695652173913,1.652298850574713,0.36802625805517153,0,"폐업 5건(전년 동기 3건, 점포 116·115곳 기준 기대 3.0건) — 통계적으로 다르지 않음.",전국
BRD_20213136,0,0,0,0.0,판단보류,유떡,2026-08,1,1,0,,,,0,관측 점포 10곳 미만(현재 1·전년 0).,전국
BRD_20213267,2,8,6,0.007194244604316547,유지,기영이숯불두마리치킨,2026-08,285,278,8,0.02857142857142857,0.2517985611510792,0.05595891485746056,0,"폐업 2건(전년 동기 8건, 점포 278·280곳 기준 기대 7.9건) — 통계적으로 다르지 않음.",전국
BRD_20213303,0,5,5,0.0,유지,춘리마라탕,2026-08,211,206,1,0.005291005291005291,0.0,0.47848101265822784,0,"폐업 0건(전년 동기 1건, 점포 206·189곳 기준 기대 1.1건) — 통계적으로 다르지 않음.",전국
BRD_20213360,6,2,-4,0.10526315789473684,유지,파스타예요,2026-08,53,57,1,0.017543859649122806,6.0,0.06249999999999889,1,"폐업 6건(전년 동기 1건, 점포 57·57곳 기준 기대 1.0건) — 통계적으로 다르지 않음.",전국
BRD_20213402,3,0,-3,0.07692307692307693,유지,바른국밥,2026-08,36,39,3,0.06976744186046512,1.1025641025641026,0.6094780322750917,0,"폐업 3건(전년 동기 3건, 점포 39·43곳 기준 기대 2.7건) — 통계적으로 다르지 않음.",전국
BRD_20213411,2,16,14,0.0071174377224199285,유지,백억커피,2026-08,295,281,4,0.01932367149758454,0.3683274021352313,0.2142850919523809,0,"폐업 2건(전년 동기 4건, 점포 281·207곳 기준 기대 5.4건) — 통계적으로 다르지 않음.",전국
BRD_20213522,0,0,0,0.0,판단보류,국밥도감,2026-08,2,2,0,0.0,,,0,관측 점포 10곳 미만(현재 2·전년 3).,전국
BRD_20213713,0,0,0,,판단보류,앗뜨죽,2026-08,0,0,0,0.0,,,0,관측 점포 10곳 미만(현재 0·전년 1).,전국
BRD_20213743,0,0,0,0.0,판단보류,성북당 십원빵,2026-08,8,8,1,0.125,0.0,,0,관측 점포 10곳 미만(현재 8·전년 8).,전국
BRD_20213816,1,0,-1,0.007518796992481203,유지,완미족발,2026-08,132,133,1,0.0072992700729927005,1.0300751879699248,0.7425377229080933,0,"폐업 1건(전년 동기 1건, 점포 133·137곳 기준 기대 1.0건) — 통계적으로 다르지 않음.",전국
BRD_20213850,2,1,-1,0.03333333333333333,유지,일일수작,2026-08,59,60,2,0.031746031746031744,1.05,0.6689879292693193,0,"폐업 2건(전년 동기 2건, 점포 60·63곳 기준 기대 1.9건) — 통계적으로 다르지 않음.",전국
BRD_20213895,0,0,0,,판단보류,몬스터탕수육,2026-08,0,0,0,,,,0,관측 점포 10곳 미만(현재 0·전년 0).,전국
BRD_20213898,0,0,0,0.0,유지,그릭하다,2026-08,18,18,2,0.06666666666666667,0.0,0.390625,0,"폐업 0건(전년 동기 2건, 점포 18·30곳 기준 기대 1.2건) — 통계적으로 다르지 않음.",전국
BRD_20213927,3,0,-3,0.03896103896103896,유지,국민낙곱새,2026-08,74,77,1,0.012195121951219513,3.1948051948051948,0.28929351708723505,0,"폐업 3건(전년 동기 1건, 점포 77·82곳 기준 기대 0.9건) — 통계적으로 다르지 않음.",전국
BRD_20213978,1,0,-1,0.01020408163265306,개선,샤브향,2026-08,97,98,8,0.07407407407407407,0.1377551020408163,0.027429649311029966,0,"폐업 1건(전년 동기 8건, 점포 98·108곳 기준 기대 7.3건) — 전년보다 유의하게 적음.",전국
BRD_20213991,0,0,0,0.0,판단보류,최강곱도리,2026-08,5,5,1,0.2,0.0,,0,관측 점포 10곳 미만(현재 5·전년 5).,전국
BRD_20214020,2,0,-2,0.2857142857142857,판단보류,Egg2000,2026-08,5,7,0,0.0,,,0,관측 점포 10곳 미만(현재 7·전년 8).,전국
BRD_20214050,0,0,0,,판단보류,김종구식맛치킨ㆍ 전기바베큐 옛날통닭,2026-08,0,0,0,0.0,,,0,관측 점포 10곳 미만(현재 0·전년 1).,전국
BRD_20214081,0,0,0,,판단보류,올쿡24,2026-08,0,0,0,0.0,,,0,관측 점포 10곳 미만(현재 0·전년 2).,전국
BRD_20214094,2,0,-2,0.08333333333333333,유지,압구정화로구이,2026-08,22,24,1,0.034482758620689655,2.4166666666666665,0.4294551878396259,0,"폐업 2건(전년 동기 1건, 점포 24·29곳 기준 기대 0.8건) — 통계적으로 다르지 않음.",전국
BRD_20214138,4,0,-4,0.15384615384615385,유지,와드커피(WAD COFFEE),2026-08,22,26,6,0.14285714285714285,1.076923076923077,0.5725500753493277,1,"폐업 4건(전년 동기 6건, 점포 26·42곳 기준 기대 3.7건) — 통계적으로 다르지 않음.",전국
BRD_20214151,0,0,0,0.0,판단보류,빙수를품은달인(빙품달),2026-08,5,5,0,0.0,,,0,관측 점포 10곳 미만(현재 5·전년 3).,전국
BRD_20214152,3,0,-3,0.05084745762711865,유지,육회야문연어,2026-08,56,59,1,0.02,2.5423728813559325,0.3768337630865003,0,"폐업 3건(전년 동기 1건, 점포 59·50곳 기준 기대 1.2건) — 통계적으로 다르지 않음.",전국
BRD_20214246,0,0,0,0.0,판단보류,뽁당,2026-08,5,5,1,0.14285714285714285,0.0,,0,관측 점포 10곳 미만(현재 5·전년 7).,전국
BRD_20214278,1,0,-1,0.01818181818181818,유지,만타스시31,2026-08,54,55,5,0.07692307692307693,0.23636363636363633,0.15348869815611862,0,"폐업 1건(전년 동기 5건, 점포 55·65곳 기준 기대 4.2건) — 통계적으로 다르지 않음.",전국
BRD_20214326,0,0,0,0.0,유지,대한국밥만세,2026-08,12,12,1,0.1,0.0,0.4545454545454546,0,"폐업 0건(전년 동기 1건, 점포 12·10곳 기준 기대 1.2건) — 통계적으로 다르지 않음.",전국
BRD_20214343,2,0,-2,0.018518518518518517,유지,화락바베큐치킨,2026-08,106,108,6,0.04918032786885246,0.3765432098765432,0.188161645160368,0,"폐업 2건(전년 동기 6건, 점포 108·122곳 기준 기대 5.3건) — 통계적으로 다르지 않음.",전국
BRD_20214358,3,3,0,0.047619047619047616,유지,부엉이산장,2026-08,63,63,2,0.03278688524590164,1.4523809523809523,0.5151183455102932,0,"폐업 3건(전년 동기 2건, 점포 63·61곳 기준 기대 2.1건) — 통계적으로 다르지 않음.",전국
BRD_20214362,1,5,4,0.0136986301369863,유지,월간맥주,2026-08,77,73,0,0.0,,0.5214285714285715,0,"폐업 1건(전년 동기 0건, 점포 73·67곳 기준 기대 0.0건) — 통계적으로 다르지 않음.",전국
BRD_20214429,0,1,1,0.0,판단보류,NiceCaffeinClub(NCC),2026-08,4,3,0,0.0,,,0,관측 점포 10곳 미만(현재 3·전년 3).,전국
BRD_20214454,2,4,2,0.028985507246376812,유지,우규,2026-08,71,69,1,0.01694915254237288,1.710144927536232,0.5584745407104492,0,"폐업 2건(전년 동기 1건, 점포 69·59곳 기준 기대 1.2건) — 통계적으로 다르지 않음.",전국
BRD_20214457,1,1,0,0.058823529411764705,유지,스트릿 1988,2026-08,17,17,1,0.03571428571428571,1.647058823529412,0.6128395061728396,0,"폐업 1건(전년 동기 1건, 점포 17·28곳 기준 기대 0.6건) — 통계적으로 다르지 않음.",전국
BRD_20214465,0,0,0,0.0,유지,볶음밥도사,2026-08,18,18,0,0.0,,1.0,1,"폐업 0건(전년 동기 0건, 점포 18·18곳 기준 기대 0.0건) — 통계적으로 다르지 않음.",전국
BRD_20214501,1,30,29,0.005154639175257732,유지,왓더버거,2026-08,223,194,1,0.00847457627118644,0.6082474226804123,0.6133711374095987,1,"폐업 1건(전년 동기 1건, 점포 194·118곳 기준 기대 1.6건) — 통계적으로 다르지 않음.",전국
BRD_20214596,0,0,0,0.0,판단보류,물회&회덮밥9900원,2026-08,2,2,0,0.0,,,0,관측 점포 10곳 미만(현재 2·전년 2).,전국
BRD_20214600,5,2,-3,0.11363636363636363,유지,무청감자탕,2026-08,41,44,2,0.044444444444444446,2.5568181818181817,0.2174494421798736,0,"폐업 5건(전년 동기 2건, 점포 44·45곳 기준 기대 2.0건) — 통계적으로 다르지 않음.",전국
BRD_20214614,0,2,2,0.0,유지,마녀김밥,2026-08,60,58,1,0.017857142857142856,0.0,0.49122807017543857,0,"폐업 0건(전년 동기 1건, 점포 58·56곳 기준 기대 1.0건) — 통계적으로 다르지 않음.",전국
BRD_20214635,0,0,0,0.0,판단보류,NAN갈비장터,2026-08,1,1,0,0.0,,,0,관측 점포 10곳 미만(현재 1·전년 2).,전국
BRD_20214649,0,0,0,0.0,판단보류,조선볶음밥,2026-08,3,3,1,0.3333333333333333,0.0,,0,관측 점포 10곳 미만(현재 3·전년 3).,전국
BRD_20214650,0,0,0,,판단보류,순수빙떡,2026-08,0,0,0,0.0,,,0,관측 점포 10곳 미만(현재 0·전년 1).,전국
BRD_20214660,2,1,-1,0.03389830508474576,유지,호주에서 온 스시,2026-08,58,59,2,0.03773584905660377,0.8983050847457628,0.6462851972790467,0,"폐업 2건(전년 동기 2건, 점포 59·53곳 기준 기대 2.2건) — 통계적으로 다르지 않음.",전국
BRD_20214750|JNG_012046,0,0,0,0.0,판단보류,호텔토랑,2026-08,3,3,0,0.0,,,0,관측 점포 10곳 미만(현재 3·전년 3).,전국
BRD_20214774,0,0,0,0.0,판단보류,킹치찌개찜,2026-08,1,1,0,0.0,,,0,관측 점포 10곳 미만(현재 1·전년 2).,전국
BRD_20214794,0,0,0,0.0,유지,미미관마라탕,2026-08,33,33,0,0.0,,1.0,0,"폐업 0건(전년 동기 0건, 점포 33·34곳 기준 기대 0.0건) — 통계적으로 다르지 않음.",전국
BRD_20214795,1,0,-1,0.02127659574468085,유지,2피자1치킨상회,2026-08,46,47,1,0.0196078431372549,1.0851063829787233,0.7291753436068305,0,"폐업 1건(전년 동기 1건, 점포 47·51곳 기준 기대 0.9건) — 통계적으로 다르지 않음.",전국
BRD_20214917,1,0,-1,0.06666666666666667,유지,봉명가닭도리탕,2026-08,14,15,2,0.125,0.5333333333333333,0.5241851565909169,0,"폐업 1건(전년 동기 2건, 점포 15·16곳 기준 기대 1.9건) — 통계적으로 다르지 않음.",전국
BRD_20214931,0,0,0,0.0,판단보류,탕참탕수육참잘하는집,2026-08,4,4,0,0.0,,,0,관측 점포 10곳 미만(현재 4·전년 4).,전국
BRD_20214949,0,0,0,0.0,유지,솥고집,2026-08,34,34,0,0.0,,1.0,0,"폐업 0건(전년 동기 0건, 점포 34·32곳 기준 기대 0.0건) — 통계적으로 다르지 않음.",전국
BRD_20214971,0,1,1,0.0,유지,규카츠정,2026-08,53,52,0,0.0,,1.0,0,"폐업 0건(전년 동기 0건, 점포 52·46곳 기준 기대 0.0건) — 통계적으로 다르지 않음.",전국
BRD_20215019,7,0,-7,0.03211009174311927,유지,빽보이피자,2026-08,211,218,2,0.008403361344537815,3.821100917431193,0.07009315769181268,0,"폐업 7건(전년 동기 2건, 점포 218·238곳 기준 기대 1.8건) — 통계적으로 다르지 않음.",전국
BRD_20215029,0,0,0,0.0,판단보류,순살몬스터,2026-08,2,2,1,0.5,0.0,,0,관측 점포 10곳 미만(현재 2·전년 2).,전국
BRD_20215034,0,0,0,0.0,판단보류,칠봉통닭,2026-08,1,1,0,0.0,,,0,관측 점포 10곳 미만(현재 1·전년 1).,전국
BRD_20215410,0,0,0,0.0,판단보류,모락떡볶이,2026-08,2,2,0,0.0,,,0,관측 점포 10곳 미만(현재 2·전년 2).,전국
BRD_20215448|JNG_005949,1,1,0,0.14285714285714285,판단보류,새우치킨덤,2026-08,7,7,1,0.1111111111111111,1.2857142857142858,,0,관측 점포 10곳 미만(현재 7·전년 9).,전국
BRD_20215768,2,0,-2,0.07142857142857142,유지,모두의죽,2026-08,26,28,4,0.11428571428571428,0.625,0.4527783893226157,0,"폐업 2건(전년 동기 4건, 점포 28·35곳 기준 기대 3.2건) — 통계적으로 다르지 않음.",전국
BRD_20215837,1,0,-1,0.2,판단보류,돈까스튀기는형,2026-08,4,5,1,0.14285714285714285,1.4000000000000001,,0,관측 점포 10곳 미만(현재 5·전년 7).,전국
BRD_20215839,2,0,-2,0.05263157894736842,유지,88제육,2026-08,36,38,1,0.027777777777777776,1.894736842105263,0.5202653347284464,0,"폐업 2건(전년 동기 1건, 점포 38·36곳 기준 기대 1.1건) — 통계적으로 다르지 않음.",전국
BRD_20215857,0,1,1,0.0,유지,마일로(MILO),2026-08,32,31,1,0.03571428571428571,0.0,0.47457627118644063,0,"폐업 0건(전년 동기 1건, 점포 31·28곳 기준 기대 1.1건) — 통계적으로 다르지 않음.",전국
BRD_20215860,0,0,0,0.0,판단보류,돼지팥빙수,2026-08,7,7,0,0.0,,,0,관측 점포 10곳 미만(현재 7·전년 7).,전국
BRD_20220015,0,0,0,0.0,유지,토리아에즈,2026-08,33,33,1,0.02631578947368421,0.0,0.5352112676056338,0,"폐업 0건(전년 동기 1건, 점포 33·38곳 기준 기대 0.9건) — 통계적으로 다르지 않음.",전국
BRD_20220024,0,1,1,0.0,유지,이우철한방누룽지삼계탕,2026-08,51,50,0,0.0,,1.0,0,"폐업 0건(전년 동기 0건, 점포 50·49곳 기준 기대 0.0건) — 통계적으로 다르지 않음.",전국
BRD_20220035,1,0,-1,0.0625,유지,제비파스타&리조또,2026-08,15,16,0,0.0,,0.4571428571428571,0,"폐업 1건(전년 동기 0건, 점포 16·19곳 기준 기대 0.0건) — 통계적으로 다르지 않음.",전국
BRD_20220053,0,0,0,0.0,판단보류,이찌방라멘& 카츠카레,2026-08,1,1,1,0.5,0.0,,0,관측 점포 10곳 미만(현재 1·전년 2).,전국
BRD_20220057,9,1,-8,0.0391304347826087,유지,철길부산집,2026-08,222,230,4,0.016666666666666666,2.347826086956522,0.11741529439536025,0,"폐업 9건(전년 동기 4건, 점포 230·240곳 기준 기대 3.8건) — 통계적으로 다르지 않음.",전국
BRD_20220073,3,4,1,0.07317073170731707,유지,헬키푸키,2026-08,42,41,0,0.0,,0.14523382052967826,0,"폐업 3건(전년 동기 0건, 점포 41·37곳 기준 기대 0.0건) — 통계적으로 다르지 않음.",전국
BRD_20220090,2,1,-1,0.125,유지,꺼꾸잽이 초장집,2026-08,15,16,0,0.0,,0.22145328719723212,0,"폐업 2건(전년 동기 0건, 점포 16·18곳 기준 기대 0.0건) — 통계적으로 다르지 않음.",전국
BRD_20220096,0,0,0,0.0,유지,경아식당,2026-08,20,20,2,0.07692307692307693,0.0,0.31947069943289225,0,"폐업 0건(전년 동기 2건, 점포 20·26곳 기준 기대 1.5건) — 통계적으로 다르지 않음.",전국
BRD_20220147,0,0,0,0.0,판단보류,샐러리아 SALARIA,2026-08,3,3,0,0.0,,,0,관측 점포 10곳 미만(현재 3·전년 1).,전국
BRD_20220154,1,2,1,0.03333333333333333,유지,달래해장,2026-08,31,30,0,0.0,,0.4918032786885246,1,"폐업 1건(전년 동기 0건, 점포 30·31곳 기준 기대 0.0건) — 통계적으로 다르지 않음.",전국
BRD_20220173,1,0,-1,0.25,판단보류,밀면의 법칙,2026-08,3,4,1,0.14285714285714285,1.75,,0,관측 점포 10곳 미만(현재 4·전년 7).,전국
BRD_20220177,2,1,-1,0.028985507246376812,유지,수백당,2026-08,68,69,1,0.015625,1.855072463768116,0.528182205754649,0,"폐업 2건(전년 동기 1건, 점포 69·64곳 기준 기대 1.1건) — 통계적으로 다르지 않음.",전국
BRD_20220206,1,6,5,0.008130081300813009,유지,일품대패,2026-08,128,123,0,0.0,,0.5442477876106194,0,"폐업 1건(전년 동기 0건, 점포 123·103곳 기준 기대 0.0건) — 통계적으로 다르지 않음.",전국
BRD_20220226,7,7,0,0.04375,유지,PLUS 82(플러스 82),2026-08,160,160,8,0.05,0.8749999999999999,0.5000000000000001,0,"폐업 7건(전년 동기 8건, 점포 160·160곳 기준 기대 8.0건) — 통계적으로 다르지 않음.",전국
BRD_20220232,0,0,0,0.0,유지,커피나인,2026-08,76,76,2,0.02702702702702703,0.0,0.24337777777777772,0,"폐업 0건(전년 동기 2건, 점포 76·74곳 기준 기대 2.1건) — 통계적으로 다르지 않음.",전국
BRD_20220252,0,0,0,0.0,판단보류,바다수퍼 해물천하조개구이·찜,2026-08,8,8,0,0.0,,,0,관측 점포 10곳 미만(현재 8·전년 8).,전국
BRD_20220257,0,0,0,0.0,판단보류,이십센치,2026-08,3,3,4,0.5714285714285714,0.0,,0,관측 점포 10곳 미만(현재 3·전년 7).,전국
BRD_20220261,1,0,-1,0.2,판단보류,과일담은 요거트 맛집 요맛,2026-08,4,5,1,0.08333333333333333,2.4000000000000004,,0,관측 점포 10곳 미만(현재 5·전년 12).,전국
BRD_20220299,3,2,-1,0.07317073170731707,유지,사랑해베이글,2026-08,41,41,0,0.0,,0.14523382052967826,1,"폐업 3건(전년 동기 0건, 점포 41·37곳 기준 기대 0.0건) — 통계적으로 다르지 않음.",전국
BRD_20220301,0,0,0,0.0,유지,마케집,2026-08,15,15,0,0.0,,1.0,0,"폐업 0건(전년 동기 0건, 점포 15·16곳 기준 기대 0.0건) — 통계적으로 다르지 않음.",전국
BRD_20220322,4,4,0,0.09523809523809523,유지,한식밥상,2026-08,42,42,3,0.06666666666666667,1.4285714285714286,0.46232929681003154,0,"폐업 4건(전년 동기 3건, 점포 42·45곳 기준 기대 2.8건) — 통계적으로 다르지 않음.",전국
BRD_20220332,4,1,-3,0.056338028169014086,유지,고래맥주창고,2026-08,68,71,3,0.036585365853658534,1.539906103286385,0.42176958380020335,0,"폐업 4건(전년 동기 3건, 점포 71·82곳 기준 기대 2.6건) — 통계적으로 다르지 않음.",전국
BRD_20220334,1,4,3,0.0136986301369863,유지,정성카츠,2026-08,76,73,2,0.031746031746031744,0.4315068493150685,0.4449523267351926,0,"폐업 1건(전년 동기 2건, 점포 73·63곳 기준 기대 2.3건) — 통계적으로 다르지 않음.",전국
BRD_20220426,3,0,-3,0.07142857142857142,유지,편편집,2026-08,39,42,1,0.020833333333333332,3.4285714285714284,0.2642370370370375,0,"폐업 3건(전년 동기 1건, 점포 42·48곳 기준 기대 0.9건) — 통계적으로 다르지 않음.",전국
BRD_20220427,2,4,2,0.05405405405405406,유지,월미당,2026-08,39,37,3,0.08333333333333333,0.6486486486486487,0.48715914076972305,0,"폐업 2건(전년 동기 3건, 점포 37·36곳 기준 기대 3.1건) — 통계적으로 다르지 않음.",전국
BRD_20220436,0,0,0,,판단보류,타코이찌 타코야끼 전문점,2026-08,0,0,0,,,,0,관측 점포 10곳 미만(현재 0·전년 0).,전국
BRD_20220467,0,0,0,0.0,판단보류,내가닭도리탕이다,2026-08,6,6,0,0.0,,,0,관측 점포 10곳 미만(현재 6·전년 6).,전국
BRD_20220470,2,20,18,0.008658008658008658,유지,바나프레소,2026-08,249,231,3,0.016216216216216217,0.5339105339105339,0.3971760675966426,0,"폐업 2건(전년 동기 3건, 점포 231·185곳 기준 기대 3.7건) — 통계적으로 다르지 않음.",전국
BRD_20220492,1,1,0,0.04,유지,구여사 컵밥,2026-08,25,25,3,0.1,0.39999999999999997,0.38358035653302347,0,"폐업 1건(전년 동기 3건, 점포 25·30곳 기준 기대 2.5건) — 통계적으로 다르지 않음.",전국
BRD_20220521,0,0,0,,판단보류,대한마라,2026-08,0,0,0,,,,0,관측 점포 10곳 미만(현재 0·전년 0).,전국
BRD_20220528,15,0,-15,0.4166666666666667,악화,맘스터치 피자앤치킨,2026-08,21,36,2,0.05405405405405406,7.708333333333333,0.0009784182595935498,0,"폐업 15건(전년 동기 2건, 점포 36·37곳 기준 기대 1.9건) — 전년보다 유의하게 많음.",전국
BRD_20220529,2,0,-2,0.05128205128205128,유지,하르당,2026-08,37,39,3,0.06,0.8547008547008547,0.614696177816427,0,"폐업 2건(전년 동기 3건, 점포 39·50곳 기준 기대 2.3건) — 통계적으로 다르지 않음.",전국
BRD_20220554,5,4,-1,0.2777777777777778,유지,리파인,2026-08,17,18,1,0.043478260869565216,6.388888888888889,0.062056029308935945,0,"폐업 5건(전년 동기 1건, 점포 18·23곳 기준 기대 0.8건) — 통계적으로 다르지 않음.",전국
BRD_20220555,0,0,0,,판단보류,더담덮밥,2026-08,0,0,0,,,,0,관측 점포 10곳 미만(현재 0·전년 0).,전국
BRD_20220568,0,7,7,0.0,유지,테라커피(TERA COFFEE),2026-08,129,122,0,0.0,,1.0,1,"폐업 0건(전년 동기 0건, 점포 122·88곳 기준 기대 0.0건) — 통계적으로 다르지 않음.",전국
BRD_20220572,7,6,-1,0.01871657754010695,악화,카페요아정,2026-08,373,374,0,0.0,,0.008423240043447522,0,"폐업 7건(전년 동기 0건, 점포 374·366곳 기준 기대 0.0건) — 전년보다 유의하게 많음.",전국
BRD_20220587,6,3,-3,0.10909090909090909,유지,라사천마라탕,2026-08,52,55,6,0.1016949152542373,1.0727272727272725,0.5645678687882083,0,"폐업 6건(전년 동기 6건, 점포 55·59곳 기준 기대 5.6건) — 통계적으로 다르지 않음.",전국
BRD_20220664,0,0,0,0.0,판단보류,전국3대춘천닭갈비,2026-08,1,1,0,0.0,,,0,관측 점포 10곳 미만(현재 1·전년 1).,전국
BRD_20220669,1,4,3,0.047619047619047616,유지,배고픈덮밥이,2026-08,24,21,0,0.0,,0.5,0,"폐업 1건(전년 동기 0건, 점포 21·21곳 기준 기대 0.0건) — 통계적으로 다르지 않음.",전국
BRD_20220732,1,0,-1,0.14285714285714285,판단보류,98도씨 국밥,2026-08,6,7,0,0.0,,,0,관측 점포 10곳 미만(현재 7·전년 6).,전국
BRD_20220745,3,0,-3,0.1875,유지,불아더 숯불바베큐,2026-08,13,16,0,0.0,,0.09553352769679258,0,"폐업 3건(전년 동기 0건, 점포 16·19곳 기준 기대 0.0건) — 통계적으로 다르지 않음.",전국
BRD_20220780,0,0,0,0.0,판단보류,커피다스1리터,2026-08,1,1,0,0.0,,,0,관측 점포 10곳 미만(현재 1·전년 1).,전국
BRD_20220789,2,5,3,0.028985507246376812,유지,우이락,2026-08,73,69,2,0.03278688524590164,0.8840579710144927,0.6399869857497983,0,"폐업 2건(전년 동기 2건, 점포 69·61곳 기준 기대 2.3건) — 통계적으로 다르지 않음.",전국
BRD_20220797,2,0,-2,0.125,유지,타타스베이글,2026-08,14,16,1,0.05,2.5,0.4170096021947871,0,"폐업 2건(전년 동기 1건, 점포 16·20곳 기준 기대 0.8건) — 통계적으로 다르지 않음.",전국
BRD_20220831,1,10,9,0.004405286343612335,유지,노모어피자,2026-08,236,227,0,0.0,,0.5379146919431279,0,"폐업 1건(전년 동기 0건, 점포 227·195곳 기준 기대 0.0건) — 통계적으로 다르지 않음.",전국
BRD_20220867,1,0,-1,0.011494252873563218,유지,김치찜은못참지,2026-08,86,87,0,0.0,,0.5178571428571429,0,"폐업 1건(전년 동기 0건, 점포 87·81곳 기준 기대 0.0건) — 통계적으로 다르지 않음.",전국
BRD_20220875,0,3,3,0.0,유지,담솥,2026-08,52,49,0,0.0,,1.0,0,"폐업 0건(전년 동기 0건, 점포 49·49곳 기준 기대 0.0건) — 통계적으로 다르지 않음.",전국
BRD_20220917,0,0,0,0.0,판단보류,제주고세호해장국,2026-08,3,3,0,0.0,,,0,관측 점포 10곳 미만(현재 3·전년 3).,전국
BRD_20220920,1,1,0,0.041666666666666664,유지,라스트춘선,2026-08,24,24,2,0.07142857142857142,0.5833333333333334,0.5575785161583979,0,"폐업 1건(전년 동기 2건, 점포 24·28곳 기준 기대 1.7건) — 통계적으로 다르지 않음.",전국
BRD_20221022,0,1,1,0.0,유지,까몬(CAMO’N),2026-08,47,46,1,0.023255813953488372,0.0,0.4831460674157303,0,"폐업 0건(전년 동기 1건, 점포 46·43곳 기준 기대 1.1건) — 통계적으로 다르지 않음.",전국
BRD_20221027,0,0,0,0.0,판단보류,정우의 도시락,2026-08,1,1,0,0.0,,,0,관측 점포 10곳 미만(현재 1·전년 1).,전국
BRD_20221028,2,0,-2,0.05,유지,차차커피코,2026-08,38,40,3,0.061224489795918366,0.8166666666666668,0.5941590485026378,0,"폐업 2건(전년 동기 3건, 점포 40·49곳 기준 기대 2.4건) — 통계적으로 다르지 않음.",전국
BRD_20221034,0,1,1,0.0,개선,토리키치,2026-08,50,49,5,0.09433962264150944,0.0,0.037877254254211096,0,"폐업 0건(전년 동기 5건, 점포 49·53곳 기준 기대 4.6건) — 전년보다 유의하게 적음.",전국
BRD_20221035,0,0,0,0.0,판단보류,김선생불닭발,2026-08,5,5,1,0.09090909090909091,0.0,,0,관측 점포 10곳 미만(현재 5·전년 11).,전국
BRD_20221037,1,0,-1,0.058823529411764705,유지,김사부의곱창명가,2026-08,16,17,0,0.0,,0.38636363636363635,0,"폐업 1건(전년 동기 0건, 점포 17·27곳 기준 기대 0.0건) — 통계적으로 다르지 않음.",전국
BRD_20221049,2,0,-2,0.04081632653061224,유지,남썬치킨,2026-08,47,49,2,0.038461538461538464,1.0612244897959182,0.6648986197929414,0,"폐업 2건(전년 동기 2건, 점포 49·52곳 기준 기대 1.9건) — 통계적으로 다르지 않음.",전국
BRD_20221056,1,1,0,0.16666666666666666,판단보류,담아내다,2026-08,6,6,0,0.0,,,0,관측 점포 10곳 미만(현재 6·전년 6).,전국
BRD_20221147,2,0,-2,0.03278688524590164,유지,쏘시지요,2026-08,59,61,6,0.08108108108108109,0.40437158469945356,0.21697325273405937,0,"폐업 2건(전년 동기 6건, 점포 61·74곳 기준 기대 4.9건) — 통계적으로 다르지 않음.",전국
BRD_20221200,1,0,-1,0.06666666666666667,유지,구주,2026-08,14,15,3,0.17647058823529413,0.37777777777777777,0.3607759475708004,0,"폐업 1건(전년 동기 3건, 점포 15·17곳 기준 기대 2.6건) — 통계적으로 다르지 않음.",전국
BRD_20221216,0,0,0,,판단보류,카레세끼 매운숙성카레,2026-08,0,0,0,,,,0,관측 점포 10곳 미만(현재 0·전년 0).,전국
BRD_20221246,5,4,-1,0.021929824561403508,유지,열정국밥,2026-08,227,228,4,0.017699115044247787,1.2390350877192982,0.5054204269237397,2,"폐업 5건(전년 동기 4건, 점포 228·226곳 기준 기대 4.0건) — 통계적으로 다르지 않음.",전국
BRD_20221254,0,0,0,0.0,유지,본가왕뼈 감자탕,2026-08,72,72,0,0.0,,1.0,0,"폐업 0건(전년 동기 0건, 점포 72·75곳 기준 기대 0.0건) — 통계적으로 다르지 않음.",전국
BRD_20221260,0,0,0,0.0,유지,한양화로,2026-08,10,10,0,0.0,,1.0,0,"폐업 0건(전년 동기 0건, 점포 10·12곳 기준 기대 0.0건) — 통계적으로 다르지 않음.",전국
BRD_20221261,1,0,-1,0.03125,유지,퐁치커피익스프레스,2026-08,31,32,4,0.0975609756097561,0.3203125,0.2739789416428518,0,"폐업 1건(전년 동기 4건, 점포 32·41곳 기준 기대 3.1건) — 통계적으로 다르지 않음.",전국
BRD_20221273,1,1,0,0.2,판단보류,정동진칼국수,2026-08,5,5,0,0.0,,,0,관측 점포 10곳 미만(현재 5·전년 7).,전국
BRD_20221283,1,0,-1,0.041666666666666664,유지,이게볶음밥,2026-08,23,24,2,0.06666666666666667,0.625,0.5829903978052129,0,"폐업 1건(전년 동기 2건, 점포 24·30곳 기준 기대 1.6건) — 통계적으로 다르지 않음.",전국
BRD_20221304,2,0,-2,0.05714285714285714,유지,7곡제면소,2026-08,33,35,0,0.0,,0.27288928491869024,0,"폐업 2건(전년 동기 0건, 점포 35·32곳 기준 기대 0.0건) — 통계적으로 다르지 않음.",전국
BRD_20221393,0,0,0,0.0,판단보류,김삼구,2026-08,1,1,0,,,,0,관측 점포 10곳 미만(현재 1·전년 0).,전국
BRD_20221406,0,2,2,0.0,유지,라바게트,2026-08,16,14,1,0.07692307692307693,0.0,0.4814814814814815,0,"폐업 0건(전년 동기 1건, 점포 14·13곳 기준 기대 1.1건) — 통계적으로 다르지 않음.",전국
BRD_20221446,0,0,0,0.0,판단보류,파스타 흔,2026-08,10,10,0,0.0,,,0,관측 점포 10곳 미만(현재 10·전년 9).,전국
BRD_20221447,1,0,-1,0.16666666666666666,판단보류,이바우국밥,2026-08,5,6,0,0.0,,,0,관측 점포 10곳 미만(현재 6·전년 10).,전국
BRD_20221451,1,0,-1,0.07142857142857142,유지,영삼이네우정소갈비,2026-08,13,14,1,0.05555555555555555,1.2857142857142858,0.68359375,0,"폐업 1건(전년 동기 1건, 점포 14·18곳 기준 기대 0.8건) — 통계적으로 다르지 않음.",전국
BRD_20230021,0,2,2,0.0,유지,스모프치킨,2026-08,79,77,0,0.0,,1.0,0,"폐업 0건(전년 동기 0건, 점포 77·81곳 기준 기대 0.0건) — 통계적으로 다르지 않음.",전국
BRD_20230023,0,0,0,0.0,유지,프랭크커핀바,2026-08,35,35,1,0.03125,0.0,0.4776119402985075,0,"폐업 0건(전년 동기 1건, 점포 35·32곳 기준 기대 1.1건) — 통계적으로 다르지 않음.",전국
BRD_20230038,1,0,-1,0.014285714285714285,유지,두번먹는명인김치찜,2026-08,69,70,3,0.04838709677419355,0.29523809523809524,0.2684759882825245,0,"폐업 1건(전년 동기 3건, 점포 70·62곳 기준 기대 3.4건) — 통계적으로 다르지 않음.",전국
BRD_20230118,1,0,-1,0.014084507042253521,유지,찐하오 마라탕,2026-08,70,71,2,0.0273972602739726,0.5140845070422536,0.5104159968707134,0,"폐업 1건(전년 동기 2건, 점포 71·73곳 기준 기대 1.9건) — 통계적으로 다르지 않음.",전국
BRD_20230132,0,0,0,0.0,판단보류,배무치숯불두마리치킨,2026-08,9,9,0,0.0,,,0,관측 점포 10곳 미만(현재 9·전년 12).,전국
BRD_20230142,2,3,1,0.03508771929824561,유지,샹츠마라,2026-08,58,57,0,0.0,,0.3249000000000002,1,"폐업 2건(전년 동기 0건, 점포 57·43곳 기준 기대 0.0건) — 통계적으로 다르지 않음.",전국
BRD_20230145,0,0,0,0.0,판단보류,참맛죽,2026-08,2,2,0,0.0,,,0,관측 점포 10곳 미만(현재 2·전년 3).,전국
BRD_20230146,0,1,1,0.0,판단보류,국밥은이거지,2026-08,5,4,0,0.0,,,0,관측 점포 10곳 미만(현재 4·전년 3).,전국
BRD_20230151,2,0,-2,0.6666666666666666,판단보류,백연게장,2026-08,1,3,2,0.6666666666666666,1.0,,0,관측 점포 10곳 미만(현재 3·전년 3).,전국
BRD_20230159,0,0,0,,판단보류,카페프리헷,2026-08,0,0,0,,,,0,관측 점포 10곳 미만(현재 0·전년 0).,전국
BRD_20230178,1,0,-1,0.02631578947368421,유지,카페만월경,2026-08,37,38,0,0.0,,0.5352112676056338,0,"폐업 1건(전년 동기 0건, 점포 38·33곳 기준 기대 0.0건) — 통계적으로 다르지 않음.",전국
BRD_20230189,3,0,-3,0.075,유지,꽈배기진,2026-08,37,40,1,0.027777777777777776,2.7,0.3529745781570127,0,"폐업 3건(전년 동기 1건, 점포 40·36곳 기준 기대 1.1건) — 통계적으로 다르지 않음.",전국
BRD_20230229,1,0,-1,0.16666666666666666,판단보류,밥튜브,2026-08,5,6,1,0.1111111111111111,1.5,,0,관측 점포 10곳 미만(현재 6·전년 9).,전국
BRD_20230261,0,0,0,0.0,유지,샤브올데이,2026-08,167,167,0,0.0,,1.0,0,"폐업 0건(전년 동기 0건, 점포 167·144곳 기준 기대 0.0건) — 통계적으로 다르지 않음.",전국
BRD_20230294|JNG_014701,0,1,1,0.0,유지,뭉텅,2026-08,34,33,0,0.0,,1.0,0,"폐업 0건(전년 동기 0건, 점포 33·31곳 기준 기대 0.0건) — 통계적으로 다르지 않음.",전국
BRD_20230374,0,0,0,0.0,판단보류,원조설악칡냉면,2026-08,1,1,0,0.0,,,0,관측 점포 10곳 미만(현재 1·전년 1).,전국
BRD_20230392,1,2,1,0.017543859649122806,유지,해탄,2026-08,58,57,1,0.019230769230769232,0.9122807017543859,0.7265381701876945,0,"폐업 1건(전년 동기 1건, 점포 57·52곳 기준 기대 1.1건) — 통계적으로 다르지 않음.",전국
BRD_20230433,0,0,0,0.0,유지,갓잇,2026-08,52,52,0,0.0,,1.0,0,"폐업 0건(전년 동기 0건, 점포 52·47곳 기준 기대 0.0건) — 통계적으로 다르지 않음.",전국
BRD_20230450,1,4,3,0.016666666666666666,유지,짜글이미식회,2026-08,63,60,3,0.06666666666666667,0.25,0.213660974593919,0,"폐업 1건(전년 동기 3건, 점포 60·45곳 기준 기대 4.0건) — 통계적으로 다르지 않음.",전국
BRD_20230455,0,2,2,0.0,유지,샤브로21,2026-08,57,55,0,0.0,,1.0,2,"폐업 0건(전년 동기 0건, 점포 55·53곳 기준 기대 0.0건) — 통계적으로 다르지 않음.",전국
BRD_20230460,2,0,-2,0.06451612903225806,유지,토핑폭탄김치찜&김치찌개,2026-08,29,31,0,0.0,,0.25826390755173356,0,"폐업 2건(전년 동기 0건, 점포 31·30곳 기준 기대 0.0건) — 통계적으로 다르지 않음.",전국
BRD_20230482,0,0,0,,판단보류,밥스틸러 김치찜,2026-08,0,0,0,0.0,,,0,관측 점포 10곳 미만(현재 0·전년 1).,전국
BRD_20230484,3,0,-3,0.10344827586206896,유지,요커,2026-08,26,29,2,0.05128205128205128,2.0172413793103448,0.36410716806560384,0,"폐업 3건(전년 동기 2건, 점포 29·39곳 기준 기대 1.5건) — 통계적으로 다르지 않음.",전국
BRD_20230528,0,0,0,0.0,판단보류,잇쇼타코야끼,2026-08,3,3,0,0.0,,,0,관측 점포 10곳 미만(현재 3·전년 4).,전국
BRD_20230542,1,1,0,0.02564102564102564,유지,미친피자,2026-08,39,39,1,0.029411764705882353,0.8717948717948718,0.7145805967348469,0,"폐업 1건(전년 동기 1건, 점포 39·34곳 기준 기대 1.1건) — 통계적으로 다르지 않음.",전국
BRD_20230555,0,0,0,0.0,판단보류,꽃피는곱도리탕,2026-08,4,4,0,0.0,,,0,관측 점포 10곳 미만(현재 4·전년 4).,전국
BRD_20230652,0,1,1,0.0,유지,요하마라21,2026-08,18,17,1,0.05555555555555555,0.0,0.5142857142857142,0,"폐업 0건(전년 동기 1건, 점포 17·18곳 기준 기대 0.9건) — 통계적으로 다르지 않음.",전국
BRD_20230725,3,1,-2,0.05172413793103448,유지,번쩍피자,2026-08,56,58,1,0.016666666666666666,3.103448275862069,0.2998970650457642,0,"폐업 3건(전년 동기 1건, 점포 58·60곳 기준 기대 1.0건) — 통계적으로 다르지 않음.",전국
BRD_20230766,0,0,0,0.0,유지,호시타코야끼,2026-08,54,54,3,0.047619047619047616,0.0,0.15612198452435136,0,"폐업 0건(전년 동기 3건, 점포 54·63곳 기준 기대 2.6건) — 통계적으로 다르지 않음.",전국
BRD_20230769,157,1,-156,0.8532608695652174,확인 필요,맘스피자(MOM'S PIZZA),2026-08,28,184,3,0.025,34.130434782608695,7.882583474838611e-15,0,"2026-06 한 달에 132곳이 한꺼번에 폐업 처리됨(직전 달 영업 184곳) — 계약 일괄 해지·브랜드 이탈 같은 실제 사건일 수도, 행정 처리일 수도 있어 원자료와 본부 사정 확인 필요.",전국
BRD_20230812,9,1,-8,0.13043478260869565,유지,달롱도르요거트아이스크림,2026-08,61,69,3,0.039473684210526314,3.3043478260869565,0.052348399688748715,0,"폐업 9건(전년 동기 3건, 점포 69·76곳 기준 기대 2.7건) — 통계적으로 다르지 않음.",전국
BRD_20230829,0,0,0,0.0,판단보류,수라섬 장칼국수,2026-08,1,1,0,0.0,,,0,관측 점포 10곳 미만(현재 1·전년 1).,전국
BRD_20230835,1,0,-1,0.015151515151515152,유지,모토이시,2026-08,65,66,2,0.029411764705882353,0.5151515151515151,0.5111931986314808,0,"폐업 1건(전년 동기 2건, 점포 66·68곳 기준 기대 1.9건) — 통계적으로 다르지 않음.",전국
BRD_20230855,0,0,0,0.0,유지,이가네양꼬치,2026-08,51,51,0,0.0,,1.0,0,"폐업 0건(전년 동기 0건, 점포 51·47곳 기준 기대 0.0건) — 통계적으로 다르지 않음.",전국
BRD_20230863,3,6,3,0.12,유지,진교동찜닭,2026-08,28,25,0,0.0,,0.2108978512039733,0,"폐업 3건(전년 동기 0건, 점포 25·17곳 기준 기대 0.0건) — 통계적으로 다르지 않음.",전국
BRD_20230924,1,1,0,0.014084507042253521,유지,고기듬뿍국물두루치기,2026-08,71,71,1,0.014705882352941176,0.9577464788732395,0.7390921794938148,1,"폐업 1건(전년 동기 1건, 점포 71·68곳 기준 기대 1.0건) — 통계적으로 다르지 않음.",전국
BRD_20230945|JNG_015447,5,0,-5,0.1282051282051282,악화,상록회관 연탄구이,2026-08,34,39,0,0.0,,0.040659724952672116,0,"폐업 5건(전년 동기 0건, 점포 39·35곳 기준 기대 0.0건) — 전년보다 유의하게 많음.",전국
BRD_20230962,0,4,4,0.0,유지,면식당,2026-08,74,70,0,0.0,,1.0,0,"폐업 0건(전년 동기 0건, 점포 70·58곳 기준 기대 0.0건) — 통계적으로 다르지 않음.",전국
BRD_20230971,0,0,0,0.0,판단보류,화평댁닭구이,2026-08,5,5,0,0.0,,,0,관측 점포 10곳 미만(현재 5·전년 4).,전국
BRD_20231111,0,0,0,0.0,판단보류,오름순돼국밥,2026-08,2,2,0,0.0,,,0,관측 점포 10곳 미만(현재 2·전년 2).,전국
BRD_20231205,2,8,6,0.02127659574468085,유지,탐나는피자,2026-08,100,94,1,0.014705882352941176,1.446808510638298,0.6193368595949502,0,"폐업 2건(전년 동기 1건, 점포 94·68곳 기준 기대 1.4건) — 통계적으로 다르지 않음.",전국
BRD_20231207,0,0,0,0.0,판단보류,카페인24,2026-08,1,1,0,,,,0,관측 점포 10곳 미만(현재 1·전년 0).,전국
BRD_20231209,2,1,-1,0.017241379310344827,유지,생마차,2026-08,115,116,2,0.01652892561983471,1.043103448275862,0.6715126928177066,1,"폐업 2건(전년 동기 2건, 점포 116·121곳 기준 기대 1.9건) — 통계적으로 다르지 않음.",전국
BRD_20231291,8,0,-8,0.25,악화,맛찜랭킹,2026-08,24,32,2,0.05405405405405406,4.625,0.03347221413289603,0,"폐업 8건(전년 동기 2건, 점포 32·37곳 기준 기대 1.7건) — 전년보다 유의하게 많음.",전국
BRD_20231326,0,1,1,0.0,유지,피자닭터,2026-08,29,28,2,0.0625,0.0,0.2844444444444444,0,"폐업 0건(전년 동기 2건, 점포 28·32곳 기준 기대 1.8건) — 통계적으로 다르지 않음.",전국
BRD_20231530,0,0,0,,판단보류,또띠아그램,2026-08,0,0,0,0.0,,,0,관측 점포 10곳 미만(현재 0·전년 1).,전국
BRD_20231554,4,2,-2,0.0625,유지,밥구정로데오,2026-08,62,64,0,0.0,,0.09933458702779652,0,"폐업 4건(전년 동기 0건, 점포 64·50곳 기준 기대 0.0건) — 통계적으로 다르지 않음.",전국
BRD_20231573,4,7,3,0.0392156862745098,유지,상상오리,2026-08,105,102,1,0.011363636363636364,3.4509803921568625,0.23693650000262423,0,"폐업 4건(전년 동기 1건, 점포 102·88곳 기준 기대 1.2건) — 통계적으로 다르지 않음.",전국
BRD_20231618,8,2,-6,0.08333333333333333,유지,요거트퍼플,2026-08,90,96,5,0.047619047619047616,1.75,0.2369085543770052,0,"폐업 8건(전년 동기 5건, 점포 96·105곳 기준 기대 4.6건) — 통계적으로 다르지 않음.",전국
BRD_20231656,0,0,0,0.0,판단보류,제육집막내아들,2026-08,3,3,0,0.0,,,0,관측 점포 10곳 미만(현재 3·전년 3).,전국
BRD_20231719,6,0,-6,0.10714285714285714,악화,마장동 고기집,2026-08,50,56,1,0.015384615384615385,6.9642857142857135,0.04150032233934098,0,"폐업 6건(전년 동기 1건, 점포 56·65곳 기준 기대 0.9건) — 전년보다 유의하게 많음.",전국
BRD_20231723,0,0,0,0.0,유지,다다하다,2026-08,26,26,0,0.0,,1.0,0,"폐업 0건(전년 동기 0건, 점포 26·29곳 기준 기대 0.0건) — 통계적으로 다르지 않음.",전국
BRD_20231726,4,7,3,0.042105263157894736,유지,메가혼밥,2026-08,98,95,2,0.025974025974025976,1.6210526315789473,0.446224159145561,1,"폐업 4건(전년 동기 2건, 점포 95·77곳 기준 기대 2.5건) — 통계적으로 다르지 않음.",전국
BRD_20231796,0,0,0,0.0,판단보류,뽁떡떡볶이,2026-08,3,3,0,0.0,,,0,관측 점포 10곳 미만(현재 3·전년 2).,전국
BRD_20231893,0,0,0,0.0,판단보류,돈돈김치찌개&찜,2026-08,1,1,0,0.0,,,0,관측 점포 10곳 미만(현재 1·전년 1).,전국
BRD_20240072,2,1,-1,0.03389830508474576,유지,천년닭강정,2026-08,58,59,0,0.0,,0.2876859504132234,0,"폐업 2건(전년 동기 0건, 점포 59·51곳 기준 기대 0.0건) — 통계적으로 다르지 않음.",전국
BRD_20240140|JNG_016529,0,5,5,0.0,유지,1번지통닭,2026-08,66,61,0,0.0,,1.0,0,"폐업 0건(전년 동기 0건, 점포 61·57곳 기준 기대 0.0건) — 통계적으로 다르지 않음.",전국
NAME:달떡볶이@외식,2,2,0,0.02197802197802198,유지,달떡볶이,2026-08,91,91,0,0.0,,0.289940828402367,0,"폐업 2건(전년 동기 0건, 점포 91·78곳 기준 기대 0.0건) — 통계적으로 다르지 않음.",전국
NAME:맥도날드@외식,4,7,3,0.009900990099009901,유지,맥도날드,2026-08,407,404,3,0.0075,1.3201320132013201,0.5054414076022501,0,"폐업 4건(전년 동기 3건, 점포 404·400곳 기준 기대 3.0건) — 통계적으로 다르지 않음.",전국
NAME:보고싶다@외식,0,0,0,0.0,유지,보고싶다,2026-08,14,14,0,0.0,,1.0,0,"폐업 0건(전년 동기 0건, 점포 14·18곳 기준 기대 0.0건) — 통계적으로 다르지 않음.",전국
NAME:삼송빵집@외식,3,1,-2,0.075,유지,삼송빵집,2026-08,38,40,1,0.023809523809523808,3.15,0.2944339595599208,0,"폐업 3건(전년 동기 1건, 점포 40·42곳 기준 기대 1.0건) — 통계적으로 다르지 않음.",전국
NAME:생고기제작소@외식,0,0,0,0.0,판단보류,생고기제작소,2026-08,5,5,0,0.0,,,0,관측 점포 10곳 미만(현재 5·전년 5).,전국
NAME:손큰할매순대국@외식,0,0,0,0.0,유지,손큰할매순대국,2026-08,33,33,1,0.02631578947368421,0.0,0.5352112676056338,0,"폐업 0건(전년 동기 1건, 점포 33·38곳 기준 기대 0.9건) — 통계적으로 다르지 않음.",전국
NAME:시선@외식,3,0,-3,0.031914893617021274,유지,시선,2026-08,91,94,2,0.020833333333333332,1.5319148936170213,0.4901323078923736,0,"폐업 3건(전년 동기 2건, 점포 94·96곳 기준 기대 2.0건) — 통계적으로 다르지 않음.",전국
NAME:인정국물떡볶이@외식,1,0,-1,0.14285714285714285,판단보류,인정국물떡볶이,2026-08,6,7,0,0.0,,,0,관측 점포 10곳 미만(현재 7·전년 11).,전국
NAME:첨단돌솥감자탕@외식,0,0,0,0.0,유지,첨단돌솥감자탕,2026-08,34,34,1,0.02857142857142857,0.0,0.5072463768115942,0,"폐업 0건(전년 동기 1건, 점포 34·35곳 기준 기대 1.0건) — 통계적으로 다르지 않음.",전국
NAME:청춘닭꼬치@외식,6,1,-5,0.2222222222222222,악화,청춘닭꼬치,2026-08,23,27,0,0.0,,0.013996081024587048,0,"폐업 6건(전년 동기 0건, 점포 27·28곳 기준 기대 0.0건) — 전년보다 유의하게 많음.",전국
NAME:촌댁맥주@외식,0,0,0,0.0,유지,촌댁맥주,2026-08,14,14,1,0.06666666666666667,0.0,0.5172413793103449,0,"폐업 0건(전년 동기 1건, 점포 14·15곳 기준 기대 0.9건) — 통계적으로 다르지 않음.",전국
NAME:카페베네@외식,6,0,-6,0.07407407407407407,유지,카페베네,2026-08,75,81,5,0.05154639175257732,1.4370370370370371,0.37995825024404906,0,"폐업 6건(전년 동기 5건, 점포 81·97곳 기준 기대 4.2건) — 통계적으로 다르지 않음.",전국
NAME:커피마마@외식,2,0,-2,0.025,유지,커피마마,2026-08,78,80,2,0.023255813953488372,1.0750000000000002,0.659913779924916,1,"폐업 2건(전년 동기 2건, 점포 80·86곳 기준 기대 1.9건) — 통계적으로 다르지 않음.",전국
NAME:킹스타피자@외식,1,0,-1,0.05555555555555555,유지,킹스타피자,2026-08,17,18,1,0.041666666666666664,1.3333333333333333,0.673469387755102,0,"폐업 1건(전년 동기 1건, 점포 18·24곳 기준 기대 0.8건) — 통계적으로 다르지 않음.",전국
NAME:화통삼@외식,1,0,-1,0.08333333333333333,유지,화통삼,2026-08,11,12,1,0.07142857142857142,1.1666666666666667,0.7100591715976332,0,"폐업 1건(전년 동기 1건, 점포 12·14곳 기준 기대 0.9건) — 통계적으로 다르지 않음.",전국
